% inverse of the covariance matrix with m=94 singular values after the SVD cut
  4.3136847601639e+06   4.4347813768675e+04   5.3517595324661e+05  -1.6588164217153e+06  -9.0602139546065e+05  -1.9014095769219e+06  -6.6768765447026e+04   1.3468791776429e+03   1.9330809923432e+05  -9.8560738670568e+05   5.3373099041774e+04  -2.2116518603785e+05   1.0807243129183e+04   7.7873185689282e+05   2.3883051485650e+05   2.2387025604702e+05   7.1711942724550e+05  -2.6507941189911e+05   2.7108301082194e+05  -2.6653698041897e+05  -4.5968147640785e+05  -8.5268849748614e+05   2.0486736150417e+05   1.4771081650093e+05  -1.1884123837902e+06   8.6581103500255e+05   9.0545363296937e+03   1.0348366574147e+05   1.2401430362684e+05  -1.5740077860668e+05  -2.8456178177400e+05  -1.8501298256532e+05   1.2367573781965e+06  -3.8424682436580e+05  -3.2360362119177e+04  -4.1839655716314e+05  -2.1775791453286e+05   1.2627088693419e+06  -1.0222229734545e+06   9.2784847751742e+05  -5.1177524821451e+05   3.3439951540492e+05   2.4165068075930e+04  -5.5018238552841e+03  -5.4012399566540e+04  -1.2079029853449e+06   1.3585433446246e+06   5.3704515010968e+05  -4.3377069332160e+05   1.1079250141929e+05  -1.2468145129393e+06  -7.6027224313153e+04  -5.7920046116587e+05  -9.0015611955349e+05  -1.6799145456975e+05   3.6207112470246e+05  -5.7572958917452e+05  -5.2304764136888e+05  -3.1709811863265e+05   2.5247605395971e+05  -3.7395547220268e+05   9.8487447810424e+05  -1.3037834035728e+06  -2.1234881388263e+04  -6.0933010860080e+05  -3.8334873547861e+04  -6.5910209043738e+05  -1.5190943027877e+05   1.5666841650576e+06  -9.4265205750668e+05   6.7992007501099e+05   1.8344085669157e+04  -1.8572297815411e+05   1.2083709152117e+06  -2.7263842521108e+05  -5.1089104154176e+05  -3.8593505519911e+05   1.6870884469819e+05   3.6581548723182e+05  -1.3788082149494e+05  -2.7713255429641e+05   1.2421593089216e+05  -1.5064306314016e+05  -2.8285941661166e+05  -5.8699321949187e+05   5.5028200816221e+05  -6.7488363682426e+05  -2.6931773287272e+05  -8.5617952923726e+05  -4.6295984105544e+05   2.3811067402148e+06  -7.9886307301854e+05   8.2638732675359e+05   5.5167573696324e+05  -4.0610986716800e+05   1.1240244805317e+06   3.2290465957813e+05   7.5473850144744e+05   7.4227974654317e+05   4.7439716620204e+05  -1.0474974083661e+06  -7.6610148794014e+05   2.5436482219412e+05  -2.0084723013257e+05   1.5256251452904e+05   5.4697358864406e+05  -5.2309643743152e+05  -3.6565317201801e+05   9.1954370761793e+04  -6.8238606582558e+05  -6.7725485256823e+05  -5.5556920122540e+05  -6.8790056322220e+05   2.5587428826037e+06  -6.0586436942649e+05  -4.2864396930617e+05  -1.5379091467387e+06   2.1720407785616e+05  -9.9507619189358e+05   1.0971205311897e+04   4.3559269600025e+05   1.8351712895235e+06   7.9695529926073e+05   8.2487166332589e+05   2.3362536837339e+05  -8.8306763264310e+05   6.0870524458995e+04  -4.2467705400149e+05   8.9480005015146e+05  -6.0160416081936e+05   3.7868831678917e+05   8.5783284772079e+04  -1.4871043761118e+05   8.2595452062995e+05  -6.6087907182783e+05  -1.5957779608618e+05  -9.4606117819203e+04   4.6790912175450e+05  -5.4258577329885e+05   2.6432213839146e+05   7.8325371189772e+05  -3.6184401058552e+05   1.8646403941827e+05  -3.4885391476572e+05   9.7443217033990e+04   4.4672692375159e+05  -3.4750511114788e+05  -1.6998016001879e+05  -3.3032008716971e+05  -1.1387244851256e+05   1.6491707271799e+05 
  4.4347813768674e+04   2.4946256342040e+06  -4.2209480504098e+05  -1.4267531188164e+06  -7.5394349796439e+05   2.5570427815630e+05   4.4840168400283e+05  -7.4066908806234e+05  -1.5345059388736e+05   4.8537927099216e+05  -3.8902741389606e+05   1.8679593084810e+05   5.7569374279880e+05  -9.4443303527897e+05  -1.6107107744316e+05  -4.1024571781328e+05   1.7609486535495e+05  -1.8295066569897e+05   3.1282406059468e+05   3.8048180087812e+05  -1.3827236883762e+05  -2.5968165300832e+05   3.8461216624504e+05   6.1246246726483e+04   4.9310132665208e+04  -6.1855053792042e+05   2.7481344771626e+05   2.6182948509427e+05  -6.0227508094670e+05   2.4484583363411e+05   9.0572119546421e+03   7.6608909372724e+04   2.7791359565796e+05   3.6753009392583e+04  -2.6061106342924e+05  -2.7909638002745e+05   1.7525299840345e+05  -4.0183867075390e+05   5.5275067556993e+04   7.4761081824721e+04  -2.2809923703598e+05   5.7085673572159e+05   3.0613476997986e+05  -1.4126962460730e+04  -5.2444285471993e+05   3.1119520608526e+05  -1.2667121407054e+05   5.7800519418161e+05  -3.9755108961640e+05   4.9545063846201e+05   2.4315199093486e+05   6.0405199928380e+05   3.9368203636817e+05   2.8722648438168e+05  -3.7525565102123e+05   1.7112904544380e+05  -3.2586653851575e+05   3.3263293276541e+05   3.6162355658762e+05  -2.7944515294765e+05   2.6304148541087e+05   9.5094404908701e+03   8.0220904967940e+05  -1.2836218373243e+06   5.3332304887484e+04  -1.1063820611448e+04   1.5534254338521e+05   2.1290329189460e+05  -4.6814024058491e+05   8.2857150078568e+05   5.1634582855386e+04   2.6411536808197e+05   1.8111495409117e+05  -3.5231524442331e+05   3.9643746685913e+05  -4.6263694483736e+04  -6.6697510705000e+05   6.5374477966270e+05  -4.9386978930983e+05   5.4149786039631e+04   2.2533670353942e+05   2.8783790962072e+05   4.1710478199650e+05  -1.2347155362496e+06   4.1533770955485e+05  -1.9004924940448e+05  -3.3126252776618e+05   5.9885973568864e+05  -1.2421290644209e+04   6.5603309776213e+05  -7.3512570176836e+05  -5.9018620189408e+05   9.3566356132444e+04   2.6478319047724e+05   9.6465730526206e+04   1.6154215640770e+05   4.6702802801158e+05  -4.1192022450845e+05   1.4805603284588e+05  -1.9682383667664e+05   2.9995033499359e+04   1.2742760040953e+05  -9.0934647888414e+04   4.0614615481170e+04   2.9053157443270e+04  -2.5869884441003e+05  -4.1348608827238e+05  -4.4764906716550e+05  -4.8696021187562e+05   1.0502079189966e+05  -4.9472300127079e+05  -5.7412699992063e+04   3.6569056922075e+04   3.5508123606615e+05   6.2762546363199e+04   8.5722364396246e+04   2.1912332968382e+05   2.5308177387909e+05  -2.7589135138747e+04   4.6162975451127e+05  -1.7925466105192e+04   3.6915574386218e+05   2.5839002430479e+05  -2.1680123094545e+05  -2.4955074644500e+05   1.6604521153734e+05   2.2013118105318e+05   5.2971504392525e+05  -1.0913853383049e+05   2.7160940134519e+05   4.2161969285162e+04   2.1318422297314e+05  -2.3384296005602e+04   9.3060352294293e+04  -4.7056242239445e+03  -5.3298630424871e+05  -1.9701697241431e+05   2.1791130832495e+05   3.3476723207841e+05   4.5215419255596e+05   5.1329224777582e+04  -2.1796132715510e+05   2.4176705691839e+05  -1.4909121317533e+05   4.5769281567489e+04  -1.3777136935919e+05  -3.5860733920071e+05  -5.0627009757297e+04  -9.6688861433048e+04  -9.7972592417760e+03   6.7991510969622e+04 
  5.3517595324661e+05  -4.2209480504098e+05   1.7439850796254e+06  -2.2121264582478e+05  -1.7464508204814e+06  -7.3147892888417e+05   7.8524584216414e+05  -6.7991935634943e+05   6.6917888487999e+05  -6.3222410684907e+05   3.4675627616536e+05   1.5302266202925e+05   2.2799228847727e+04   5.0569208651423e+05   7.1328112884891e+05   1.0389125848642e+05   9.1954939052733e+05  -1.5260876780119e+06  -4.1043009598236e+04  -2.8461408532333e+04  -3.9980676339948e+05  -9.2516452892333e+05  -2.3000253269844e+05   1.0783016601269e+05  -7.6178420313145e+05   8.7883276810747e+05   1.9703275541359e+05  -1.9255685076684e+05   1.3776510059218e+05   1.0480991404677e+03  -5.3514956978472e+04   1.7985402359259e+05  -9.8943660129522e+05   1.0932185420438e+05  -2.9029970128589e+05  -5.1418920448079e+04   1.2782207478075e+05  -2.6979711967699e+05   5.6487569551496e+05  -3.7622404253899e+05  -2.5063805691616e+05   8.6950704899640e+05  -1.8268254294868e+05   2.9352463583728e+05   1.8097575064963e+05  -1.1966252963402e+05   1.5339330887464e+05   1.6104496292010e+05   1.0701048242907e+04   1.1795861021710e+05   4.2551703104099e+05   7.5679077175685e+04   4.3051978892343e+05   2.3897249017096e+05   3.2668391928112e+05  -1.6659819674082e+05  -4.4400652477419e+04  -1.1514579712832e+05   1.5055293359836e+05   1.7757011889658e+05   1.2098660438659e+04   2.6141741583382e+05   3.6356643032357e+05   1.3635932167638e+05  -4.2509778679782e+05  -6.6218931698866e+05  -6.6158706168019e+05   3.0716636326189e+05  -2.6544750052361e+04   5.2131641892678e+04   2.8410739009212e+05  -1.2660370483937e+04   2.4930789244871e+05   8.1106751174360e+04   6.1266177104658e+04   5.7701702802235e+05  -5.5805912745499e+05  -2.8299803532020e+05  -1.8046526342589e+05   1.3889849323214e+05   1.2017369596284e+05   1.0947658240387e+05   7.7723648689787e+05  -1.4115325577533e+05  -4.8122559886434e+05   9.3617324883794e+04  -2.6453518207907e+05  -9.0016362728849e+04   1.0791430132919e+05  -2.2134437871354e+04   8.5480212103450e+05  -3.7898983492540e+05   5.4095494337912e+05  -4.9557897069054e+05  -5.4051131972749e+05   8.0483587285053e+03   4.1929828101878e+05   3.6321252558496e+05  -5.7646476572676e+05  -1.6929610359072e+05   7.7074975286566e+05  -8.2154587236921e+04  -5.4778456023937e+05   2.3252231453475e+04   2.1584477017750e+05  -9.2182941527893e+04  -3.5880397886888e+05  -1.0045295043017e+05   4.1391829068662e+05   1.1916363173112e+05  -5.5096542277508e+05  -3.2288639960770e+05  -1.5844162844837e+05   8.7427866472353e+05   1.7422154906800e+05  -3.2164787244903e+05  -2.5781681839806e+05   3.0135969666568e+05  -4.4877336604183e+05   3.2230569294853e+05  -9.4787582004556e+03   8.2675441484465e+05  -1.6389477582090e+05  -4.4203162704887e+04   4.1713647685235e+05  -5.1371967808878e+05   1.3489716618226e+05   4.3698730967483e+05  -7.4570723898593e+05   3.0608390539935e+05   5.4228518702038e+05  -2.1721197402166e+05  -2.1743657828964e+05  -9.6739235466134e+05   4.2612752827118e+05  -7.7201905926567e+04   1.8781292457850e+05   5.7938720653372e+04   2.3814573285009e+05   7.9713651131910e+04   1.9719083114405e+05   7.5665023176343e+04   5.6898225067140e+04   1.6768316614302e+04  -1.0409049576092e+05  -1.3039753067344e+05  -2.3679256334445e+05   2.9590126931977e+04  -8.2366823115933e+04  -6.4379140845383e+04   1.0125038841430e+05 
 -1.6588164217153e+06  -1.4267531188164e+06  -2.2121264582478e+05   2.8935824424735e+06   8.0959734243746e+05   5.7345629947591e+05  -8.8895627387794e+05  -1.7927952316850e+05   2.2713960230371e+05   1.1582876810902e+06  -2.2857888984464e+05  -1.0357649605755e+06  -1.7133646759268e+05   3.4923150179798e+05  -4.6264617454942e+04  -1.6826263182336e+05  -7.3402978263454e+05   4.6084966220122e+05  -8.0579834846270e+04  -2.5307078983861e+05   5.4763674670272e+05   7.5360075513084e+05   8.5932108968309e+04  -2.4376391853511e+05   5.6280962175141e+05  -1.7891534417945e+05   2.9813130543305e+04  -2.5974869384230e+05   3.1409357678309e+05  -1.8223459144881e+05   1.6871323570681e+05  -3.1200770863955e+05  -2.0584887242004e+05  -9.9926409014303e+04   2.7809914720831e+05   6.0631167758148e+05   3.7589186810529e+05   3.6342726628898e+05  -1.0936825977503e+06   1.9351838284425e+05   4.2487338970372e+05  -1.0658442635118e+06   9.3427998310744e+04  -1.8879859779060e+04   3.8259405684816e+05   3.3103816692756e+05  -6.6791150702997e+04  -1.6728858604633e+06   9.7449113314788e+04  -1.2242755621607e+05  -8.2701850168566e+04  -6.1138458335483e+05  -1.6617325147234e+06  -2.3841389793633e+05   1.1468628794105e+05  -7.5455425070253e+05   9.6602884236517e+05  -4.0725870461667e+05  -2.7350534376410e+05   8.3910379725765e+04  -5.1994764292424e+05  -2.6982125418107e+05  -1.0808452038841e+06   1.5422864185276e+06   2.7109146046734e+05   3.3573715642377e+05   2.8234149140630e+05  -5.4216763535829e+04  -9.2768999290470e+05  -6.7981581657402e+05  -1.8505533413340e+05  -3.6810987282153e+05  -5.7713098811379e+05   1.8523129681923e+05  -4.9182484790855e+05   1.1201831829980e+06   3.9476542553224e+05  -1.0075884103232e+06   2.6480054683088e+05   9.0931273135745e+05  -4.8101017805130e+05  -3.1332400343443e+05  -3.3964017165621e+05   9.0653694154556e+05  -1.0161670516959e+05  -4.9999159257015e+05   1.5622105418123e+06   7.0110099394701e+05   3.8850409612852e+05  -2.2575264233420e+05  -4.9393900933909e+05  -1.2260783959974e+05  -3.2078269840995e+05  -3.4185121277244e+04   5.7124593543095e+05  -1.0570730418355e+06  -7.6489609578193e+05  -3.5398213359497e+05   6.1064173881696e+04   1.5431597633210e+05   1.6400843769447e+03   3.9998385743156e+05   5.7152974164157e+05   1.2465425904867e+05  -3.5599454847681e+05   5.1184078926819e+04   4.9159874259625e+05   6.0336052198100e+05   4.1941753202672e+04   2.0022223282358e+05   3.3738228421615e+05   3.0331267740881e+05   1.2995310624947e+05  -1.0997036704782e+06  -1.1997076775632e+04  -1.6779033626723e+05   1.0557454577470e+06  -3.9030473579928e+05   7.1358688648472e+04  -7.8676323793934e+05  -3.2609515320213e+05  -1.2797780627652e+06  -3.7657163503217e+05  -4.4075545053495e+05   4.5141650314385e+05   5.6599874088648e+05  -2.3686115514828e+05  -8.5062052211603e+05   5.3456316265809e+05  -3.6027167912882e+05  -5.3039954413703e+05   9.9478173521165e+04  -8.6276259308167e+04   3.1704588000152e+05   4.8188492459986e+05   9.7655401284303e+05  -3.2871858416205e+04  -4.4939479459366e+05   2.2156681286758e+05  -7.0050851768150e+05  -4.3603292761316e+05  -2.8268094082534e+05  -1.7982827251060e+05   5.4169875411914e+05   3.1030613562794e+04  -4.1472429858760e+05   4.2750752510768e+05  -2.4628735162652e+04   3.2974677328703e+05   1.1959462444131e+04  -5.4776183290820e+04 
 -9.0602139546065e+05  -7.5394349796439e+05  -1.7464508204814e+06   8.0959734243746e+05   4.9429952851202e+06   2.9923257884100e+05  -2.9081690035293e+06   1.3567760934668e+06  -5.7837109626261e+05  -7.4697161678736e+05  -4.5263946406419e+05   5.5104490783609e+05   1.2066480670716e+06  -6.2209181315604e+05  -1.1021183507190e+06   1.0434913115115e+06   3.6985647779425e+03   2.1684832898458e+06  -1.1783316561495e+06  -4.7229479610231e+05   1.3868616490745e+06   2.2124537503813e+06  -2.7168443705813e+05  -6.5420719767586e+05   4.2391994428634e+05   2.7825911916185e+03  -1.4911286175153e+06   1.0232251524964e+05   2.8153533987894e+05  -1.0603037561290e+05   2.8914777578918e+05   8.2546671223253e+05   1.1449053447450e+06   3.6655938423429e+04   5.2135163361039e+05  -6.5084292660156e+05  -4.4118599730704e+05   1.0136454139917e+06   4.5205513539516e+05  -2.8121389995213e+05  -5.6871337408182e+04  -1.7875613418579e+06  -1.9089619421837e+05  -9.7817286994076e+05   5.0316445762194e+05  -1.3661595848093e+06  -7.7196003041142e+05   1.0406987714666e+05   8.8075532250887e+05  -1.4106986275986e+05  -4.1146351203486e+05   2.6519172515648e+04   9.6764147874840e+05  -1.0114833782742e+05  -1.9162492702405e+05   5.1422175465390e+05  -4.2380318352747e+05  -1.3308277292368e+06  -1.5413966370183e+05   9.9562329512172e+05   4.2436821566086e+05  -8.5515502312556e+05  -7.6591996428897e+05  -1.2794636065494e+05   5.9773686715244e+05   8.6904504248299e+05   7.5023694430096e+05   2.4772614872851e+05   1.6705472922796e+06  -2.5312620004428e+04  -1.9948993352245e+05  -3.9721384119176e+05   6.5545487504427e+05  -6.9221379636066e+04  -6.9585065803442e+05  -2.3672129893758e+06   8.3610351492346e+05   8.7851457991780e+04   7.4906227389542e+05  -7.4371681141882e+05   2.1472255148079e+05  -3.0127050385149e+05  -1.0024437048157e+06   7.0888958750012e+05  -4.8333694056508e+05   6.7137967253419e+05  -1.4626633626543e+06   1.1341343921196e+05  -4.2954425263334e+05  -1.3094517495064e+05  -1.5147007055577e+06   1.5950541792048e+06  -7.9029363749678e+05   1.5937635862690e+05   2.2999871522622e+05   7.5681971903519e+05   9.2482160967577e+03  -1.4294283882657e+06  -2.6404675986358e+05   4.3157453722760e+05  -1.1620216583263e+06   6.4376607482777e+04   2.9954801243682e+05   6.1035686473424e+04  -5.3374470423297e+05   1.5806661228721e+04   1.1261542294528e+06   1.1282759939914e+06   8.9609443568874e+05  -5.0508864362644e+05   1.7203018301626e+06   1.2481139732210e+06   4.5831948442805e+05  -8.3765552085112e+05  -1.1836978105099e+05   4.0702643579394e+05   2.8210727985317e+05  -4.2616826399062e+05   1.2374595453403e+06  -4.9884125900066e+05  -1.6484082022063e+06  -1.4086755247490e+06   7.3473373589141e+05   7.6577618106093e+05  -6.9334200948543e+05  -4.4017781190938e+05  -5.4884898176804e+05  -2.8432259353766e+05  -3.2344181917672e+05  -2.1195909589625e+05  -5.2038544331439e+05   4.4598850275394e+04   9.8134953607425e+05   6.5623120084056e+05  -1.2268743820267e+06  -4.2213455133355e+03  -2.1786324046722e+05  -1.3303143148983e+05  -8.5763994319463e+05   1.0154860193527e+05  -5.9568588676274e+05   1.6499713193821e+05  -3.3826805349101e+05  -7.6157106202427e+04   9.7420445009588e+04   3.9322973878477e+05   3.1178148717983e+05   1.8158199517438e+05   5.2829195534449e+04   8.1406647670865e+04  -8.9715145015864e+04 
 -1.9014095769219e+06   2.5570427815629e+05  -7.3147892888418e+05   5.7345629947591e+05   2.9923257884100e+05   1.8880727742545e+06   4.9296868435995e+03   1.7607621875640e+05  -5.0508846787567e+05   8.2037727838997e+05  -4.4407646171319e+04  -1.5923972111081e+04  -4.5472863107301e+05  -6.7345607064027e+05  -2.8895840477455e+04  -5.2898617834086e+05  -7.7809618555698e+05   3.9508931335897e+05   1.0628899056459e+05   3.1301046180771e+05   1.0613040501069e+05  -1.2352270486003e+05   2.0007795137608e+04   2.4048277603151e+05   1.3306144014217e+06  -6.1408453980097e+05   2.1160917527381e+05   1.2460873666040e+05  -1.7907214025346e+05   4.2029231194918e+04  -7.7357708921345e+04  -4.1000658500846e+05  -4.9753854226324e+05   1.0655702286585e+05   1.4583798759336e+05  -3.7968445581306e+05   4.7541291850158e+05  -3.8687025801545e+05   1.5991509018937e+05   2.1729046166606e+05   2.7648244195535e+05  -6.3173138124219e+04   5.6914145637631e+04   4.1766175560306e+05  -3.4250429931903e+05   9.9353994187626e+05  -5.4007042368782e+05   9.2347452878165e+02  -6.5157246853145e+05   4.1506680269365e+05   3.2221662487735e+05  -3.4310535265432e+05  -4.2307722133883e+05   1.8432594171000e+05  -2.5856789672352e+04  -4.2828162182591e+05   7.2709431945602e+05   1.0520299529087e+06  -1.4642925244854e+05  -5.3725826834350e+05   9.3831277841116e+04  -4.8699235381285e+05   1.1076469539049e+06   1.9348397939913e+05   1.2405516730576e+05   8.1349775511421e+05   2.6196925508335e+05  -4.8723894980294e+05  -1.5093538491020e+06  -4.6041555376969e+04  -4.5942688707521e+05   6.5092430956494e+05  -3.7511469700764e+05  -1.0846030068164e+06   2.8810313115895e+04   8.9712414919795e+05   9.2761155380873e+04  -1.5316924751556e+05  -2.4411140743842e+05   3.7342919930206e+05  -3.5294530068497e+05  -1.3209252940133e+05   8.5412568007089e+04   1.9879376658613e+05   8.7899593748966e+05  -1.0249658853106e+06   1.1329406200745e+06  -8.9622784243919e+03   5.3084275753157e+05   6.0891916762431e+05  -1.2343884845464e+06  -2.4224526766392e+03  -3.5431001770696e+05   2.0306671568369e+05   8.6784037961042e+05  -1.1416710463971e+06  -4.0727172639956e+05  -2.1540411996689e+05  -6.1538305961004e+04  -4.0802283027787e+05   7.6748300857111e+05   3.8672883333784e+05  -4.1669272142582e+05  -2.5980256847303e+05   6.6044264712211e+04  -5.0711504129265e+05   1.4515446019181e+05  -7.2035263303166e+04  -5.1923118024489e+05   6.1624303380683e+05   2.7626894546796e+05   7.6910261514551e+04   4.1882800174325e+05  -1.9588685082726e+06   2.8284535090895e+05   2.2021605983478e+05   4.2516805220273e+05   8.9841107379574e+04   3.1953015234092e+05   6.2612770374679e+04   6.0965061687118e+05  -1.1499046902133e+06  -5.3940505952620e+05  -7.6201039423343e+05  -5.2080828389968e+04   1.2158951007535e+06  -4.4333738410787e+05   3.7391126743149e+05  -1.6887092614754e+05   1.5603041367418e+05  -3.7261340746617e+05  -2.1927402437248e+05   3.4760967245739e+05   5.5311301763011e+05   1.1575726728387e+06   3.1499362724814e+05  -5.9900245946523e+05  -3.4958232892426e+05   5.5968587992083e+05  -3.1960918426251e+05  -4.6473861667146e+05   1.0905511417992e+05   5.4165744543406e+04   1.7698743732818e+05   1.1031430209037e+05  -2.9635590901697e+05   3.0409944224103e+05  -7.5812485584596e+04   2.5952398315658e+05   5.1071140218927e+04  -2.5834456231748e+05 
 -6.6768765447024e+04   4.4840168400284e+05   7.8524584216414e+05  -8.8895627387794e+05  -2.9081690035293e+06   4.9296868436021e+03   3.4723924035727e+06  -9.5126555374567e+05   3.4532170392022e+05  -7.8531967143180e+05   4.9697508601827e+05   3.2288195915160e+05  -1.4747415834212e+06   3.8618797849252e+05   5.7675074332391e+05   2.0553318240747e+05  -8.7865414215540e+05  -1.6729170098827e+06   9.5270997409029e+05   1.1101546275315e+06  -1.6613720897929e+06  -9.1938975907374e+04   1.3167038664439e+05   3.8832795342326e+05   1.3372110812341e+05  -8.0370173459410e+05   1.0055557669678e+06   7.7089120892962e+04   8.1127665899565e+03  -1.6402248984197e+04  -3.5229266475973e+05  -9.8238071446206e+05  -9.5607752635683e+05   3.1421862147383e+04  -2.2588635002739e+05   5.6364972721687e+05  -1.2121793696972e+05  -1.7144552106497e+06   8.4335638408887e+05  -6.7890761831800e+05   5.7075781431843e+05   1.4096317127254e+06  -1.3782643264257e+05   8.3705471073771e+05   3.7244980540204e+05   1.3421155400942e+06  -5.8167289310777e+05   3.2664343562345e+05   2.9200303601304e+04  -1.9491710729188e+05   9.6480508156395e+05   2.6200967722978e+05   5.8994525315775e+05  -4.9666872195728e+05  -9.8035443528593e+04   2.7867888392254e+05  -2.5754172211689e+05   1.0051528119639e+06  -3.9004980309237e+04  -3.8252506078398e+05  -1.1378735792754e+05   2.6954663443837e+05   4.3118648824115e+05  -8.7065499444829e+05  -5.8242780754857e+04  -8.4419579959082e+05  -4.9271749575452e+05  -1.1540359302028e+06  -6.9210568023248e+05   1.0672745461200e+06  -2.1456588929429e+05  -8.3225159637945e+04  -5.5794836766280e+05   2.9218190854208e+05   1.3933504933100e+06   1.1468456811455e+06   4.1764893088565e+04  -1.7167451162608e+05  -7.6451827476991e+05   2.2884429464782e+05   7.8436488807313e+05   4.4447833868110e+05   6.7992470441293e+05  -5.4451032924675e+05   1.2079549675648e+05   3.3134578130161e+05   7.2022546797942e+05  -2.6920229814413e+05   5.8414079575871e+05   2.1108812277621e+05   9.8987140863413e+05  -9.0036101700247e+05   6.6237848202127e+05  -7.9876668816173e+05  -1.1659176818988e+06  -2.6279938997404e+05   6.1869785658811e+04   1.3911600134421e+06  -3.2517146642526e+05  -6.3311234409725e+05   9.3045248484642e+05  -2.3550772817630e+05   3.1337802984783e+05   2.1788900615534e+05   3.3617814129023e+05   3.9455386609561e+05  -9.7985669362662e+05  -9.9969889716088e+05  -1.1401906643827e+06   3.5065105204366e+05  -1.0260939849003e+06  -1.4289969606150e+06  -3.9720814666713e+05   9.4699076543758e+05  -1.1974155792886e+03   3.7133708223751e+05   3.9676443467456e+05  -7.3848396153132e+04  -5.8877223483390e+05   7.9195104413574e+04   1.2376123793711e+06   6.7686249688547e+05  -7.8076824270379e+05  -6.2167188108104e+04   4.8141972835892e+05   3.7882959889843e+05   7.1061276939200e+05   5.9719744771289e+05   7.5473216782919e+04  -2.0597599799280e+04   3.7749427402209e+05  -3.0817827709425e+05  -9.1011359961338e+05  -9.3643287406247e+05   1.8560256755638e+05  -7.7477053827340e+05   7.1971954158480e+05   2.6323310813958e+05   3.5259095289390e+05   3.5880782494360e+05   7.4288828879004e+05   1.4701654343613e+05  -1.4166367114586e+05  -5.8462608549025e+04   9.4396691756303e+04  -1.8803656894737e+05  -3.6432726872488e+05   9.1879972013017e+04  -3.2312195457881e+04  -4.5988222914063e+04   1.1356900154722e+05 
  1.3468791776432e+03  -7.4066908806234e+05  -6.7991935634943e+05  -1.7927952316851e+05   1.3567760934668e+06   1.7607621875640e+05  -9.5126555374567e+05   2.6767899457200e+06  -1.7367544571681e+06   3.6785307527231e+05   8.6330571155034e+04   3.3052893109608e+05   1.7264380418551e+05  -1.8787648910351e+05  -4.2569802516197e+05   1.4704421302652e+05   3.3608461399424e+04   9.3209269612464e+05  -1.2693425443021e+05  -7.3343785765977e+05   4.2530052983895e+05   1.5421963623478e+05  -4.4033952187764e+05  -3.6246197500477e+04   7.0237066367127e+05   3.9421021109221e+05  -4.2918484508376e+05  -2.2034794088067e+05   2.3079175565778e+05  -3.2860966476590e+05  -1.5852619264910e+05   2.2315182855659e+05   6.4099950302567e+05   1.4749556794855e+05  -2.9670476615712e+05   1.1540176260476e+05  -4.1980232498552e+05   3.1879071437555e+05  -2.2619807059028e+04   2.5583781373109e+04  -8.3892068511164e+03  -7.0719912067628e+05   5.5080166857516e+04  -4.9499816037307e+05  -4.5922101016370e+05  -4.3832347142771e+05   2.4575499137852e+05   8.8286911489188e+05  -1.2936176421897e+04  -3.8291809222961e+05  -4.8438408982820e+05  -2.6618119233746e+05  -1.3900719427833e+04   5.3786113700511e+05   1.5515288991341e+05   4.6812445330286e+05   7.6887981694376e+04   4.7779357560914e+05   3.2514569578528e+04  -4.5429343005569e+05   1.0428702817024e+05  -2.3399658322091e+05   9.1534813891810e+03   4.3595135804052e+04   4.6068458248428e+05  -2.6833062229782e+04   4.6742000363342e+05  -3.7553269733543e+05   1.6869178873096e+05  -7.6791275265084e+05  -7.5651231310242e+05   1.5168927711293e+05   3.6465011311648e+05  -3.0846079024853e+05  -2.3393360755427e+05  -9.4492375446356e+05   9.1466991835451e+05   7.9746846449197e+05   4.7059581361434e+05  -9.6967766788735e+05  -1.0027955871548e+05  -4.2465907895503e+05  -9.8343013429652e+05   4.5384964670560e+05   1.7614885448925e+05  -2.6850518706180e+05  -5.9809847160525e+05  -7.9887748765971e+05  -6.7681731001495e+05  -5.0026991415809e+05  -3.3558034380580e+05   1.3726417353895e+06  -5.4390340626078e+05   5.4829560433456e+05   4.9851875973066e+05   5.2095292096966e+05  -4.8460050900304e+05   7.6299073273454e+04   4.6057220264347e+05   2.7576167019184e+05  -6.7382683489213e+05   1.2926011957712e+05  -2.6382222381192e+05  -5.7673721334753e+05   2.7015387098359e+05   4.0046246063095e+05   7.2311522788662e+05   1.4025768393083e+05   1.8051794443340e+05  -5.0549624582801e+05   7.1478649073769e+05   5.3241288295693e+05   1.1442665523933e+05  -1.2224228675340e+06  -2.2021546219828e+04   3.5992744569669e+05  -8.1990383884261e+05  -1.5184985242142e+05   1.3101512635439e+05   4.4338854245162e+05   4.9170926058830e+04  -2.9781380596998e+05   1.5499469704515e+05   5.2354726984774e+05  -6.2602090536650e+05   1.6060418729424e+05   1.1005935009804e+05  -1.8613441167948e+05   2.8985655123904e+05  -1.4174713214720e+04   2.9846420647733e+05   6.2208755053764e+04   3.4191998971047e+05   6.7633671020257e+05  -5.8666136425848e+05   2.7017428108919e+05  -5.3299203301980e+05  -3.5350321814761e+04  -9.4341743086042e+05  -2.4477839620030e+05  -3.1746637229196e+04   4.6891594029322e+05   2.1985156465115e+04  -1.4420181913488e+05  -1.6273079518098e+04   4.7737828037088e+05   6.7283558792732e+05  -1.2364624242714e+05  -3.1744710122658e+04   1.5288314797301e+05  -2.9115148924844e+05 
  1.9330809923432e+05  -1.5345059388736e+05   6.6917888488000e+05   2.2713960230371e+05  -5.7837109626261e+05  -5.0508846787567e+05   3.4532170392022e+05  -1.7367544571681e+06   1.7508767386253e+06  -9.4474542665088e+05   2.5268640827176e+05   1.2970347308438e+04  -1.3163085623225e+05   5.2853510642387e+05   4.8231051625336e+05   1.9282298841597e+05   1.8814134634092e+05  -6.1744070120074e+05  -1.7170883558320e+05   3.1298812256046e+05  -1.7069472564942e+05  -3.9644252873811e+05   2.0086869338020e+05  -8.9911469985736e+04  -9.7248641872619e+05   2.6184774962175e+05   9.8167003470521e+04   8.4394081803815e+04   1.1378507681305e+05   2.0415996821365e+04   2.4968530430278e+05   1.3090539556323e+05  -6.0243817070134e+05  -1.4186137198648e+05   3.7027141546671e+05  -9.6916513604719e+04   2.0278207819421e+05  -1.5880872771010e+05   1.2985164872695e+05  -5.7215660747330e+04   4.1935288572151e+04   4.6873081737607e+05  -4.1201853095205e+04   2.3858084655830e+03   5.0273114586579e+05  -1.4587092900620e+05  -6.7255056651693e+04  -8.6931816418266e+05   2.4816440093024e+05  -3.5510172317445e+03   1.9566402562408e+05   9.6712951730398e+04   3.2415935598378e+05  -1.9504399495275e+05   1.7797098432691e+05  -3.1079022866435e+05  -2.1047370076145e+05  -7.0339449130894e+05   5.6077672840831e+04   6.3367026884908e+05  -3.4075384657494e+04   3.3330012487139e+05  -2.7120679923416e+05   4.6396762656717e+05  -3.7631794503654e+05  -1.2059481517458e+05  -4.0788335623260e+05   6.2004856302183e+05   4.3913266632276e+05   2.7942532354770e+05   6.4630355894158e+05  -2.4529671422323e+05  -1.4761254288966e+05   3.2693784618489e+05  -1.4000318218672e+05   2.6191656887888e+05  -5.1552321063826e+05  -6.8746957792088e+05  -1.1756732301714e+05   4.8615123005366e+05  -2.8881021781052e+05   2.9774745887558e+05   5.3292262859692e+05   1.0404784176002e+05  -2.6423529729441e+05   5.5038254062771e+05   1.7338884743260e+05   3.9829632887318e+05   4.8627613197796e+05   2.4016186095853e+05   5.9735691120483e+05  -6.6250492869731e+05   9.4124152335227e+04  -5.5768499216015e+05  -3.4567483245454e+05  -1.9324300042348e+05   5.6135646576769e+05  -8.2948300425061e+04  -3.6911281439123e+05   4.8285105799268e+04   3.5263852765775e+05  -3.3789194486551e+05  -9.0258636314465e+04   5.1645973310685e+05  -1.4022408418728e+05  -3.4315781952273e+05  -3.6514179700454e+05   1.9797501007202e+05   4.4339778788462e+05   2.7376914165008e+05  -1.5634300961982e+05  -2.1205291117289e+05  -6.1066143013885e+04   1.0168118628071e+06  -4.1146068584088e+04  -4.4190420426593e+05   3.4474966020408e+05   1.0395388890693e+05   2.8070252937724e+04  -5.9155533966577e+05  -1.4725011365787e+05   3.7384323493328e+05  -9.9760212628497e+04  -2.7330742632898e+05   2.6238941464001e+05  -4.4524709297476e+05  -2.2825608620484e+05  -2.1917067139377e+05  -4.0694203166735e+05   1.7729335972714e+04  -2.6010632325689e+05  -1.2930905271142e+04  -2.9380989734241e+05  -8.0815177737548e+05   1.8769764260602e+05   5.3436277250410e+04   8.3385440888881e+05   9.1772950824115e+04   3.5861595799097e+05  -4.8183605912701e+04   1.0791137016067e+04  -3.4335479249987e+05  -2.4245062315871e+04   2.5209565743230e+04  -1.0812625709445e+05  -9.1513933126893e+04  -4.9043985809675e+05   1.0790013169487e+05   7.1227224020814e+02  -1.0854812519721e+05   2.7522372739635e+05 
 -9.8560738670568e+05   4.8537927099216e+05  -6.3222410684907e+05   1.1582876810902e+06  -7.4697161678736e+05   8.2037727838997e+05  -7.8531967143180e+05   3.6785307527231e+05  -9.4474542665088e+05   4.7959776168132e+06  -9.7817242351952e+05  -1.7758430592252e+06  -5.3504382969639e+04  -7.5559167394059e+05  -6.2909614819571e+05  -2.2275403004907e+06   5.0791888448531e+04   4.8574184768126e+05   6.3253154423027e+05  -4.6752439346402e+05   1.4661528981751e+06  -7.6544240356055e+05  -1.7054203389759e+05  -1.9278412529006e+04   7.4008807038248e+05  -6.9430256986347e+05   5.8822975523959e+05  -2.5397033609272e+05  -7.4398519235178e+05   3.5554863609378e+05   3.0690168041834e+05   2.8871855206198e+05   1.0896722915894e+05   3.4590712964022e+04  -1.4375541675638e+05   9.2069355896368e+05   6.7586998155964e+05   2.1103600217450e+05  -1.5804433091793e+06   7.3725896926355e+05  -3.9720012437053e+05  -5.0735504739859e+05   6.3784494481728e+05  -2.8963920230125e+05  -1.0646402912964e+06   1.2361519053465e+06   9.2146852388496e+05  -5.6703421608711e+05  -7.0230472912190e+05  -4.7196944195469e+05   6.4021012111650e+04  -2.8319980041555e+05  -1.2014402815915e+06   8.9940857162083e+05  -7.3635806906596e+04  -6.1239924803593e+05   1.0428828396206e+06   6.8107555497207e+05  -4.7103556417883e+05  -1.5919019764161e+06  -5.9937533142682e+05  -2.0397068209691e+05   2.4202658485347e+05   5.4780786474198e+05   4.5071213378230e+05  -6.3171079823902e+04   7.8245341613459e+05   6.0357444363548e+05  -2.2472558176143e+06  -4.6823098398368e+05  -6.1568036242621e+05   2.2193716507074e+05   6.7548580259751e+04  -3.2158321713015e+05  -2.4567625876839e+05   1.3155404039602e+06  -2.8330723175687e+04   3.6435134725665e+05  -2.6596349017991e+05   3.4900828736499e+05  -3.2951178137444e+04  -4.4599327267256e+05  -2.3548371159952e+05  -2.5701809677158e+05   9.5017460203317e+05  -1.2628173138003e+06   1.6276537815952e+06  -9.6732047506807e+03  -9.8018078872844e+04  -6.3312651437852e+05  -9.9630804619766e+05   3.1995859008198e+05  -5.0601583987473e+05   5.5770701953899e+05   1.3089309589013e+06  -3.0618924254090e+05  -7.4215392691867e+05  -3.2286427806431e+05   8.2354802432602e+05  -6.4755388768440e+04  -4.0971441161604e+05   8.6898100631597e+05   3.7421861994139e+05  -2.0928620499989e+05  -2.6826773583029e+05   4.7283112924305e+05   6.4537866281337e+05  -2.5704902189026e+05  -8.1181663089029e+05  -9.5339650519500e+04  -2.6571312315219e+05   5.6182623834345e+05   9.1819492510683e+04  -1.7158927663541e+06   1.4068168188356e+05  -4.9743905309819e+05   1.0423116468490e+05  -1.8711222804686e+05  -3.4748064804297e+05   3.8541392931280e+05   1.8728734597514e+05  -6.1273610361272e+05  -2.5204457161313e+05  -1.0422640585052e+06   5.0387906608011e+04   1.1396538362011e+06   2.2857148407215e+05  -3.1039689718228e+05   1.1786914429646e+06   4.2499981508308e+05  -2.3344711678562e+04   5.8015728760105e+05  -7.0472148176910e+04   9.1720292103575e+05   6.7933732706708e+05   8.6660416100828e+05  -7.0864582115219e+05  -4.3509726890892e+05   2.1494232371934e+05  -5.7872134786841e+05  -5.9831140199474e+05  -2.2486258668103e+05   2.5877982927743e+05   4.7668098652953e+05  -1.8409108717866e+05  -4.0654044313678e+05   4.0108516465579e+05  -8.7628614074940e+04   3.1127956412287e+05   1.4764447738269e+05  -2.1352058526777e+05 
  5.3373099041773e+04  -3.8902741389606e+05   3.4675627616536e+05  -2.2857888984464e+05  -4.5263946406419e+05  -4.4407646171318e+04   4.9697508601826e+05   8.6330571155037e+04   2.5268640827176e+05  -9.7817242351951e+05   2.2830208402223e+06   1.5625932143165e+06  -1.2772993328340e+06   1.7312614421192e+05   4.6249394494553e+05   9.9176743471452e+04  -3.7106660776704e+05  -4.8076593092632e+05   1.1807754645532e+05   2.8332836429208e+05  -1.4290344260344e+06   4.7678127288714e+04  -5.2152929814856e+04  -1.8241234892565e+05  -4.1962347312346e+04  -1.4948342927375e+05   5.5056421273915e+05   1.2329321311255e+04   1.4343726425175e+05  -2.3114792013004e+05  -1.0423692148105e+05  -4.3022077745324e+05   1.4624367417471e+05  -1.2037054077076e+05   2.9852272867809e+05   2.5760924593502e+04  -7.2840732775242e+05  -5.9807457876332e+05   1.0735206545770e+06  -1.3149566300199e+05   8.5555751990736e+05   7.1661550147530e+05   2.5050459226036e+05   3.2836621777902e+05   2.8191806173763e+05  -6.4664922058227e+05  -7.8164796903526e+05   1.3074836392202e+05  -3.9428332958463e+05  -3.9092376760775e+05   1.2296828962542e+05  -2.8293137368529e+05   3.2080173905724e+05  -1.9206017674662e+05   6.0751471881136e+05  -1.8850187419499e+04   2.4394363597400e+05   2.8547454289281e+05   7.1618737108210e+05   2.4056525711102e+05   6.8587534977877e+04   1.0472427950935e+05   7.5857179053509e+05   7.1330257475120e+05  -7.5715134414559e+05  -7.0469807001827e+05  -1.0773218351662e+06  -3.4284873226655e+05   7.3530617690728e+05  -1.1341409263978e+06   7.1126814068184e+04   1.2024824975651e+05  -7.8361432396197e+05  -2.1311080707023e+05   5.7222061956913e+05  -1.1994252396876e+06   8.6352739910958e+05  -2.6296658505568e+05   4.5364621666849e+05   8.8264342128496e+04  -8.1118639345374e+05   2.5794418645149e+03  -4.2670169027550e+05   6.6675031767272e+05   6.2006408427493e+05   4.2116329957049e+05   4.5284685910377e+04  -6.4376573580161e+05   6.2248611531050e+05  -2.7486707887062e+05   4.4806909600517e+05   9.4857308656010e+05  -9.8486326475524e+05  -6.4939826089047e+05   4.3317539793889e+05   3.5076243919173e+04  -4.0957927517833e+05   5.3399224853675e+05   2.3870497265763e+05  -2.2130141242826e+05   2.2715944673609e+05  -5.4244910383028e+05  -6.5729192472190e+05  -2.2591615095339e+05   3.5067087233682e+05  -7.6019920208216e+05  -2.0237819055357e+05   2.1862504444457e+05   6.5410928633271e+05  -1.6917346575425e+05  -3.4060646106214e+05  -1.7429278314596e+05   2.5711082232461e+05  -1.8672882078073e+05  -1.2588029414218e+05   4.6216680642910e+05   3.1439236351218e+04  -2.5925877516227e+04   3.5631787389346e+05  -4.3403621565540e+05   5.7794119756586e+05  -2.7895822926701e+05  -5.5067371427110e+05   3.9204904701334e+04   2.6312997079364e+05  -1.5495421594836e+05   2.8686232158995e+05  -3.4846315844102e+05  -1.6783760828277e+05  -6.0149288349609e+04   9.3105080006877e+04   1.2034389203643e+05   1.6081531443613e+05  -3.7452055945622e+05   3.2103277364892e+05  -1.7653674819542e+05   2.9014195397687e+05   3.1693570050718e+04  -1.2530952389294e+05   2.4267502498682e+04  -1.1788327682620e+05   4.5604968187635e+05  -9.5696148842464e+04  -3.6190180000433e+04  -6.6554325911109e+04   3.1724646158413e+04   1.9579641086664e+05  -5.4449180871772e+04  -2.6809032216085e+05   1.5489961184695e+03   9.3731656903602e+04 
 -2.2116518603785e+05   1.8679593084810e+05   1.5302266202925e+05  -1.0357649605755e+06   5.5104490783610e+05  -1.5923972111081e+04   3.2288195915160e+05   3.3052893109608e+05   1.2970347308436e+04  -1.7758430592252e+06   1.5625932143165e+06   2.8478001453500e+06   9.8730728891688e+04  -1.3894151078490e+06   2.6972899156167e+04   4.6497946140767e+05  -4.4050087888656e+04  -3.7434260318522e+05  -4.4345228045460e+05   6.8990353685749e+05  -1.2405991001158e+06   1.5011807328832e+05  -2.0329581449473e+05  -2.1137921025500e+05   2.0611122553552e+05   1.4140474284159e+05  -7.0705596135409e+04  -1.7603410746258e+05   6.5407829088900e+04  -2.5549247000026e+05  -3.3499947919069e+04   3.9345609429443e+05   2.1046768286636e+05  -1.6419685905207e+05   4.3559568961593e+05  -8.3201707352915e+05  -8.0802397484220e+03  -3.4521350403312e+05   1.4229582646990e+06  -6.8639549835349e+05   7.7155309758772e+05   5.2075919966749e+05   1.6066671542982e+05   1.4485079446787e+05   2.9205419727427e+05  -4.5694846875612e+05  -1.3254464207232e+06   1.1511212337224e+06  -1.2300836892157e+05  -3.5663438025368e+05   5.8861942624648e+05   3.8998548904629e+04   1.4432661774581e+06  -1.1194062694900e+05   1.8889162716881e+05   3.5509805606073e+05  -1.8654263796924e+05   1.6871621154320e+05   7.2211987874534e+05   2.5922871447315e+05   9.9465214313248e+04  -6.9803964897094e+05   1.0392128773270e+06  -4.2471993791226e+05  -7.3187250928342e+05   2.4517573891411e+05  -3.5627396687932e+05  -2.3909812553174e+05   1.1358585022950e+05   7.1650622371669e+04  -4.2148519939343e+05   2.3504094803161e+05   3.9657848910197e+05  -1.1963235841353e+05   3.6257522732043e+05  -1.5506959821025e+06   6.4140789284260e+05  -2.9577422916709e+04   3.2761538843409e+05  -3.2577227421310e+05  -5.4280351900517e+03   1.6938914052831e+05  -3.8243736654845e+05   3.0596579635943e+05   5.0367471817779e+05   1.1904095882019e+06  -1.4634454223692e+06  -7.5910233364169e+05  -1.5196101405025e+05   8.2592776857847e+05  -3.7714270711290e+04   6.9268542867103e+05  -5.9394061395310e+05  -6.0077367025330e+05   3.5505543630426e+05  -1.3370671862135e+05   3.5402272001309e+05  -4.2019703506725e+05  -5.5442420653490e+05  -2.5924310360217e+05  -1.2267010449999e+05  -6.9908885809194e+05  -1.0754154760735e+06  -5.3051540907329e+05   4.4885551593096e+05  -3.7544000143496e+05   1.6094657642154e+04   2.3605711944354e+04   4.1953069294712e+05   1.3777453244988e+05  -2.1759413370518e+05  -7.7977271189650e+04   4.2616111229575e+05   2.1241732645383e+04   3.1951520921750e+04   1.1672063716332e+06  -9.9806165363637e+04   1.1023274095652e+05   9.2123442501071e+05   1.7139172798894e+05  -1.5967060580220e+04  -7.7131838205701e+04  -2.3735579967693e+05   6.3717408708065e+05  -1.8517271603895e+05  -3.3598783114433e+05   1.0512574094391e+05   1.9510678888262e+05  -1.6503076008003e+05  -5.9598730645595e+04   5.7275141028992e+05  -6.5084072381947e+05   4.4752980360208e+05  -2.3941681957453e+05  -4.1333006002262e+05  -7.1135043493567e+05   2.5007361934600e+05   2.1065024173844e+05  -2.7945669983336e+05   3.9907396553608e+05   2.7571281406930e+04   6.5588276176553e+05   2.6316355145344e+04  -3.1286909645145e+05   9.7721141435077e+04   2.5053338072944e+05   1.2420512229079e+05  -1.4751261580055e+05  -6.6272418181468e+05   2.3398909884999e+04   2.2759004465539e+04 
  1.0807243129183e+04   5.7569374279880e+05   2.2799228847726e+04  -1.7133646759268e+05   1.2066480670716e+06  -4.5472863107301e+05  -1.4747415834212e+06   1.7264380418551e+05  -1.3163085623225e+05  -5.3504382969645e+04  -1.2772993328340e+06   9.8730728891689e+04   4.3407642445553e+06  -1.3259462597636e+06  -3.5192791294219e+05  -3.4748697526164e+05   1.0930279225151e+06   2.2915322643014e+05  -9.0111155016406e+05  -1.6471968552709e+06   6.7760904642576e+05  -4.6655491771792e+05  -1.8110363628371e+05  -1.4921754303875e+05  -9.5781553640729e+03   1.2372596858180e+06  -8.1044201957638e+05  -1.7513697872790e+05  -2.1705667042136e+05   3.3073586269134e+05   1.8427706386580e+05   1.6068798125035e+06   5.1077738089239e+05   2.7083989265903e+05  -2.6937380628579e+05  -5.8623312747434e+05  -3.7436467597500e+05   6.0394679564890e+05  -5.0442454655396e+05  -3.9460815972665e+05   6.6614636922739e+05  -6.4665977434407e+05  -3.8538772390725e+05  -3.3977779475468e+04  -8.1031458080896e+05  -3.8166729846769e+05  -3.0817252159959e+05  -2.7780185865372e+05   8.2563326244741e+04   4.1447652577170e+05   1.2475853985823e+05   4.3727443173164e+05   6.9568422017350e+04   1.6034260265739e+06  -1.0097712993337e+05  -1.7905485202483e+05  -2.0281282474582e+05  -7.4472659776713e+05   1.4288642613917e+06  -5.8099627087255e+04   2.5250878048252e+05   2.6336992168323e+04  -9.9808526752376e+05  -8.5249473667805e+05   3.2401762193015e+05   5.1886104816894e+05   1.4589586281785e+06   1.0604485087267e+06  -8.5633228824092e+04   5.6158272088196e+05   3.0979467251448e+05  -2.8397406591240e+05   1.4717568364681e+06  -7.9546710899223e+04  -1.0205327285422e+06  -3.9740392022572e+05  -1.3478040923330e+06   1.0735236832744e+06   4.6193275368467e+05  -2.6466351505519e+05  -7.9666796242261e+05  -3.0043657066621e+05  -2.9371430037158e+04  -2.2053713372825e+05  -3.3026331796668e+05  -2.5239927794449e+04  -1.7222750352741e+06   1.5878666018181e+06  -1.0496137413535e+06   5.9069826213105e+05  -1.3465548436317e+06   1.9595853882668e+04   1.3119732070121e+05   1.1943757147532e+06   2.9170927824494e+05   2.2532553161419e+05   6.3100414066449e+05  -2.1716345220560e+06  -2.3684582876974e+05   2.0125561788151e+04  -6.8001176981842e+05   3.3875776691721e+05  -1.1867701519100e+06  -5.3696785912137e+04   1.2083366054759e+05  -1.4749409493584e+05   5.9596719663295e+05   7.7724194301437e+05   8.3873483333792e+05  -5.2911654651063e+05   6.0794849308129e+05   1.3137556726069e+06   6.6102070842066e+05   5.8246832216684e+05   3.2816177706173e+05  -8.6123236220595e+05  -3.6270047665068e+05   1.8637613955312e+05   1.1010316217540e+06   4.9620934204507e+05  -1.3246678372029e+06   6.1854491296138e+05   1.3102448045021e+06  -5.5336409586695e+05  -1.2148312571061e+06  -6.1551221662455e+05  -5.2281908354472e+05   2.0689600641511e+04  -5.4824665699156e+05   1.6060517464910e+05  -4.9266698181697e+05   1.3004509058007e+05   5.9753400287563e+05   8.5859324285458e+04  -1.0193248846653e+05   1.9104883259596e+05  -1.9294344570491e+05   6.2877298703155e+05  -4.4501193326857e+05  -1.8279481735202e+04   3.1196704890862e+04  -1.5470379328308e+05   1.2447877241649e+04  -2.7931045566260e+05  -4.8796268753551e+04   2.6975388176917e+05  -5.2613826403345e+04   5.4380283982377e+04   4.2229311462881e+04   2.2347799104594e+04  -2.3849626527977e+05 
  7.7873185689282e+05  -9.4443303527897e+05   5.0569208651423e+05   3.4923150179799e+05  -6.2209181315604e+05  -6.7345607064027e+05   3.8618797849252e+05  -1.8787648910351e+05   5.2853510642387e+05  -7.5559167394059e+05   1.7312614421192e+05  -1.3894151078490e+06  -1.3259462597636e+06   3.7785584717538e+06   2.7393867206276e+05   8.4122409194805e+05  -5.2754633168873e+05   7.6705087280549e+04   7.1453069570569e+05  -1.1608363138220e+06   1.7149639051219e+05  -5.4108465588719e+04   1.6477373352953e+05  -5.0646765799473e+04  -1.2593009149677e+06   1.4866660599716e+05   2.9403001722267e+05   1.5320522367001e+05   4.3603445058357e+05   1.1628576079218e+05  -8.3432386231470e+04  -5.3187670014894e+05  -8.1201914617304e+05  -6.3836509412862e+04  -4.3326722002840e+05   6.5397857366829e+05  -2.1518961364773e+05  -5.1671391965384e+05  -2.7451974875392e+05   3.5053039911534e+05  -1.7544500844669e+04   6.8628349559895e+05  -4.8823657793296e+05  -9.5478714771998e+04   3.5501836239926e+05  -6.3890970893835e+05   1.0039988282419e+06  -8.4371452595740e+05   8.6275220205399e+05   1.2795967680637e+05  -9.7903854839752e+05  -9.5741251971657e+04  -3.4705830560072e+05  -8.0919983416595e+04   6.4225989730681e+05  -1.5852617796715e+04  -2.1569536041769e+05   4.3985592607137e+05  -3.3350982315910e+05   4.6350131474387e+05   4.7569986977513e+05   1.0604328186998e+06  -7.4502065911595e+05   1.1224108851746e+06  -1.5346404383731e+05  -1.1112699617773e+06  -6.2668095220127e+05   1.8523306550310e+05   1.6619487606658e+06  -2.1027925598884e+05   7.2673909050446e+05  -1.0804435595369e+06  -4.4507532382437e+05   4.3230153720035e+05   3.3184725328823e+05  -4.7978584167034e+05  -2.5471361954443e+04   2.2253736314284e+05   1.0549076120221e+05  -4.7464035105828e+05   4.7932535322355e+04   1.0368581516242e+04  -2.2211539449473e+05   7.0448085852824e+05  -2.7000674799999e+05   3.6204969130524e+04   1.3049846550367e+06  -6.4086700736019e+05   9.4031431824363e+05  -1.2328370229619e+06   1.1575708464812e+06   6.9388736816045e+05  -4.3897098167703e+05  -1.0939644175608e+06  -1.2725615205469e+06   9.8442507329688e+05  -2.2934674766556e+05   1.7768358801372e+06   4.3713434725965e+05  -2.5099086094127e+04   4.0370179180055e+05   1.2065605829899e+05   8.6102429261479e+05   5.8679733689278e+05  -7.7721639635013e+04  -1.6849353213756e+05  -3.4296579440041e+05   1.3947312602500e+04   2.2343072037033e+05  -4.9761744464981e+04   1.0072948536228e+06  -5.1235303038694e+05  -7.3559789345518e+05  -1.7025242464647e+04  -4.0689888953154e+05  -4.5475849549030e+05  -8.7859413131039e+04  -3.1184809264176e+05  -8.5255777111984e+05  -7.9893839359571e+05   5.1330782748475e+05  -6.7934636152854e+04  -4.8119874563778e+05   4.2224329028034e+05  -5.1516135645807e+04  -2.4295185510705e+05   5.9727187322135e+05  -7.2589091804923e+05  -3.3989965385873e+05   2.4958949580933e+05  -5.2840907467538e+04   9.6695071966592e+05  -1.0810939497283e+06  -1.0094750543762e+06   6.2922055002122e+04   3.1436036339694e+05   5.0245251503796e+05  -8.6167219267655e+04  -5.0017549290381e+05  -1.3923970174113e+04  -1.1045385071710e+05  -1.4563915229965e+05  -2.1254885934762e+05  -1.3044229857459e+04  -1.9224260641302e+05   2.6138200534509e+05  -1.3989914392517e+05   2.2779105197338e+05   3.7330798127544e+05  -8.0829355932775e+04   2.4992416818809e+05 
  2.3883051485650e+05  -1.6107107744316e+05   7.1328112884891e+05  -4.6264617454941e+04  -1.1021183507190e+06  -2.8895840477456e+04   5.7675074332391e+05  -4.2569802516197e+05   4.8231051625336e+05  -6.2909614819571e+05   4.6249394494553e+05   2.6972899156167e+04  -3.5192791294219e+05   2.7393867206276e+05   1.5895584462384e+06   1.0703909900964e+05  -1.8138768707535e+05  -8.9545474081377e+05   1.7069575216865e+05   5.5420377940104e+04  -7.1901787669642e+05  -9.0308806331671e+05   2.0211442021216e+05   5.9467578105824e+04  -3.8925333281949e+04   6.0546516112873e+05   2.4006153701076e+05   1.0911328729774e+05   2.3758414267315e+05  -3.3242554120139e+05  -2.7055125084434e+05  -7.4248675698960e+05  -7.0520892678752e+05  -5.8484917339075e+04  -1.5342005654518e+05  -8.2734729169186e+04  -1.1431047111704e+05  -2.6194630837897e+05   1.4425139328147e+05   1.5477981986399e+05   2.0594353303564e+05   4.9632368651704e+05   3.0031172030425e+05  -1.2167652361179e+05   3.2392352898517e+05   1.3877000749494e+05   2.0715850415762e+05  -1.6601903277235e+05  -5.6513459433116e+05   4.1129419575475e+05  -1.3597074920674e+05  -2.4187954669198e+05  -4.6504242762772e+05  -1.2583141505893e+05   8.0925311678251e+04  -2.8328241471957e+05   2.0357429476668e+05   1.4178819901852e+05   3.4148751153506e+05  -3.4360770367944e+05  -8.8578842243009e+04   3.7018455183822e+05   1.1882771149743e+05   5.8553069601719e+05  -6.0985155371418e+05  -1.2886554078630e+05  -3.1502133216670e+05   1.1431388521869e+05  -3.2083184083256e+05  -4.3382834397837e+05   1.2916524921411e+05   1.1353475020895e+05  -6.5189240091154e+05   1.7404988919465e+04  -6.5415153060664e+04   5.9914958643738e+05  -1.3248446919608e+05  -4.8426642799072e+05  -2.5598139148621e+05   2.4865082140620e+05  -4.3800021822429e+05   3.2153904872267e+03   5.1938982663962e+05   4.0898708802151e+05  -1.4901383390326e+05  -2.5622923969819e+05   7.8507747321008e+04  -1.1238691772623e+05  -1.6409407005325e+05   1.1952395765559e+05   7.0579773197798e+05  -4.1303807814298e+05   3.0459446377132e+05  -3.5793128474317e+05   1.7665363591021e+05  -7.6313062880326e+05   4.1581206343865e+04   7.2463503597071e+05   5.4427383736489e+04   2.6847733301676e+05   4.1202002171419e+05  -5.9981845285243e+04  -3.8690856316449e+05  -1.5224884939557e+05   3.1159385472433e+05  -2.0735976245757e+04  -1.5603046445346e+05  -7.4373486407976e+04   3.0752235967811e+05   1.4911075431481e+05  -3.5930610092124e+05  -3.1590544170373e+04   6.4238625526506e+04   1.9859011873104e+05  -3.7625277054904e+04  -2.3823462543654e+05  -4.6683580228142e+05   2.7113596896590e+05  -4.9912729388823e+05  -2.2546064361454e+05   5.4254622220017e+05   4.3584891084197e+05   1.6674661864546e+05  -4.0156334512703e+05   1.6776932622446e+05  -1.3082594422239e+05  -2.9948263303034e+05   3.1321102182728e+05  -2.7994932734807e+05  -2.5216746727632e+04   6.0735728413258e+04  -3.2294360018390e+03  -2.6629193216835e+05  -3.9394354398806e+05   8.0346866558716e+05   3.4413555920765e+05   1.6768512637026e+05   1.0821649559948e+05   3.0908863377927e+05  -3.5750385196948e+05   1.8811364053542e+05  -6.0803285449968e+04   1.7613709918387e+04  -3.7490034107464e+04   7.7052857869390e+04  -7.0521063930967e+04  -1.0300690118501e+05  -9.6968057252806e+04  -4.7673273120407e+03  -1.2113307136156e+05   1.3550028973507e+05 
  2.2387025604702e+05  -4.1024571781328e+05   1.0389125848642e+05  -1.6826263182336e+05   1.0434913115115e+06  -5.2898617834086e+05   2.0553318240747e+05   1.4704421302652e+05   1.9282298841597e+05  -2.2275403004907e+06   9.9176743471455e+04   4.6497946140767e+05  -3.4748697526164e+05   8.4122409194805e+05   1.0703909900964e+05   2.8898232015383e+06  -6.0155145994686e+05  -4.4218754204046e+05  -2.2395474999175e+05  -8.1651931967969e+04  -1.7346047371990e+05   1.1303732560527e+06   2.0444246752833e+05  -1.6548783164368e+05  -3.8077856126493e+05   1.5791635569811e+05  -9.8700975666803e+05   5.3647593471266e+04   6.3962569192923e+05  -5.3896798624001e+05  -2.6106383875325e+05  -6.0194004900029e+05   1.1554436443379e+05   2.1568237233173e+04  -9.9507802006109e+04  -2.3994161213079e+05  -5.7531764980203e+05   9.9642935149199e+04   9.2245575860370e+05  -6.4728662565716e+05  -1.7736960088750e+05  -7.0133379250186e+04  -2.6580727017645e+05  -3.7458286453517e+05   9.1057274960586e+05  -5.4500603733598e+05  -3.7661160636120e+05   3.6445707743920e+05   8.5198916970462e+05   6.1643602413417e+05  -2.4074337294688e+05   3.6921457874947e+05   2.8664591718240e+05  -8.2179105168951e+05  -3.4991242458540e+05   3.9758550741119e+05  -4.8936603523917e+05  -4.2193695680523e+05   1.3554545428025e+05   8.5260400289405e+05   2.9505986241478e+05  -7.7685260287922e+04  -5.9122131298978e+05  -2.1722876946206e+05   3.1288341796715e+05  -3.0349895195700e+05  -3.5206857411753e+05  -8.1640010027783e+05   1.4551871010491e+06   7.0182546846144e+05   7.7722461108170e+04  -7.4425436352042e+05  -4.9930424955177e+05   3.0744832308283e+05   3.2967020619855e+05  -5.0514508923290e+05   2.8425860682702e+05  -6.0664046506534e+05   1.5338614046428e+05  -3.3672118664825e+05   7.5601540023479e+05   1.3943037059934e+05   5.0918576044134e+05   1.9153254010613e+05  -1.0643340314024e+06   9.2064515864429e+05  -1.0691999400269e+06  -4.5058261589758e+04  -7.4504741960737e+04   1.4506931055398e+05   3.5398461539469e+05   5.1570608590027e+04   6.2040984073870e+05  -5.5271285844441e+05  -1.0498321641029e+06   1.5930293724325e+04  -1.1324882853235e+04   6.5790219181791e+05  -5.3128445854832e+05   6.3623648600616e+05   4.3416291613860e+04  -4.5107444951176e+05   2.9672442116242e+05   1.9663226754902e+05  -8.1700675713971e+04   4.2052428354382e+05  -4.9434805517525e+04   2.0639658837244e+05   2.2573531899984e+05  -1.1988779163376e+04   3.8385288396949e+05  -5.0932079916627e+05  -4.1755488905062e+05   7.3801291569815e+05   4.8028913063429e+04   6.4267380426609e+05   2.2475133832055e+04  -1.9717081225478e+04  -6.3001781677904e+05   2.5955213375776e+04  -4.4456432672746e+05   3.0023395066190e+05   1.8365697524412e+04   1.1742358059211e+06   3.7615966222929e+04  -7.1036800308346e+05   5.2965525485119e+05   1.2376071106631e+05  -7.1673555888108e+05  -3.3267673435716e+05   7.9948528308880e+05  -6.5340099759433e+04  -5.8428760884951e+05  -7.0680526848329e+05  -9.6926718339459e+05  -6.2762816692763e+05   5.9105620380065e+05  -2.3154965478649e+05  -2.7139245151873e+05   6.5288043204811e+05   2.9822407744163e+05   7.2309048143382e+04  -2.1509256624301e+05  -1.7416196547499e+05   1.2354000995317e+05   2.2241214124427e+05  -1.3389300177052e+05   1.6385958417111e+04  -6.7459921270225e+04  -7.6082900210447e+04   2.3880385392148e+05 
  7.1711942724550e+05   1.7609486535495e+05   9.1954939052733e+05  -7.3402978263454e+05   3.6985647779430e+03  -7.7809618555697e+05  -8.7865414215539e+05   3.3608461399424e+04   1.8814134634092e+05   5.0791888448532e+04  -3.7106660776704e+05  -4.4050087888658e+04   1.0930279225151e+06  -5.2754633168873e+05  -1.8138768707536e+05  -6.0155145994686e+05   5.3802190064858e+06  -8.2469803344893e+05  -1.4013985895449e+06  -1.6937159629355e+05   1.1256964680481e+06  -2.8248479662273e+05  -1.2066615155043e+06  -2.2220242991369e+05  -1.3903851911296e+06   4.0280004427738e+05  -5.3469327722026e+05   1.4467963065240e+05  -5.6333518119910e+05   4.0105624114929e+05   3.4402496753660e+05   1.4076528352421e+06  -1.0926341759042e+06   4.7869790755790e+05   4.0490694255980e+05  -7.1118062629942e+05   6.6923911156041e+05   2.3446099974716e+04   1.2080412565305e+06   1.1232878861372e+05  -1.3566252653596e+06  -8.4689906588851e+05  -1.5875323477786e+04   2.9756709399017e+05  -1.1650832960831e+06  -6.3604172642541e+05  -4.6937624471624e+05   2.3322352072447e+05   5.5340501694069e+04  -2.4369120065543e+05   1.2973002347358e+06   3.1325245001146e+05   1.1258032123790e+06   9.9641731658703e+05   1.1043597689607e+05   5.4061590306272e+05  -7.0629443864086e+05  -2.0312695909546e+06  -7.4598517655108e+05   9.6337702056133e+05  -5.7718989602578e+05  -4.0341603335001e+05   7.7504538966067e+05  -2.0050969631146e+05   8.8046242748363e+05  -1.0989671078855e+06  -5.9485410257938e+05   8.8393397213642e+05   4.1799232131523e+05  -1.8693479352219e+05   1.8983878575251e+05  -3.0405403859662e+05   1.9023543129172e+06   3.8737015053341e+05   2.8243953251516e+05   9.7362862986687e+05  -6.4817404932702e+05   5.2734547835569e+05   1.8249246849929e+05  -1.1046660043509e+06  -4.3700526369502e+05   3.5123401252349e+03   1.8600722029024e+04  -1.7396168214455e+06  -1.1105151387407e+05  -1.1849567524737e+06  -2.1766678496233e+05   1.3465760336150e+06   9.7958463720912e+05   3.0311273344122e+05  -8.0646012464865e+05  -4.9105173529817e+05   3.5339249352642e+05   2.5924941951444e+05  -7.6332330888473e+04   1.4430901458387e+06   1.6159895342582e+06  -3.3468549484059e+06  -1.0669632202578e+06  -7.8934205726263e+05   7.7786106708312e+05   4.7460236466146e+05  -8.9397609850699e+05   2.5074660790950e+05  -3.4670771504079e+05  -3.0837876837229e+05  -1.6284271298568e+05   6.3825670598482e+05   6.9640558002530e+05  -4.5442858988470e+05  -2.2372761257063e+05  -4.2309188381953e+04  -5.0996529377426e+05   1.5254229673375e+06   2.9507829455306e+05  -9.4459695949891e+05   5.2890189485514e+05   4.1020924710068e+05   6.6594319263686e+05   7.3002264638856e+05  -1.0208831229940e+06   2.5580108788078e+05  -3.3601283489259e+05   1.3639733565682e+05   2.9949622413776e+05  -3.1962939424275e+05  -4.9935184207080e+05   6.7931171660259e+05  -5.2064158885406e+05   5.2298207634118e+04  -2.0528960880160e+05  -7.5043144540556e+05   1.7195031612605e+06  -6.4657053988040e+05  -2.3981575746570e+05  -2.9957146372211e+05  -7.9415495503245e+05  -3.7499397672015e+04   6.0239585260948e+04   2.6287037579328e+05   1.5053645709557e+05   4.0541065412142e+05  -1.0262298096813e+05   1.9280275797113e+05  -2.4044504838747e+05   4.8271572127997e+04  -5.1386357875300e+05   2.9414909560535e+05  -1.1069991173819e+05  -2.5444895143099e+04  -4.8676774223325e+04 
 -2.6507941189911e+05  -1.8295066569897e+05  -1.5260876780119e+06   4.6084966220122e+05   2.1684832898458e+06   3.9508931335897e+05  -1.6729170098827e+06   9.3209269612465e+05  -6.1744070120074e+05   4.8574184768125e+05  -4.8076593092632e+05  -3.7434260318522e+05   2.2915322643015e+05   7.6705087280549e+04  -8.9545474081377e+05  -4.4218754204046e+05  -8.2469803344893e+05   6.5675031658351e+06  -5.4536914951384e+05  -6.1589532121823e+05   1.4387940530140e+06   2.5034482918135e+05  -8.2270923614320e+05   2.1733834574163e+05   1.6721493099286e+05  -1.7851476078661e+06  -7.0366198517955e+05   3.7041397409917e+05   2.8948244922007e+05   2.8022356044108e+05  -3.8997980747864e+04   6.2679412485340e+05   1.7170742849153e+06   1.8493011496815e+05  -2.9347202969997e+04  -4.6703695000740e+05  -2.5133309611279e+05   6.5688695466522e+05  -1.3974508849141e+06   3.9059045231997e+05  -7.6313045664663e+05  -1.7930172957460e+06  -4.7685826911292e+05   4.2448761144292e+05  -1.0791616659075e+06  -5.4898781911829e+04   1.7066277383454e+06   1.1465483992342e+06   1.6638430613051e+06   4.0347275855739e+05  -4.9561733536305e+05  -5.8686135965898e+05  -1.4707636264024e+06   1.0817175947200e+05  -1.3772331741545e+05  -4.3726239634377e+05   3.7666537986046e+05  -3.6298951947129e+05  -3.5139303782566e+05  -2.5698108175469e+05   3.9626049211106e+05   3.8737070614957e+04  -1.6055772493194e+06  -9.3219285505397e+05   2.5399302495883e+05   1.3109916399806e+06   1.5964768252086e+06   1.4965470205988e+06   1.0036655361456e+06  -1.6747491628653e+05  -2.3284928076479e+05   7.3762931365146e+04   8.5919931617667e+05  -2.0493983149506e+05  -6.0262031183646e+05  -2.7829600580238e+06   4.5989318886398e+05   1.3471161833815e+06   7.3352252973408e+05  -1.1049560961215e+06  -1.0630458865652e+06  -5.5542366827011e+05  -1.6940282979615e+06   2.9920016335210e+05   8.6753261022138e+05  -2.8942865513951e+05  -9.5442360466569e+05  -3.8170468094951e+05  -8.5151987623191e+05  -5.3090186129541e+05  -5.5985230983591e+05   7.6112731506982e+05  -1.8532125975731e+05   2.1461495796453e+06  -3.1176435366895e+05   4.6606986070465e+05  -2.0683995909145e+06  -3.2056908191789e+05   2.6046292590450e+06   5.4348694995769e+05  -1.6151175821640e+06   2.7966413114926e+05   9.4487506455731e+05   7.0196871788995e+05  -1.3354906579804e+06   2.4750066128998e+05   7.0224410736229e+05  -9.7120793166150e+04  -3.9241721142223e+05   3.3303376432907e+05   7.9865292335172e+04   5.8693186254228e+05   2.5879814968063e+05  -8.0755795874620e+05   4.0649660413103e+05   6.2734502166342e+04  -2.0045554066200e+06  -6.7723265960839e+04   9.8630665673280e+05   4.7932343264112e+05  -3.1103183695159e+05   5.1967550951723e+05   8.9134139458410e+05   2.0764381727147e+05  -1.1906578006326e+06  -2.1293221652425e+05  -1.4587667056409e+06  -7.5375374425906e+05   1.3333578863704e+06  -8.0925729452946e+04  -5.7097194615436e+05   3.6188804229488e+05   8.9148012758067e+05   1.6198322154039e+06  -1.5253501760259e+06   9.0352152920873e+05  -7.2822780241663e+05   2.7406189888807e+05  -4.4440627259785e+05  -5.8525123267701e+05  -7.9986908572310e+05  -1.1956728574949e+05   9.1675053957939e+04  -2.1854485181534e+05   7.6227183582373e+04   1.4287846878453e+05   7.2861165574234e+05  -1.1719361214442e+05   1.7049247518122e+04  -4.8160114589186e+04  -9.8867546564724e+04 
  2.7108301082194e+05   3.1282406059468e+05  -4.1043009598236e+04  -8.0579834846271e+04  -1.1783316561495e+06   1.0628899056459e+05   9.5270997409029e+05  -1.2693425443021e+05  -1.7170883558320e+05   6.3253154423028e+05   1.1807754645533e+05  -4.4345228045460e+05  -9.0111155016406e+05   7.1453069570569e+05   1.7069575216865e+05  -2.2395474999175e+05  -1.4013985895449e+06  -5.4536914951384e+05   2.1284054807300e+06  -2.3764100042817e+05  -6.9934771035366e+05  -5.2250180923502e+04   3.9471701074205e+05  -1.3125892492732e+05   1.2964203381180e+05  -6.3695212487752e+04   1.1597210414527e+06   2.3211318735960e+05   8.5845672041970e+04  -2.3319211584293e+05  -1.3355086247781e+05  -1.3288397862340e+06   6.3289740285601e+04  -3.1744421665237e+05  -6.5990895904785e+05   6.4393785347762e+05  -2.6729051421848e+05  -8.4739640732465e+05  -8.4639033387879e+05   7.4947367152014e+05   1.2642551098287e+06   1.2950744468795e+06   7.0449759323425e+05  -1.0271750565037e+06   3.1709045845446e+05   2.1305164722275e+05   3.1628736316389e+05  -3.3532325954419e+05  -6.2046096487284e+05  -4.0020183484238e+05  -3.6511835493150e+05  -2.9445995861033e+05  -1.9092115502493e+05   9.0635526319138e+04   1.6555657323134e+05  -2.6784114644500e+05   3.6523258883561e+05   1.3866436491911e+06   3.3708855536972e+05  -4.1043088297161e+05  -7.9767273800752e+04   3.9052898201242e+05  -7.6733872868311e+04  -3.7761102956363e+05  -6.7094349665851e+05  -8.8222412270745e+05  -1.1602549145192e+03  -4.6456844819043e+05  -4.8811984715372e+05  -6.7194759226657e+04   1.5325792972582e+05   4.4127586492493e+04  -1.1537119382026e+06   8.8747237713386e+04   4.7271135167801e+05  -1.5188748439821e+05  -3.1493970974727e+05   8.3685799230727e+05  -3.0023986239925e+05   6.1032383088323e+05   1.6727070111598e+05  -1.6485184569291e+05  -1.6823199733124e+05   4.6893009220659e+05   3.0330109942497e+05   6.9215966131704e+04   1.1963327682704e+06  -3.5818664618359e+05   1.1180292559862e+05  -2.5635192357311e+05   7.0076366277686e+05   5.2633239472889e+05  -5.2603304312880e+05  -4.3181097330010e+05  -8.4217988036566e+04  -4.6761016803674e+05  -2.2334592547015e+05   1.2075363559356e+06   1.9703890413631e+05  -3.7146142978906e+05   2.5853444175896e+04   1.7393734371594e+05   1.1256210871113e+05  -4.7339202467840e+04   2.7125579723277e+05  -5.0082013043518e+04  -1.2617094948241e+05  -1.8069241927307e+05  -1.1390046325060e+05  -1.0782146265521e+05  -2.6980605629576e+05  -2.5580722009481e+05  -6.5545171640011e+04  -8.4395993863067e+05  -3.1672572955413e+05   2.1468602358930e+05   5.6244888379101e+04  -3.0650347017623e+05  -5.3703458726417e+05  -2.0610021809567e+05   6.6582265805064e+05   2.8920965498620e+05  -4.6919484569786e+04  -2.1065869238386e+05  -3.4748220080920e+05   3.8191388020752e+05   3.0670422029336e+05  -1.3140459950453e+05   3.1475355378163e+05   2.8603746899616e+05   3.6179839059947e+05   6.7049298895648e+05  -9.9923671985263e+05  -3.5179428937880e+04  -2.6776022153242e+04   2.4576243100293e+05   6.6805232879672e+04   2.1878900984945e+05  -5.9740325685004e+05  -1.5820529774228e+05  -1.5303904340708e+05  -2.3274398822519e+05   7.5561108555232e+04   4.8686543292724e+04   7.8966081629085e+04  -2.6171660424184e+04   2.0449306220804e+05  -1.3801858868536e+04   1.7738952182367e+05  -1.9392195946514e+04   1.4048901237222e+05 
 -2.6653698041897e+05   3.8048180087812e+05  -2.8461408532337e+04  -2.5307078983861e+05  -4.7229479610232e+05   3.1301046180771e+05   1.1101546275315e+06  -7.3343785765977e+05   3.1298812256046e+05  -4.6752439346401e+05   2.8332836429208e+05   6.8990353685749e+05  -1.6471968552709e+06  -1.1608363138220e+06   5.5420377940105e+04  -8.1651931967971e+04  -1.6937159629355e+05  -6.1589532121823e+05  -2.3764100042816e+05   3.6532243993941e+06  -7.1622574209037e+05   3.8306915348208e+05  -3.0262388076629e+05   3.5710753551346e+05   1.8575742183320e+05  -3.0490285263656e+05   4.9864050193277e+03  -6.3520889227334e+05   1.1866512548838e+05  -4.2802914516149e+05   2.3245362767730e+04  -7.7039590170721e+04   4.8166446232943e+04  -2.6152071378027e+05   3.9787510851985e+05   4.9405668168966e+05   6.5305345860850e+05   3.0105493031107e+04   5.4001499108622e+05  -2.4824519399329e+05  -9.0365748173671e+05   1.8181713607288e+05   2.8549921713460e+05  -3.1140197900931e+05   6.4538769720946e+05  -3.4093380971845e+05  -3.4004843093856e+05   1.5273686349108e+05  -6.2902439390165e+05  -6.6471681408801e+05   6.8479991178481e+05   1.8517963432334e+05   9.3077723313869e+05  -1.2568726952704e+06  -4.2129372734565e+05   2.1875500044329e+05  -5.4472605938765e+04  -5.1082440108637e+04  -6.4202479460664e+05   6.8381967953872e+05  -3.4792943346963e+05  -6.7260805673801e+05   1.6620632618149e+06  -1.0247056158179e+06  -3.4124372005302e+05   8.9162569796253e+04  -4.4176419482950e+05  -1.1029982096018e+06  -1.4495710036300e+05   8.1217152459822e+05  -1.8249043730990e+05   6.5142326594648e+05  -6.7818513601648e+05  -2.0139482871961e+05   8.5225301682913e+05   8.1578179546862e+05   6.2371088086447e+05  -1.0888294785884e+06  -4.8082466283703e+05   8.5284821517740e+05   6.1455768354639e+05   3.7081478058726e+05   7.8804652736479e+05  -7.0468195425067e+05  -6.0350686590032e+05   1.8990984919993e+05  -2.2521957631893e+05   1.9463371476051e+05   2.5287448325480e+05   3.5866707109550e+05   4.4895993344977e+05  -8.3443838892078e+05   7.4844134898829e+05   2.9312597310226e+05   1.3512313084726e+05  -3.3904078893915e+05   4.0543986683237e+05  -2.2826434271998e+05  -1.2019198317628e+06  -8.8118906509410e+03   4.2177202320483e+05  -8.4940030659699e+05  -2.3840323081375e+05  -2.0722202733498e+04   2.5103140587646e+04   2.2081627375050e+05  -3.0044120432663e+05  -3.1161923460460e+05  -3.0849313980570e+05   3.8517997728720e+05  -1.4007314384146e+06  -9.4677888669322e+05   2.1644788789565e+05   9.8074336907957e+05  -1.9784715804238e+05   7.1104628122066e+05   2.5999428055996e+05  -1.8239492898249e+05   1.5894965433087e+05  -1.8781405502715e+05   8.5895125799763e+04   4.5762491929805e+04  -2.2124469938859e+05   2.0438036223639e+05   1.2170698170888e+06   3.2441971436803e+05   2.1102526665187e+05   1.0637326205337e+06  -2.1097523081919e+04  -7.6272292081965e+05  -5.6762630070684e+04  -9.1979740502720e+05  -1.4291159775849e+05   5.9258374650674e+04  -2.1028564556236e+05  -8.3224407559274e+05   3.2104485631782e+05  -2.1499372520340e+05   6.2933298010944e+05   4.3536002907313e+05   6.0752971393672e+05  -2.8455883746064e+05   2.9273544095727e+05  -2.9958971188155e+04   9.5191121184874e+04  -7.4465057261008e+04  -1.8901070916840e+05  -2.7498939779768e+05  -2.9119564168830e+05  -1.3245128877458e+04   2.0479839818150e+05 
 -4.5968147640785e+05  -1.3827236883762e+05  -3.9980676339948e+05   5.4763674670272e+05   1.3868616490745e+06   1.0613040501068e+05  -1.6613720897929e+06   4.2530052983895e+05  -1.7069472564942e+05   1.4661528981751e+06  -1.4290344260344e+06  -1.2405991001158e+06   6.7760904642576e+05   1.7149639051219e+05  -7.1901787669642e+05  -1.7346047371990e+05   1.1256964680481e+06   1.4387940530140e+06  -6.9934771035365e+05  -7.1622574209037e+05   4.7836250441281e+06  -1.2448917823992e+06  -3.6958598774307e+05  -1.6639857234988e+05  -7.0986435023752e+05  -3.6181152423729e+05  -1.1746851401434e+06   9.2037061991757e+04  -1.6867923010648e+05   3.4997186856784e+05   6.8066745638836e+05   1.1947139616774e+06   5.0489011365636e+05   2.4274548170824e+05   6.6730271844775e+05  -9.4001701206164e+05  -3.8790750950163e+05   1.5808755750957e+04  -1.2495965308014e+06  -1.6775110398959e+05  -1.2926951845811e+06  -1.2689738801577e+06  -2.0391596391899e+05  -8.6548186418981e+05  -7.4992895303109e+05   1.4846454617253e+05   1.5174682402908e+06  -6.0327037089940e+05   1.0796795740797e+06   6.8666038431542e+05   6.5461462199585e+05   3.8039479088332e+05  -6.6380578280089e+05   7.4182268901916e+05  -3.4479413624789e+05   2.4054068983177e+05  -5.9950348705923e+05  -1.0588005236396e+06  -1.0182380741327e+06   3.3734679604224e+05   5.1329605847088e+03  -2.9851313763205e+05  -1.2221079903171e+06   2.0668162850734e+05   1.6124698200734e+06  -1.0151845918727e+05   6.2100901231202e+05   1.4537325582421e+06   4.2863741407829e+05   7.4195913022738e+05   5.5616734479916e+04   1.3278942638310e+05   5.2856776718911e+05  -3.3426204099641e+05  -9.9282124134399e+05  -9.9372894948327e+05  -8.4633520182404e+05  -7.1798402223298e+04  -7.2818024188282e+04   6.7152513230034e+04   1.7785838294873e+04  -4.2093238622192e+05   7.5440940116586e+05  -5.3721004964094e+05   2.3695705871883e+05   4.7829794518644e+05  -1.4828718102453e+05  -1.6751561793967e+05   1.7910604487842e+05  -9.4731047933227e+04  -1.2719511106805e+06   4.4460333228861e+05   1.6773799632191e+05   2.5975949856280e+05  -1.0548316570167e+05   5.4574759708924e+05   5.0451311000809e+05  -1.2725298435817e+06   1.7945969947412e+05   4.4370893636432e+05  -7.1717669964468e+05   1.8081064734192e+05   3.8014423637032e+05   2.3471385738760e+05  -4.0019111938703e+05  -1.1404137816912e+05   8.4817021202239e+05   7.2572780817989e+05   2.2345654782472e+05   3.0474121136590e+05   7.7338162065781e+05   2.3425296276401e+05  -3.3386072948548e+05  -5.4325912571806e+05   8.2454840869961e+04  -6.2740809134889e+05   2.2036542910764e+05  -1.0617614022144e+05  -1.9115326837282e+05   3.8299216331802e+05  -9.5074644378434e+05  -1.6900409865291e+05   1.2590170232789e+05   7.0194925871134e+04  -3.0951292886072e+05  -1.6823912269288e+05  -3.9203546758572e+05  -3.5657429243130e+05   1.1972256804715e+06   3.0495626467416e+05   2.5650996337226e+05  -5.0496409341392e+04  -2.9587214626499e+05  -3.7872557674086e+04  -1.1470746075945e+06   5.1736570286280e+05   1.1941699184238e+05  -8.6009524961342e+05   2.6801852583812e+05  -1.4375895312338e+05  -8.6118188032329e+05  -6.1696939706283e+04   1.4997746848232e+05   2.6175035629192e+05  -3.5397769377744e+05   1.8814220160759e+04  -2.2971735672901e+05   2.4234192797329e+05   9.8326300131863e+04   9.4700197978520e+04   6.1231074193476e+04 
 -8.5268849748614e+05  -2.5968165300832e+05  -9.2516452892334e+05   7.5360075513084e+05   2.2124537503813e+06  -1.2352270486003e+05  -9.1938975907372e+04   1.5421963623478e+05  -3.9644252873811e+05  -7.6544240356056e+05   4.7678127288718e+04   1.5011807328832e+05  -4.6655491771793e+05  -5.4108465588718e+04  -9.0308806331671e+05   1.1303732560527e+06  -2.8248479662273e+05   2.5034482918135e+05  -5.2250180923501e+04   3.8306915348208e+05  -1.2448917823992e+06   5.9009114343478e+06  -2.5939244020915e+05  -8.8059829455958e+05   1.1931368232884e+06  -2.2427051658956e+06  -3.4103553418480e+05   6.0682851920132e+05  -2.6661843510173e+04   2.7134700213672e+05  -2.5697815916078e+05  -1.2029108315295e+06  -6.7751846590389e+04  -9.4255070663453e+04   1.1864616684536e+05   9.0285735715834e+05   6.0332932545772e+05  -3.6813390239858e+05   1.2821116857217e+06  -1.3408545952617e+06   5.2996771543603e+05  -1.0426275051233e+06  -5.7354511008150e+04   1.3448881644823e+06   1.6914006856596e+06  -9.8971175890578e+05  -2.2008171555039e+06   5.9540829776892e+05   9.1204727181843e+05  -6.8139066412454e+05   5.7252523983884e+05   2.0581054659922e+05   2.4301740882755e+06  -1.6157226996217e+06  -1.5280454285246e+05   7.2328099014131e+05  -5.7039438880978e+05  -8.1848684140630e+05  -3.1272932653282e+05   1.0283284856136e+06   5.6635078883325e+05  -7.1314438409266e+05  -1.6346175923804e+05  -5.9214166994434e+05   5.5770017438424e+05  -7.8788872979689e+05  -6.2445493737015e+05  -1.1667748968549e+06   1.2948142580615e+06  -5.0004823406443e+04  -3.7474163459815e+05  -4.9008558257551e+05  -3.7506089985324e+05   5.0810445355206e+05   1.3359107276703e+06  -1.8116793660215e+06   1.7524780327280e+06  -2.3738942657538e+04  -3.1848275213551e+05  -4.7734784471358e+05   2.1900532279728e+06   4.8121256290047e+05  -1.2062379636630e+06  -1.0766357410335e+05  -5.5633643870563e+05   4.2758679819219e+05  -8.4527200286331e+04  -4.7490560967281e+05   9.1555522217797e+05  -9.6432291863821e+05  -5.0831044994365e+05   1.7417230237301e+05   3.3480703721263e+05  -6.6186224685424e+05  -1.2570102268303e+06   9.9105545228192e+05  -8.8426894549970e+05   1.8534222467517e+05  -2.0861090505366e+05  -9.2080541449198e+05   2.0772837300562e+05   4.6383753300868e+05   2.0713654164370e+06   1.0693533101890e+05  -4.5698961725898e+05   3.4094989945783e+05  -2.9771951124134e+05  -1.0234656476101e+05  -3.5502570830467e+05  -9.9873100000597e+04  -5.2136446643970e+05   1.3368429124602e+05   2.7110609398551e+04   9.9845636101419e+05   3.8437075092780e+05   1.2046440604509e+06   1.4612111902912e+06  -5.6745122937915e+05   5.2206639201730e+05  -1.7204445272317e+05  -1.1940549969901e+06  -1.0679796087656e+06  -4.7339331501505e+05   1.0543239751699e+06   5.6854933244920e+05  -2.3782083074381e+05   4.9888326350667e+05  -1.3165950031673e+05  -8.6273353821568e+05  -4.7054515669867e+05  -6.2922003307130e+05   4.3607027940019e+05   9.0220982523709e+05   3.8872800930128e+04  -6.4974810104885e+05  -7.1992910520104e+05  -7.0298301141202e+05  -1.4544928220438e+05  -2.1821110626583e+05   6.5218692956683e+05   1.5587272931328e+04  -1.8518525011336e+05  -7.7637078247787e+05   2.8758589418991e+05   3.7721564914862e+05  -3.2589589768906e+05  -3.4637503734226e+04   4.4800707019419e+05   4.7579192344967e+05   4.9045631777345e+04   3.7912476014782e+04 
  2.0486736150417e+05   3.8461216624504e+05  -2.3000253269844e+05   8.5932108968309e+04  -2.7168443705814e+05   2.0007795137605e+04   1.3167038664439e+05  -4.4033952187765e+05   2.0086869338020e+05  -1.7054203389759e+05  -5.2152929814853e+04  -2.0329581449473e+05  -1.8110363628371e+05   1.6477373352953e+05   2.0211442021216e+05   2.0444246752833e+05  -1.2066615155043e+06  -8.2270923614320e+05   3.9471701074205e+05  -3.0262388076629e+05  -3.6958598774307e+05  -2.5939244020915e+05   2.3053811000713e+06   9.0511274647274e+04  -7.3488448411391e+05   2.7931516149720e+05   4.9588190373989e+05   1.4060385569506e+05  -1.8637409305243e+05  -8.9335976339601e+04  -4.9931640714570e+04  -7.5835159560155e+05   5.6646485576699e+05  -6.5512260108029e+04  -3.5897255672742e+05   6.6082544913051e+04  -7.9577625572147e+04   5.4532116178871e+05  -7.9422590535157e+05   7.4195425189149e+04  -2.9036584614460e+05   3.1478174508412e+05   3.6426778724103e+05  -1.5043047168048e+05   3.8253393069964e+05   3.2805977771454e+05   6.0220218507441e+05  -5.6736224367567e+05  -1.6484597963124e+05   5.3032302878087e+05  -3.7796131531204e+05   5.7983005801106e+04  -8.1179997737841e+05  -7.0624734618408e+05  -2.3688941607907e+05   1.0024041726140e+05  -9.7170792849386e+04   1.9889872570663e+05  -1.2459110978945e+05  -1.1130269876446e+05  -1.5051780328035e+05   8.3579014654113e+04  -5.1811575849080e+05   4.7968023691642e+05   1.1486475506159e+05   1.2254997875415e+06  -1.7051622506415e+05  -2.5923434273792e+05   2.0978236633043e+05  -1.0125503739516e+05   2.5659834883365e+05   1.4991678402703e+05  -7.6439936257061e+05  -1.7117164550770e+05  -3.0610752736908e+05   4.4783811930930e+05  -3.0019523051042e+05  -9.2380735311228e+05  -1.5537819629638e+05   7.5169845564531e+05   2.2815945040057e+05   4.2044419965095e+05   6.6383551182217e+05  -2.9135338456832e+05  -3.9923628448665e+05   2.3751178508274e+05   2.2086226263627e+04   1.8381785448420e+05  -7.2158386954085e+05   4.2092818632691e+05   6.7340427329103e+05  -8.4285822371841e+05  -9.8192968862079e+04  -1.4545185539163e+05   4.7020908634907e+04  -9.4618483298677e+05   5.2149568949478e+04   1.8664850479465e+06   5.1271831759177e+05   7.6180975590749e+05  -4.4084488308073e+05  -2.4539797909923e+05   7.0025508743816e+05  -8.9601887641036e+04   1.3242815110423e+05  -1.9685816108739e+05  -5.3529506187985e+05  -4.6859178612246e+05  -5.4132039056111e+05   2.2490677620432e+05  -2.0586133769985e+05   6.4177617177362e+04  -1.0802484944097e+05   1.9775618192289e+04  -1.7788512514232e+05   1.8857912200388e+05   2.9666132719126e+05   2.7956784615872e+05  -6.0651606243577e+05  -2.2549701381419e+05   5.0669569138728e+05   1.1274849078032e+05   2.1950774501852e+05   1.1415738528965e+05  -5.9473904659487e+04  -4.7077202024031e+04  -2.0988225333504e+05  -4.9039281448347e+05  -1.3912637505161e+05   1.4981405871267e+05   1.3392284350251e+05  -3.3999042996441e+04  -3.5449892814436e+05   4.0452297368893e+05   7.2622342359006e+05  -2.7377286473120e+05   2.6735348247667e+05   1.3410159952500e+05   2.4890280386488e+05   1.0479580002749e+05  -9.5950629763559e+04  -2.6372407482957e+05  -1.1131289237336e+05  -7.1013577910785e+04   1.5555734995082e+05  -9.3690961183368e+04  -2.0717300269800e+05   3.7932887750640e+04  -2.3665830420535e+05  -3.7048131864909e+04   1.6797144936366e+05 
  1.4771081650093e+05   6.1246246726484e+04   1.0783016601269e+05  -2.4376391853511e+05  -6.5420719767586e+05   2.4048277603151e+05   3.8832795342326e+05  -3.6246197500478e+04  -8.9911469985736e+04  -1.9278412529008e+04  -1.8241234892565e+05  -2.1137921025500e+05  -1.4921754303875e+05  -5.0646765799476e+04   5.9467578105825e+04  -1.6548783164368e+05  -2.2220242991369e+05   2.1733834574163e+05  -1.3125892492732e+05   3.5710753551346e+05  -1.6639857234988e+05  -8.8059829455958e+05   9.0511274647273e+04   1.3420633388201e+06  -1.8093352341967e+05  -6.9482831162326e+04  -1.0204461657797e+05  -1.4125452731372e+05   1.1744224634895e+04   4.8785346160161e+04  -3.8353357418515e+05  -2.5074436937826e+04  -8.8048435047804e+04   7.0042573781664e+04   1.8885938826421e+04  -3.2380713622387e+05   7.8406772961967e+04   1.3318422851230e+05  -2.4624745403277e+05   2.4580539730613e+05  -5.1944786369417e+05  -9.8525288626586e+03  -2.1679213409351e+05  -3.8718415149022e+04  -5.6130125244270e+05   4.9989746039870e+05   4.4410997460692e+05   7.6086545442298e+04  -4.0716854852156e+05   3.1552601035542e+05  -1.9752972591761e+05   1.3916142508232e+05  -2.1118380800107e+05  -3.1236545793816e+05  -4.7378778496839e+05  -8.2083148806796e+04   1.2346437149071e+05   3.4487869466685e+05  -3.9932623992267e+05  -1.1601048619226e+05  -2.9524136917425e+05  -2.7344897620030e+04   4.3275684790359e+05  -4.4656722815472e+05   2.8385253398316e+05   5.3030550402894e+05   1.5616255294066e+05  -2.7127296214505e+05   5.6889856930905e+04   3.0022684275707e+05  -6.9713946580671e+04   2.3410012657564e+05  -1.7806053846214e+05  -3.8220516599874e+05  -1.7319098184856e+05   9.1569895875272e+05  -1.7592655206471e+05  -1.6058839664027e+05  -1.0538706107440e+05   1.6704773526015e+04  -2.3831673188848e+05  -8.8115134057014e+04   7.0384359395943e+05  -4.7490059563544e+05  -1.5340769651129e+05  -5.8432123743513e+05   1.4990391106639e+05   5.1757529611602e+04  -1.5840433785775e+05   1.1684029858350e+05   1.0645848905869e+05  -5.5341411792995e+05   6.9026685251525e+05   8.1126800966108e+05  -1.3612447237955e+05  -5.3170151848538e+05  -2.3398675832083e+05   2.6770741114040e+05   2.5333784292505e+05   2.6816155116283e+04   2.4265670059518e+05  -1.5112359733177e+05  -1.8336579238173e+05   2.2512155345634e+05   6.2681133988762e+04   2.1252323393912e+05  -1.7470334743678e+05  -3.3981621943895e+05  -5.4406358382010e+05   2.0269328365655e+05  -2.5847604446929e+05  -4.2184192459498e+05  -6.0232144901500e+04   4.6761400337057e+05   3.2850919230564e+04  -1.8926065767083e+05  -6.5802131559367e+05   1.2402415420495e+05  -2.7729814581641e+05   2.1665822243409e+05   7.4376267551357e+05   4.4471282061355e+05   6.6641697615241e+04  -2.7157770043140e+05  -4.1862191017492e+04   3.2161816425256e+05  -1.4546698766165e+05   4.2815625257719e+05  -2.0714139700672e+05  -1.9551579412221e+05  -1.2193116274400e+04  -2.8305097178796e+05   2.1481649091213e+05   4.5160736377739e+05   3.5976102380540e+05  -1.4009867075268e+05  -2.0353804070225e+05   9.2405722152113e+04   3.8866840412983e+05  -5.2365173972532e+03   3.8388617747526e+05  -1.4335120086266e+05   1.0256246744357e+05  -1.6801602281590e+05  -5.7680183268775e+04   6.8524356094414e+04  -4.7761881364388e+04  -3.7114797616530e+04   1.2531162877250e+05  -8.1208183032750e+04  -1.6695408748492e+04 
 -1.1884123837902e+06   4.9310132665209e+04  -7.6178420313145e+05   5.6280962175141e+05   4.2391994428634e+05   1.3306144014217e+06   1.3372110812341e+05   7.0237066367126e+05  -9.7248641872619e+05   7.4008807038249e+05  -4.1962347312349e+04   2.0611122553552e+05  -9.5781553640713e+03  -1.2593009149677e+06  -3.8925333281945e+04  -3.8077856126494e+05  -1.3903851911296e+06   1.6721493099285e+05   1.2964203381180e+05   1.8575742183320e+05  -7.0986435023753e+05   1.1931368232884e+06  -7.3488448411390e+05  -1.8093352341967e+05   4.6132355853907e+06  -7.6629956619319e+05  -2.2893233549319e+05   3.9025675166866e+05   7.2523616388031e+04   2.1558453661585e+04  -1.5953970287138e+05  -1.2809934660656e+06  -5.7617506745187e+04  -1.4075195249702e+05   3.9889873571785e+05  -1.9903178108186e+05  -7.0250255107290e+04  -5.1564807038922e+05   3.2522776401441e+05  -3.1746936996936e+05   1.5112526847096e+06  -5.0267702850232e+05  -3.6256680059557e+05   1.0903181510779e+06   5.1988869193961e+05   7.2226010508141e+05  -1.6371561654986e+06   2.0555862253624e+05  -6.0251355241353e+05   4.4575447105436e+05   4.1034250142637e+05  -3.6984744446452e+05  -1.1900623599573e+06  -5.3142284821073e+05   3.0150254489267e+05  -3.0257172263026e+05   6.6624966927159e+05   7.3675152654232e+05  -1.2182341822616e+05  -5.3493600785726e+05   1.4269060442906e+04  -6.1751062579498e+05   5.3912994651338e+05   4.1572904379062e+05   6.9433227097797e+05   6.7834888256795e+05   1.9764198486165e+05  -6.9653971385547e+05  -1.9150859883369e+06  -2.8060936256549e+05  -7.8107706479182e+05   5.6355478273419e+05  -4.7603174316186e+05  -6.3000952076882e+05  -1.6491245150147e+04   3.4551203829811e+05   9.0467610828639e+05  -2.6990954307354e+05   8.5622956733516e+02   2.2030897149177e+04   2.2823372704613e+05   1.0115499883661e+05  -6.2051345186246e+05   7.0511198307448e+05   7.6304313143096e+05  -6.5005270849098e+05   1.2996924836819e+06  -7.3688099889150e+05   3.0786373781672e+05  -1.9785430361583e+04  -9.9823416992649e+05  -6.9490879023015e+05   6.9003611035550e+05  -5.7968196066643e+04   4.0840174687014e+05  -4.9824641443764e+05  -8.4416713918685e+05  -1.3589224946643e+05  -1.7648454441901e+05  -6.8417299405165e+05   5.7211185319988e+05   3.7761991910904e+05   3.4852152577305e+05  -1.2380528320826e+06   5.9796337933965e+05   3.0499926344087e+05   6.4338035601526e+05   9.3673369928796e+04  -6.6863919564196e+05   3.5125224517485e+05   2.4478131357302e+05  -7.8128775587560e+04   3.0904204348633e+05  -1.7181142897276e+06   3.2856302090243e+05   4.7300673658090e+05   5.3377824019961e+05  -1.0062241485166e+04   7.5486715459651e+04   8.5388545461319e+04   5.4000404387444e+05  -1.5973591921525e+06  -5.2085574008414e+05  -7.3167554747681e+05   3.4032628003176e+04   1.1656656298855e+06   6.3234988864868e+04   8.4701015179253e+04   7.4571973552866e+05  -5.2210954478129e+04  -9.2844140949116e+04  -2.5486623712248e+05   2.4553505286270e+05   7.3791204736559e+05   4.2249617737725e+05   1.9026649803011e+05  -6.2960487230403e+05  -8.2981844472060e+05   4.3018426796726e+05  -2.2875054284248e+05  -1.6682841678174e+05   1.0230230951124e+05  -1.1755052887605e+05   3.9890385903197e+05   1.5512084635894e+05  -4.3248152927474e+05   4.1631517360212e+05  -4.5493853661352e+03   1.0961185908676e+05   1.4334286993416e+05  -2.8433954135642e+05 
  8.6581103500255e+05  -6.1855053792042e+05   8.7883276810747e+05  -1.7891534417945e+05   2.7825911916130e+03  -6.1408453980097e+05  -8.0370173459409e+05   3.9421021109221e+05   2.6184774962175e+05  -6.9430256986346e+05  -1.4948342927375e+05   1.4140474284159e+05   1.2372596858180e+06   1.4866660599716e+05   6.0546516112873e+05   1.5791635569811e+05   4.0280004427738e+05  -1.7851476078661e+06  -6.3695212487749e+04  -3.0490285263656e+05  -3.6181152423729e+05  -2.2427051658956e+06   2.7931516149720e+05  -6.9482831162326e+04  -7.6629956619320e+05   4.4645967249675e+06  -1.4450687717508e+03  -6.1366770368240e+05   5.1929015267213e+05  -4.4011315052116e+05   1.3666988334288e+04   5.4330716648807e+05  -3.6085424737522e+05   2.5475530577869e+05  -7.2013090577062e+05   4.0195021540566e+05   1.3350865735443e+05   1.2830180800538e+06  -3.7654758304492e+05   1.6214474631007e+05  -3.0100539599589e+05   6.5407327484435e+05  -3.4826925221089e+05  -1.4405068491801e+06   6.3690244258488e+04  -1.3780299227421e+06   7.5086426838854e+05  -8.6112218926241e+05  -3.0532102808562e+05   1.2586939626609e+05  -1.3726348353823e+06  -1.7327403450217e+05  -3.8057748678546e+05   8.4677933220352e+05   6.4205220042301e+05  -7.6858639310909e+04   1.7095346052581e+05  -2.7884843617490e+05   8.1162578375408e+05   1.7101489381876e+05   8.0945637946074e+04   3.9802938589637e+05   9.8743730519673e+05   3.7522914435048e+05  -5.8316551105761e+05   4.7082201312064e+05  -9.6446475146004e+04   3.4384160868812e+05   4.2139403693173e+05  -3.7949325090291e+05   3.5774940922414e+05  -1.5765348758107e+05   7.2681777382853e+05  -4.6030911470883e+05  -7.6932374414326e+05   1.2702604793772e+06  -5.7875045642461e+05  -4.2002661700396e+05   4.5088744196094e+05  -2.0921360757796e+03  -9.9770416746783e+05   2.5502335737980e+03   5.5482390508654e+05   3.0763076391778e+05  -1.4222657344475e+06  -5.5537892516163e+05  -7.9377955490509e+05   1.4295318477084e+06  -1.1617604763378e+06  -3.8458335822699e+04   7.7240165326127e+05  -4.7915610524230e+05   1.4021974659577e+05  -1.0845881685436e+05   7.1720326934889e+05   1.0628378501208e+05   1.5942843376221e+06   4.8873764590505e+04  -1.3207890250604e+06   9.7947121490612e+05   3.5636367338119e+04  -3.1650243779169e+05  -1.4821084692415e+06  -5.0312972054206e+05   8.2805128919881e+05   2.4464785047795e+04   6.7218220971263e+05   8.1438697660163e+05   1.4102971302352e+06  -1.0827238951696e+06   1.1685322475637e+06   5.2321268498338e+05   3.3719658902126e+05  -1.7841481669042e+05  -8.2142884820438e+05  -9.8944395742699e+05  -7.2143421715741e+05   2.0237278572294e+05  -2.0143593561617e+05  -7.0609292688914e+05  -1.9145458032732e+05  -1.3733778428597e+04   1.0994643397666e+06  -2.2313344436008e+05  -3.0027324675301e+05  -4.3553597496513e+05   1.7963955521389e+05   7.2388831920724e+05  -1.2229554409708e+06   8.9004076804366e+04   9.5089348469829e+04  -2.0561141677856e+05  -6.2127590247253e+05  -5.6811649666110e+05   3.8834812737967e+05   4.9069549220319e+05   3.5796856108134e+05   2.1090096494615e+05  -4.8609395524945e+05  -2.1543473495157e+05   1.1061834919882e+05   3.5886750824934e+05   3.4538918957792e+05  -1.8736448085811e+05  -9.1177924820727e+04   4.5933898978177e+05   1.6686626653316e+05  -3.4370464136173e+05  -4.5404667969986e+05   3.3448711086904e+04   8.3673232407572e+03 
  9.0545363296880e+03   2.7481344771626e+05   1.9703275541360e+05   2.9813130543309e+04  -1.4911286175153e+06   2.1160917527381e+05   1.0055557669678e+06  -4.2918484508377e+05   9.8167003470523e+04   5.8822975523959e+05   5.5056421273915e+05  -7.0705596135408e+04  -8.1044201957638e+05   2.9403001722267e+05   2.4006153701076e+05  -9.8700975666803e+05  -5.3469327722026e+05  -7.0366198517955e+05   1.1597210414527e+06   4.9864050193264e+03  -1.1746851401434e+06  -3.4103553418480e+05   4.9588190373989e+05  -1.0204461657797e+05  -2.2893233549319e+05  -1.4450687717597e+03   2.4122818146614e+06   7.3682158167533e+04   8.3863967784085e+04  -1.7020757444125e+05  -2.4281020468249e+05  -1.4410984215442e+06  -1.5212411113284e+05  -6.8975313124578e+04  -4.8996712845140e+05   1.8163325911839e+05   1.2579570770191e+05  -6.8017285301870e+05  -2.1720979294458e+05   7.3616899453022e+05   1.0246683071794e+06   1.0420693322953e+06   3.1529950310786e+05  -1.5133946272907e+03  -7.3757069647146e+04   5.0320931769985e+05  -3.5359414858103e+05  -1.8676089419166e+05  -8.6472971753704e+05  -1.3181450018961e+05  -2.5090315218974e+05  -4.8976794469602e+05  -3.0542029923962e+04  -1.4596024103955e+05   2.7039449340018e+05   1.3645530450084e+04   1.9728699977280e+05   8.5547516146588e+05   4.2284122428828e+05  -6.5882128786289e+05  -8.0655934193019e+04   3.8922584476660e+05   3.0257256022158e+05   2.6193493584701e+04  -8.1918847199678e+05  -1.2360791200385e+05  -1.8924763244988e+05  -1.3884027862879e+05  -7.6909261230308e+05  -7.0757895461584e+05  -1.0290318542125e+05   6.6897507577320e+04  -2.8993340387030e+05   2.8523929779215e+05   9.4793875740125e+05   4.2657686140330e+05   2.3097288573533e+05   3.5129719389082e+05  -7.2690005441633e+04  -6.7254629100050e+04  -3.6254045885510e+05   1.9851271199156e+04  -8.3612096756138e+05   1.1810177929693e+05   2.2699507950016e+05  -7.1392121752322e+05   1.3952858104091e+06   9.6253887201286e+04   1.9549049125677e+05   8.2962165611970e+04   1.0331076834292e+06  -3.4455259711149e+05  -3.4044442661806e+05  -3.9929057829466e+05   1.8821904774896e+04  -7.9904602696463e+05   3.8025876739839e+04   1.0298521986096e+06   4.2680886519986e+05  -4.7650074033876e+05   2.6768063248679e+05   4.9408873150522e+05   2.7139492818496e+05   1.0241505850113e+05   5.9283867437206e+04   1.0119262114314e+05  -3.2831776517846e+05  -3.5816758530501e+05  -3.4801074955290e+05  -3.5405136286345e+05  -4.8645827273210e+05  -1.9269738128770e+04   2.3855273651011e+05  -7.1159571125027e+05  -3.7137816006932e+05  -4.6780317739679e+04  -9.2470699971345e+04  -5.8114245802799e+04   3.3934589499571e+05  -3.4708359724514e+05   9.1463479065362e+05   6.8426449096551e+04   4.0953603289316e+04  -8.2942306952951e+05  -2.2973171315832e+05   2.0165361276368e+05  -3.9164952674005e+05   8.7967276332013e+04   1.4002214739614e+05   5.2857572774834e+05  -1.7060964094097e+05   1.4163392210299e+04   3.4751274944315e+04   3.1005830189349e+04   5.5576514314699e+05   1.9406980781582e+05  -2.7274832251646e+05   6.6585896078753e+05  -1.2110661225638e+05  -1.7522781410279e+05  -1.4979616336390e+05   2.3771258606580e+05  -4.2354981828583e+04   1.5823689606595e+04   1.6550343224510e+05  -2.1957570576932e+05   1.2793304781341e+05  -7.6742325729714e+04   7.4124096486643e+04   1.2255488859315e+04  -1.2752173165459e+05 
  1.0348366574147e+05   2.6182948509427e+05  -1.9255685076684e+05  -2.5974869384230e+05   1.0232251524964e+05   1.2460873666040e+05   7.7089120892963e+04  -2.2034794088067e+05   8.4394081803816e+04  -2.5397033609272e+05   1.2329321311257e+04  -1.7603410746258e+05  -1.7513697872790e+05   1.5320522367001e+05   1.0911328729774e+05   5.3647593471267e+04   1.4467963065240e+05   3.7041397409917e+05   2.3211318735960e+05  -6.3520889227334e+05   9.2037061991752e+04   6.0682851920132e+05   1.4060385569506e+05  -1.4125452731372e+05   3.9025675166866e+05  -6.1366770368240e+05   7.3682158167533e+04   1.2450033789496e+06  -1.8109309963070e+05   3.5576937082878e+05  -3.0451967791655e+04  -7.9528991495304e+05   1.4813341756349e+04   8.6055958648721e+04   1.1616020497565e+05  -4.0038864949559e+05  -3.0456552611384e+05  -7.3224192897050e+05   1.5654239952920e+05  -1.4928453620783e+05   3.3381006423685e+05  -8.0255681017428e+04   5.2101372943555e+04   3.9488183087375e+05   1.4052963102461e+05  -1.0095023281301e+05  -3.3945465497267e+05  -6.0077283366281e+04   6.8318306924774e+05   4.4626134365667e+05   2.3261630672144e+05   3.5626358648889e+04  -1.2278542563936e+05  -3.4905283679458e+05   5.9829355699795e+04   1.6297053568175e+05  -2.6666153194009e+05  -2.0240943907380e+05  -9.9875766724298e+04   7.5519700972093e+04   2.5013380289188e+05   8.0770848678353e+04  -9.5174001373749e+04  -9.6543557613611e+04   3.9335226069297e+05   5.1017974461315e+04  -2.0769174881229e+05   2.5889730847500e+05   3.6135882146308e+05   1.0102158565687e+05   1.1223147419576e+05   1.7415464336296e+05  -3.2293210750699e+05  -1.9622578301611e+05   2.4271499304334e+05  -5.8112600282059e+05  -1.2857154527670e+05   3.0254082241484e+05  -1.6393310509550e+05  -1.5743452118041e+05   2.4711528386111e+05   1.4529496459267e+05  -1.2636495097788e+05  -2.7187980246557e+05   2.7171136160828e+05  -3.0242516131799e+05   5.0854445659327e+05   8.7839985578424e+03   3.7843561319590e+05  -2.5021180825047e+05  -9.2654067398167e+04  -4.2525983588700e+05   1.9146047054135e+05  -1.4121806493188e+05  -6.0610559620177e+05   1.2640129451881e+05  -5.8555316568567e+04   3.1950080179059e+05   2.0854449140695e+05  -4.0458094557751e+05   3.2360833377982e+05   2.8769319947997e+05   5.7730241086103e+05   8.8772630937052e+04  -1.4466661657971e+05  -3.4695289378538e+05  -1.1829956234625e+05   9.2449307563837e+04  -7.2794944105926e+04   2.0053957085131e+05  -1.4693837857451e+05  -1.6250681677645e+05  -2.0408663906386e+05   7.9976559336368e+04  -2.0604924739812e+04   5.7738866696337e+04   2.8447715344581e+05  -8.5846253245168e+03  -1.6917306104089e+05  -1.3979617330470e+05   7.0707843714369e+04  -3.2594497631585e+05  -9.7528635814561e+04   5.2764619422132e+04  -1.7905504665225e+05  -4.2551350530204e+04  -2.5023863559964e+05   4.6930596284854e+04   1.2321031376006e+04   1.7327920128357e+05   1.2837160475340e+05   1.7741241694981e+05   2.2000521826800e+05  -9.6337947626639e+04   1.3707741110271e+04   7.6552964415404e+04  -4.2629931848624e+05  -1.7786452808722e+05   2.7104379390271e+05  -1.9527448754966e+04  -2.7479246613459e+05  -1.5960694955847e+04  -2.1494486661287e+05   1.3041614997725e+05   1.1480069159480e+05  -2.9620478299057e+05  -1.4332563878610e+05   2.1783028330927e+05   1.4411304976579e+05  -7.0598689244607e+04   1.3024858704204e+05 
  1.2401430362684e+05  -6.0227508094670e+05   1.3776510059218e+05   3.1409357678309e+05   2.8153533987894e+05  -1.7907214025346e+05   8.1127665899574e+03   2.3079175565777e+05   1.1378507681305e+05  -7.4398519235178e+05   1.4343726425175e+05   6.5407829088899e+04  -2.1705667042137e+05   4.3603445058357e+05   2.3758414267315e+05   6.3962569192923e+05  -5.6333518119910e+05   2.8948244922007e+05   8.5845672041969e+04   1.1866512548838e+05  -1.6867923010648e+05  -2.6661843510173e+04  -1.8637409305243e+05   1.1744224634895e+04   7.2523616388031e+04   5.1929015267213e+05   8.3863967784087e+04  -1.8109309963070e+05   1.2921268921859e+06  -9.9884740314970e+05  -1.8028748093437e+05  -3.8853704463451e+05   2.4769704076788e+05  -3.0111364233515e+04  -5.0981904034871e+05   6.6367405972965e+04  -2.0661218423000e+05   1.7741201522545e+05  -9.0027029519198e+04   1.2935283793610e+05   1.1838818848766e+05  -1.0863764489916e+05  -3.1059896879180e+05  -5.8827466407138e+05   2.9932201816284e+05  -3.2182710938228e+05   1.8947766460012e+05   1.7419376685748e+05  -3.7310470703883e+04   4.3236811751307e+05  -3.1911642037754e+05  -2.4289438421346e+05  -5.2092440164202e+05  -3.2505731566869e+05  -6.7378489027515e+04   4.6898421080551e+04   2.1925365152172e+04   1.1342864350726e+05   1.6454830407853e+05   1.3524654517743e+05   1.1893573021986e+05   1.5249560339164e+05  -6.8720409296170e+05   1.4767255916935e+04  -1.7155690591687e+05  -8.4514121513568e+04   1.7180448559721e+05  -2.5086407154496e+05   1.7759041003382e+05  -2.4756760262944e+05  -5.5223060186029e+04  -9.3022729105492e+04  -2.6169132803716e+05   3.4999663204019e+05   1.7962468337612e+05  -4.0845679524153e+04   4.3000325678533e+05  -3.5128324452867e+04   3.8771585697262e+05  -3.1460551461419e+05  -2.0488084766318e+05  -2.0847011453236e+05  -8.3291855906543e+04   3.6737226458233e+05  -8.0819735622593e+05   2.0004454369882e+05  -2.2797726670705e+05  -1.9016517462633e+05  -3.6408286754063e+05  -3.3546058681133e+04   3.4374393616536e+05   3.9882106706883e+04   2.6520177710389e+05   1.0423652841823e+05  -2.5085076974917e+05  -3.0786108570082e+05  -2.0894867213323e+05   4.2468080510526e+05   1.5406378949028e+05   5.2241095569239e+05  -2.2976024958418e+05  -4.1535636360544e+04   1.1606518533206e+05   2.0809009831694e+05   1.4644915134914e+03   4.2774906845577e+05   8.5096141530901e+04   3.7595963108058e+04   2.0387493189950e+05  -2.6379485986364e+05   1.3604807086135e+05   3.9729714469053e+04   8.6322139297181e+04  -9.4643082681740e+04  -1.8594505431429e+05   1.5311264225612e+05  -6.3056180607274e+05  -1.2073468203372e+05  -1.6330840924419e+05  -6.9689507832552e+04  -3.8609431884942e+04   3.0274586041521e+05   3.3721279659310e+05   3.0179892195109e+05  -1.1172049100240e+05  -2.6004221363872e+05  -1.3569389044423e+05  -9.5289378902282e+04  -1.4003147290201e+05  -3.1594696039716e+04   1.5501766535814e+05  -9.3372324446870e+04  -3.6507136397723e+05  -3.1895184667232e+04  -5.2644765660058e+05   1.2832322508252e+05   1.3729964262671e+05   1.5495349611282e+05  -4.0576246349939e+05  -3.6073500018910e+04   1.3176834979760e+05   1.4763511119542e+05   1.5030672447130e+05  -1.4688348804601e+05   5.6072162521656e+04   2.0143036000639e+05   3.1764620733395e+05  -2.4872734121524e+05  -1.2321355262741e+05  -3.4807786280666e+04   1.9956493740280e+04 
 -1.5740077860668e+05   2.4484583363411e+05   1.0480991404678e+03  -1.8223459144881e+05  -1.0603037561290e+05   4.2029231194919e+04  -1.6402248984198e+04  -3.2860966476590e+05   2.0415996821365e+04   3.5554863609377e+05  -2.3114792013004e+05  -2.5549247000026e+05   3.3073586269135e+05   1.1628576079218e+05  -3.3242554120139e+05  -5.3896798624000e+05   4.0105624114929e+05   2.8022356044109e+05  -2.3319211584294e+05  -4.2802914516149e+05   3.4997186856784e+05   2.7134700213672e+05  -8.9335976339600e+04   4.8785346160160e+04   2.1558453661585e+04  -4.4011315052116e+05  -1.7020757444125e+05   3.5576937082878e+05  -9.9884740314970e+05   1.6686187357160e+06   1.2144619186758e+05   1.9196037692614e+05  -2.3245697415855e+05   2.2515930365026e+05   4.7832256087427e+05  -2.9889752226577e+05   7.2213202415755e+04  -1.9212340672753e+05   3.8954338741327e+03  -4.3688749827971e+05  -1.0653781949246e+04  -2.2850552145258e+04  -7.5459970600503e+05   1.0422399170503e+06  -1.8160648516455e+05   3.0180558564588e+05  -1.3554833142977e+05  -2.0638676525361e+05   7.1827241267352e+05   1.1344521840420e+05   2.3775109379464e+05   1.2988403665332e+05   2.3712339760042e+05   4.7763127917227e+04   8.4990940418389e+04  -9.9758344236797e+04  -7.8088160872504e+04  -3.5098403571330e+05  -2.0546858082964e+05   6.3335308055781e+04   1.9163217374482e+05  -4.5376503069673e+04   5.0132263540902e+05   6.2100075277841e+04   3.2904591301006e+05   1.0886163571514e+04  -1.7959465131687e+05   6.3178850978926e+05   3.9419964048154e+05   5.8409254467701e+05   3.4164374868950e+05  -3.1538670960434e+04   4.5475706229113e+05  -1.2447520717546e+05  -2.7848167201962e+05  -3.8765462515121e+05  -4.5152380808618e+05   3.9270408113629e+04  -3.1613566319899e+05  -1.8681154053042e+04   3.6427451801978e+05   2.3868490806741e+05   1.4282778813518e+05  -1.0551249316013e+05   4.9892014491518e+05  -6.0556033148063e+04   9.7260967833723e+04   1.0512403209923e+05   2.8757378905674e+05  -4.0087685757004e+05  -3.2553273613102e+05  -6.2840685164797e+04   1.4369296835903e+05  -3.5265245520997e+05  -5.3492791680227e+05   5.1026892085487e+05   7.5529315575599e+03  -4.0278254142860e+05  -2.0229721755134e+05  -7.5833243016488e+05   3.4971247671301e+05   2.3961901088374e+05   4.8317835778877e+05   4.8493385448897e+04  -1.6685468247017e+05  -4.2993389382755e+05   9.7783412734146e+03   1.1750718830725e+05  -2.1187339687920e+05   2.6592065569980e+05   2.0068306697925e+05  -2.1824663123820e+05  -1.0352154367460e+05   2.4826223039619e+05   5.2733158266223e+04  -2.4633982281546e+05   7.9330992218942e+05  -1.7766604722377e+03   5.0660746052431e+05  -1.3212067746746e+05  -1.8280938365395e+05  -6.1710680601506e+05  -2.6779395471376e+05  -2.0161600574221e+05   1.6335500044387e+05  -6.9959272922443e+04   5.4588128877489e+04   1.0996801212661e+05   1.1407659764672e+05   2.0810166634257e+05  -2.5260514734642e+05  -9.7059851315485e+04   2.4197655558735e+05  -3.1672691317766e+04   1.0001040183003e+05   4.7774527073399e+04  -2.7608105277513e+05  -3.9369288283020e+05   7.6320385719837e+05   1.1633741685207e+04  -2.1946996033172e+05  -2.9257934952374e+04  -2.1103665150896e+05   1.8875937774791e+05  -1.3147999008837e+05  -3.2232449348862e+05  -2.6195191778396e+05   3.9158295542812e+05   1.7139449525765e+05  -6.9417038789579e+03  -2.6377476790401e+04 
 -2.8456178177400e+05   9.0572119546418e+03  -5.3514956978472e+04   1.6871323570681e+05   2.8914777578918e+05  -7.7357708921345e+04  -3.5229266475973e+05  -1.5852619264910e+05   2.4968530430278e+05   3.0690168041833e+05  -1.0423692148105e+05  -3.3499947919070e+04   1.8427706386580e+05  -8.3432386231467e+04  -2.7055125084434e+05  -2.6106383875325e+05   3.4402496753660e+05  -3.8997980747866e+04  -1.3355086247781e+05   2.3245362767731e+04   6.8066745638836e+05  -2.5697815916078e+05  -4.9931640714571e+04  -3.8353357418515e+05  -1.5953970287137e+05   1.3666988334288e+04  -2.4281020468249e+05  -3.0451967791654e+04  -1.8028748093437e+05   1.2144619186758e+05   7.9852896902011e+05   6.8391636020390e+05  -6.3562511889411e+04  -5.5537801499859e+04   1.9671200436746e+05   1.6559595934394e+05  -2.0173853800560e+05   1.8263458409926e+05  -2.2276031281460e+05  -1.5416437188874e+04  -1.1589077238125e+05  -6.5813663665959e+04   1.0151803545108e+05  -4.4762208353201e+05   2.1065425471739e+04  -1.7315471386249e+05   3.0621891073133e+05  -3.1367136304484e+05   2.6102076684166e+05  -2.8843186048875e+05   2.0762497843435e+05   3.4697535490929e+04  -5.8260484400947e+04   3.7079368616729e+05   5.6453655540783e+04  -9.1912718459763e+03  -8.9056500970314e+04  -3.6146156266008e+05  -1.2270400008527e+05   9.8048406191234e+04   5.2794325572468e+04  -3.3966178857106e+04  -1.5516326382077e+05   3.2235602325377e+05   7.6177402995568e+04  -2.4646927435107e+05   4.8069186779777e+04   4.5081063890698e+05  -2.0021283741072e+05   9.8849004226757e+04   2.1455296895673e+05   7.6849111634808e+04   3.4316635069835e+05   8.3934918769740e+04  -3.8742537267956e+05  -3.2931167269870e+05  -3.2704712823189e+05   9.5163706880846e+04  -1.1735597155254e+04   1.3914518877683e+05  -8.2625650534239e+04  -4.8326631281978e+04   7.1094234605267e+04   2.4154645713614e+04   1.2801697656833e+05   4.5362711979056e+05  -9.9279380410559e+04   1.2817454892046e+05   1.4734088766285e+05  -5.3455575317382e+04  -4.7030604160532e+05   3.2098594215982e+05  -4.1559890512140e+05  -2.4809590176563e+05   2.5265052840676e+05   3.2120062508924e+05   3.1617798262412e+05  -5.9298438199655e+05  -2.1777353667472e+05   1.2528651972139e+05  -1.7377782223901e+05  -5.0192290927047e+04  -3.2379728430105e+04   3.1696706159526e+04  -8.5003830406145e+04  -3.6463439003301e+05   1.1403592791261e+05   3.0236944163907e+05   4.5723033534471e+05   3.7506205669894e+04   2.0200087704707e+05   2.1338420119419e+05  -1.8177888732879e+04  -3.8905392533201e+05  -3.7006497892981e+04  -4.2514292213103e+04   4.6183845996594e+05  -1.0946510574800e+05   1.7872824444170e+05  -9.2658012115352e+04  -5.9971134316064e+05  -2.6924822913844e+05  -1.3753618163631e+05   1.1541562807908e+05   7.9916572937062e+04  -1.0642893923913e+05   4.2845871660406e+04  -4.4533087037650e+05   2.3106750132323e+05   1.3617248439755e+05   2.9162947592272e+03   1.0052768104668e+05  -2.4428771434358e+05  -2.5461408512754e+05  -2.5629692171917e+05  -2.7828244795569e+04   4.1444445851537e+05  -1.5030338152039e+05  -4.0845496371883e+04   8.4447646635442e+03  -1.3821051634696e+05  -3.5819637258663e+04   1.0541488558426e+05   1.1118028206998e+05  -2.2593617631857e+05   1.6503288118069e+04  -1.0177183242735e+05   9.0561007356830e+04  -1.1151653160557e+05   5.3488991308231e+04   6.9431022751768e+04 
 -1.8501298256532e+05   7.6608909372724e+04   1.7985402359259e+05  -3.1200770863955e+05   8.2546671223253e+05  -4.1000658500846e+05  -9.8238071446206e+05   2.2315182855659e+05   1.3090539556323e+05   2.8871855206197e+05  -4.3022077745324e+05   3.9345609429443e+05   1.6068798125035e+06  -5.3187670014894e+05  -7.4248675698960e+05  -6.0194004900029e+05   1.4076528352421e+06   6.2679412485339e+05  -1.3288397862340e+06  -7.7039590170716e+04   1.1947139616774e+06  -1.2029108315295e+06  -7.5835159560155e+05  -2.5074436937825e+04  -1.2809934660656e+06   5.4330716648807e+05  -1.4410984215442e+06  -7.9528991495304e+05  -3.8853704463452e+05   1.9196037692614e+05   6.8391636020390e+05   4.5065685262828e+06   1.4812494523147e+05   2.3265930426689e+05   5.2451438008673e+04  -2.8625257617833e+05  -3.3144076249037e+05   6.2558071333552e+05   3.4646396759351e+05  -5.3512803471929e+05  -1.2344915156939e+06  -2.0199899038192e+05   1.1924536012437e+05  -2.1592388227701e+05  -7.8910482567239e+05  -8.6376778262478e+05   9.6936108500060e+05   4.0992437803148e+05   6.4764341170185e+05  -1.6506007147843e+06   4.6355352689922e+05   4.0181823430949e+05   8.6716850701742e+05   1.8508093056604e+06   2.9246757308421e+05  -4.9327633799945e+04  -5.1719174200432e+04  -6.9459412816454e+05  -2.1856558676729e+04   3.3948911624272e+05   1.5334519739914e+05  -3.9147298604378e+04   4.0500146856630e+04  -1.0463295683040e+05   3.0813896201341e+04   1.8614163878726e+05   7.7656597363661e+05   5.4784217819752e+05   6.7142533551092e+04   7.9595070509911e+05   1.7418263372632e+05  -1.8630324227813e+05   1.9350131377149e+06  -8.9844015936708e+04  -1.4850967960701e+06  -3.1810696886639e+05  -9.2443260991286e+05   3.0931518789743e+05   2.0208900076924e+05   3.6448355372637e+05  -4.9046751135390e+05  -3.4680514700173e+05   4.4576625182352e+05  -5.2396149295771e+05   3.1348146736936e+05   9.3887022366895e+05  -1.8033860998374e+06   4.3703326909203e+05  -1.7874966904678e+05   1.7105348476401e+05  -1.2539408544135e+06   1.7342162497672e+06  -1.4383601378612e+06   5.7976390062551e+05   9.7693198203155e+05   1.5406754332892e+06   5.3176064673366e+05  -1.7888872210388e+06  -3.6302620994755e+05   4.2962899051840e+05  -7.2455423724075e+05  -6.9789664890473e+05  -1.5339693159690e+06   1.8002625498815e+05  -2.2154149240185e+05  -8.1654393688960e+05   6.4227460598826e+04   2.2314245147388e+05   8.3507556779186e+05   2.9585384561580e+05   6.4407658585762e+05   6.3495268245593e+05   9.8532894535039e+03   5.9299786936584e+05   3.0335881931154e+05  -3.7368673145774e+05   2.6677556269115e+05  -8.4277562999540e+04   2.9882392930606e+05   3.4718216477257e+05  -1.4709592556392e+06   9.4597958933257e+04  -1.4342120146478e+05   7.1904400963458e+05   1.8306816144073e+05  -2.2427985072966e+05   4.8819896336975e+05  -3.3297323748080e+05  -4.7208958774446e+05  -2.3079882885288e+05  -2.0748619612790e+05   2.2208863479342e+05   2.3003900385174e+05  -7.8591657189190e+04  -3.2033080682983e+05  -8.1073296727021e+04   5.1323700861612e+05   2.4598911574339e+05  -1.2195518423003e+05  -3.8011075753125e+04   2.6402373244722e+05  -1.6903891999229e+05   2.3270842663309e+05  -2.3972928140110e+05  -2.7888186031582e+05   1.0866166088643e+05  -6.8258165581130e+04  -2.4440329973669e+04  -1.1539552695409e+05   8.4792055601317e+04  -1.5227826949572e+05 
  1.2367573781965e+06   2.7791359565796e+05  -9.8943660129522e+05  -2.0584887242004e+05   1.1449053447450e+06  -4.9753854226324e+05  -9.5607752635683e+05   6.4099950302567e+05  -6.0243817070134e+05   1.0896722915893e+05   1.4624367417471e+05   2.1046768286636e+05   5.1077738089238e+05  -8.1201914617304e+05  -7.0520892678752e+05   1.1554436443379e+05  -1.0926341759042e+06   1.7170742849153e+06   6.3289740285598e+04   4.8166446232946e+04   5.0489011365636e+05  -6.7751846590388e+04   5.6646485576699e+05  -8.8048435047803e+04  -5.7617506745184e+04  -3.6085424737522e+05  -1.5212411113284e+05   1.4813341756351e+04   2.4769704076788e+05  -2.3245697415855e+05  -6.3562511889411e+04   1.4812494523147e+05   4.0050884426253e+06  -1.3864852641919e+05  -4.2236800867179e+05  -1.1633048157801e+05  -1.9426230291007e+06   8.5948690833217e+05  -1.3954558981463e+06   3.7518288037906e+05   5.7557522991584e+04  -5.8135251120844e+05   4.1495654682720e+05  -9.0500730112644e+05  -6.6265582792232e+05  -1.2220161647077e+06   3.3597835128044e+05  -1.0939133112227e+05   6.7545131535796e+04  -6.6392756881560e+04  -5.4328629896102e+05   1.0035163995641e+05  -2.4067556361354e+06  -3.8139832248666e+05  -1.8454077499424e+05   3.9937462062442e+05  -2.1943898457786e+05  -8.2740754840908e+04   1.0930635187602e+06  -6.8791560388349e+04   1.8357324838692e+04   9.3589407243346e+04  -1.0190087977035e+06  -5.5619202925535e+05   1.0555849903549e+04   5.8626031282960e+05   5.9694210013226e+05  -5.4139929159358e+05   1.3998734913875e+06  -3.0595993567866e+05   4.4461585733743e+05   3.7572035265645e+05  -5.1228713903622e+05   2.0119310609751e+05  -3.9919122519684e+05  -1.6427432101701e+06   3.3087668491783e+04   4.6188509929352e+05   5.9396063248061e+05   3.4546969334678e+05  -4.2018158473759e+05  -4.6109117006441e+05  -4.7361132787557e+05  -1.3266855452217e+05  -9.6539246780687e+04   8.4501903625571e+05  -1.3155699354714e+06   2.9423768922691e+05  -1.1686178472184e+06  -1.0676462371043e+05  -2.2495920197415e+05   7.0352088231406e+05  -2.8016534439386e+05   1.6464736589154e+06   5.3525949450099e+05   1.4241695754037e+05  -7.9933980737008e+05  -2.5325132606406e+05   8.1363765771242e+05   7.4125878450223e+05  -1.8772872714098e+06  -7.9184796834844e+05   4.2255601406887e+04  -3.5802455231403e+05   2.3818403975055e+05  -5.9083696207054e+05   2.1418035338403e+05   4.1108998599536e+05   3.4883868731865e+05  -4.7770398383651e+05  -8.6676527005769e+05   4.3932189245483e+05   4.9470948608652e+05  -2.9413389897333e+05  -4.5327936188527e+05   7.1988820356751e+05  -5.9943224318769e+04  -4.5036108969165e+05   9.5629749120904e+05   2.1592320455942e+05  -5.3688295272516e+05   1.6660594163516e+05   1.1059315811835e+06   6.3299721621672e+05  -2.3147112562586e+04  -8.2484921345194e+05  -9.6573323309401e+04  -7.1957345606661e+05   1.6692643995981e+06  -3.2385740807201e+05   2.8721201483172e+04  -1.0570996664293e+05   1.3695912653460e+05   1.3011653674624e+06  -1.7731361835357e+06  -3.3276215109017e+05  -1.2855312509032e+05  -7.8180982224844e+04   1.3829484676408e+05   2.1459400620651e+05   6.8796179676170e+04  -6.6300360229749e+04   2.2034068991436e+05  -1.7789802217055e+05   5.7234581360480e+04   8.0720966946559e+04   3.0567568500211e+05  -3.4259901231368e+05  -3.4326177944056e+05   7.0289310178670e+03   3.2472862981361e+04 
 -3.8424682436580e+05   3.6753009392582e+04   1.0932185420438e+05  -9.9926409014302e+04   3.6655938423429e+04   1.0655702286585e+05   3.1421862147385e+04   1.4749556794855e+05  -1.4186137198648e+05   3.4590712964022e+04  -1.2037054077076e+05  -1.6419685905207e+05   2.7083989265903e+05  -6.3836509412859e+04  -5.8484917339075e+04   2.1568237233174e+04   4.7869790755790e+05   1.8493011496815e+05  -3.1744421665237e+05  -2.6152071378028e+05   2.4274548170824e+05  -9.4255070663453e+04  -6.5512260108028e+04   7.0042573781663e+04  -1.4075195249702e+05   2.5475530577870e+05  -6.8975313124578e+04   8.6055958648721e+04  -3.0111364233515e+04   2.2515930365026e+05  -5.5537801499859e+04   2.3265930426689e+05  -1.3864852641919e+05   9.6437425194561e+05  -2.9588683017944e+05   3.3609852239519e+04  -6.0893446701487e+05  -1.2625294863806e+05   4.9267874970656e+05  -5.5183132550379e+05  -5.4061387508310e+05  -2.1534423928246e+05  -5.3705082816438e+05   2.3953961865383e+05  -3.2010152277279e+05   3.8861106882845e+05  -1.8133641208874e+04   2.9346649223839e+05   4.0399250240045e+05   4.3764735426560e+05   1.7299720726622e+05   1.6793568822770e+05  -1.1934448033955e+05   5.0598944854826e+05   1.1410016880940e+05   4.8229964865592e+04  -9.2974916210799e+04  -1.9776760606263e+05   1.1681305410667e+05   1.1092126864938e+05   2.7959802740101e+05  -2.3732107226497e+04   2.4891623175338e+05  -1.7278959704789e+05   7.0972217666887e+05   7.6706249785649e+04   7.3390844733132e+04   1.2932591940458e+05   2.2690116966860e+05   2.6897686779021e+05  -9.2040377236503e+04  -2.5813797322268e+05   3.8193129145783e+05  -3.8030201425362e+05   7.6278207731600e+04   1.4504723154760e+05  -1.3746533168936e+05  -3.7515548114875e+03  -7.4164423359182e+04  -2.5330089624637e+05   1.3385807502975e+05   5.5871248089821e+04   3.7321159201025e+04  -3.2883870468043e+05  -1.7927501577246e+05  -4.3797144625592e+05  -5.1810983660992e+05   4.8625891711138e+05  -2.8704043772104e+05  -1.0432551685847e+05  -2.9032290277841e+05  -2.6211005769892e+04   2.4337863013815e+05   2.1151613228094e+05  -4.5482679382483e+05   1.5351861476540e+05  -8.8128347757962e+04  -1.7540695859276e+05  -8.2389939134231e+04   5.7160945726597e+04   2.5019363576598e+05   2.8335977902237e+05  -5.0781095316742e+04   2.4112986332310e+05  -1.5795720618891e+05   1.3848010151389e+05   1.5710909939805e+05   1.5856913821175e+05  -2.6626473178663e+04  -3.7281868862542e+03   2.8850835115172e+05   9.3047625016914e+04  -4.1511158719084e+04  -2.6118734890531e+05   2.0518004005667e+05  -4.2739344984131e+05   9.4345151454565e+04   1.5543037522130e+05   1.6385677205280e+05   2.5245399900213e+05  -1.3719665305972e+05  -1.2070408478152e+05   1.8704984992255e+05  -3.7900294598880e+05  -1.4423116817646e+05  -8.3190531908929e+04  -3.4756202102288e+05   4.8760711938742e+05  -3.6769046539835e+05   2.1206032051601e+05   1.9105601110389e+04  -4.6587853696044e+04   3.2432960920603e+05  -1.8965783065593e+05   3.2849734455547e+04  -2.7628812156093e+04  -1.0054140882391e+05  -1.4690568026385e+05   3.6472149122657e+05   4.7252247396806e+04  -1.3116539330976e+05   1.5276566273364e+05  -4.0484837823502e+04   5.1261206004866e+04  -1.3220648473667e+04  -1.6892703497266e+05  -1.1339066418398e+05   2.2441601387819e+04   1.7096191068923e+05  -1.6601350121756e+03  -1.1520039854601e+05 
 -3.2360362119178e+04  -2.6061106342924e+05  -2.9029970128589e+05   2.7809914720831e+05   5.2135163361040e+05   1.4583798759337e+05  -2.2588635002739e+05  -2.9670476615712e+05   3.7027141546671e+05  -1.4375541675638e+05   2.9852272867809e+05   4.3559568961593e+05  -2.6937380628579e+05  -4.3326722002840e+05  -1.5342005654518e+05  -9.9507802006110e+04   4.0490694255980e+05  -2.9347202969997e+04  -6.5990895904784e+05   3.9787510851985e+05   6.6730271844776e+05   1.1864616684536e+05  -3.5897255672742e+05   1.8885938826422e+04   3.9889873571786e+05  -7.2013090577062e+05  -4.8996712845140e+05   1.1616020497565e+05  -5.0981904034871e+05   4.7832256087427e+05   1.9671200436746e+05   5.2451438008673e+04  -4.2236800867179e+05  -2.9588683017944e+05   2.5217711125509e+06  -1.1788046303818e+06   2.1711218846499e+05   1.6076777153080e+05   2.5188891433888e+05  -4.7530333576854e+04   3.9945398685706e+05  -6.1101122664790e+05  -1.6980487099724e+05   9.1549921074819e+05  -1.4708160344356e+05   3.9583438561694e+05  -8.4687355200452e+05  -1.0792854771582e+06   4.3857377659478e+05  -3.2673298065284e+05   5.6905713156573e+05  -5.6279329105191e+04   5.0481797778709e+05  -7.8038050404207e+05  -1.0652097097429e+05   6.4583056044382e+04  -1.1304666273131e+05  -8.2099461895862e+05  -1.1888815199805e+06   5.4927899221824e+05  -7.5037079750445e+05  -4.1883941268226e+05   1.4993422077510e+05   4.6350044001847e+05   4.9952313338547e+05   3.9421783335017e+05  -5.4708260034607e+05   1.2365821726090e+05   2.0082045949279e+05   1.3842610080449e+05   2.4812573954969e+05  -3.4448034832538e+04  -3.3220301502003e+04  -1.4401306672768e+05  -1.6287096672484e+05   1.6842462459407e+05   9.3351083445112e+03  -1.0609060173676e+06   1.0901948912293e+05   2.6369074610196e+05  -4.5623426501470e+05   5.8561926510571e+04   1.9636247323089e+05   2.1139580877496e+05   7.1175751947133e+05   2.0123538269520e+05   1.2222566056814e+06  -5.7863663510114e+04   9.9388910333696e+05   6.0067682404276e+02   1.4079940430514e+05  -1.7530776011230e+05   2.9813492096050e+05  -1.8692168876539e+05  -4.2382608674826e+05   1.5709072618583e+05   1.2809483864673e+05  -7.9206059501111e+05  -5.0347500176601e+05  -9.9966157617442e+05   4.0205026898518e+05  -4.4792500843515e+05   8.4982533964105e+04   2.3661754037613e+04  -1.1933156246810e+05  -1.1425315097224e+05   1.4342197823860e+05   3.8784142855507e+05  -3.4070570397350e+05   4.3770432671683e+05   5.2048322936680e+05  -1.0128182225981e+06  -4.8479083033211e+05   8.2596639087884e+05   1.1086347517888e+05  -1.8788224186019e+05   6.8155919992216e+05   1.0200775848822e+05   1.0188235625934e+05  -5.1660596618255e+05   5.4265006290518e+05  -4.5431418033668e+05  -8.7794674544607e+05  -1.9259801772318e+05   1.9717991533127e+05   4.8863644866656e+05  -1.2722077039192e+04  -2.4855862174514e+05   7.0819328354137e+05  -6.4161348040062e+05  -1.8367907051851e+05  -7.5992408569577e+05   3.6432075358007e+05   2.8231763923077e+05   3.8791356095130e+03   8.6409093284692e+04   2.2791723884108e+05  -1.7249275757758e+05   3.7416349803029e+05  -1.1309486248535e+05   4.1942763456981e+03  -2.5347771989957e+05  -1.5002063233976e+05   9.2100422732424e+04  -8.1807493545898e+04   4.6699463225935e+04  -2.7740328305964e+05   1.6903688402152e+05  -5.4780585749289e+04   2.2763778910711e+04   8.8778996353697e+04 
 -4.1839655716314e+05  -2.7909638002745e+05  -5.1418920448078e+04   6.0631167758148e+05  -6.5084292660156e+05  -3.7968445581306e+05   5.6364972721687e+05   1.1540176260476e+05  -9.6916513604720e+04   9.2069355896368e+05   2.5760924593503e+04  -8.3201707352915e+05  -5.8623312747435e+05   6.5397857366829e+05  -8.2734729169184e+04  -2.3994161213079e+05  -7.1118062629943e+05  -4.6703695000740e+05   6.4393785347763e+05   4.9405668168966e+05  -9.4001701206164e+05   9.0285735715834e+05   6.6082544913052e+04  -3.2380713622387e+05  -1.9903178108186e+05   4.0195021540566e+05   1.8163325911839e+05  -4.0038864949559e+05   6.6367405972965e+04  -2.9889752226577e+05   1.6559595934394e+05  -2.8625257617833e+05  -1.1633048157801e+05   3.3609852239518e+04  -1.1788046303818e+06   3.6922927662627e+06   1.0674390915331e+05  -1.9553079161190e+05  -2.4354994972402e+05  -2.4907786787080e+05  -3.2470007048644e+05  -2.9346932602539e+05   2.0764413156044e+05  -5.7140001548344e+05   4.8122219820033e+05  -3.2529674627963e+05   6.2689200425212e+05  -6.8367133755325e+05   6.2122618442581e+04  -1.1452562256856e+06  -6.7135887280233e+05   2.2959656649115e+05   1.2794507771118e+05   6.1415238256854e+05   2.2671164862038e+05  -1.8737164325320e+03   8.2010751602681e+04   3.1140676202985e+05   9.2037243566435e+05  -3.9574153522064e+05   2.7217469227665e+05   3.3559757990536e+05   4.6090707190566e+05   2.7521471923117e+05  -8.4753272584650e+04  -1.5126950830512e+06   5.3947687737666e+04  -5.2425627720016e+05   1.6819238377595e+05  -5.0707502388769e+05  -5.3208637181811e+04  -3.3134763032114e+04  -6.3944617503381e+05  -6.3027595272866e+04   7.8285160327205e+05   2.2154606011162e+05   8.5499152613453e+05   7.3281784842490e+05  -2.3183041989727e+05  -3.2772923054976e+04   4.8664479681471e+05   3.1466272130096e+05  -4.9677354016925e+05   1.7949675894295e+05  -4.0385338477385e+05  -7.5460570052127e+04  -4.8370786248332e+05  -2.2102172571017e+05  -2.7117677691155e+05  -1.0470427376616e+06  -1.4458143073372e+05   7.8841261012459e+04  -1.9037163578404e+05   7.1723648224317e+04   5.1564084801157e+05   2.9038308439564e+05  -4.6835689371582e+05   5.2769794401294e+05   7.8940055670557e+04   8.6509201435562e+05  -1.4570645590429e+05   8.2796508250750e+04   2.7769983684458e+05  -9.3250650768749e+04   3.7342858642750e+05   4.1507677762684e+05   2.0644999390084e+05  -1.6037756729301e+04   5.0476118187706e+05  -8.0122533248563e+05  -6.8224447891817e+05   6.5789983266736e+05   3.5862748341152e+05  -1.0153723679235e+06   8.2007088073113e+04  -6.0473175497474e+03  -4.5278685030290e+04  -2.7802507144271e+05   5.7467956220416e+04   6.9379184545677e+04  -1.7529998473611e+05   3.1217149057104e+05   2.3752824755935e+05  -1.5191617679334e+05  -3.0225537761210e+04  -1.8931748205154e+05   8.5109503297667e+05  -3.5746943092734e+05  -1.6609228030393e+05   2.4851851461362e+05  -4.7517404028169e+05   1.1188227629702e+06  -8.8281168474058e+05  -9.2668516561441e+05  -3.7385377243933e+04  -1.1997360870435e+05   7.0258308713821e+05  -5.1852522030807e+04  -5.3691275334539e+05   2.4791548506731e+04  -5.3930450117995e+04   1.5400073692415e+05   5.2859618185936e+04   1.2309709187138e+05  -2.4699793407899e+05   1.3932781304269e+05   1.8556633060542e+05  -8.4341261755702e+04   3.2569367530113e+04   1.1238968878711e+05   7.9189548896914e+04 
 -2.1775791453286e+05   1.7525299840345e+05   1.2782207478076e+05   3.7589186810529e+05  -4.4118599730704e+05   4.7541291850158e+05  -1.2121793696972e+05  -4.1980232498553e+05   2.0278207819421e+05   6.7586998155964e+05  -7.2840732775242e+05  -8.0802397484212e+03  -3.7436467597500e+05  -2.1518961364773e+05  -1.1431047111704e+05  -5.7531764980203e+05   6.6923911156041e+05  -2.5133309611279e+05  -2.6729051421848e+05   6.5305345860850e+05  -3.8790750950163e+05   6.0332932545772e+05  -7.9577625572146e+04   7.8406772961970e+04  -7.0250255107293e+04   1.3350865735443e+05   1.2579570770192e+05  -3.0456552611384e+05  -2.0661218423000e+05   7.2213202415756e+04  -2.0173853800560e+05  -3.3144076249037e+05  -1.9426230291007e+06  -6.0893446701487e+05   2.1711218846499e+05   1.0674390915330e+05   5.4868011952617e+06   8.8446724146343e+05  -1.2078545646620e+06   3.2627405269179e+05  -1.3715172005264e+06  -1.8451010606630e+05  -4.6271036794746e+04   6.5972924074733e+05   4.0999267750664e+05   3.1363475434773e+05   2.5616736098019e+05   7.1658437092696e+05  -1.1931651835489e+06   4.5218973598620e+05  -6.1776745369829e+05  -2.5554843312948e+05   1.6049845954543e+06  -9.3380617768693e+05  -2.0129389787820e+05  -1.9718876717193e+05   2.2757834584601e+05   7.4063660428568e+04  -1.4179893512969e+06  -1.5220315963516e+05  -4.1847695952607e+05  -6.7481660253780e+05   9.2819263601817e+05   6.5499871462533e+05  -4.4726803901282e+05   7.7261401633035e+05  -5.5217314252479e+05   4.7357194243259e+05  -1.7585005725414e+06  -5.2950032874640e+05  -8.8230180256043e+05   2.1654566345657e+05   8.0178664463158e+05   4.0335321554886e+05  -2.8984728096490e+03   1.3171435278650e+06   3.7746573339748e+05  -6.3866186538879e+05  -4.4345590069301e+05  -7.5023089436165e+04   8.9237148680244e+05   5.7636389081641e+05   1.4622779362867e+04  -3.3968306820986e+05  -1.4865250224984e+04  -4.5409835069077e+05   9.1380246295186e+05  -4.4503951635075e+05   3.8872965851825e+05   5.5341462743070e+05   5.2411679549050e+05  -2.1286556085274e+06   9.5467220537908e+05  -6.4966463454486e+05   6.5748015699512e+05  -6.9575268575920e+05   4.6405169187044e+05  -9.2837526785361e+04   3.0343240294902e+05  -2.2892792113053e+05   3.7048202089555e+05   3.6718821384411e+05   8.4232739697159e+05  -2.0157278023182e+05  -3.4665317480086e+05   9.9585979806700e+05  -3.3933344910027e+05  -1.1978144632666e+06  -1.2270238378655e+06   1.8255360361331e+05  -5.9197515769644e+05  -2.3565622014388e+05  -5.1785947520367e+04   8.7356658183072e+05  -9.3959036789882e+04   3.3264357196447e+05  -4.4895343165073e+05   2.8704226109522e+05  -5.7479779004189e+05  -1.5473188721339e+04   6.7006276053614e+04  -4.1370782820235e+04  -5.9986928027812e+05   3.6783516382023e+05   6.1033658039764e+05   6.5919335109901e+05   8.6322578835807e+02  -1.2956886233565e+04  -2.9631705701300e+05   9.2985251903066e+04  -1.4123174333822e+05  -3.7737752881325e+05   2.7778141207948e+05   7.0764300327698e+05   9.9544351182205e+05   7.0435287533776e+05  -7.3331109827181e+05  -2.5757702269408e+05   4.3160017801867e+05  -4.3168878005034e+05  -6.4492023798144e+04  -1.7788699123039e+05   3.3199349301133e+05   1.6691669492151e+05   1.3623312801421e+05  -1.4287977004804e+05  -1.4442829831501e+05  -1.9813154541321e+05  -2.0552077305376e+05  -3.8340992736816e+04   8.0890749149631e+03 
  1.2627088693419e+06  -4.0183867075390e+05  -2.6979711967699e+05   3.6342726628897e+05   1.0136454139917e+06  -3.8687025801545e+05  -1.7144552106497e+06   3.1879071437555e+05  -1.5880872771010e+05   2.1103600217450e+05  -5.9807457876332e+05  -3.4521350403312e+05   6.0394679564890e+05  -5.1671391965385e+05  -2.6194630837897e+05   9.9642935149198e+04   2.3446099974717e+04   6.5688695466521e+05  -8.4739640732465e+05   3.0105493031110e+04   1.5808755750957e+04  -3.6813390239858e+05   5.4532116178871e+05   1.3318422851230e+05  -5.1564807038922e+05   1.2830180800538e+06  -6.8017285301869e+05  -7.3224192897050e+05   1.7741201522545e+05  -1.9212340672753e+05   1.8263458409926e+05   6.2558071333552e+05   8.5948690833217e+05  -1.2625294863806e+05   1.6076777153080e+05  -1.9553079161190e+05   8.8446724146343e+05   4.5296167197140e+06  -1.9082267702039e+06   9.8484022094023e+05  -1.3763452373797e+06  -6.4458917545892e+05  -3.0110873603307e+05  -4.2841108517943e+05  -3.7532407787110e+05  -8.3955998733464e+05   1.6648453742250e+06   1.8069464230036e+05  -3.6614498219775e+05   5.3180708624229e+05  -1.7188589291954e+06  -3.8571544586228e+05  -1.7040372228220e+06  -1.3085022540914e+06  -7.8483226073591e+05  -2.5026610536078e+05   5.0655087777604e+05  -7.3695658371904e+05  -7.6128280909222e+05  -8.5039880582771e+04  -2.4684360152331e+05  -2.8382449394555e+03  -4.5797514230726e+05   5.7973471829256e+05  -3.7680526793253e+05   1.2523303994609e+06  -3.9568626122856e+05   4.6852386333036e+05   2.1222858307386e+05  -1.3167823918734e+06   6.0037060320969e+04   2.0548080724742e+05   1.0497216774021e+06   1.4269674373474e+05  -1.5932242149179e+06   7.0329759471325e+05  -1.9285391246030e+05  -5.0015526098782e+05   6.0230979406139e+05   1.3270412862071e+04  -7.1060320625382e+05  -5.2253001227846e+04   6.3387991802973e+05   1.8503093987670e+05  -1.2468335770927e+06  -2.8074635126048e+05  -4.9625818175044e+05   5.2011643770465e+05  -1.0202496461886e+06  -1.4959463986926e+05   1.5462933744457e+05  -1.1246851376229e+06   1.0340262795563e+06   9.7172711400047e+05   1.0986708649513e+06  -5.2901863135289e+04   3.3222598907057e+04   6.8873677887460e+04   2.8384033257895e+05   1.2117885326063e+06  -1.1094768705477e+06  -4.4702195974118e+05   4.5456164556982e+05  -4.2419967969859e+05  -1.5992003825075e+05  -4.8729424001777e+04   4.3680885437488e+04  -2.2945714518778e+04   4.5694244691603e+05  -4.9266980537262e+05  -1.7536730831239e+05   4.6102186187999e+05   7.3564468934316e+04   2.7816779867257e+05  -3.9116165034153e+05   2.9352754727179e+05  -1.1394203157031e+06   1.5552002165224e+05  -3.1581759145934e+05   1.8345063049197e+05  -1.0190351947071e+06   7.2595509225908e+04   6.3499325037514e+05   9.7535176547642e+05   7.8903671190370e+05  -5.1762184760309e+05   1.0913532877755e+05  -9.4833485701266e+05   2.4737134987355e+05  -5.2899179576723e+05   7.3294539072052e+04  -3.9387017204239e+05   1.4341845341585e+05   1.1158566589569e+06   5.9234692377718e+04   2.9801831856114e+05  -4.8383533837072e+05   5.9749812715177e+04   1.7132472841600e+05   6.1108105621300e+04   3.7002941753020e+05  -1.7038345319430e+05   4.0758025473668e+05  -1.9480721641164e+05   5.3414001949083e+04   1.7116739646431e+05   8.5878907639737e+04  -3.7972168870775e+05  -5.1755373576261e+05  -2.6973410866601e+04  -8.0465938344689e+04 
 -1.0222229734546e+06   5.5275067556996e+04   5.6487569551495e+05  -1.0936825977503e+06   4.5205513539516e+05   1.5991509018938e+05   8.4335638408887e+05  -2.2619807059028e+04   1.2985164872695e+05  -1.5804433091793e+06   1.0735206545770e+06   1.4229582646990e+06  -5.0442454655397e+05  -2.7451974875392e+05   1.4425139328147e+05   9.2245575860370e+05   1.2080412565305e+06  -1.3974508849141e+06  -8.4639033387879e+05   5.4001499108622e+05  -1.2495965308014e+06   1.2821116857217e+06  -7.9422590535156e+05  -2.4624745403277e+05   3.2522776401442e+05  -3.7654758304492e+05  -2.1720979294458e+05   1.5654239952920e+05  -9.0027029519200e+04   3.8954338741327e+03  -2.2276031281460e+05   3.4646396759351e+05  -1.3954558981464e+06   4.9267874970656e+05   2.5188891433888e+05  -2.4354994972402e+05  -1.2078545646620e+06  -1.9082267702039e+06   4.9843011152794e+06  -1.4589462126690e+06  -1.7568050487724e+05   3.8917955652085e+05  -2.8120412637327e+05   1.7472507180122e+06   4.4610570451084e+05   5.0410064840330e+05  -2.4078919453253e+06   1.4888523464510e+06   6.0233919609197e+05  -6.1696252704720e+05   1.1463900768366e+06   3.5678434449660e+05   3.2407558775800e+06   5.3444996350702e+05   1.1964084268795e+05   5.2925129661445e+05  -5.1422956786721e+05  -5.9419404302062e+05   7.9691840790063e+04   6.2204668118997e+05   5.6322024322611e+05  -4.0722815235080e+05   1.5824841141850e+06  -8.4888157498645e+05   4.1346817085279e+04  -5.5554511390203e+05  -5.1122632637501e+05  -9.8790866241373e+05   7.2793563088164e+05   9.4470342566027e+05   7.6279469958444e+04  -3.7930543573431e+05   3.6799000222109e+05  -3.0191624816679e+05   1.5044890484920e+06  -2.9751633469494e+05   5.7528186801032e+05  -8.1831631413971e+04  -1.3210724362058e+05  -9.6964618765693e+05   6.9607379762024e+05   4.7659731836793e+05  -1.5006089659546e+05  -3.5972972551322e+05   1.2706635600525e+05   1.5316991802638e+05  -1.2854743960449e+06  -6.7205700232544e+05   7.6603471601283e+05   3.0432311373908e+05  -6.5295302752465e+05   1.0988396004641e+06  -6.3042320705385e+05  -1.2530304971654e+06  -9.9851906198142e+05   9.4402953213512e+05   4.7156099951746e+05  -2.9072607463217e+05  -1.1996551099886e+06  -6.1397505701230e+05   1.5781449227179e+06   3.0707600900262e+05  -7.1751057969053e+05   4.8498917923561e+05  -3.0950489125929e+05   1.8258456577514e+05  -2.1872344573356e+05   1.2024416881552e+04   1.0697875319719e+05  -1.1058059509886e+04   9.8160809382765e+05  -2.5845334161392e+05  -1.6736157069616e+05   1.3967157592005e+05   7.4845428951529e+05   6.7501927212715e+04   5.9703833364239e+05   5.0186710481098e+05   3.6047629423849e+05   2.2542731379466e+05   1.5877354218969e+05  -3.1172791261492e+05  -6.9241814664013e+05   4.4879786838047e+03  -1.3519297721594e+05  -1.2085641783267e+05   1.2570471115824e+05   1.5962926303072e+06  -2.1529733970490e+06   5.7012883774356e+05   1.3254570385493e+05  -2.6949216088213e+05   8.4590044608244e+05  -1.2716768267381e+06   3.7072846625720e+05  -1.3539410596634e+06   2.9789788415217e+05   3.6103473171186e+05  -4.6267596874747e+05   7.5859832449094e+05  -9.2106528759709e+04   9.1568393131550e+05  -4.8935825253057e+05  -9.8196106000361e+04   3.2128417645921e+04   5.6770903308152e+04  -1.7169190501983e+05   3.1854889288858e+05   2.8852173645126e+04   5.6634941225797e+04  -1.6342563146395e+05 
  9.2784847751742e+05   7.4761081824720e+04  -3.7622404253899e+05   1.9351838284425e+05  -2.8121389995213e+05   2.1729046166606e+05  -6.7890761831801e+05   2.5583781373108e+04  -5.7215660747330e+04   7.3725896926354e+05  -1.3149566300199e+05  -6.8639549835349e+05  -3.9460815972664e+05   3.5053039911534e+05   1.5477981986399e+05  -6.4728662565716e+05   1.1232878861372e+05   3.9059045231997e+05   7.4947367152013e+05  -2.4824519399329e+05  -1.6775110398959e+05  -1.3408545952617e+06   7.4195425189149e+04   2.4580539730613e+05  -3.1746936996936e+05   1.6214474631007e+05   7.3616899453022e+05  -1.4928453620783e+05   1.2935283793610e+05  -4.3688749827971e+05  -1.5416437188874e+04  -5.3512803471928e+05   3.7518288037906e+05  -5.5183132550379e+05  -4.7530333576855e+04  -2.4907786787080e+05   3.2627405269179e+05   9.8484022094023e+05  -1.4589462126690e+06   2.8739656208831e+06   4.3043053682533e+05   3.5135136538451e+05   5.5149002856101e+05  -1.1872465430966e+06  -7.3735900241464e+05   9.0939810466426e+04   6.1976544257428e+05  -4.9180798954030e+05  -1.4066475766930e+06   4.3465101911663e+04  -1.3489223560559e+06  -4.5539320456551e+05  -1.7898527627290e+06  -1.2490258848698e+05  -1.8864162366319e+05  -2.7218152980970e+05   3.3238773509492e+05   4.4556714392280e+05  -3.5566418140007e+05  -2.3080112449923e+05  -1.1114542924368e+06   6.4161757418395e+04  -4.9428491276454e+05   5.2132782720077e+05  -9.0409028296356e+05   1.9728250659779e+04  -3.4516992648259e+03   2.3143801713515e+05  -7.0478997416328e+05  -1.2121642904723e+06   1.3347852006376e+05   3.9038465782798e+05  -2.4741422149014e+05   3.4197971002873e+05  -4.1352870643723e+05   1.1807251564371e+06  -4.0362992098467e+05   5.9253297825922e+05   5.1619796172701e+05   5.8974555093525e+04  -1.2829460017460e+06  -3.8670436934677e+05  -2.0236560276181e+05   4.3308643079019e+05   2.5698689553662e+05  -7.8145835824496e+05   1.5237616982152e+06   4.0405486440783e+05   1.4605529212753e+05   6.3017029795239e+05   3.5492169972881e+05  -7.8696332094908e+04  -5.8130764629459e+05   8.0436202497703e+05   1.0115107261671e+06  -9.4900066431118e+05   1.4547719762892e+04  -6.0754172244396e+05   3.8241393623193e+05  -1.9665212422952e+04  -2.0399352004255e+05   1.1057632877664e+05  -4.2890243465726e+05   9.3949381796538e+04  -3.8570963393389e+04  -1.4678015064298e+05  -1.2711427420895e+05  -4.3520629620839e+02   8.3367857146438e+03  -4.7770031363830e+05  -7.6866258584094e+04   1.3797745231603e+05  -1.4316489541705e+05  -6.8307022542028e+05  -3.0186035430482e+05  -2.7138163940617e+05  -7.3001446341226e+05   1.2304957037229e+05  -5.2282115323345e+04   4.3328405903445e+04   7.5458299989213e+05   4.1534162163410e+05   2.6502466069657e+05  -4.2762600126979e+05  -3.1489912116640e+05   4.8111954853949e+05  -6.1040626225336e+05  -4.9709463282901e+05   8.1513405037410e+05   2.7823172919066e+04  -4.6323036791962e+05   1.2388802403170e+03   7.4164887568037e+04   6.9362960095238e+05   3.1557592546380e+05   5.5822324906069e+05  -2.5798216617313e+05   3.3770912710669e+05  -1.6061190286800e+05  -4.8132495046769e+05   4.5729758767644e+04  -9.5522034048709e+04   2.4863044505599e+05  -2.7210309603886e+04   7.9896664667988e+02   9.6083657400525e+04   1.4196073496520e+05  -2.1341511283921e+05  -7.3895686924704e+04  -5.8321946773825e+04  -7.8534759886461e+04 
 -5.1177524821451e+05  -2.2809923703597e+05  -2.5063805691615e+05   4.2487338970372e+05  -5.6871337408181e+04   2.7648244195535e+05   5.7075781431843e+05  -8.3892068511161e+03   4.1935288572152e+04  -3.9720012437053e+05   8.5555751990736e+05   7.7155309758772e+05   6.6614636922739e+05  -1.7544500844669e+04   2.0594353303564e+05  -1.7736960088749e+05  -1.3566252653596e+06  -7.6313045664663e+05   1.2642551098287e+06  -9.0365748173671e+05  -1.2926951845811e+06   5.2996771543602e+05  -2.9036584614460e+05  -5.1944786369417e+05   1.5112526847096e+06  -3.0100539599589e+05   1.0246683071794e+06   3.3381006423685e+05   1.1838818848766e+05  -1.0653781949245e+04  -1.1589077238125e+05  -1.2344915156939e+06   5.7557522991582e+04  -5.4061387508310e+05   3.9945398685705e+05  -3.2470007048644e+05  -1.3715172005264e+06  -1.3763452373797e+06  -1.7568050487723e+05   4.3043053682533e+05   4.6190038319031e+06   1.2408842327923e+06   4.1241345994154e+05  -3.5575804837481e+05   1.6687415410553e+05  -1.2842387981582e+05  -2.2947431605988e+06  -1.7139882246443e+06  -7.1840097155485e+05  -3.2516037327003e+05   6.0719928668557e+05  -4.8036171147781e+05  -3.5084687175699e+05   4.9213024443049e+05   1.1968831981329e+06  -5.6314036127562e+05   4.8041179737832e+05   1.7452603035064e+06   1.8280064357076e+06  -3.8058857393451e+05  -1.4182293189332e+05   9.3528732349376e+04  -6.4798498441400e+05   2.5670961960046e+05  -8.4694146139016e+05  -5.7074860878878e+05   5.7231366907901e+05   8.4942547759420e+04  -7.3547603152920e+05  -5.1323853347822e+04  -1.5939882912049e+05  -4.3930810624870e+05  -4.5003910837400e+05  -1.8173596231007e+04   5.0280321517279e+05  -8.7333630318716e+05   1.6462807255262e+05   7.5107846595391e+05   3.2570825222984e+05   8.4310373638539e+04  -8.0330212614184e+05  -2.9762762611833e+05  -1.1507381426669e+06   1.7579475365373e+06   8.6702209683596e+05   3.3225871323382e+05   1.9925778555900e+06  -2.0271607800827e+05   8.6469502164517e+05   2.1975289965746e+05   1.3140557346913e+04   1.4318808386895e+06  -1.5521148576208e+06  -3.4420277048549e+05   1.4728376015839e+05  -7.5549712181988e+05   1.5163297775643e+05   1.2276335734256e+04  -8.2206846517717e+05  -1.5598049636564e+06   2.3824760533611e+05   3.4305016771903e+04  -1.0983442645240e+06  -4.8984327976303e+05   8.8135009302663e+05  -1.0647716418857e+06   1.3558078063950e+05   5.8470503419471e+05   5.1391454697814e+05   9.0932253389759e+04   2.8922189766250e+05   2.4400131413891e+05   6.7172627237491e+05  -4.6145325091869e+05  -1.5126217566145e+05   3.8983496627917e+05   3.3216132396782e+05  -7.2149081543385e+05   1.1659674037473e+06  -6.7276293856729e+05   6.4858052813404e+05  -6.7356244967293e+05  -3.9111822226669e+05  -9.2464476963563e+05  -8.9283951392276e+05   3.8190921793160e+05   5.1238639814824e+05  -7.5706372864608e+05   4.7601848598516e+05  -1.4502853546579e+05  -3.9300637072361e+05   2.9081468313248e+05  -7.2820633752922e+05  -6.5017731618708e+05   5.5791702225382e+05   4.3337088868732e+05   3.5170025830097e+05   4.9216379060394e+05  -8.1029203655166e+05  -2.3277190594995e+05  -1.8218997362776e+05   1.4761966445798e+05  -3.3942619658519e+05  -3.3020786205885e+04   1.6402787075494e+05   1.3739273627796e+05   2.6835466001237e+05   1.2851244844270e+05   3.2873195934239e+05  -3.6928509227928e+04  -4.5909572285226e+04 
  3.3439951540492e+05   5.7085673572159e+05   8.6950704899640e+05  -1.0658442635118e+06  -1.7875613418579e+06  -6.3173138124220e+04   1.4096317127254e+06  -7.0719912067629e+05   4.6873081737607e+05  -5.0735504739859e+05   7.1661550147531e+05   5.2075919966749e+05  -6.4665977434407e+05   6.8628349559894e+05   4.9632368651704e+05  -7.0133379250186e+04  -8.4689906588852e+05  -1.7930172957460e+06   1.2950744468795e+06   1.8181713607288e+05  -1.2689738801577e+06  -1.0426275051233e+06   3.1478174508412e+05  -9.8525288626586e+03  -5.0267702850232e+05   6.5407327484434e+05   1.0420693322953e+06  -8.0255681017430e+04  -1.0863764489916e+05  -2.2850552145258e+04  -6.5813663665961e+04  -2.0199899038193e+05  -5.8135251120845e+05  -2.1534423928246e+05  -6.1101122664790e+05  -2.9346932602539e+05  -1.8451010606630e+05  -6.4458917545892e+05   3.8917955652085e+05   3.5135136538451e+05   1.2408842327923e+06   3.2953955052297e+06   3.3678962964933e+05  -6.7049549013904e+05   3.3593543044999e+05  -4.8966234804664e+05  -5.2850659374687e+05   6.0155694564958e+05  -1.0365966187925e+06  -3.8635326117195e+05  -1.3104712618905e+05   1.3331025566706e+05   1.2175164727618e+06   2.9999538651999e+05   8.4229840856232e+05  -2.5666787036468e+05   2.1481783591651e+05   1.5538305513372e+06   6.8263865768683e+05  -1.8772296748929e+05   3.9395128575746e+05   4.4094176343948e+05   6.7731793121754e+05  -5.0303594151560e+05  -1.0982571940638e+06  -6.4161474736659e+05  -5.7636417696228e+05   8.7217219210717e+04  -3.1929164398279e+05   4.1671727610660e+05   2.7586833628382e+05  -1.7216610248560e+05  -1.7399129009932e+05  -3.5289683126083e+05   4.1427960758452e+05  -2.8442342721505e+05  -7.3267970685353e+05   3.6837033816128e+05  -4.2108253693095e+05   5.6803992488823e+05   1.9084701225794e+05   1.0266151656776e+05   6.3953760448483e+05   3.0297226175380e+05  -1.3064329168475e+05   3.9027542524990e+05   7.9216211354082e+05  -4.0425415244061e+05   6.1627118784017e+05   2.8329009320538e+05   8.5213722390961e+05   8.5097785289352e+05  -1.0638096335276e+06  -8.6477628733603e+05   4.0729090726867e+04   3.5687401409520e+04   1.0715679627899e+06   1.6216013097328e+06  -7.0225958278482e+05  -5.0264231987864e+05   6.0902338722433e+05  -2.9422964067496e+05  -9.9617975240145e+05   9.3637138994161e+04   2.2413338652409e+05  -8.8759580634394e+05  -7.1865259599780e+05  -4.5833032703187e+05   3.5853532745525e+05  -1.2709957077636e+05  -1.8353087792869e+05  -2.1046048794278e+05   3.6931627098784e+05   4.5089308441722e+05  -5.0594793730275e+05   3.2053072152832e+05  -3.3856769269727e+05  -3.1585482847872e+05  -2.4323747178097e+05  -3.9622935571088e+05   2.4443315702678e+05   1.8657518398976e+05  -3.4077654943132e+05  -8.5957842912799e+04   3.2509427966131e+05  -1.7457712707447e+05   1.0171900240060e+06   2.7979213538823e+05  -9.8446876093971e+05   3.9773078767837e+05   6.4844739640996e+05   2.7296953003151e+05  -1.1934028598674e+06  -1.0094714758674e+06   1.0156938427002e+06  -2.0820360021222e+05   5.0323229922640e+05   4.1935469242492e+05  -4.0455856440936e+05   2.2532154717551e+05   1.7947504184929e+05  -8.5860616426865e+04   1.5133924843992e+05  -1.8001648723806e+05   3.3414761783359e+04   2.6076953941956e+04  -2.3843777920714e+05  -2.5641819929322e+03   1.3049780047351e+05  -6.2446806775237e+04   1.2850345419355e+05 
  2.4165068075929e+04   3.0613476997986e+05  -1.8268254294868e+05   9.3427998310745e+04  -1.9089619421837e+05   5.6914145637628e+04  -1.3782643264258e+05   5.5080166857514e+04  -4.1201853095204e+04   6.3784494481728e+05   2.5050459226036e+05   1.6066671542982e+05  -3.8538772390725e+05  -4.8823657793296e+05   3.0031172030425e+05  -2.6580727017646e+05  -1.5875323477784e+04  -4.7685826911293e+05   7.0449759323424e+05   2.8549921713460e+05  -2.0391596391899e+05  -5.7354511008150e+04   3.6426778724103e+05  -2.1679213409351e+05  -3.6256680059557e+05  -3.4826925221089e+05   3.1529950310786e+05   5.2101372943556e+04  -3.1059896879180e+05  -7.5459970600503e+05   1.0151803545108e+05   1.1924536012437e+05   4.1495654682720e+05  -5.3705082816438e+05  -1.6980487099724e+05   2.0764413156045e+05  -4.6271036794744e+04  -3.0110873603307e+05  -2.8120412637327e+05   5.5149002856101e+05   4.1241345994154e+05   3.3678962964933e+05   2.5127746718522e+06  -1.0058181019773e+06  -4.5714859677474e+04  -8.8834156404726e+05   1.9224355847621e+05  -4.5701249177877e+05  -6.4213832464656e+05  -1.5894963103011e+06  -1.9712869223700e+05  -1.1859578139636e+05   2.4331183583246e+05   2.3657743189885e+05   1.5018210549233e+05  -7.0025400127288e+04   2.8186715868819e+05   2.6475024367550e+05   4.7451566748093e+05  -4.3299913269352e+05  -3.9680271381189e+05  -5.6678509249976e+04   2.7395358500394e+05   1.7343421913976e+05  -9.8017463382112e+05  -2.9451525331532e+05  -9.6626307677320e+03  -4.8715526138591e+05  -3.8048789748960e+05  -5.2938160633484e+05  -1.3764222725622e+05   4.2169505746849e+05  -5.5444088927425e+05  -2.1376309722140e+05  -3.1575933622695e+04  -2.4409629227860e+05   5.7300151046321e+04   2.4031606583911e+05  -2.0089074284181e+05   7.4692725977079e+05  -2.0986401930084e+05  -2.4490320528710e+05  -1.6735219076422e+05   7.7661036613060e+03   6.4485725588849e+05   1.7315091027211e+05   2.7359085807713e+05  -2.2379836678338e+05   3.1081724193836e+05   1.8965847998791e+05  -4.2266308775376e+04   7.2395794584473e+05  -1.0600559432640e+06   2.9862851287395e+05   1.1870201694181e+06  -4.3445734496135e+05  -1.3569215021846e+05  -2.6496660836198e+04  -3.6558587686792e+04   5.4265852495191e+04  -2.3277847625492e+05  -2.7474197765309e+05  -7.1975362506914e+05  -4.6931173890103e+05   3.1573405573344e+05  -5.4422496123878e+05   2.3898690668254e+04   6.6730204576361e+04   5.8549651372573e+05   8.3016326351694e+04  -1.1797369440034e+06   2.6889810327502e+05   1.3996260402653e+05  -5.9442728438206e+05  -4.4197382910866e+04   6.2931102685353e+05   1.3236597075048e+04  -2.4416020536649e+05  -1.7189262314768e+05   5.0471426882521e+04  -9.8380578040973e+04   2.5050675634915e+05  -1.1034442877595e+05   2.4433489982778e+05   8.7926990947976e+03   1.4488838842544e+04   5.7166739146293e+05  -1.7555261829496e+05   3.1332671024922e+05  -2.0313924645064e+05   3.0808100017703e+05   4.1848678764114e+05  -2.5787435127919e+05   1.2915989980156e+05   1.4730996347646e+05   1.4198325170727e+05  -1.7035794535753e+04   2.2031749221028e+05  -3.6755566222227e+05  -2.1347738053727e+05  -7.6831101983366e+03  -2.2637319779391e+05   2.2668667054512e+04   5.3079033202727e+04   8.3155435045025e+04  -8.1357709438549e+04   8.6071456405308e+04  -4.4214417853651e+04  -1.1648853646669e+04   1.0542330466729e+03   1.7771703320238e+05 
 -5.5018238552849e+03  -1.4126962460731e+04   2.9352463583728e+05  -1.8879859779055e+04  -9.7817286994076e+05   4.1766175560306e+05   8.3705471073771e+05  -4.9499816037307e+05   2.3858084655841e+03  -2.8963920230124e+05   3.2836621777902e+05   1.4485079446787e+05  -3.3977779475470e+04  -9.5478714771995e+04  -1.2167652361179e+05  -3.7458286453517e+05   2.9756709399017e+05   4.2448761144293e+05  -1.0271750565037e+06  -3.1140197900931e+05  -8.6548186418981e+05   1.3448881644823e+06  -1.5043047168048e+05  -3.8718415149022e+04   1.0903181510779e+06  -1.4405068491801e+06  -1.5133946272899e+03   3.9488183087375e+05  -5.8827466407138e+05   1.0422399170503e+06  -4.4762208353201e+05  -2.1592388227702e+05  -9.0500730112644e+05   2.3953961865383e+05   9.1549921074820e+05  -5.7140001548345e+05   6.5972924074733e+05  -4.2841108517943e+05   1.7472507180122e+06  -1.1872465430966e+06  -3.5575804837480e+05  -6.7049549013905e+05  -1.0058181019773e+06   5.9710785809152e+06  -7.0479780857665e+04   9.6061039927963e+05  -9.1233600601420e+05   9.0634040066308e+05   5.7402323993918e+05   4.7731157984585e+05   3.1912420017002e+05  -4.5610732930761e+05  -2.1162143531790e+04  -6.3831265775019e+05   2.7613611502207e+05  -5.0881393214177e+05   4.6051528513039e+05  -7.7840616558118e+05  -6.2398835354871e+05   2.4114578854557e+04   1.6923913136658e+05   1.8290652470163e+04   3.3010823753851e+04   7.1484387201755e+05   2.1678054265806e+05   1.3816163106585e+06  -6.8472102422669e+05  -8.3366584173637e+05   1.8399048767545e+04  -1.1387752980204e+05   2.0618016830769e+05   2.0559951741446e+05   2.8205027510069e+05  -1.2994469338005e+05   5.8019603988092e+05   1.4454356100512e+05   1.3327132328003e+05  -6.8876705531568e+05  -9.3068187173570e+04  -7.5369379643734e+04  -1.0362518754894e+05   7.1607949717942e+05  -5.1743523641657e+05  -1.5529929936923e+05   1.3451450814390e+06  -2.8810968074943e+05   3.4207409626597e+05  -8.3050322477058e+05   8.7714221869043e+05   2.5201515288760e+05  -3.3678670317720e+05  -1.3104600988618e+06   6.5734590041961e+05  -1.1814402565001e+05  -8.3900996986466e+05   3.6800728008929e+05  -9.3988058093147e+05  -7.7262978476164e+04   5.6396556717517e+05  -1.1583355363492e+06   1.2867633752675e+06   3.5387291128877e+05   7.4235307393004e+05  -2.4911106937291e+05  -2.5546880069008e+05  -2.9197954885092e+05  -8.2294075823857e+05  -6.9894280011430e+05  -1.3060973047394e+06   9.3566644524563e+05  -2.5475810276543e+04  -1.1773736080625e+06  -4.2180566104673e+05   6.4427756208211e+05   7.5566380382397e+05   1.4837973612251e+05   9.3624239481737e+05   7.0459742933996e+05   2.0975065332747e+05   1.9045348481971e+05   9.3535647948056e+05  -5.7187826867220e+05  -1.1579892839345e+06   1.8567222691769e+05   8.3753997361539e+05   6.6669243007600e+05  -1.5444346000472e+05   7.9521416161221e+04   3.4117751119006e+05  -4.3215241508427e+05  -6.7624281925953e+05  -4.8237796621342e+05   8.3706566715329e+05   8.9848302019189e+05   9.4121780154621e+05   1.6651666503488e+03  -6.4068682741368e+05   4.7239879638400e+04   3.9699230641418e+05  -2.1723429358590e+04  -5.4614158679358e+04   1.1552326102373e+05  -3.4957196176463e+05   1.5597586249032e+05   1.8731648120092e+05  -3.1740211182696e+05  -1.1612839022333e+05   1.6037188243888e+05   1.1486294162187e+05   2.0090571546117e+04  -3.7735644153813e+05 
 -5.4012399566540e+04  -5.2444285471993e+05   1.8097575064963e+05   3.8259405684816e+05   5.0316445762193e+05  -3.4250429931903e+05   3.7244980540204e+05  -4.5922101016370e+05   5.0273114586580e+05  -1.0646402912964e+06   2.8191806173763e+05   2.9205419727427e+05  -8.1031458080896e+05   3.5501836239925e+05   3.2392352898518e+05   9.1057274960585e+05  -1.1650832960831e+06  -1.0791616659075e+06   3.1709045845447e+05   6.4538769720946e+05  -7.4992895303110e+05   1.6914006856596e+06   3.8253393069964e+05  -5.6130125244270e+05   5.1988869193962e+05   6.3690244258486e+04  -7.3757069647143e+04   1.4052963102461e+05   2.9932201816284e+05  -1.8160648516455e+05   2.1065425471738e+04  -7.8910482567240e+05  -6.6265582792232e+05  -3.2010152277279e+05  -1.4708160344356e+05   4.8122219820033e+05   4.0999267750664e+05  -3.7532407787110e+05   4.4610570451084e+05  -7.3735900241464e+05   1.6687415410554e+05   3.3593543044999e+05  -4.5714859677475e+04  -7.0479780857665e+04   2.8731513068075e+06  -2.8972916355556e+05  -3.5087690166943e+04   5.0446456671448e+05  -2.4788650581100e+05  -1.5012605825547e+05  -7.4011576000363e+03  -9.1697794442509e+04   1.5974673511843e+06  -7.0667815924214e+05   2.7442983919642e+05  -6.5322981828264e+04  -1.2041325368521e+05  -6.1015643011255e+05  -1.7653545390305e+05   4.8371325250864e+05   8.1959598743176e+05   3.7203797342512e+05  -4.8559895865163e+05   3.4748424455859e+05  -1.1431646146010e+05  -1.2497265261750e+05  -6.6507109275647e+05  -4.8728138951920e+05   4.1352194029749e+05  -2.6717611339395e+04  -1.4980759276681e+05  -2.8066141507675e+05  -1.1338839510584e+06   6.8009709466350e+05  -3.8126876397145e+05  -9.1282093174054e+05   5.8883454820882e+05  -9.4023820769194e+05  -2.0049791866648e+05   1.0444247346204e+06   1.5411676509705e+06   3.8146836565393e+05  -2.1565485817984e+05   9.6259635112492e+05  -6.2517239927885e+05   1.1348337848508e+06  -8.0352894128453e+05  -7.7415905489821e+05  -3.5381342511119e+05  -3.8465256989757e+05   1.1647859566235e+06  -1.1657991930134e+05   1.1137479236267e+05  -1.9682893717055e+06  -4.2055354223409e+05   1.1948610926623e+05   9.1960570255293e+04   1.3102227618581e+06  -3.9299418639917e+05   3.8356051870948e+05  -4.5886437856805e+02   6.4834166300105e+04   1.2413014567101e+06  -1.0308481425857e+05  -1.7288054424127e+05   7.1320746447348e+05   9.3165423434297e+04   1.5172983951116e+04   2.7984617890708e+05   2.3603265364093e+05   2.0648669628258e+05   1.4658088801248e+05  -4.8244186566800e+04   2.4305476476533e+05  -2.6977548195859e+05   2.2475652880335e+05   9.6834538440933e+05  -1.7295639470274e+05  -7.4298968230763e+05  -9.1860704432034e+05  -8.7236593200676e+05  -6.0181581394423e+05   1.4335066074840e+05   2.4840228264426e+05   8.2286098685773e+05  -6.0372761314626e+05   2.6724704907344e+05   2.9770570530123e+05  -5.6509570070051e+05  -1.9553645469461e+05   2.4332625395119e+05   3.1304358215441e+05  -6.1644130183980e+05  -3.8716270510677e+05  -6.1704595198538e+04  -8.5774456602786e+04   5.2839415180548e+05  -4.0952988979894e+05   2.5138537264830e+05   5.6121273738409e+04   1.1065441463537e+05  -2.2607645776123e+05  -1.8908213755442e+05   1.9234228560346e+05   2.3883997561514e+05  -3.9463066697344e+05  -2.7345965778754e+05   1.3494663645383e+05   1.8465193716254e+04  -4.6978789736684e+04   2.1275152620742e+05 
 -1.2079029853449e+06   3.1119520608526e+05  -1.1966252963402e+05   3.3103816692756e+05  -1.3661595848093e+06   9.9353994187626e+05   1.3421155400942e+06  -4.3832347142772e+05  -1.4587092900620e+05   1.2361519053465e+06  -6.4664922058226e+05  -4.5694846875611e+05  -3.8166729846768e+05  -6.3890970893835e+05   1.3877000749494e+05  -5.4500603733598e+05  -6.3604172642540e+05  -5.4898781911827e+04   2.1305164722275e+05  -3.4093380971845e+05   1.4846454617253e+05  -9.8971175890578e+05   3.2805977771454e+05   4.9989746039870e+05   7.2226010508140e+05  -1.3780299227421e+06   5.0320931769985e+05  -1.0095023281300e+05  -3.2182710938228e+05   3.0180558564589e+05  -1.7315471386249e+05  -8.6376778262478e+05  -1.2220161647077e+06   3.8861106882845e+05   3.9583438561695e+05  -3.2529674627963e+05   3.1363475434773e+05  -8.3955998733464e+05   5.0410064840329e+05   9.0939810466427e+04  -1.2842387981582e+05  -4.8966234804664e+05  -8.8834156404726e+05   9.6061039927963e+05  -2.8972916355557e+05   5.1332514644075e+06  -3.6577690618713e+05   7.1106024699430e+05  -1.5490736547082e+05   1.3318219196599e+06   1.3146139204583e+06  -4.4409365828736e+04  -5.7442313405603e+05   5.1371569459015e+05  -1.1001219276452e+06  -7.1942839482139e+05   5.6401532538042e+05   7.3945063764374e+05  -8.4708793168161e+05  -9.9536419540269e+05  -6.2664322223716e+05  -1.3502669142936e+05  -1.1803133951905e+06  -4.7807019035578e+03   6.9975992999256e+05   6.2400720168354e+05   9.8540711030358e+05   5.2915092197060e+02  -2.6371719848778e+06   9.6287298422418e+05  -7.8900175389993e+05  -1.1172650227992e+05  -5.3680301464812e+05   7.8602345398653e+05   1.1009909011746e+05   2.9671215409437e+06   2.7030877010565e+03  -6.8350977621981e+05  -5.1515677635740e+05   1.5393302251054e+05   5.3048571175738e+05   2.7427181950422e+05   7.0570109019401e+04   9.7706998088618e+03   1.0163041169590e+06  -7.0948636351456e+05   5.4314210249012e+05  -3.7546974655219e+05  -7.9085598709285e+05   1.2889272333438e+06  -2.1840906195090e+03  -1.1680048370389e+06   4.9689343923770e+05  -7.5153839987542e+05  -3.9821284416780e+05  -1.8215285326246e+06  -6.7357897992779e+05   8.4574947837039e+04   6.4041547487482e+05   4.9689351382581e+04   4.2827750795135e+05   1.1584648373536e+06   9.3650435952036e+05   6.2150192288624e+05  -6.2983079423205e+05   1.9555387131592e+06   2.5357935346686e+04  -9.9623807167019e+05  -2.4134820207001e+06   1.0063017059961e+06   7.2753425802197e+05  -3.0595769550315e+05  -5.7846602587914e+05  -7.8772800825182e+05   8.8122071957310e+05  -8.7134010478947e+05   1.3654400738855e+05   7.9746432592837e+05  -5.7141062011845e+05   6.5364445199527e+05   1.8773926127492e+06   4.7962676359976e+05  -4.5452664456230e+05  -1.6111253812155e+06  -6.6928067309223e+05   1.3848971314405e+06  -1.3756649103521e+06   4.0730107861604e+05   5.1266373172098e+05   8.0132890371014e+05   5.0550468529903e+04  -5.3217097272063e+05   1.2822184648235e+05   3.5133493269114e+05   8.0938896269810e+05  -1.4149664531727e+05   3.7169819791537e+05  -4.3740266827390e+04   7.0463823164822e+05  -3.0771841040643e+05  -3.7678638034461e+05   2.1392292702611e+05  -1.0663445148343e+05   1.9127077771014e+05   1.1490958584397e+05  -3.7099886316513e+05   4.8353816468948e+04   6.8638362029523e+04   5.1141143811952e+04   2.6550784392924e+03  -3.4389811067885e+05 
  1.3585433446246e+06  -1.2667121407054e+05   1.5339330887464e+05  -6.6791150703000e+04  -7.7196003041143e+05  -5.4007042368782e+05  -5.8167289310777e+05   2.4575499137852e+05  -6.7255056651694e+04   9.2146852388496e+05  -7.8164796903526e+05  -1.3254464207232e+06  -3.0817252159959e+05   1.0039988282419e+06   2.0715850415762e+05  -3.7661160636120e+05  -4.6937624471624e+05   1.7066277383454e+06   3.1628736316389e+05  -3.4004843093856e+05   1.5174682402908e+06  -2.2008171555039e+06   6.0220218507440e+05   4.4410997460692e+05  -1.6371561654986e+06   7.5086426838855e+05  -3.5359414858103e+05  -3.3945465497267e+05   1.8947766460012e+05  -1.3554833142978e+05   3.0621891073133e+05   9.6936108500060e+05   3.3597835128045e+05  -1.8133641208873e+04  -8.4687355200452e+05   6.2689200425212e+05   2.5616736098019e+05   1.6648453742250e+06  -2.4078919453253e+06   6.1976544257428e+05  -2.2947431605988e+06  -5.2850659374686e+05   1.9224355847621e+05  -9.1233600601420e+05  -3.5087690166944e+04  -3.6577690618713e+05   4.9729680227183e+06   7.7094605296280e+05   2.0412485555073e+05   1.4303670141704e+05  -2.0208938219310e+06  -4.7280626255869e+05  -1.7725144861405e+06   2.3634740785002e+05  -7.6113223558793e+05  -2.8304643637825e+05   2.5496303569329e+05  -6.5771304824629e+05  -8.2447490486455e+05  -5.4158753425445e+05   2.6896106385511e+05   1.0819319785428e+06  -1.0012589284470e+06   7.2204131434980e+05  -1.0703946550948e+05   2.7633839352241e+05   1.0586063724542e+05   6.0367684638730e+05   2.4692327057819e+05  -7.1743562619579e+05   5.7687297523729e+05   5.7318700839608e+05  -2.9239857634928e+05   2.2210033843299e+05  -1.7957777785218e+06  -3.4601355270508e+05  -9.8348667779784e+05   2.4029462982943e+05   4.8721462440036e+03   7.2105256250003e+05  -4.7930090599408e+05  -3.3815527403730e+05   6.0628792604691e+05  -1.1498393866769e+05  -2.5731733202253e+05   2.3648839006048e+05  -1.4448973029984e+06  -1.5237012507686e+05  -1.5532015355500e+06  -7.4466896911151e+05   8.6923906863488e+05  -3.7749558150724e+05   7.1179406661289e+05   5.4537819484951e+05   3.2474394858381e+05   1.3812370331701e+05  -9.8268377750418e+05   9.2491250446677e+05   1.7853640430177e+06   1.8551002500000e+06  -1.1948409844520e+06  -1.4578868643154e+05   8.5357304627288e+05   1.8585977765449e+05  -5.1173807584504e+05   5.9296247852997e+05   3.0135398906389e+05  -1.3054452379742e+05   4.9613622812882e+05   1.8298638295272e+05  -3.8066005348405e+05   9.0118956175490e+04  -6.2076416891501e+05  -7.2231337197633e+05  -2.3057479163703e+05  -4.7015831124202e+05  -1.2037167198166e+06   3.5410732547881e+05  -1.6927998927754e+06   2.9893642854943e+05  -5.4034792999612e+05   1.3287046881191e+06   9.7050042148369e+05   6.9353372549789e+05   2.1217030576786e+05  -6.1852937412244e+05  -1.2626190852068e+05  -4.9378833656294e+05   9.3475730535118e+05  -2.4199639044154e+05   5.3435184350682e+05   6.7113308779946e+05  -8.3383199862440e+05   8.0651517717511e+05  -7.9377372638911e+05   7.9021757573059e+05   3.3636293033179e+04  -2.7977482466860e+05   2.6152921048340e+05  -4.0786032040064e+05   2.2693457579036e+05  -6.0811382455576e+05   5.9301337173526e+05  -8.1941801483094e+04  -1.7380044049727e+05  -2.4132613860905e+04   5.2752413123861e+04  -2.6484994643734e+05  -8.6340712696383e+04  -2.4208161485312e+04   1.2430976237338e+05 
  5.3704515010968e+05   5.7800519418161e+05   1.6104496292010e+05  -1.6728858604633e+06   1.0406987714665e+05   9.2347452877999e+02   3.2664343562345e+05   8.8286911489188e+05  -8.6931816418266e+05  -5.6703421608712e+05   1.3074836392202e+05   1.1511212337224e+06  -2.7780185865372e+05  -8.4371452595740e+05  -1.6601903277235e+05   3.6445707743920e+05   2.3322352072447e+05   1.1465483992342e+06  -3.3532325954418e+05   1.5273686349108e+05  -6.0327037089941e+05   5.9540829776892e+05  -5.6736224367567e+05   7.6086545442297e+04   2.0555862253624e+05  -8.6112218926241e+05  -1.8676089419166e+05  -6.0077283366280e+04   1.7419376685748e+05  -2.0638676525361e+05  -3.1367136304484e+05   4.0992437803148e+05  -1.0939133112227e+05   2.9346649223839e+05  -1.0792854771582e+06  -6.8367133755326e+05   7.1658437092696e+05   1.8069464230036e+05   1.4888523464510e+06  -4.9180798954030e+05  -1.7139882246443e+06   6.0155694564958e+05  -4.5701249177877e+05   9.0634040066308e+05   5.0446456671448e+05   7.1106024699430e+05   7.7094605296280e+05   5.0231444334024e+06  -4.6601724591355e+05   5.5305122087502e+05  -4.2141247357295e+05  -4.5072484225728e+04   1.7710298363270e+06   1.1844245746644e+05  -7.4219330487902e+05   3.3326862172138e+05  -1.8505536758652e+04  -4.9171870380275e+04  -3.0301294795414e+05  -7.4407937982617e+05   9.7672404375033e+05   6.5461934430011e+04  -1.8326504253117e+05  -1.2869705336710e+06  -4.1329153904901e+05   1.6109591067714e+05  -4.9182273630201e+02  -4.5181833570719e+05  -6.1280250810532e+05  -3.4391267433259e+05  -1.0261921547819e+06   4.5756330357539e+05   6.5371718308261e+05   8.1881768135521e+05  -2.1410548807783e+04  -1.3514075738419e+06   8.8823625138102e+05   9.2045359055974e+05  -1.5871820433174e+05  -9.2175851302396e+05   1.1496089485974e+06  -3.8528875342364e+04  -6.9632107074876e+05  -3.0819200647341e+05  -2.0960199088241e+04   3.6980280618602e+05  -2.8899489612590e+06  -1.5011575861948e+06  -1.3398147905979e+06   4.4699688332527e+05   1.4086606569195e+05   3.7278493519675e+05   5.2082024197441e+05  -5.4249254748950e+05  -5.1016391375990e+03   4.4884435011970e+05  -7.4865218663497e+05   4.0367878429895e+05   1.3895078824983e+06   7.9034694285655e+05  -4.8290705800345e+05   6.2405990502836e+05   6.0998854536005e+05  -2.0421009415695e+04  -7.9233834220896e+05   1.4986190957389e+06  -1.5085152128347e+05  -1.2136867192566e+06  -6.2846833984804e+05  -2.5926028122593e+05  -1.3716261099964e+05   4.5971538792925e+05   1.7378239836119e+04  -2.8135176400955e+05   3.6203952877843e+05   6.5939749750164e+05  -1.3156375223674e+06   5.3668177479608e+05  -5.1356668740663e+05   1.2667849339199e+06  -5.6359477249557e+05   8.9673221750067e+05   5.7239821436479e+05   8.9001859268323e+05   2.7661398086651e+05  -4.8476005451110e+05  -5.5600818262008e+05   9.8995373661999e+05  -4.6368728072213e+05   2.7397903660983e+05   9.6962069989686e+05   9.3633620941194e+04   1.0674544371681e+06   8.0569902344873e+05  -8.0790293962184e+05  -5.6760826965516e+05  -9.6518833608710e+05   2.8368425365597e+05  -3.3335299383936e+05   3.7494032285261e+05   3.9982543014700e+05   4.6603952671834e+05   2.7420018632308e+05  -2.9195528007525e+05   2.6749452380172e+05  -1.3039708283724e+05   2.2869316452569e+05  -2.3464132063411e+05  -2.1757264427887e+05   3.7259049915908e+04  -3.5063690188441e+05 
 -4.3377069332160e+05  -3.9755108961640e+05   1.0701048242906e+04   9.7449113314789e+04   8.8075532250887e+05  -6.5157246853145e+05   2.9200303601310e+04  -1.2936176421896e+04   2.4816440093024e+05  -7.0230472912191e+05  -3.9428332958462e+05  -1.2300836892157e+05   8.2563326244741e+04   8.6275220205399e+05  -5.6513459433116e+05   8.5198916970462e+05   5.5340501694069e+04   1.6638430613051e+06  -6.2046096487283e+05  -6.2902439390165e+05   1.0796795740797e+06   9.1204727181843e+05  -1.6484597963124e+05  -4.0716854852156e+05  -6.0251355241352e+05  -3.0532102808562e+05  -8.6472971753705e+05   6.8318306924774e+05  -3.7310470703883e+04   7.1827241267352e+05   2.6102076684166e+05   6.4764341170185e+05   6.7545131535788e+04   4.0399250240045e+05   4.3857377659478e+05   6.2122618442581e+04  -1.1931651835489e+06  -3.6614498219776e+05   6.0233919609197e+05  -1.4066475766930e+06  -7.1840097155485e+05  -1.0365966187925e+06  -6.4213832464656e+05   5.7402323993918e+05  -2.4788650581100e+05  -1.5490736547082e+05   2.0412485555073e+05  -4.6601724591355e+05   5.2691966960135e+06  -2.2251152756465e+05   7.9594787186584e+05   2.7586565544575e+05   2.9108772503180e+05  -4.4918013647652e+05  -1.9377164326784e+05   4.9354809581451e+05  -6.2147946093487e+05  -8.3873868362552e+05  -5.8994032893906e+05   4.3800018384584e+05   3.6791215660292e+05  -2.6010904560319e+05  -3.0268529339619e+05  -6.7301007946758e+05   6.8279297135924e+05  -1.5318291406086e+05   7.4234863711487e+04   8.3246186516431e+05   1.5147683737589e+06   1.4255120023709e+06   2.6939932038234e+05   2.3805524713545e+04   6.5881430686281e+05  -4.3015900109836e+05   7.8730632174351e+05  -1.2439256612024e+06   4.0269993027749e+05   1.9803764036400e+05   8.3380026146297e+04  -1.1684613410706e+06   6.1214147744886e+05   4.2209417085999e+05  -1.3758615261440e+05  -6.1894183246327e+05  -2.8184724010065e+05   3.7854843153934e+05  -2.4324147497320e+05   8.9379184848524e+04   2.0231332958793e+05  -8.8988905654380e+05  -1.5161184829098e+05  -3.8358799926233e+04   3.6655342169145e+05   1.4762790590616e+05  -2.2787773952420e+06   1.3814672614468e+06  -3.9982359399353e+05   6.1008343206066e+05  -2.2956469706966e+05  -2.1658170201157e+05   2.4290417768409e+05   1.9100651900556e+04   1.2328055231016e+06   5.7417305535070e+05  -4.8966512236986e+05   9.7761659021042e+04   3.9088987765671e+05   2.8457164478920e+05  -1.2768156875895e+05   7.8456257433518e+04   6.3041096093580e+05  -7.8726670802668e+05  -7.2997090421193e+05   3.7045113016210e+05   1.1935755443810e+05   1.7380990717580e+05   4.3754618855321e+05  -1.5351277650776e+05  -5.3508075938877e+04  -4.2166852418221e+04  -2.5580737040085e+05  -2.1520877583550e+05  -3.0419061757661e+05   1.1596099557303e+06  -5.9658493432304e+05  -3.8744244668917e+05   5.8757906404634e+04  -1.4421092038353e+05   2.6959686022064e+05   3.3490796370406e+05   7.8115927914384e+05   3.4914093721127e+04  -4.8634907941844e+05  -8.0307231096537e+05  -1.3741981948161e+06  -1.7011787821957e+05   2.6607739049239e+05  -4.8683567290439e+05  -2.1457163642534e+05   2.0176439384195e+05  -5.2850072251746e+05  -2.8275228506102e+04  -3.9928313830659e+05   7.2818292713189e+04  -1.2902571213935e+05  -1.0563655131514e+04   2.6463433925987e+05   4.0626563992941e+05  -1.0589205126060e+05   7.3599530695433e+04   2.6530141549343e+05 
  1.1079250141929e+05   4.9545063846201e+05   1.1795861021710e+05  -1.2242755621607e+05  -1.4106986275986e+05   4.1506680269366e+05  -1.9491710729188e+05  -3.8291809222961e+05  -3.5510172317472e+03  -4.7196944195469e+05  -3.9092376760774e+05  -3.5663438025368e+05   4.1447652577170e+05   1.2795967680637e+05   4.1129419575475e+05   6.1643602413417e+05  -2.4369120065543e+05   4.0347275855740e+05  -4.0020183484238e+05  -6.6471681408801e+05   6.8666038431542e+05  -6.8139066412454e+05   5.3032302878088e+05   3.1552601035541e+05   4.4575447105437e+05   1.2586939626608e+05  -1.3181450018960e+05   4.4626134365667e+05   4.3236811751307e+05   1.1344521840420e+05  -2.8843186048875e+05  -1.6506007147843e+06  -6.6392756881560e+04   4.3764735426560e+05  -3.2673298065284e+05  -1.1452562256856e+06   4.5218973598620e+05   5.3180708624229e+05  -6.1696252704720e+05   4.3465101911660e+04  -3.2516037327003e+05  -3.8635326117195e+05  -1.5894963103011e+06   4.7731157984585e+05  -1.5012605825547e+05   1.3318219196599e+06   1.4303670141704e+05   5.5305122087502e+05  -2.2251152756465e+05   4.6876280276481e+06  -7.5282355118647e+04  -2.8062560058337e+04  -1.9872302687613e+06  -6.6080915436823e+05  -3.6980814534745e+05  -6.8761397236358e+04  -1.6577766731623e+05   7.1605990941648e+04  -3.0564186498592e+05  -2.6195657263143e+05   1.1042065249567e+05  -1.4620995386512e+05  -7.3980904109005e+05  -1.3463450414679e+05   1.2322163233807e+06   1.2220567610429e+06  -3.5327808801767e+04   9.7425938097612e+05  -1.3772698998105e+05   2.5386641170740e+05  -1.3804627071342e+05  -3.8408463751068e+05  -7.2003643844196e+04  -1.2998934656357e+05   1.0201174417899e+05   3.7116875237405e+05  -6.4275899713271e+05  -4.3603760284048e+05   1.1897405440000e+05  -4.0753030026352e+05  -7.4688582753126e+04   1.3314271507797e+05   6.2039017554535e+05  -3.6803015805114e+05  -7.0222513216055e+05  -6.3438874247543e+05   2.4619404837378e+05   6.7981550628881e+05  -6.9539608711922e+05   6.3008216509954e+05  -5.4500268660370e+04  -1.8383522935371e+06   1.5705679252335e+06  -1.2442275962896e+04  -1.1376746503353e+06  -8.7468038093107e+05   1.6741202336629e+05   5.4289376501213e+05   8.3012885482458e+05   2.4235706658948e+05   1.3427923223297e+05   6.7926463836421e+05   1.0166437482060e+06   2.7943978583676e+05  -3.0482405308772e+05   4.3006165566247e+05  -3.1147202016239e+05  -3.6334945052004e+05  -1.0643457090603e+06   3.4801553799644e+05   7.7276652838628e+05  -3.7482570917035e+05  -3.5586987067363e+05   6.3295028486774e+05  -6.3949319074073e+04  -4.6355147066401e+05  -3.8364043081225e+05   6.0889572091992e+05  -8.0290853900319e+05   1.8780244461102e+05   3.5757591875301e+05  -5.5621825553045e+04   5.3226123654834e+05  -4.3483274488031e+05  -1.6268903330623e+05   9.7756272660303e+04  -1.1367291936742e+06   2.4709497988288e+05   8.4236160707756e+04   2.4934044872596e+05   2.2206017684146e+05  -3.8157922819845e+05   2.4211113835170e+05   6.0327299389451e+05   1.5508774400018e+05   1.5896414092334e+05  -3.9056025726252e+05  -3.7359881157836e+05   6.9035051024643e+05   6.9462566829844e+04   4.1243386980111e+03  -3.7423903887541e+04   2.5470393677632e+05   6.2230110432963e+04   5.1937315465143e+04  -1.0783233142264e+05  -3.6566098389541e+05  -1.5935744662783e+05   5.7284824572721e+04  -1.7502959058597e+05  -2.0441836506816e+03 
 -1.2468145129393e+06   2.4315199093486e+05   4.2551703104099e+05  -8.2701850168566e+04  -4.1146351203485e+05   3.2221662487735e+05   9.6480508156395e+05  -4.8438408982820e+05   1.9566402562408e+05   6.4021012111652e+04   1.2296828962543e+05   5.8861942624648e+05   1.2475853985823e+05  -9.7903854839752e+05  -1.3597074920674e+05  -2.4074337294688e+05   1.2973002347358e+06  -4.9561733536304e+05  -3.6511835493150e+05   6.8479991178481e+05   6.5461462199585e+05   5.7252523983885e+05  -3.7796131531204e+05  -1.9752972591762e+05   4.1034250142637e+05  -1.3726348353823e+06  -2.5090315218975e+05   2.3261630672144e+05  -3.1911642037755e+05   2.3775109379464e+05   2.0762497843435e+05   4.6355352689922e+05  -5.4328629896102e+05   1.7299720726622e+05   5.6905713156573e+05  -6.7135887280233e+05  -6.1776745369829e+05  -1.7188589291954e+06   1.1463900768366e+06  -1.3489223560559e+06   6.0719928668558e+05  -1.3104712618905e+05  -1.9712869223700e+05   3.1912420017002e+05  -7.4011576000378e+03   1.3146139204583e+06  -2.0208938219310e+06  -4.2141247357295e+05   7.9594787186583e+05  -7.5282355118648e+04   4.8537748685740e+06   1.9309843155456e+05   1.0423964439893e+06   3.3812414165128e+05   3.5076537062159e+05  -9.7244714178140e+04  -1.3205972171093e+05   2.6955258865316e+05  -4.4849299961163e+05   5.0915003280543e+05  -3.2341756672077e+05  -7.8710203433389e+05  -6.4765527402651e+03  -1.0476772381877e+06   1.3199484854411e+06  -6.4413359059244e+05   3.6624105283072e+05   4.3030480563946e+05  -5.5825156018299e+05   1.0980405812000e+06  -7.4345307160673e+05  -1.2013089418887e+05   5.0991147283107e+05  -3.0590525996674e+05   1.0036497359227e+06   4.5641253497402e+05   2.3120410699457e+05  -5.9135754717135e+05  -1.6708801580278e+05  -2.0499453195579e+05   3.0529373299873e+05   1.2303256920191e+05   9.4534786341734e+05  -1.0458314474108e+06   3.6705444220416e+05  -3.6115461853737e+05   4.6292668741758e+05   1.0336387202420e+05   6.0446791889034e+05   7.5517451939263e+04  -7.4478430314116e+05   1.2039223558776e+05  -2.0382058473145e+05  -2.5058600763543e+05  -4.4618193171646e+05   2.8976686608629e+05   6.7706542279845e+05  -4.9853308024266e+05  -7.1233575547609e+05  -9.2910792624992e+05   2.9455787448286e+05  -1.0858305044980e+05  -4.7231990836778e+05  -1.2346492811777e+05   3.9818654719435e+05  -5.1365817922938e+05  -3.8576177559970e+05  -1.8938596585872e+05  -7.6418054459832e+05   1.0177701348619e+06  -7.3854401166583e+05  -9.5348081089688e+04   3.3156965207970e+05   1.2648578689765e+06   9.3647300086457e+05  -1.7532933845741e+05   6.8000383262144e+05   6.8793561637117e+04   1.0230388986037e+06   7.9043049329920e+05   5.0535772197744e+05   2.0632000903353e+05  -1.0942566678171e+06  -4.7103099757595e+05  -1.7239214242455e+05   8.5520437367561e+05  -1.1120917756962e+06   6.6882136330320e+04  -4.6894211528302e+05   4.7437331797007e+05  -2.6565629601310e+05  -9.3445174843258e+05   8.2198286397143e+05  -8.2025753924393e+05   6.3492321687310e+05  -6.0307472150500e+05   3.1281127987855e+04   2.1714754542580e+05   3.2068262346174e+04   2.0304583803788e+05  -4.7279288096681e+05   8.2428731116719e+04  -3.9239872597295e+05   1.1689929722256e+05  -9.3194257889944e+03  -3.6230006878092e+04  -7.2235981871000e+04   3.6754090527382e+05  -9.0425967536319e+04   1.0429776891167e+04   1.7687805563552e+05 
 -7.6027224313153e+04   6.0405199928380e+05   7.5679077175683e+04  -6.1138458335483e+05   2.6519172515650e+04  -3.4310535265432e+05   2.6200967722978e+05  -2.6618119233746e+05   9.6712951730397e+04  -2.8319980041555e+05  -2.8293137368529e+05   3.8998548904630e+04   4.3727443173164e+05  -9.5741251971657e+04  -2.4187954669198e+05   3.6921457874947e+05   3.1325245001146e+05  -5.8686135965898e+05  -2.9445995861033e+05   1.8517963432334e+05   3.8039479088332e+05   2.0581054659922e+05   5.7983005801105e+04   1.3916142508232e+05  -3.6984744446451e+05  -1.7327403450217e+05  -4.8976794469602e+05   3.5626358648889e+04  -2.4289438421346e+05   1.2988403665332e+05   3.4697535490929e+04   4.0181823430949e+05   1.0035163995641e+05   1.6793568822770e+05  -5.6279329105191e+04   2.2959656649115e+05  -2.5554843312948e+05  -3.8571544586228e+05   3.5678434449660e+05  -4.5539320456551e+05  -4.8036171147781e+05   1.3331025566705e+05  -1.1859578139636e+05  -4.5610732930761e+05  -9.1697794442508e+04  -4.4409365828736e+04  -4.7280626255869e+05  -4.5072484225728e+04   2.7586565544575e+05  -2.8062560058337e+04   1.9309843155456e+05   1.4783149385960e+06   8.9869966316473e+05   1.5389821134631e+05  -2.5940384876915e+05   3.9651336978149e+05  -7.2037493195597e+05  -1.3255466490249e+05   2.1755666837877e+05   5.0578795016902e+05   2.3205466401157e+05  -1.2487324465828e+05   2.3001476091601e+05  -7.8540456593895e+05   5.5631151229188e+05  -7.0018747240165e+05  -9.2897597804528e+04   1.3586051588088e+05   7.1867937452191e+05   9.8457791464124e+05   3.6546010100941e+04  -5.0951658532402e+04   1.6708556771698e+04  -2.2760346385748e+05   2.7598515983736e+05  -1.1138000649044e+05  -1.6067688173237e+05   1.7568680721153e+05  -2.6720430142385e+05  -1.4371835724377e+05   9.4815288576693e+05   1.8189642143110e+05   4.9511405222926e+05  -6.5306875302346e+05  -3.5874419737924e+05   5.6060222936834e+05  -6.2760215194180e+05   1.6577921347482e+05   1.8879909194197e+05   9.8867580835043e+04  -3.7973484513769e+05   4.5649021808673e+04   3.7248705275945e+05  -6.2649708243300e+04  -5.9253089028075e+05   5.3820769898797e+05   4.4536237079834e+05  -2.9816097158742e+05  -6.4593127975981e+05  -1.1231938432462e+05   1.1455114809864e+05  -1.6979442276913e+05  -8.1364762694863e+04   2.5687125557313e+05   7.2868274597416e+04   7.8148988539360e+04  -7.9389344029408e+04   7.2151993372326e+03  -2.1743870336001e+04  -1.5193859833211e+05   1.2607981389266e+04  -7.5203245851704e+03  -6.3937454470063e+04   6.2077250245311e+05   4.6147116947381e+04  -4.7520202341177e+04   2.8972111413519e+05  -8.1381715179123e+04   2.7933474180477e+04   2.4505666334887e+05  -2.8189743423492e+05   2.4496885495694e+05   2.0956054562662e+05  -2.9938442429322e+04  -8.5603407878440e+04  -3.2358949717692e+05   5.2198343405831e+05   4.5602693888917e+05  -3.5754710668043e+05   1.6850953999259e+05   2.0851178650581e+05   1.4494460031076e+05  -2.0306449591963e+05  -9.6386266420828e+05  -3.7609772935081e+05  -6.7712552726758e+05   4.7714911606392e+05  -1.5434123224635e+05   1.4941204724491e+05   4.6469239548869e+05   9.0972452170891e+04  -1.1862438532281e+04  -5.6928679080914e+04  -9.9902730661914e+04  -1.8739987010031e+05   6.6473727469208e+04  -3.7780633752105e+05   1.8784391246278e+05  -3.9634232850459e+04   4.1398230629930e+04   1.2930545044299e+05 
 -5.7920046116587e+05   3.9368203636817e+05   4.3051978892342e+05  -1.6617325147234e+06   9.6764147874841e+05  -4.2307722133883e+05   5.8994525315776e+05  -1.3900719427831e+04   3.2415935598378e+05  -1.2014402815915e+06   3.2080173905724e+05   1.4432661774581e+06   6.9568422017348e+04  -3.4705830560072e+05  -4.6504242762772e+05   2.8664591718240e+05   1.1258032123791e+06  -1.4707636264024e+06  -1.9092115502493e+05   9.3077723313869e+05  -6.6380578280090e+05   2.4301740882755e+06  -8.1179997737840e+05  -2.1118380800108e+05  -1.1900623599573e+06  -3.8057748678545e+05  -3.0542029923963e+04  -1.2278542563936e+05  -5.2092440164202e+05   2.3712339760042e+05  -5.8260484400948e+04   8.6716850701741e+05  -2.4067556361354e+06  -1.1934448033955e+05   5.0481797778709e+05   1.2794507771118e+05   1.6049845954543e+06  -1.7040372228220e+06   3.2407558775800e+06  -1.7898527627290e+06  -3.5084687175700e+05   1.2175164727618e+06   2.4331183583246e+05  -2.1162143531784e+04   1.5974673511843e+06  -5.7442313405603e+05  -1.7725144861405e+06   1.7710298363270e+06   2.9108772503180e+05  -1.9872302687613e+06   1.0423964439893e+06   8.9869966316473e+05   9.2568876146307e+06   4.2066686688103e+05  -1.5709580339841e+05   1.0281802577932e+06  -1.3330982308141e+06  -2.1216326352668e+05  -4.2445093608935e+05   6.7031748980672e+05   1.5298983858325e+06   1.9081760779430e+05   1.9222866632988e+06  -2.2504916915446e+06   2.9539227263230e+05  -1.5697490558164e+06  -6.5690983181052e+05  -4.8499729007915e+05   2.0632446361617e+06   1.0958436644077e+06  -3.4867799912421e+05  -7.4893085234598e+04   5.0531920998230e+05  -6.1726005348935e+05   1.5882306747791e+06  -2.1395197177955e+06   8.0354564370495e+05   6.9487853408285e+05  -7.7506269992339e+05  -8.8215667976825e+05   1.8682557545921e+06   5.7100870069567e+05  -6.7620827498059e+05  -7.9936161065072e+05  -1.7808664699988e+05   1.2586917048383e+06  -1.2931457011039e+06  -1.6695490026923e+06   1.0991250338793e+06  -3.7911528984791e+05   4.0605276359716e+05   1.4219914270400e+06  -3.7881344837535e+05  -1.3938355336339e+06  -1.3210181762656e+06   2.3845601903152e+06   1.3989847688709e+06   4.6709347727257e+05  -1.0870862103663e+06  -1.3194556750914e+06   8.2366758352788e+05  -4.4530387922394e+03  -2.1461788089687e+05   8.5199265949889e+05  -5.0881357121935e+05   1.0463828221343e+06  -5.1045057813893e+04  -4.3070986527946e+05   1.9257448015864e+05  -6.6898015251756e+05   6.8935946780666e+05   8.2795732326783e+04   3.1531727561691e+05   2.0958029657769e+06   3.1034414366824e+05  -3.2960779606234e+05  -4.7125042558036e+05  -9.5790007915488e+04   3.3666029154208e+05  -3.1606028009241e+05  -5.2539246268826e+05   9.4927289066393e+05  -2.9929272359207e+05  -2.4139325956477e+04  -8.2915763807586e+05  -5.8565438791965e+05   8.4824507730471e+05   1.6818033090161e+06  -3.2501936787620e+06   6.0559040626118e+05  -2.7343136215911e+05   3.1911599875262e+05   4.0034252590028e+05  -6.8233439797443e+05   3.5630971021282e+05  -1.2606420252173e+06   3.5527648835577e+05   1.5764311857612e+06  -1.4522067324896e+06   8.1060703328736e+05  -7.3447298608033e+04  -4.3162574163855e+05  -2.7680649902885e+05  -4.4625907452188e+05  -3.8695643220631e+04   4.7594149575365e+05  -4.4078496709544e+05   4.9159586707259e+05   4.3954926349602e+05   1.0170760042991e+05   8.5833586062454e+04 
 -9.0015611955348e+05   2.8722648438168e+05   2.3897249017096e+05  -2.3841389793633e+05  -1.0114833782742e+05   1.8432594171000e+05  -4.9666872195727e+05   5.3786113700512e+05  -1.9504399495275e+05   8.9940857162082e+05  -1.9206017674663e+05  -1.1194062694900e+05   1.6034260265739e+06  -8.0919983416595e+04  -1.2583141505893e+05  -8.2179105168951e+05   9.9641731658703e+05   1.0817175947200e+05   9.0635526319138e+04  -1.2568726952704e+06   7.4182268901916e+05  -1.6157226996217e+06  -7.0624734618408e+05  -3.1236545793816e+05  -5.3142284821074e+05   8.4677933220353e+05  -1.4596024103955e+05  -3.4905283679458e+05  -3.2505731566869e+05   4.7763127917225e+04   3.7079368616729e+05   1.8508093056604e+06  -3.8139832248666e+05   5.0598944854826e+05  -7.8038050404207e+05   6.1415238256854e+05  -9.3380617768692e+05  -1.3085022540914e+06   5.3444996350703e+05  -1.2490258848698e+05   4.9213024443049e+05   2.9999538651999e+05   2.3657743189885e+05  -6.3831265775018e+05  -7.0667815924214e+05   5.1371569459015e+05   2.3634740785001e+05   1.1844245746644e+05  -4.4918013647652e+05  -6.6080915436823e+05   3.3812414165128e+05   1.5389821134631e+05   4.2066686688103e+05   4.0037134583309e+06   1.4268092885758e+06  -5.1542184581059e+05   1.8106117850853e+05   7.1134769229902e+05   1.8778936130914e+06  -6.0246708913512e+05   7.8026756060833e+05   6.2555455513037e+05   1.1169836822405e+05  -1.2371020085188e+05  -3.1615022199908e+05  -7.0362434230340e+05   1.3525799584829e+06   7.7342361442553e+05  -9.8649523424270e+05   1.9060275062720e+05  -8.2915820292349e+04  -1.0570722333121e+05   9.0804011241424e+05  -3.9893035083509e+05  -7.5730914332185e+05  -4.6885854092875e+05  -8.4150464481618e+05   1.7574538059097e+06  -9.1063299342047e+04  -1.6448230151590e+05  -1.0686860681204e+06  -5.6296469875369e+05  -8.9965200639325e+05   5.6575108599619e+05   1.0575732412080e+06  -2.0670062207820e+05  -1.1236897716281e+06   6.7772033286890e+05  -3.4269752151006e+05   3.1286240177791e+05  -1.2464175671784e+06   2.0339960339132e+06  -1.7176393773879e+06   1.3596598601972e+05   9.9663789873831e+05   4.3194024256943e+05   2.7353215022525e+05  -1.6511291683950e+06  -9.8669900588975e+04   1.4643457338373e+04   1.0392059582676e+05   5.8729567624229e+05  -2.1820051046988e+06  -2.7874377331123e+04   3.2768129511081e+05  -6.7456608019517e+05   5.4381719586602e+05   6.5069661135812e+05   1.2609795323427e+06   1.0455702586276e+05   1.1252128138795e+06   1.5559244483605e+06   4.7457783093672e+05  -1.7296503398686e+06   4.7055986249179e+05  -1.0916457817961e+06   4.6429297056523e+04   1.7447782904337e+04   4.2279991545462e+05   3.9074884856562e+05  -5.1771705299379e+05   1.8352610803880e+05   5.5044929019109e+05  -1.1553895058018e+06  -1.0816603865389e+06   1.5839614992693e+05  -2.8587785300896e+05   3.1003308451555e+05  -6.2260082556855e+05   7.0782730443243e+05  -6.2163457736477e+05   1.1548488736701e+06   1.2414761858386e+05  -9.4117981132069e+05   1.2346018816482e+05   4.7111454063983e+05   4.3325257327662e+05   4.0484755884158e+05  -7.3364283176399e+05  -4.1987198464134e+05  -3.3817472775983e+05   1.3357966343604e+05   1.4076762373299e+05  -1.6303392826218e+05  -2.4628025378796e+05   2.3399258339839e+05   1.4956548000816e+05   1.9951094197239e+04   6.6839404713119e+05   6.2053263390819e+04  -3.9982094046915e+05 
 -1.6799145456975e+05  -3.7525565102123e+05   3.2668391928112e+05   1.1468628794105e+05  -1.9162492702406e+05  -2.5856789672352e+04  -9.8035443528592e+04   1.5515288991341e+05   1.7797098432691e+05  -7.3635806906600e+04   6.0751471881136e+05   1.8889162716881e+05  -1.0097712993337e+05   6.4225989730681e+05   8.0925311678251e+04  -3.4991242458540e+05   1.1043597689607e+05  -1.3772331741546e+05   1.6555657323134e+05  -4.2129372734565e+05  -3.4479413624789e+05  -1.5280454285246e+05  -2.3688941607907e+05  -4.7378778496839e+05   3.0150254489268e+05   6.4205220042302e+05   2.7039449340018e+05   5.9829355699794e+04  -6.7378489027516e+04   8.4990940418389e+04   5.6453655540781e+04   2.9246757308420e+05  -1.8454077499424e+05   1.1410016880939e+05  -1.0652097097429e+05   2.2671164862038e+05  -2.0129389787820e+05  -7.8483226073591e+05   1.1964084268795e+05  -1.8864162366319e+05   1.1968831981329e+06   8.4229840856232e+05   1.5018210549233e+05   2.7613611502207e+05   2.7442983919642e+05  -1.1001219276452e+06  -7.6113223558793e+05  -7.4219330487902e+05  -1.9377164326785e+05  -3.6980814534745e+05   3.5076537062159e+05  -2.5940384876915e+05  -1.5709580339841e+05   1.4268092885758e+06   2.5543646341301e+06  -2.4204217381071e+05   8.4402476057411e+04   5.1693574598357e+05   7.1138501606676e+05   7.5356701757145e+04   1.8480690867534e+05   9.6387183827771e+03   5.8472959907401e+05   7.8498571253679e+05  -1.4114586904840e+02   2.3213976325805e+05  -2.4395190876944e+05   7.3762010009357e+05   8.3068638167897e+04  -5.2367860524441e+05  -1.8538391979550e+05  -4.0348495110826e+05   6.5153849377099e+05  -8.4985625813146e+05  -6.4074637566840e+04  -1.1517867430597e+06  -1.7751594858198e+02   1.6303579107412e+05   9.5804753801241e+04  -2.3877293938203e+04  -2.8942139889434e+05  -4.9550351837442e+04  -8.1504806777883e+05   8.8107781951890e+05   5.1363690339407e+05  -1.6513818028847e+05   7.4372905536097e+05  -1.7019617501242e+05   5.0051897080320e+05  -4.1392943266254e+05   4.1172277853705e+05   1.0929835577410e+06  -1.2889265761232e+06  -7.5819058783788e+04   1.1969360487684e+05   4.4147940078508e+05   3.8479176655848e+05   4.4045205500547e+05  -3.9613314075689e+05  -6.6406138986551e+05   5.0096444040558e+05  -3.9501324304864e+04  -8.8014880697483e+05  -5.4351583644170e+05   6.4597673447255e+05  -1.2718028271847e+06  -5.9806920464716e+04   2.2874974755227e+05   6.7970241562125e+05   2.1275527849845e+05   3.0729598136882e+05   3.7005520914130e+05   3.2451526437620e+05  -5.5371681393682e+05   3.8050368819688e+04  -1.8569612286831e+05   3.5140776629017e+05  -1.8996751514085e+05   5.2611586254767e+05  -2.6070496428960e+05  -1.2187805559698e+05  -7.5150137883792e+05  -3.4253017620944e+05  -5.2215270379436e+05   1.2441770759230e+03  -1.0731496890147e+05   9.6120827127249e+04  -2.6008907748943e+05  -1.8478551313058e+04   7.4599227478734e+02  -3.3605491541765e+05   2.8430082969720e+05  -1.6483595496281e+05  -6.6222843388588e+05   6.7752240980482e+05   6.1965702993517e+05   2.0690365381501e+05  -1.7556502794853e+05  -9.3636725816495e+04  -3.8105851282753e+05  -2.3817642168857e+05   1.4233230337372e+05  -1.0583894293911e+05   6.0799357458620e+04  -2.6658423638581e+04   1.6114108281875e+04  -1.1241789204672e+05   6.9408716444568e+04   3.3469329168840e+05  -4.2838976918457e+04  -2.6680032453057e+04 
  3.6207112470247e+05   1.7112904544380e+05  -1.6659819674082e+05  -7.5455425070253e+05   5.1422175465390e+05  -4.2828162182590e+05   2.7867888392254e+05   4.6812445330286e+05  -3.1079022866435e+05  -6.1239924803593e+05  -1.8850187419497e+04   3.5509805606073e+05  -1.7905485202483e+05  -1.5852617796714e+04  -2.8328241471957e+05   3.9758550741119e+05   5.4061590306272e+05  -4.3726239634377e+05  -2.6784114644500e+05   2.1875500044329e+05   2.4054068983177e+05   7.2328099014131e+05   1.0024041726140e+05  -8.2083148806795e+04  -3.0257172263026e+05  -7.6858639310909e+04   1.3645530450085e+04   1.6297053568175e+05   4.6898421080552e+04  -9.9758344236797e+04  -9.1912718459765e+03  -4.9327633799946e+04   3.9937462062442e+05   4.8229964865594e+04   6.4583056044382e+04  -1.8737164325321e+03  -1.9718876717193e+05  -2.5026610536078e+05   5.2925129661445e+05  -2.7218152980970e+05  -5.6314036127562e+05  -2.5666787036469e+05  -7.0025400127289e+04  -5.0881393214177e+05  -6.5322981828265e+04  -7.1942839482139e+05  -2.8304643637825e+05   3.3326862172138e+05   4.9354809581451e+05  -6.8761397236356e+04  -9.7244714178141e+04   3.9651336978149e+05   1.0281802577932e+06  -5.1542184581059e+05  -2.4204217381071e+05   2.0912706063938e+06  -1.7441034639280e+06  -5.5951672592669e+05  -6.2794971691426e+05   2.8671841120282e+05  -8.7167592452758e+04  -3.6557473033488e+05   3.2084700199866e+05  -5.6597907668698e+05   7.2521319167593e+05  -3.2493490067488e+05  -3.9640017050898e+05  -4.9247728652832e+05   1.1366625460100e+06   2.4805569166545e+05   1.4004887854141e+04   5.5861114986645e+03   4.2048459645741e+05   1.0896461133936e+05   6.8215180472490e+05  -7.4339511076693e+05   2.2357707240105e+05   5.9695664412801e+04  -4.4663918261678e+04  -7.7641154156296e+05   7.0044271987021e+05   7.0693452532657e+04   1.4315855955966e+05  -9.3020415391144e+05  -5.7267562829922e+05   4.6298690769873e+05  -3.7746861981809e+05   1.8172787683838e+04   1.1193315907169e+05  -2.0719482166721e+05   2.1452447538364e+05  -2.2909808769629e+04   4.1479785884912e+05  -7.5063121733228e+04  -9.6738287937644e+05   1.0778190753160e+06   5.1369975128245e+05   1.8221404345043e+05  -1.0487984111201e+05  -1.6316816393926e+05  -2.1717583438826e+05  -2.8591591508758e+05   6.0564929297746e+05   6.3004745802829e+04   4.1018107718170e+04   2.8805350260609e+05  -1.8567101993837e+05  -8.1991980825457e+04  -1.2374142137524e+05  -5.9987176152809e+05  -8.5150652996513e+04  -3.9918282379665e+05  -3.6806953967518e+05   5.6207655046664e+05  -3.2907430844670e+05   3.9618365698067e+05   1.8996854578080e+05  -1.2306069519938e+05   5.0879754295841e+04   6.1941281402723e+04  -2.2079529994212e+05   1.3071607636556e+05   1.4691129764797e+05   8.3948965509437e+05  -4.7017403124192e+04  -3.8946189674628e+05   1.6218816456889e+05   2.7302399005915e+05   8.8886308601280e+04  -2.2645102355816e+04   1.8332173400943e+05  -4.0684903280482e+05   2.7923331231620e+05  -7.9129732608395e+04  -8.9997932249509e+05  -5.3295781186863e+05  -6.6105380681543e+04   1.9245572976723e+05  -1.7328936246400e+05   3.7785386316169e+05   3.1701204379834e+05   2.1385378124475e+05  -1.2963927242568e+05  -1.3117321158909e+05   3.5661673647333e+04   1.9766104670056e+05  -2.3916549246457e+05   8.2378123193561e+04  -1.3933968448675e+05   9.7308570565594e+04   5.4844316616701e+04 
 -5.7572958917452e+05  -3.2586653851575e+05  -4.4400652477418e+04   9.6602884236517e+05  -4.2380318352747e+05   7.2709431945602e+05  -2.5754172211689e+05   7.6887981694374e+04  -2.1047370076145e+05   1.0428828396206e+06   2.4394363597400e+05  -1.8654263796924e+05  -2.0281282474582e+05  -2.1569536041769e+05   2.0357429476668e+05  -4.8936603523917e+05  -7.0629443864086e+05   3.7666537986046e+05   3.6523258883561e+05  -5.4472605938767e+04  -5.9950348705923e+05  -5.7039438880978e+05  -9.7170792849386e+04   1.2346437149071e+05   6.6624966927159e+05   1.7095346052581e+05   1.9728699977281e+05  -2.6666153194009e+05   2.1925365152171e+04  -7.8088160872504e+04  -8.9056500970313e+04  -5.1719174200432e+04  -2.1943898457786e+05  -9.2974916210799e+04  -1.1304666273131e+05   8.2010751602679e+04   2.2757834584601e+05   5.0655087777604e+05  -5.1422956786721e+05   3.3238773509492e+05   4.8041179737832e+05   2.1481783591651e+05   2.8186715868819e+05   4.6051528513039e+05  -1.2041325368521e+05   5.6401532538042e+05   2.5496303569328e+05  -1.8505536758652e+04  -6.2147946093487e+05  -1.6577766731623e+05  -1.3205972171093e+05  -7.2037493195597e+05  -1.3330982308141e+06   1.8106117850853e+05   8.4402476057412e+04  -1.7441034639280e+06   2.2004088867821e+06   6.1901825693432e+05   3.9257202632321e+05  -7.8516334130690e+05  -2.0463204809741e+05   1.0086694827061e+05   1.9135025946674e+04   6.0031443071015e+05  -7.1177154715409e+05   4.1991877927743e+05   2.8300058506096e+05  -2.3475711902034e+05  -1.4030371233431e+06  -6.5464632161333e+05  -3.3230899807255e+05   8.7107447491916e+04  -4.6786874181343e+05  -1.5664263527782e+05  -4.7628938819829e+05   1.1214891326801e+06   2.9675891815182e+05  -2.0770990762701e+05   1.8803586331585e+05   7.4870094483256e+05  -8.9915746380149e+05  -2.3997838408825e+05  -2.7832097653180e+05   7.3553713177211e+05   5.1497730504052e+05  -9.0597470870066e+05   6.9375089573390e+05   4.5757378089546e+04  -1.3058732143872e+05   7.9487257064166e+04  -3.2938534350545e+05   1.4082688072751e+05  -5.2286450108184e+05   1.7495890586230e+05   1.3502748668697e+06  -1.0871136735932e+06  -7.9037589285614e+05   2.8254968694341e+04   2.0204434942546e+05   2.3266867975244e+05   1.3501447158584e+05   3.0122934023969e+05  -5.0668254216878e+05  -3.7758291804942e+05  -5.3283430737579e+04  -1.5514153124545e+05   2.8763496715006e+05   2.4699441859585e+04  -3.8277816449628e+04   3.5083370019187e+05  -8.3968767697446e+04   2.2963698011267e+05   3.4892969678201e+05  -1.0236914958552e+06   1.0358849228280e+05   6.2565711192983e+03  -2.1850325806780e+05  -3.9638042505627e+04  -1.3270267091237e+05  -1.4909914937007e+05   3.8149869625062e+05  -5.8650550373853e+05  -3.5569949010169e+05  -4.6601308276755e+05   2.6737178783126e+05   7.1595248820384e+05   1.4138459824233e+05  -2.3948969573993e+05  -2.5299050922669e+04  -1.5220409310649e+05   7.3859107790239e+04   2.2747451270619e+05  -6.9858482569359e+04   5.6941658507558e+05   8.9361615605542e+05   5.3796476963142e+05  -4.2217057593920e+05  -1.4617095541331e+05   5.2476957665202e+04  -4.0094599335283e+05  -1.8487633451450e+05   4.4727134827923e+04   1.4702323024982e+05   1.8939725582817e+05   6.4389146624145e+04  -2.7721729979599e+05   5.8703435024997e+05  -2.2359092273494e+05  -2.1820539730076e+04  -3.4325047385972e+04  -1.1550322534560e+05 
 -5.2304764136888e+05   3.3263293276540e+05  -1.1514579712832e+05  -4.0725870461667e+05  -1.3308277292368e+06   1.0520299529087e+06   1.0051528119639e+06   4.7779357560914e+05  -7.0339449130894e+05   6.8107555497207e+05   2.8547454289281e+05   1.6871621154320e+05  -7.4472659776713e+05   4.3985592607136e+05   1.4178819901852e+05  -4.2193695680523e+05  -2.0312695909546e+06  -3.6298951947129e+05   1.3866436491911e+06  -5.1082440108639e+04  -1.0588005236396e+06  -8.1848684140630e+05   1.9889872570663e+05   3.4487869466685e+05   7.3675152654232e+05  -2.7884843617490e+05   8.5547516146588e+05  -2.0240943907380e+05   1.1342864350726e+05  -3.5098403571330e+05  -3.6146156266008e+05  -6.9459412816454e+05  -8.2740754840906e+04  -1.9776760606263e+05  -8.2099461895862e+05   3.1140676202985e+05   7.4063660428567e+04  -7.3695658371904e+05  -5.9419404302062e+05   4.4556714392280e+05   1.7452603035064e+06   1.5538305513372e+06   2.6475024367550e+05  -7.7840616558118e+05  -6.1015643011256e+05   7.3945063764374e+05  -6.5771304824629e+05  -4.9171870380280e+04  -8.3873868362552e+05   7.1605990941646e+04   2.6955258865316e+05  -1.3255466490249e+05  -2.1216326352668e+05   7.1134769229902e+05   5.1693574598357e+05  -5.5951672592670e+05   6.1901825693432e+05   4.4228076659894e+06   1.5324862815109e+06  -1.0071798976244e+06   9.0590796469264e+05   3.6340972791442e+05   1.0318589800322e+06  -4.9123013115238e+05  -1.2300993120402e+06   2.0438897972854e+05   8.7802368775722e+05  -7.3282347111436e+05  -2.0111588328367e+06   2.8182981351829e+05  -5.2845331917198e+05   3.1710724500152e+05  -6.3653090030972e+05  -9.2502411465098e+05   8.0503434166292e+05   1.5591587399840e+05   1.7770077981399e+05   1.2980548645463e+06  -4.2455181287189e+05  -2.7725759248851e+05   9.8886147905031e+04  -2.1755281541920e+05  -5.4350127313502e+05   1.0278390331185e+06   8.4885483435224e+05  -2.9890654453417e+05   1.4185186398410e+06  -1.1319569290779e+06   1.6651415551078e+05   2.6913952999506e+05   1.8511840381205e+05   1.1555768012054e+06  -9.6755223585384e+05   3.0404166592623e+05   5.7741972684548e+05  -1.0162535682301e+06  -4.1098880624685e+05   1.8417256606520e+06  -8.1932822015461e+04  -6.5238923227661e+05   3.8795357269477e+05  -1.5454992847745e+05  -1.5154432979497e+06  -4.8689184057108e+05   8.4217222926308e+05  -6.1008395299034e+05  -3.0021777314623e+05  -8.8381553428077e+05  -5.6336611259586e+05   7.8623257107298e+05   5.2131602790671e+04   2.4385628001260e+05   6.1427035466091e+05  -1.5006003344477e+06   9.0406211766419e+04   7.5076930959363e+05  -1.1830568979000e+06  -3.8967949499923e+05  -3.1850664411570e+05   4.1780389439402e+05   1.5954053249860e+06   4.4051364270995e+04  -3.6711947112263e+05  -5.7398638758448e+05  -7.1251647621585e+05   1.2477771063191e+06   5.0427536929573e+05   3.9094940475095e+04  -1.5992441820107e+05   3.8830066366343e+05   1.6930052581071e+05   6.8417924641532e+05  -1.0406166895345e+06  -2.4089884955603e+05   1.4303501018226e+06   1.3340110678680e+05  -1.1457760383951e+05   1.6605151028520e+05  -5.7072776036932e+05   1.0562165925448e+04  -2.0514340692173e+05   6.7678068023994e+04   3.0892503016198e+05  -3.1458014115919e+05   1.5349951723360e+05   3.2708280941609e+05   4.9698928076336e+05  -3.6886640850646e+05   3.4859164126220e+05  -1.2552403127142e+04  -1.8848094941138e+05 
 -3.1709811863265e+05   3.6162355658761e+05   1.5055293359836e+05  -2.7350534376410e+05  -1.5413966370182e+05  -1.4642925244855e+05  -3.9004980309241e+04   3.2514569578532e+04   5.6077672840831e+04  -4.7103556417883e+05   7.1618737108210e+05   7.2211987874534e+05   1.4288642613917e+06  -3.3350982315910e+05   3.4148751153505e+05   1.3554545428026e+05  -7.4598517655108e+05  -3.5139303782566e+05   3.3708855536971e+05  -6.4202479460664e+05  -1.0182380741327e+06  -3.1272932653283e+05  -1.2459110978945e+05  -3.9932623992267e+05  -1.2182341822616e+05   8.1162578375408e+05   4.2284122428827e+05  -9.9875766724299e+04   1.6454830407853e+05  -2.0546858082964e+05  -1.2270400008527e+05  -2.1856558676727e+04   1.0930635187602e+06   1.1681305410667e+05  -1.1888815199805e+06   9.2037243566435e+05  -1.4179893512969e+06  -7.6128280909222e+05   7.9691840790071e+04  -3.5566418140007e+05   1.8280064357076e+06   6.8263865768683e+05   4.7451566748093e+05  -6.2398835354871e+05  -1.7653545390305e+05  -8.4708793168160e+05  -8.2447490486455e+05  -3.0301294795414e+05  -5.8994032893905e+05  -3.0564186498592e+05  -4.4849299961163e+05   2.1755666837877e+05  -4.2445093608935e+05   1.8778936130914e+06   7.1138501606676e+05  -6.2794971691426e+05   3.9257202632321e+05   1.5324862815109e+06   3.9172264182716e+06  -7.6827749887847e+05   1.3456987623759e+06   8.4564423171078e+05   4.7957055592317e+05  -2.0994047943611e+05  -1.9788965370420e+06  -8.4858494388199e+05   1.0526484773936e+06  -1.0451957491790e+04  -4.4971588454898e+04  -3.5769776398076e+04   2.3818408885984e+05  -1.8868280712944e+05  -3.9881315925707e+05  -1.5082959936685e+04   2.0612042907336e+05  -1.3803381252094e+06   2.0328169659004e+05   1.4251829950968e+06   1.1172001220995e+05  -1.4546260736038e+05  -8.4670999453917e+05  -3.7031077032843e+05  -1.0163568717608e+06   1.2492022805627e+06   3.7277824070922e+05   3.7100907218454e+05  -1.6488098678845e+06   4.3270612210951e+05  -5.1481587001920e+05   1.2816616073335e+05  -5.9505195456514e+05   1.4214804726642e+06  -9.2757503578457e+05   2.2014675078483e+05   1.2413671923885e+06  -6.9617337696940e+05  -3.8357224939891e+05  -6.3099510832309e+05  -2.2905332600944e+05   3.3986074358837e+05  -3.1703302789362e+05  -1.0088368103212e+05  -2.0590090394740e+06  -4.6110948353526e+05   7.9804686660195e+05  -8.8230423493209e+05   4.9425627805632e+05   7.4589046052511e+05   1.7162540148950e+06  -2.8616832471326e+05  -5.0268968256201e+05   1.5134164574061e+06   1.3438581832726e+06  -1.1428002670174e+06  -2.2264241684275e+04   2.5960063324546e+05  -5.6506958631537e+05  -4.7234103504473e+05   1.2064141683067e+06   2.6761277981994e+04  -5.9403953775894e+05   2.6124256765431e+05   1.0817735911440e+06  -7.2346876107540e+05  -7.3271204911654e+05  -8.4157698663247e+05   5.7815098652093e+05   1.6378667806132e+05  -6.1570764820832e+05   3.2107222388441e+05  -3.2718874445899e+05   1.1519256300719e+06  -3.9440767914540e+05  -1.0914883564988e+06  -2.0037485877504e+05   9.0066349224648e+04   3.7518319097883e+05   2.6436496850570e+05  -2.7260420234276e+05   7.1485648863851e+04  -7.3311143263479e+04   3.5782540707985e+05   9.0677660332272e+04  -3.2105122369356e+05  -7.9375923018151e+03   1.3582479593129e+05   3.0229407759934e+05  -2.3104554719009e+05   2.4701700421467e+05  -1.5949034445811e+04  -1.6103906044397e+05 
  2.5247605395970e+05  -2.7944515294765e+05   1.7757011889657e+05   8.3910379725766e+04   9.9562329512172e+05  -5.3725826834350e+05  -3.8252506078397e+05  -4.5429343005569e+05   6.3367026884908e+05  -1.5919019764161e+06   2.4056525711102e+05   2.5922871447315e+05  -5.8099627087256e+04   4.6350131474387e+05  -3.4360770367945e+05   8.5260400289405e+05   9.6337702056133e+05  -2.5698108175469e+05  -4.1043088297161e+05   6.8381967953872e+05   3.3734679604224e+05   1.0283284856136e+06  -1.1130269876446e+05  -1.1601048619226e+05  -5.3493600785725e+05   1.7101489381876e+05  -6.5882128786290e+05   7.5519700972091e+04   1.3524654517743e+05   6.3335308055782e+04   9.8048406191234e+04   3.3948911624272e+05  -6.8791560388352e+04   1.1092126864938e+05   5.4927899221824e+05  -3.9574153522063e+05  -1.5220315963516e+05  -8.5039880582771e+04   6.2204668118997e+05  -2.3080112449923e+05  -3.8058857393451e+05  -1.8772296748930e+05  -4.3299913269352e+05   2.4114578854558e+04   4.8371325250864e+05  -9.9536419540268e+05  -5.4158753425445e+05  -7.4407937982617e+05   4.3800018384584e+05  -2.6195657263143e+05   5.0915003280543e+05   5.0578795016902e+05   6.7031748980672e+05  -6.0246708913512e+05   7.5356701757145e+04   2.8671841120282e+05  -7.8516334130689e+05  -1.0071798976244e+06  -7.6827749887847e+05   3.4948175666412e+06  -9.8342918136787e+04  -4.7431351429121e+05  -1.9718220301359e+05  -3.3128105692842e+05   7.9169664448273e+05  -2.0993676841930e+05  -9.0884773068944e+05  -2.1273054082480e+05   1.9636381087412e+06   6.0860711193061e+05   8.8960603665158e+05  -3.6767605945093e+05  -3.9174178343575e+05  -3.8527389876073e+05   4.4307932819602e+05  -4.8960336979988e+05  -4.9226917189448e+05  -8.5878005332629e+05   1.6668928148210e+05   4.2302824793407e+05   4.8171047893646e+05   3.2752004101188e+05   6.8556328726107e+05  -7.0298930897203e+05  -7.6861700904275e+05   3.4122517230955e+05  -3.5294261552477e+04   9.8420556794442e+05   9.3810878986877e+05   3.2481820905848e+05  -2.8032243881694e+04  -4.7270605829815e+05   4.6441317510495e+05   8.8498270152038e+04  -1.3462726268004e+06   7.0876462262672e+05   5.9321954300934e+05  -9.7846051137927e+05  -1.2358534419075e+06  -4.8786432826162e+05   6.9245651035167e+05  -4.2251405221139e+05  -6.0395668106984e+04   6.4064619988313e+05  -2.9243626302193e+05  -2.4682401792274e+05  -8.8603700668370e+04   8.6610543771448e+05   4.0288499141923e+05  -3.5095588474630e+04   3.3019739727144e+05  -6.9028505995522e+05  -4.1787478644747e+05   1.3351196315759e+06   5.5849533862147e+04  -2.8411591023457e+05   7.5695197116600e+05   9.1111525665483e+04   6.8535034937094e+04  -2.7350747875357e+05  -2.9638012964548e+05  -1.0246635807989e+05  -1.0761253362201e+05   2.8274992038518e+05   6.2994012601760e+04  -1.0032970585577e+05  -2.3860191856564e+05   3.7827552462140e+05  -7.3561661929204e+05  -2.9971344184395e+05  -3.1577069114840e+05  -4.4439629058987e+05   2.2313224361912e+05  -7.6129635755894e+05  -2.7481725837163e+05  -7.3391027385309e+05   4.3404394848462e+05  -7.1131184772175e+04  -4.9761589494103e+04   6.6304222522693e+05  -2.0945597624282e+05   2.1651709284555e+04  -3.9719125377733e+05   1.0471152651225e+03  -2.4787658482982e+04   9.2582624919366e+04  -4.7698275520888e+05   3.8425903352043e+05  -2.7244914229893e+05  -4.7871132424478e+04   3.3577128496275e+05 
 -3.7395547220268e+05   2.6304148541087e+05   1.2098660438657e+04  -5.1994764292424e+05   4.2436821566086e+05   9.3831277841114e+04  -1.1378735792755e+05   1.0428702817025e+05  -3.4075384657494e+04  -5.9937533142682e+05   6.8587534977876e+04   9.9465214313247e+04   2.5250878048252e+05   4.7569986977513e+05  -8.8578842243010e+04   2.9505986241478e+05  -5.7718989602578e+05   3.9626049211107e+05  -7.9767273800756e+04  -3.4792943346963e+05   5.1329605847098e+03   5.6635078883324e+05  -1.5051780328035e+05  -2.9524136917425e+05   1.4269060442906e+04   8.0945637946073e+04  -8.0655934193020e+04   2.5013380289188e+05   1.1893573021986e+05   1.9163217374482e+05   5.2794325572469e+04   1.5334519739914e+05   1.8357324838695e+04   2.7959802740101e+05  -7.5037079750445e+05   2.7217469227666e+05  -4.1847695952607e+05  -2.4684360152331e+05   5.6322024322611e+05  -1.1114542924368e+06  -1.4182293189332e+05   3.9395128575745e+05  -3.9680271381189e+05   1.6923913136658e+05   8.1959598743175e+05  -6.2664322223716e+05   2.6896106385511e+05   9.7672404375033e+05   3.6791215660293e+05   1.1042065249567e+05  -3.2341756672077e+05   2.3205466401157e+05   1.5298983858325e+06   7.8026756060833e+05   1.8480690867534e+05  -8.7167592452758e+04  -2.0463204809741e+05   9.0590796469264e+05   1.3456987623759e+06  -9.8342918136786e+04   2.4832848112217e+06   1.2680245101429e+06   3.3342308852348e+05  -5.1751500474233e+05  -3.3372460949749e+05  -2.2871277461574e+05   2.3614315438218e+05  -1.1884119887155e+05   3.9614988390154e+05   2.6878110621259e+05   2.2123838783025e+05   1.9142166551928e+05   1.1248723764831e+04  -2.5950146574173e+05  -2.8561250524270e+05  -1.7259349316135e+06  -2.1615353372558e+04   1.0780732742018e+06  -2.7233802107316e+05  -3.1794613737990e+05   5.7290746380594e+05  -1.0048727464357e+04  -9.1931455274183e+05   5.0368432676156e+05  -1.1159516627555e+04   4.8758292041023e+05  -1.2216959157770e+06  -4.5510474696357e+05  -1.5475528538235e+05  -4.3731335786171e+05  -3.2211673439719e+05   7.4644529309873e+05  -1.6768848830923e+05  -7.4309553338286e+05  -2.2058295533610e+05   1.0778153848781e+06  -4.2656597725651e+04   6.8333509167701e+05   1.9160476363960e+04   1.3692886619486e+05   5.9574926893945e+04   2.5873940871076e+05  -1.4502134611217e+04   1.1754141217075e+05  -1.2426189109238e+05  -3.7544095843094e+05   1.1998751904741e+05   1.4452530829736e+05   8.9379396377412e+05   2.5140581148300e+05   7.2854342479464e+05   8.6200839669236e+05   5.1041318745448e+05  -9.1859743539473e+05  -1.6306222213557e+05   1.0440846479718e+05   4.7757311310415e+04  -3.0087283467765e+05  -2.4990049449526e+04  -3.1654421676306e+05  -1.0262908099127e+06  -4.6681183187856e+05   5.4828773466515e+05   9.5017039728254e+04   2.8336403567851e+04  -6.4912861000892e+05   5.5606412221981e+05   4.3623136748059e+05  -1.0004144081987e+06   4.3698435473231e+05  -9.2865708214710e+04   8.8506904431167e+05  -4.7104164621013e+05  -5.5022904382001e+05  -1.4233140935338e+05  -3.4849959073034e+04  -6.1988738014177e+04   8.5003501209571e+04  -1.4306941060144e+05   2.6885829208966e+05  -2.1275052458547e+05  -7.1290521994048e+04   1.8879381658020e+05  -1.9055283262097e+05   3.4340519542402e+04  -9.1381513013646e+03   7.2379400915368e+04  -8.3225852105218e+04   3.8743197769616e+05   1.7809761107898e+04  -1.1965344145364e+05 
  9.8487447810424e+05   9.5094404908699e+03   2.6141741583382e+05  -2.6982125418107e+05  -8.5515502312555e+05  -4.8699235381285e+05   2.6954663443837e+05  -2.3399658322091e+05   3.3330012487139e+05  -2.0397068209691e+05   1.0472427950935e+05  -6.9803964897094e+05   2.6336992168325e+04   1.0604328186998e+06   3.7018455183822e+05  -7.7685260287923e+04  -4.0341603335001e+05   3.8737070614963e+04   3.9052898201242e+05  -6.7260805673801e+05  -2.9851313763204e+05  -7.1314438409266e+05   8.3579014654110e+04  -2.7344897620030e+04  -6.1751062579498e+05   3.9802938589636e+05   3.8922584476661e+05   8.0770848678353e+04   1.5249560339164e+05  -4.5376503069674e+04  -3.3966178857105e+04  -3.9147298604378e+04   9.3589407243351e+04  -2.3732107226498e+04  -4.1883941268226e+05   3.3559757990536e+05  -6.7481660253780e+05  -2.8382449394580e+03  -4.0722815235080e+05   6.4161757418393e+04   9.3528732349378e+04   4.4094176343948e+05  -5.6678509249977e+04   1.8290652470163e+04   3.7203797342512e+05  -1.3502669142936e+05   1.0819319785428e+06   6.5461934430012e+04  -2.6010904560319e+05  -1.4620995386511e+05  -7.8710203433389e+05  -1.2487324465828e+05   1.9081760779430e+05   6.2555455513037e+05   9.6387183827778e+03  -3.6557473033488e+05   1.0086694827061e+05   3.6340972791442e+05   8.4564423171078e+05  -4.7431351429121e+05   1.2680245101429e+06   1.8807528333774e+06  -8.3498397129946e+05   2.6167193316672e+05  -4.0448728610154e+05  -5.5124921345165e+05   1.3008889880876e+05  -1.0624065775890e+05   3.4167362159408e+05  -4.9391540529982e+05   4.5790128208773e+05  -2.0669722653508e+04  -4.4948989306176e+05   5.3511872106000e+05  -5.8034803283745e+05  -7.3603715453042e+02  -3.0988089096537e+05   6.2068392980216e+05   6.6421892239861e+04   1.5560365963048e+05  -6.7076348423627e+05  -1.9857640346258e+05  -7.9406060431302e+05   5.1250858053934e+05   7.3864169714016e+04   9.5521199125377e+04  -1.2977220304217e+05   1.7800089494723e+05  -2.3783389551895e+05  -5.2716849542866e+05   8.6400130390543e+05   1.9712615326928e+05  -1.5916832365865e+05  -3.1833111091195e+05   5.3673478461226e+03   7.9094039762961e+05  -2.0581323901083e+05   6.9883634340114e+05   6.9114206561250e+05   3.5526356305211e+05  -2.7958475230309e+05   6.4621367156140e+04   5.4301428341519e+04   3.1596290801175e+05  -1.3276697170189e+05   1.1886655083899e+05  -1.0298367023423e+05   8.9476478778533e+04   5.7298085682140e+05  -1.0802495427379e+05   5.1089774704608e+05   3.3125907670451e+05  -2.5331853018986e+04   2.7869233153013e+03  -2.9811835200345e+05  -8.3385987446245e+05  -2.7436855822372e+05  -6.8804058836718e+04  -5.5145930580547e+05  -5.9320322177331e+05  -5.6010365617035e+04   5.6889579431981e+05   5.0092326117659e+05  -3.7904519847943e+05  -8.2879255103733e+03  -4.2973025582164e+05   3.3640198001299e+05  -2.3480297580436e+05  -2.1576920775100e+05  -5.4603974761648e+04  -3.4122287838175e+05   8.1237211123366e+05  -6.4556920269571e+05  -3.6729120956265e+04  -2.7146975610027e+04   4.0074763231373e+05   2.5143333739895e+05   5.4251305285249e+05  -3.0761482095550e+05  -1.8482206748066e+05   2.7787278690115e+05  -5.2691198211907e+05   2.1904937125192e+05  -1.5929524648924e+05  -2.4210405190272e+04   8.6301568392452e+04   5.5731028542265e+04  -1.7471913255661e+05   3.6506281836308e+05  -2.6529633217769e+04  -5.4895915980596e+04 
 -1.3037834035728e+06   8.0220904967940e+05   3.6356643032357e+05  -1.0808452038841e+06  -7.6591996428897e+05   1.1076469539049e+06   4.3118648824114e+05   9.1534813891824e+03  -2.7120679923417e+05   2.4202658485347e+05   7.5857179053509e+05   1.0392128773270e+06  -9.9808526752376e+05  -7.4502065911595e+05   1.1882771149743e+05  -5.9122131298978e+05   7.7504538966067e+05  -1.6055772493194e+06  -7.6733872868310e+04   1.6620632618149e+06  -1.2221079903171e+06  -1.6346175923803e+05  -5.1811575849080e+05   4.3275684790358e+05   5.3912994651338e+05   9.8743730519673e+05   3.0257256022158e+05  -9.5174001373749e+04  -6.8720409296170e+05   5.0132263540902e+05  -1.5516326382077e+05   4.0500146856629e+04  -1.0190087977034e+06   2.4891623175338e+05   1.4993422077509e+05   4.6090707190566e+05   9.2819263601817e+05  -4.5797514230726e+05   1.5824841141850e+06  -4.9428491276454e+05  -6.4798498441400e+05   6.7731793121754e+05   2.7395358500394e+05   3.3010823753856e+04  -4.8559895865163e+05  -1.1803133951905e+06  -1.0012589284470e+06  -1.8326504253117e+05  -3.0268529339619e+05  -7.3980904109005e+05  -6.4765527402636e+03   2.3001476091601e+05   1.9222866632988e+06   1.1169836822405e+05   5.8472959907401e+05   3.2084700199866e+05   1.9135025946675e+04   1.0318589800322e+06   4.7957055592317e+05  -1.9718220301359e+05   3.3342308852348e+05  -8.3498397129945e+05   6.0118585900893e+06  -5.2314067535944e+05  -5.7342762248541e+05  -6.4309348420837e+04  -9.1740659511929e+05  -4.3685570001009e+05   3.5666672607833e+05   5.7800824886659e+05   3.1843620004232e+05   4.7910655811511e+05   2.5569262231341e+05  -2.0665933626561e+06   1.0312774490161e+06   3.6178028717366e+05   2.2235111286259e+05   1.5078515062781e+05  -7.3893634750163e+05  -4.4626956860759e+05   1.7393919060527e+05   3.7460646279939e+05   4.7117797412844e+05  -6.2313890153466e+05   6.2656452960278e+05  -1.1660311786638e+06   1.8520628926024e+05  -3.5281384543748e+05   1.1431188946182e+06  -2.3501123053294e+05  -5.3193710235301e+05   8.5635640437650e+04   3.5662840231966e+05   1.8047748448950e+04   6.6329555784200e+05  -1.2760760751043e+05   5.1442097391180e+05  -3.5520910104050e+05  -1.5680840405051e+06  -9.8051257326499e+05   1.8913900130895e+06  -5.1607892441129e+05  -1.7139376632315e+06  -8.8961950716255e+05   1.2046683170856e+06  -1.2505731830927e+06   1.1783896996560e+05   1.3631466749062e+05   4.8582010094790e+05   3.0960116265847e+05  -4.7900130217673e+05  -6.4400853527401e+05   4.7867561567838e+05  -1.3464781843468e+06   2.7370689610626e+05   4.3520960142578e+05   6.0061256628160e+05   3.5065399939962e+05   8.2742733578958e+05   3.7110819063184e+05   3.6681260386748e+05  -1.0316496122138e+06  -8.2971366809244e+05  -5.7910168793658e+05   2.0796150448657e+05   3.7731637849787e+05   4.7945790047770e+05   1.7283190124548e+06  -1.6799076389741e+06   1.3743884239039e+05  -8.8080506621319e+02  -3.1152704968445e+05   9.1061131352237e+05  -4.8474100692895e+05   7.7149920023192e+05  -7.2326974975923e+05  -6.6080337263344e+05  -8.5010274642391e+05   1.3867167081830e+06   4.5581164604243e+05   6.5737408309596e+04   3.4406517273129e+05   2.7764862403176e+05  -3.2192060906235e+04  -2.3955229526445e+05  -9.7823517472727e+04  -1.6697120640427e+05  -1.0516881203374e+05  -3.1100238992860e+03   6.6250017763948e+04   1.4449196323282e+04 
 -2.1234881388259e+04  -1.2836218373243e+06   1.3635932167639e+05   1.5422864185276e+06  -1.2794636065493e+05   1.9348397939913e+05  -8.7065499444830e+05   4.3595135804054e+04   4.6396762656716e+05   5.4780786474198e+05   7.1330257475119e+05  -4.2471993791226e+05  -8.5249473667804e+05   1.1224108851746e+06   5.8553069601719e+05  -2.1722876946206e+05  -2.0050969631146e+05  -9.3219285505398e+05  -3.7761102956363e+05  -1.0247056158179e+06   2.0668162850735e+05  -5.9214166994435e+05   4.7968023691641e+05  -4.4656722815472e+05   4.1572904379063e+05   3.7522914435049e+05   2.6193493584696e+04  -9.6543557613614e+04   1.4767255916934e+04   6.2100075277841e+04   3.2235602325377e+05  -1.0463295683040e+05  -5.5619202925535e+05  -1.7278959704789e+05   4.6350044001847e+05   2.7521471923117e+05   6.5499871462533e+05   5.7973471829257e+05  -8.4888157498645e+05   5.2132782720077e+05   2.5670961960046e+05  -5.0303594151559e+05   1.7343421913975e+05   7.1484387201754e+05   3.4748424455859e+05  -4.7807019035623e+03   7.2204131434981e+05  -1.2869705336710e+06  -6.7301007946758e+05  -1.3463450414679e+05  -1.0476772381877e+06  -7.8540456593895e+05  -2.2504916915446e+06  -1.2371020085187e+05   7.8498571253679e+05  -5.6597907668698e+05   6.0031443071015e+05  -4.9123013115238e+05  -2.0994047943611e+05  -3.3128105692842e+05  -5.1751500474233e+05   2.6167193316672e+05  -5.2314067535944e+05   4.9712290960957e+06  -4.5896954980268e+05   2.9410034032087e+05  -7.9239376301018e+05  -5.0505455596386e+04  -9.6581978668362e+05  -1.7598406101184e+06   3.0310837425299e+05  -1.5002734025202e+05  -2.7955281600472e+05   7.9100622774107e+05  -8.7017351777900e+05   1.1822475873284e+06   2.3830371418359e+05  -2.1880913615468e+06   1.9407389775615e+05   4.1516720714237e+05  -4.1302803079937e+05   1.1311166916662e+05  -3.8218105046490e+05   1.5267402633123e+06   6.9510128112121e+05   3.6938386269981e+05   1.0607125981891e+06  -6.4769549899444e+05   2.4955921138495e+05  -2.4150295380068e+04   6.7853890937841e+05  -1.6662252791870e+04  -7.1337322487734e+05  -1.0205341126284e+06   1.0505408510980e+06  -8.1001061358096e+05  -9.2226703969502e+05  -5.1173585975647e+04   2.8143084414864e+05   4.4876152133962e+05   1.2502467916423e+05  -1.4306219786909e+05   3.6831411215084e+05  -6.6547466880153e+05   3.1338632734786e+05  -4.4376320437588e+04   3.9129301871803e+05   5.5138369922366e+05   4.4320766995689e+05   4.2018702224638e+05   1.1291020845908e+05   1.2717840233385e+04  -1.6139107390563e+05  -1.8065690618774e+06   4.2808004109800e+04  -1.1641766509143e+05   1.0820262087833e+06   2.0405567494921e+05   4.0009483856897e+05  -6.0865724502336e+05   2.4648566207122e+05  -1.0000745244562e+06  -1.0845283008954e+06  -2.4067015166943e+05   7.3609616688278e+05  -7.5143363081154e+04  -5.2129354749101e+04  -1.7429023404986e+06   1.1186584877227e+06  -5.9902561563495e+04  -1.4335725234689e+05  -3.9322592880592e+05  -3.7189149294249e+05   2.5040083631307e+05   8.0326830285149e+05   1.1059126853121e+06   3.0555389872916e+05  -1.0402884377815e+06   1.0235276626364e+06  -7.7748522638329e+05  -3.2465554054387e+05  -3.4150732105000e+05  -1.8865541738369e+04   4.5845433569481e+05  -1.2254256747962e+05  -2.0421824020206e+05   8.8732350075024e+04  -1.4849996730946e+05   2.2990486600699e+05   4.1560986466679e+04  -5.2699696053450e+04 
 -6.0933010860080e+05   5.3332304887485e+04  -4.2509778679782e+05   2.7109146046734e+05   5.9773686715245e+05   1.2405516730577e+05  -5.8242780754853e+04   4.6068458248428e+05  -3.7631794503654e+05   4.5071213378230e+05  -7.5715134414559e+05  -7.3187250928342e+05   3.2401762193015e+05  -1.5346404383731e+05  -6.0985155371418e+05   3.1288341796715e+05   8.8046242748363e+05   2.5399302495883e+05  -6.7094349665851e+05  -3.4124372005302e+05   1.6124698200734e+06   5.5770017438425e+05   1.1486475506160e+05   2.8385253398316e+05   6.9433227097798e+05  -5.8316551105760e+05  -8.1918847199679e+05   3.9335226069297e+05  -1.7155690591687e+05   3.2904591301007e+05   7.6177402995568e+04   3.0813896201343e+04   1.0555849903544e+04   7.0972217666887e+05   4.9952313338547e+05  -8.4753272584647e+04  -4.4726803901282e+05  -3.7680526793253e+05   4.1346817085278e+04  -9.0409028296356e+05  -8.4694146139016e+05  -1.0982571940638e+06  -9.8017463382112e+05   2.1678054265806e+05  -1.1431646146011e+05   6.9975992999256e+05  -1.0703946550948e+05  -4.1329153904901e+05   6.8279297135924e+05   1.2322163233807e+06   1.3199484854411e+06   5.5631151229188e+05   2.9539227263230e+05  -3.1615022199908e+05  -1.4114586904934e+02   7.2521319167593e+05  -7.1177154715409e+05  -1.2300993120402e+06  -1.9788965370420e+06   7.9169664448273e+05  -3.3372460949749e+05  -4.0448728610154e+05  -5.7342762248541e+05  -4.5896954980268e+05   5.3988421799852e+06   3.8636108757840e+05  -2.5120538195230e+05   1.8201419883338e+05   1.1039775127271e+06   6.1499651784849e+05  -7.8833714696774e+05  -4.8977122705818e+05   2.7467343949688e+05  -1.4789658563232e+06   9.6191325517676e+04   7.6443699389898e+05  -1.7827380299485e+05  -1.9043981035184e+05   1.1132068587710e+05  -4.7302479323175e+05   4.0723321521140e+05   1.7087587782796e+05   5.4798328166512e+04  -1.9235437017430e+06  -4.3592672244223e+05  -7.9944751364220e+05   1.0962483029381e+06   6.5720836810166e+05   2.4122587209866e+05  -4.5499282213502e+05  -7.6202214255873e+05  -1.0566310255618e+06   9.8728059233057e+05   9.0383658613625e+05  -1.7390706786817e+06   1.1879743232941e+06   5.9998147048230e+05   1.1391494586621e+05  -1.6107490338460e+04  -3.3860314784866e+05   1.7259868434684e+05   1.7788532160860e+05   1.3394814464173e+06   4.0797617993068e+05  -2.4094228866637e+05   5.4298902320597e+05   2.9038826014854e+04   1.6101367579803e+05  -1.2015044031071e+06   3.8164007818621e+05   9.2261760859149e+05  -7.0591562832302e+05  -9.1061949598393e+05   1.1008075143556e+06   4.8789688193391e+05  -8.7288837384793e+05   9.5454996983233e+05   3.0799505134397e+05  -6.1262402357594e+05   3.0555191741273e+05   4.0380125642596e+05  -3.8123209283943e+05  -5.2378849488336e+05  -3.1895318865297e+05  -5.8209000460018e+05   6.8269379891397e+05  -2.3111849620478e+05  -8.3632400101154e+04   9.0304002729326e+04   7.2664075588555e+04  -4.2665986675071e+05  -7.2523195838233e+05   2.7830866127249e+05   2.2795359978968e+05  -3.1393610021105e+05  -3.5238881592887e+05   1.2699475933389e+05  -4.8984621469786e+05   5.8417620408389e+05   1.9851143210706e+05  -1.1464053631930e+05  -4.2751862472422e+05   6.0286590067654e+04   4.5203070198433e+05  -2.4823009761608e+05  -1.1882225800631e+05  -4.1371727987601e+05   9.8501735056659e+04   3.3423589717670e+05   3.7605472226656e+04   1.4322428914306e+05 
 -3.8334873547862e+04  -1.1063820611450e+04  -6.6218931698866e+05   3.3573715642377e+05   8.6904504248299e+05   8.1349775511421e+05  -8.4419579959082e+05  -2.6833062229783e+04  -1.2059481517458e+05  -6.3171079823902e+04  -7.0469807001827e+05   2.4517573891411e+05   5.1886104816894e+05  -1.1112699617773e+06  -1.2886554078630e+05  -3.0349895195700e+05  -1.0989671078855e+06   1.3109916399806e+06  -8.8222412270745e+05   8.9162569796252e+04  -1.0151845918726e+05  -7.8788872979689e+05   1.2254997875415e+06   5.3030550402894e+05   6.7834888256794e+05   4.7082201312064e+05  -1.2360791200384e+05   5.1017974461315e+04  -8.4514121513568e+04   1.0886163571515e+04  -2.4646927435106e+05   1.8614163878726e+05   5.8626031282960e+05   7.6706249785652e+04   3.9421783335017e+05  -1.5126950830512e+06   7.7261401633035e+05   1.2523303994609e+06  -5.5554511390204e+05   1.9728250659780e+04  -5.7074860878878e+05  -6.4161474736659e+05  -2.9451525331532e+05   1.3816163106585e+06  -1.2497265261751e+05   6.2400720168354e+05   2.7633839352241e+05   1.6109591067713e+05  -1.5318291406086e+05   1.2220567610429e+06  -6.4413359059244e+05  -7.0018747240165e+05  -1.5697490558164e+06  -7.0362434230340e+05   2.3213976325805e+05  -3.2493490067488e+05   4.1991877927743e+05   2.0438897972855e+05  -8.4858494388199e+05  -2.0993676841930e+05  -2.2871277461574e+05  -5.5124921345164e+05  -6.4309348420838e+04   2.9410034032087e+05   3.8636108757839e+05   4.7660999903285e+06   9.3595162312186e+05  -3.8892796086244e+05  -1.1602926892819e+06   3.9954713800237e+05   1.1128690921472e+05  -4.1064509963941e+04   8.1598397923727e+05  -5.8996101233659e+05  -1.1488602027510e+06   1.0459140947433e+06  -8.4435524615650e+05  -1.3652841810170e+06  -8.1157884382649e+04   4.2935325893707e+05   9.2707202219825e+03   3.3873764388197e+05   2.3065345953772e+04  -3.0306207165441e+05  -3.6445890371098e+04  -7.2805460740696e+05   7.6409412882905e+04   3.5481500434899e+05  -1.1770211859724e+06   1.3666009621819e+06   4.1062131671080e+05  -1.8006335177763e+06   4.4425055977870e+05   1.3670061193866e+06   2.2456020538018e+05  -1.4412556344516e+06   3.7093154043473e+04   1.1019909156265e+06   6.7261971852321e+05   6.7418581090079e+05  -1.6418816226622e+05  -1.3070823413688e+05   2.4507585419933e+05  -2.1700077031593e+05  -4.0168644879497e+05  -6.5422927941443e+04  -3.9018710044899e+05  -8.2976832081219e+05  -1.4137199065138e+06   9.9674975813787e+05   5.2861880703693e+05  -1.0951766739891e+05   2.1733972962749e+04   1.3948671662292e+05   7.5232748092300e+04   1.1741116202623e+05  -3.8863917547613e+05   5.4050105076297e+05  -4.1347281855397e+05  -1.4216009383272e+05   4.8685417495509e+05  -7.2368887771050e+05   2.1963260670572e+05  -7.3728805889890e+04   1.1451169179877e+05   6.0400247793758e+05  -1.1249828507701e+06   7.0719116293905e+04   7.2941791376826e+03  -4.0357325365713e+05  -2.4106718506250e+04  -8.9879835432004e+05   1.0221476615212e+06   2.1801511769163e+06   9.0652856635003e+05  -5.3843414328153e+04  -4.9215930452463e+05  -6.4569784686441e+04   6.2834883008495e+05  -2.0466748356759e+04   3.5239470373661e+04  -2.8298390581559e+05   2.2468499216901e+04  -1.3769375204348e+05   5.1574910593097e+05  -5.3680727681190e+04  -1.8916464739710e+05  -2.9907694875948e+05  -7.5312621806306e+04  -1.1417779390488e+05  -2.5947991401759e+05 
 -6.5910209043738e+05   1.5534254338521e+05  -6.6158706168019e+05   2.8234149140630e+05   7.5023694430096e+05   2.6196925508335e+05  -4.9271749575452e+05   4.6742000363342e+05  -4.0788335623260e+05   7.8245341613459e+05  -1.0773218351662e+06  -3.5627396687933e+05   1.4589586281786e+06  -6.2668095220127e+05  -3.1502133216670e+05  -3.5206857411752e+05  -5.9485410257938e+05   1.5964768252086e+06  -1.1602549145166e+03  -4.4176419482950e+05   6.2100901231203e+05  -6.2445493737015e+05  -1.7051622506414e+05   1.5616255294066e+05   1.9764198486164e+05  -9.6446475146000e+04  -1.8924763244988e+05  -2.0769174881229e+05   1.7180448559721e+05  -1.7959465131687e+05   4.8069186779777e+04   7.7656597363661e+05   5.9694210013226e+05   7.3390844733132e+04  -5.4708260034607e+05   5.3947687737665e+04  -5.5217314252479e+05  -3.9568626122856e+05  -5.1122632637501e+05  -3.4516992648236e+03   5.7231366907902e+05  -5.7636417696228e+05  -9.6626307677326e+03  -6.8472102422669e+05  -6.6507109275647e+05   9.8540711030358e+05   1.0586063724542e+05  -4.9182273630469e+02   7.4234863711488e+04  -3.5327808801763e+04   3.6624105283072e+05  -9.2897597804529e+04  -6.5690983181052e+05   1.3525799584829e+06  -2.4395190876944e+05  -3.9640017050898e+05   2.8300058506096e+05   8.7802368775722e+05   1.0526484773935e+06  -9.0884773068944e+05   2.3614315438218e+05   1.3008889880876e+05  -9.1740659511929e+05  -7.9239376301018e+05  -2.5120538195230e+05   9.3595162312186e+05   2.6082405894404e+06   4.8799173211837e+05  -1.2728623635809e+06   1.3226557380320e+06  -2.4678241511900e+05  -2.7271289638151e+05   6.2538656685015e+05   6.6441042723543e+05  -5.5356170456410e+05   1.1867269225133e+05  -3.5594329685306e+05   9.5096693878584e+05  -5.6422195330929e+04  -4.2828747078035e+05  -6.2519020927600e+05  -4.2784555977780e+05  -7.6319266715543e+05   2.2475184186518e+05   1.1805219971459e+05  -1.1964673278347e+05  -7.5046905097747e+05   5.4145827810105e+05  -1.0601141703863e+06   6.1904663082484e+05  -4.5277903001720e+05   6.3852380997846e+05  -5.8045966333896e+05   9.5295547447170e+05   5.5706142939878e+05  -6.5723207652168e+05  -1.9924824608672e+05  -4.1633221050630e+05   6.4140750249912e+05   6.6971463899388e+05  -9.6637740201423e+05   2.4998944917332e+05  -7.0654605507002e+05   3.5548161727740e+05  -3.5043709683417e+05   4.2109691407012e+05   4.0381766307409e+05  -1.5672697278725e+05  -2.6103273186270e+05   5.2469247423725e+05   4.8048668124961e+05   9.8588348246107e+05   4.3637423563302e+05  -2.2106727442554e+05   2.9563902711862e+05  -2.3915267883244e+05  -9.0975764295961e+05  -2.0586528000468e+05   3.6125384353878e+05   2.0403574372866e+05  -2.2691364930771e+05   4.9082200570297e+05   6.6439706530773e+05  -4.7545911515323e+05  -1.1647163466447e+06   2.5380542223211e+05  -6.9168100503501e+05  -2.4360865046012e+05  -1.2409224387777e+05   2.7975823144246e+05  -2.9562535279430e+05   4.6585093807146e+05   5.9238312168505e+04   3.5903447826559e+05  -4.5753651516880e+05   2.3633285322677e+05   5.9406870410312e+04   4.6232038771716e+05  -5.6749822696701e+05  -2.5141390058080e+05  -9.9789164420245e+04  -1.4618862415707e+05   1.7128786819117e+05  -2.9118926562052e+05   1.1416275577981e+05   2.9155634678498e+05   4.7946554836702e+05  -2.1071129516457e+05   2.8057642885708e+05  -4.4607734285093e+03  -2.4149513536693e+05 
 -1.5190943027877e+05   2.1290329189460e+05   3.0716636326189e+05  -5.4216763535823e+04   2.4772614872850e+05  -4.8723894980294e+05  -1.1540359302028e+06  -3.7553269733543e+05   6.2004856302183e+05   6.0357444363548e+05  -3.4284873226655e+05  -2.3909812553175e+05   1.0604485087267e+06   1.8523306550311e+05   1.1431388521869e+05  -8.1640010027784e+05   8.8393397213642e+05   1.4965470205988e+06  -4.6456844819043e+05  -1.1029982096018e+06   1.4537325582421e+06  -1.1667748968549e+06  -2.5923434273792e+05  -2.7127296214505e+05  -6.9653971385547e+05   3.4384160868811e+05  -1.3884027862879e+05   2.5889730847500e+05  -2.5086407154496e+05   6.3178850978925e+05   4.5081063890698e+05   5.4784217819752e+05  -5.4139929159358e+05   1.2932591940457e+05   1.2365821726090e+05  -5.2425627720016e+05   4.7357194243260e+05   4.6852386333036e+05  -9.8790866241373e+05   2.3143801713515e+05   8.4942547759423e+04   8.7217219210721e+04  -4.8715526138591e+05  -8.3366584173637e+05  -4.8728138951920e+05   5.2915092197156e+02   6.0367684638730e+05  -4.5181833570719e+05   8.3246186516431e+05   9.7425938097612e+05   4.3030480563946e+05   1.3586051588088e+05  -4.8499729007915e+05   7.7342361442553e+05   7.3762010009357e+05  -4.9247728652832e+05  -2.3475711902033e+05  -7.3282347111436e+05  -1.0451957491795e+04  -2.1273054082480e+05  -1.1884119887156e+05  -1.0624065775890e+05  -4.3685570001009e+05  -5.0505455596380e+04   1.8201419883338e+05  -3.8892796086245e+05   4.8799173211837e+05   4.9334241907767e+06  -1.2890461306474e+05   2.0200145241106e+05  -4.8776702149787e+05  -3.7232099236416e+05   1.3166091373820e+06  -1.6455986643107e+05  -1.0414968222430e+06  -1.6290146094805e+06  -2.4534225957660e+05   8.7481254440609e+05   3.1012186565093e+05  -7.3437714293382e+05  -6.9310572975752e+05  -1.1279609380358e+05  -2.1041638355309e+05   6.2183105928121e+05   1.9193115053442e+05   8.0393945121861e+04   1.3776957126501e+04   1.5256050823684e+04  -2.1053108489849e+05  -5.1317784870969e+05   2.7252582348247e+05   3.5580862848065e+05  -3.6646700210867e+05  -5.1219384177139e+05   8.8262556924514e+04  -1.4914643317471e+04   8.1080883014628e+05   1.0787122452462e+05   6.9530798865066e+05   2.6670319602474e+05  -8.1339580986890e+05   2.9756267222089e+05   5.1959211266219e+04   4.7863642340355e+05  -4.3703624361010e+05  -5.4975170725851e+05   3.9730902457774e+05   9.6354585127487e+04   6.4502599806868e+05   4.3382002361876e+05   3.4633755891484e+05   1.0472462283115e+06   1.0812014836474e+05   6.4248042397177e+05   1.8126382198096e+05  -6.4269224067965e+05  -1.2351867406551e+06   2.3972102352036e+05   1.8704406234560e+05   1.2279619433004e+05  -9.5968838879253e+05   3.9419480236645e+05   3.9537538315501e+05  -6.4783966876798e+05  -8.7139775937849e+05  -9.1291760766677e+05  -7.0456912811741e+05  -9.2326766884084e+05   3.1088766772628e+05   8.6156619074392e+05   1.9303303405197e+05   6.0533195072210e+05  -3.0917592181492e+05  -1.2578268370772e+06   2.8056917727697e+05   1.0359036704675e+06   3.7291630600254e+05  -5.4508719588400e+05   2.6414171206652e+05  -5.7296105530790e+05  -8.6638186832110e+05   1.2096130733876e+05   1.1454211365186e+05   9.8614262660168e+04  -3.9179767940500e+05  -1.1345070472904e+05  -1.8164391498077e+05   3.2677961654856e+05  -1.7367712587250e+05  -8.3197933509159e+04   2.1916425770458e+05 
  1.5666841650576e+06  -4.6814024058491e+05  -2.6544750052362e+04  -9.2768999290470e+05   1.6705472922796e+06  -1.5093538491020e+06  -6.9210568023248e+05   1.6869178873096e+05   4.3913266632276e+05  -2.2472558176143e+06   7.3530617690728e+05   1.1358585022950e+05  -8.5633228824093e+04   1.6619487606658e+06  -3.2083184083256e+05   1.4551871010491e+06   4.1799232131523e+05   1.0036655361456e+06  -4.8811984715372e+05  -1.4495710036299e+05   4.2863741407828e+05   1.2948142580615e+06   2.0978236633043e+05   5.6889856930906e+04  -1.9150859883369e+06   4.2139403693174e+05  -7.6909261230308e+05   3.6135882146308e+05   1.7759041003382e+05   3.9419964048154e+05  -2.0021283741072e+05   6.7142533551091e+04   1.3998734913875e+06   2.2690116966860e+05   2.0082045949279e+05   1.6819238377595e+05  -1.7585005725414e+06   2.1222858307387e+05   7.2793563088164e+05  -7.0478997416329e+05  -7.3547603152921e+05  -3.1929164398279e+05  -3.8048789748960e+05   1.8399048767545e+04   4.1352194029750e+05  -2.6371719848778e+06   2.4692327057819e+05  -6.1280250810532e+05   1.5147683737588e+06  -1.3772698998104e+05  -5.5825156018299e+05   7.1867937452191e+05   2.0632446361617e+06  -9.8649523424271e+05   8.3068638167898e+04   1.1366625460100e+06  -1.4030371233431e+06  -2.0111588328367e+06  -4.4971588454904e+04   1.9636381087412e+06   3.9614988390154e+05   3.4167362159408e+05   3.5666672607833e+05  -9.6581978668361e+05   1.1039775127271e+06  -1.1602926892819e+06  -1.2728623635809e+06  -1.2890461306474e+05   6.5191827220481e+06   2.2551287970881e+05   1.1503743832432e+06  -7.6811796639328e+05  -4.9395194309733e+05  -7.9033252892103e+05   8.3419983210570e+05  -3.0543172565114e+06   4.2290260994351e+05  -3.6570978526331e+04   6.1400201537744e+05  -6.7792389446438e+05  -1.2163786907502e+05   2.1356014444141e+05   3.9168356554710e+05  -6.5975556458381e+05  -9.5527976809091e+05   8.7299576589272e+05  -1.5805839128170e+06  -2.0327800707301e+05   4.3929425201947e+05  -1.6123837702666e+06   4.5226042701987e+05   8.7393247308773e+05   5.2454747426151e+05   5.1990495614462e+05  -2.0675491758474e+06   2.3888375384064e+06  -8.7487778247531e+04   2.6122598521562e+05  -1.7894403712926e+05  -2.0342122430850e+05  -3.1874282077963e+05  -8.8047156091225e+05   6.2888517319697e+05   3.9909391562512e+05   1.8151723735641e+05  -3.4627196394439e+05   2.7963843715066e+05   1.1355042527090e+06   1.1241524806428e+06  -1.1425367889890e+06   6.5333157647153e+04  -6.8704368330096e+05  -1.6936689200887e+05   1.8826645884232e+06  -3.7484884227018e+05  -4.3479539572871e+05  -3.4315307476025e+05  -1.9297893755582e+05   9.8220208325609e+05  -5.2623788608648e+05  -2.4775639076632e+05   6.5342285392321e+05   7.4328029674881e+05   7.7103218220465e+05  -5.8226182444380e+05  -1.5410659152603e+06   3.1078005518605e+05   3.9140507787618e+05  -9.9321853675696e+05  -3.1283045119388e+05  -5.4155204329859e+05   1.1367313645351e+05   2.8216168593907e+05  -2.4699126532086e+05  -1.5782653121140e+06  -1.0461144935824e+06   6.0845711714919e+05   4.4299483240430e+05  -4.5145050049395e+05   8.5934565614082e+05  -6.0833417298520e+04  -1.7160629008737e+05  -4.2749483670849e+05  -3.7306159778795e+05  -3.1798085229826e+05   5.5350141224504e+05  -5.4413941518938e+05   4.6643415205838e+05  -1.7008108246782e+05  -6.3452726156567e+04   5.7298056076293e+05 
 -9.4265205750668e+05   8.2857150078568e+05   5.2131641892674e+04  -6.7981581657402e+05  -2.5312620004426e+04  -4.6041555376968e+04   1.0672745461200e+06  -7.6791275265084e+05   2.7942532354770e+05  -4.6823098398368e+05  -1.1341409263978e+06   7.1650622371673e+04   5.6158272088196e+05  -2.1027925598883e+05  -4.3382834397837e+05   7.0182546846145e+05  -1.8693479352219e+05  -1.6747491628653e+05  -6.7194759226651e+04   8.1217152459822e+05   7.4195913022738e+05  -5.0004823406440e+04  -1.0125503739516e+05   3.0022684275707e+05  -2.8060936256548e+05  -3.7949325090290e+05  -7.0757895461585e+05   1.0102158565687e+05  -2.4756760262944e+05   5.8409254467701e+05   9.8849004226757e+04   7.9595070509911e+05  -3.0595993567866e+05   2.6897686779021e+05   1.3842610080449e+05  -5.0707502388769e+05  -5.2950032874640e+05  -1.3167823918734e+06   9.4470342566027e+05  -1.2121642904723e+06  -5.1323853347819e+04   4.1671727610660e+05  -5.2938160633483e+05  -1.1387752980204e+05  -2.6717611339396e+04   9.6287298422418e+05  -7.1743562619580e+05  -3.4391267433260e+05   1.4255120023709e+06   2.5386641170740e+05   1.0980405812000e+06   9.8457791464124e+05   1.0958436644077e+06   1.9060275062720e+05  -5.2367860524441e+05   2.4805569166546e+05  -6.5464632161333e+05   2.8182981351829e+05  -3.5769776398079e+04   6.0860711193061e+05   2.6878110621259e+05  -4.9391540529983e+05   5.7800824886660e+05  -1.7598406101184e+06   6.1499651784849e+05   3.9954713800237e+05   1.3226557380320e+06   2.0200145241106e+05   2.2551287970881e+05   3.8866039477004e+06   5.9750918739047e+05  -7.3351638843138e+05   3.2221761445109e+05   1.0643214076648e+05   5.3145193883858e+05   2.8316463458406e+05  -1.2755592350389e+06  -8.8857916122841e+04  -8.7640449216978e+05   7.4404572198698e+04   1.3771813210398e+06   3.5482447131158e+05   9.2373421918795e+05  -1.0085385805379e+06  -4.2147351742618e+05   8.5421994659481e+05  -5.2517969832770e+05   5.4599800787919e+05   1.5989502993841e+05   8.4203518903180e+05  -2.9448832622644e+05  -2.7849427985041e+04   3.4517689616984e+05  -2.6066019730078e+05  -1.7908792130239e+06   2.4845933158928e+05   8.8541120288469e+05  -1.0980053208778e+05  -1.4844367722475e+06  -4.5568236160925e+05   5.0259587940378e+05  -2.0791607134476e+05  -9.4138654285061e+04   9.6777578815228e+05  -5.7447906419568e+05   2.0666281905712e+05  -1.0107939837808e+05  -1.2151280913877e+05  -7.3133539165391e+05   1.2571565761340e+06   4.4856200062371e+05  -1.0025587096345e+06  -4.6805674530416e+05   1.4411140484203e+06   1.1899247675284e+05   2.9412953006077e+05   7.0717390444771e+05  -2.7710399767456e+05  -1.2078016780865e+05  -1.0366283033966e+05  -3.8747047615068e+05  -2.1352346644186e+03  -2.6250812097698e+05   3.2241907334297e+05  -3.5484509196035e+05  -3.9547783750034e+04   6.6518358938682e+05   1.0232400006963e+06  -8.1644050812131e+05   1.9368597741827e+05   6.8629240576799e+05  -3.9696555229237e+05  -9.3135992509555e+05  -1.0354174013689e+06  -9.0311247963347e+05  -1.0883287573002e+06   8.9273930367491e+05  -2.9330332891449e+05   3.9721964017537e+05   7.7973149226112e+05   1.4828086026158e+05  -2.0643180172940e+05  -1.8564627318284e+04  -1.5253256893290e+05   3.4306632304538e+03   3.5428710958035e+04  -4.2431139121190e+05   2.0504734817964e+05   7.6638492047353e+04  -6.6196015122853e+04   2.3605816326701e+05 
  6.7992007501099e+05   5.1634582855386e+04   2.8410739009212e+05  -1.8505533413340e+05  -1.9948993352245e+05  -4.5942688707521e+05  -2.1456588929429e+05  -7.5651231310242e+05   6.4630355894158e+05  -6.1568036242621e+05   7.1126814068186e+04  -4.2148519939343e+05   3.0979467251448e+05   7.2673909050446e+05   1.2916524921411e+05   7.7722461108171e+04   1.8983878575251e+05  -2.3284928076479e+05   1.5325792972582e+05  -1.8249043730990e+05   5.5616734479916e+04  -3.7474163459815e+05   2.5659834883365e+05  -6.9713946580672e+04  -7.8107706479182e+05   3.5774940922415e+05  -1.0290318542125e+05   1.1223147419576e+05  -5.5223060186029e+04   3.4164374868950e+05   2.1455296895673e+05   1.7418263372632e+05   4.4461585733743e+05  -9.2040377236503e+04   2.4812573954969e+05  -5.3208637181807e+04  -8.8230180256043e+05   6.0037060320968e+04   7.6279469958445e+04   1.3347852006376e+05  -1.5939882912048e+05   2.7586833628382e+05  -1.3764222725622e+05   2.0618016830769e+05  -1.4980759276681e+05  -7.8900175389993e+05   5.7687297523730e+05  -1.0261921547819e+06   2.6939932038234e+05  -1.3804627071342e+05  -7.4345307160673e+05   3.6546010100940e+04  -3.4867799912421e+05  -8.2915820292346e+04  -1.8538391979549e+05   1.4004887854140e+04  -3.3230899807255e+05  -5.2845331917198e+05   2.3818408885984e+05   8.8960603665158e+05   2.2123838783025e+05   4.5790128208774e+05   3.1843620004232e+05   3.0310837425299e+05  -7.8833714696773e+05   1.1128690921472e+05  -2.4678241511900e+05  -4.8776702149787e+05   1.1503743832432e+06   5.9750918739047e+05   2.7624163834534e+06  -2.4634167980253e+05  -6.6681986476834e+05   1.8764931888796e+05  -2.9728908987199e+04  -3.4453480029375e+05  -1.7593191805769e+06  -3.1445988429849e+05  -1.9824665537907e+05   6.0410891388827e+05  -2.1380876760122e+05   2.2856555204650e+05   7.2731918498354e+05  -3.6053246016342e+05  -2.0217490640064e+05   4.7654027344064e+05  -2.3320815102857e+05   4.8800944439034e+05   3.8936554021362e+05   3.5148480795242e+04  -1.3720776914820e+04  -6.2963367639008e+04  -2.2537355088881e+04   2.8564041436635e+05  -5.9843566194969e+05   4.9089374306243e+05   1.7443054654541e+05  -4.0075798150682e+05  -2.2737996469067e+05  -4.5084654836436e+04   3.8570666255382e+05  -3.5254258386694e+05  -1.5109288584749e+05   6.7762226729508e+05  -3.6363687810848e+05  -9.2305161897942e+05  -3.9712648773933e+05   5.8451613079806e+05   7.1257242198516e+05  -1.3421929597251e+04   1.9350487405164e+05  -4.9012757750485e+05  -1.3422951856708e+05   6.3743607927080e+05  -1.8730267621369e+05  -3.4438730745446e+05   8.1213087941383e+05   7.9782678676351e+04   1.8201045639228e+05  -5.6608244928994e+05  -4.2306390214573e+05   1.1134020991861e+05   1.3983578318566e+05   1.7175777472107e+05   3.6230785338550e+05  -7.0349812243977e+05   2.9088174613995e+05   9.8894077018245e+03  -4.4061031500607e+05  -2.0266899513645e+05  -2.5572680215699e+05  -1.2220362596809e+04  -2.1715031336507e+05   4.2812734870103e+04  -2.4942930176089e+05  -4.5293467573120e+05   4.6703429841860e+05  -1.0864335305001e+05   2.3015694113468e+05   3.5557120878737e+05   1.5967131287621e+05  -3.5093974249833e+05  -6.0895648402816e+04  -1.2729288261255e+04  -8.4977131777638e+04   1.9335216749834e+05  -3.3676878839705e+05   8.6060958597539e+04   1.3059508734575e+05  -3.9717607172967e+04   9.8633694017926e+04 
  1.8344085669159e+04   2.6411536808197e+05  -1.2660370483938e+04  -3.6810987282153e+05  -3.9721384119176e+05   6.5092430956493e+05  -8.3225159637948e+04   1.5168927711294e+05  -2.4529671422323e+05   2.2193716507074e+05   1.2024824975650e+05   2.3504094803160e+05  -2.8397406591240e+05  -1.0804435595369e+06   1.1353475020895e+05  -7.4425436352042e+05  -3.0405403859662e+05   7.3762931365148e+04   4.4127586492491e+04   6.5142326594648e+05   1.3278942638310e+05  -4.9008558257551e+05   1.4991678402703e+05   2.3410012657564e+05   5.6355478273418e+05  -1.5765348758106e+05   6.6897507577320e+04   1.7415464336297e+05  -9.3022729105491e+04  -3.1538670960434e+04   7.6849111634810e+04  -1.8630324227813e+05   3.7572035265645e+05  -2.5813797322268e+05  -3.4448034832538e+04  -3.3134763032114e+04   2.1654566345657e+05   2.0548080724742e+05  -3.7930543573431e+05   3.9038465782798e+05  -4.3930810624870e+05  -1.7216610248560e+05   4.2169505746849e+05   2.0559951741446e+05  -2.8066141507675e+05  -1.1172650227992e+05   5.7318700839608e+05   4.5756330357539e+05   2.3805524713549e+04  -3.8408463751068e+05  -1.2013089418887e+05  -5.0951658532402e+04  -7.4893085234599e+04  -1.0570722333121e+05  -4.0348495110826e+05   5.5861114986636e+03   8.7107447491916e+04   3.1710724500152e+05  -1.8868280712944e+05  -3.6767605945093e+05   1.9142166551928e+05  -2.0669722653507e+04   4.7910655811511e+05  -1.5002734025202e+05  -4.8977122705818e+05  -4.1064509963942e+04  -2.7271289638151e+05  -3.7232099236415e+05  -7.6811796639328e+05  -7.3351638843138e+05  -2.4634167980253e+05   2.9301008949193e+06  -4.6081558688082e+05  -7.4818668430650e+05  -5.6697819394798e+05   1.1823677165788e+05   1.4422442177424e+05   3.4726840877077e+05  -2.9645075213060e+05   3.7412095193079e+05  -3.9122165493918e+05   4.3971059934738e+04   3.1853107665753e+05  -3.1139960895897e+05   2.9941361262385e+05  -1.3510562810644e+04  -9.1474499278685e+04  -4.4837872021133e+05  -1.0153322086017e+05   3.6735391805430e+05  -5.1059445815842e+05  -3.9773750193551e+05   1.1842898365861e+05   7.5301623301473e+05   7.1631498923098e+05  -3.7813415603485e+05  -3.7541390452775e+05  -6.5284732163132e+04  -6.8254454093028e+04  -2.0162596465064e+05   3.8253246767743e+05  -5.8885103625060e+04  -2.5188667670362e+05  -5.8023227572423e+05   5.0801857408860e+05  -7.3120859299112e+05  -1.7426486436020e+05  -2.1811958604642e+05   2.1806516307719e+05   1.5794229005492e+05  -8.6569441445649e+05   3.2144993269381e+05   3.2431736654391e+05  -1.0004357792429e+06   1.0681220474353e+05   3.4302749554693e+05  -1.3398447277241e+05   2.5974043477102e+05  -8.4749334115023e+04   5.2941344674284e+05   4.6082875399950e+05   2.4866446561862e+05   2.0779737967690e+05   5.4094300264340e+04   1.6646144983904e+05   4.2924351270723e+05  -4.0591582175487e+05   1.9502187860061e+05   2.3486292611652e+05   3.2830956173166e+05  -2.3095356846902e+05  -2.0235947884304e+05   3.7800738652420e+03   4.8468937576223e+05   3.9985030130222e+05   2.3835825860803e+05  -7.1281780981391e+05   1.9657990397504e+04   3.2075270484170e+05  -3.2554331147852e+05  -3.1006528055116e+05  -1.2414381834293e+04   2.9045869703634e+05   1.1389741585606e+04  -1.9920437734696e+04  -2.5712354648457e+05   4.6637155404693e+05  -8.1861003575832e+04  -1.9112914274019e+05   1.2505600026569e+05  -1.4604882335316e+05 
 -1.8572297815411e+05   1.8111495409118e+05   2.4930789244871e+05  -5.7713098811379e+05   6.5545487504427e+05  -3.7511469700763e+05  -5.5794836766280e+05   3.6465011311648e+05  -1.4761254288966e+05   6.7548580259751e+04  -7.8361432396197e+05   3.9657848910197e+05   1.4717568364681e+06  -4.4507532382437e+05  -6.5189240091154e+05  -4.9930424955177e+05   1.9023543129172e+06   8.5919931617667e+05  -1.1537119382026e+06  -6.7818513601648e+05   5.2856776718911e+05  -3.7506089985324e+05  -7.6439936257061e+05  -1.7806053846214e+05  -4.7603174316186e+05   7.2681777382853e+05  -2.8993340387030e+05  -3.2293210750699e+05  -2.6169132803716e+05   4.5475706229113e+05   3.4316635069835e+05   1.9350131377149e+06  -5.1228713903623e+05   3.8193129145783e+05  -3.3220301502001e+04  -6.3944617503381e+05   8.0178664463158e+05   1.0497216774021e+06   3.6799000222109e+05  -2.4741422149014e+05  -4.5003910837400e+05  -1.7399129009932e+05  -5.5444088927425e+05   2.8205027510070e+05  -1.1338839510584e+06  -5.3680301464812e+05  -2.9239857634928e+05   6.5371718308261e+05   6.5881430686281e+05  -7.2003643844194e+04   5.0991147283107e+05   1.6708556771699e+04   5.0531920998230e+05   9.0804011241424e+05   6.5153849377098e+05   4.2048459645741e+05  -4.6786874181344e+05  -6.3653090030972e+05  -3.9881315925707e+05  -3.9174178343575e+05   1.1248723764828e+04  -4.4948989306176e+05   2.5569262231341e+05  -2.7955281600472e+05   2.7467343949688e+05   8.1598397923727e+05   6.2538656685015e+05   1.3166091373820e+06  -4.9395194309733e+05   3.2221761445109e+05  -6.6681986476834e+05  -4.6081558688081e+05   4.1544900084642e+06   2.2355970214722e+05  -6.7760846961374e+05  -2.4849561685890e+05  -4.7810082045203e+05   6.6280261851519e+05   1.2994677746520e+05  -1.7805703085738e+06  -2.0054745949066e+05   9.1674816318771e+04  -3.5457154993367e+05  -6.9009226036701e+05  -1.7685022396979e+05  -1.6413492521487e+04  -6.1942823068917e+05   5.8984030801458e+05  -2.1150826041485e+05   2.4468048502141e+05  -8.4211828924752e+05   6.3168437349252e+04  -3.2819046795952e+05   3.1671135081554e+05   5.7114869831272e+03   1.2932728962276e+06   1.1886360564814e+06  -1.2414429893241e+06  -2.6142411594241e+05  -2.6120980305121e+05  -3.9669940944317e+05   1.7352856533906e+05  -3.5340841256136e+05  -1.9807295461600e+05   6.6183452160391e+04  -4.5745095771771e+05  -2.1714023170605e+05  -3.5594700583709e+05   5.5470238581616e+04  -2.0889913506646e+05   5.8948456676633e+05   6.5741237547646e+05   1.1586697830466e+05   4.2724825800198e+05   1.8810619902163e+05  -8.3881015216187e+04  -3.0418365317511e+05   1.0509060107504e+05   1.1763954602156e+06   7.2366883700276e+05  -1.0528134718930e+06  -1.1020673697480e+05  -7.1585676030244e+04   5.5002754222200e+05  -3.3264618370734e+05  -3.7692876697788e+05  -2.6679890500285e+05  -3.6426099916321e+05  -2.5053247106908e+05   6.3948463313195e+05  -5.0878258411403e+05  -6.4279278219072e+05   8.7170453696579e+05  -1.5012111916283e+05  -4.6136870995719e+05   7.1527325099821e+04  -2.3257040221870e+05   7.7881547684650e+05  -3.3368834024462e+05   6.1267480882906e+03   5.5234441850258e+03   4.1904179745532e+05  -4.3251189171658e+04  -2.1378653031051e+05  -6.9694035926041e+04   2.6367477365085e+05  -1.9103196518225e+05   9.7932330694792e+04  -9.1332537155066e+04   2.2588338260134e+04  -2.6414883783908e+05 
  1.2083709152117e+06  -3.5231524442331e+05   8.1106751174364e+04   1.8523129681923e+05  -6.9221379636069e+04  -1.0846030068164e+06   2.9218190854207e+05  -3.0846079024853e+05   3.2693784618489e+05  -3.2158321713014e+05  -2.1311080707023e+05  -1.1963235841353e+05  -7.9546710899218e+04   4.3230153720035e+05   1.7404988919465e+04   3.0744832308283e+05   3.8737015053341e+05  -2.0493983149505e+05   8.8747237713385e+04  -2.0139482871962e+05  -3.3426204099641e+05   5.0810445355206e+05  -1.7117164550770e+05  -3.8220516599874e+05  -6.3000952076882e+05  -4.6030911470883e+05   2.8523929779215e+05  -1.9622578301612e+05   3.4999663204019e+05  -1.2447520717546e+05   8.3934918769740e+04  -8.9844015936706e+04   2.0119310609751e+05  -3.8030201425362e+05  -1.4401306672768e+05  -6.3027595272866e+04   4.0335321554886e+05   1.4269674373474e+05  -3.0191624816678e+05   3.4197971002873e+05  -1.8173596231003e+04  -3.5289683126083e+05  -2.1376309722140e+05  -1.2994469338005e+05   6.8009709466350e+05   7.8602345398653e+05   2.2210033843299e+05   8.1881768135521e+05  -4.3015900109836e+05  -1.2998934656357e+05  -3.0590525996674e+05  -2.2760346385748e+05  -6.1726005348935e+05  -3.9893035083508e+05  -8.4985625813146e+05   1.0896461133936e+05  -1.5664263527782e+05  -9.2502411465098e+05  -1.5082959936684e+04  -3.8527389876072e+05  -2.5950146574173e+05   5.3511872106000e+05  -2.0665933626561e+06   7.9100622774107e+05  -1.4789658563232e+06  -5.8996101233659e+05   6.6441042723543e+05  -1.6455986643107e+05  -7.9033252892103e+05   1.0643214076648e+05   1.8764931888796e+05  -7.4818668430650e+05   2.2355970214723e+05   3.4969947411291e+06  -4.2407692480403e+05   3.1383464964316e+05   2.3167974850184e+05  -3.2265712360967e+05   1.1104215499602e+05  -1.5353677569171e+05   3.5712871039595e+05  -1.0442575479366e+05  -7.2251301220027e+05   6.3603714101292e+05  -3.5905998630963e+05   1.2150953754065e+06  -8.9850152686659e+05   5.6858528221604e+04  -6.8268969373248e+05   4.0777046545319e+05   1.1672396594728e+06  -6.0302133026654e+04  -9.4726351431153e+04  -1.6179046131531e+06   2.3004667804270e+05   8.8902785091554e+04  -3.2570723578210e+04  -7.0475519784042e+05   7.5182335791825e+05   7.1060851832639e+05  -1.2385164369012e+06   2.3799815227533e+05   1.1405093429603e+06   4.4043920865648e+05  -6.4192045104595e+05   1.3179214406399e+06  -2.4529649319387e+05  -3.8056210708205e+05  -3.7469858902885e+05  -3.7881549445071e+05   1.6904162332259e+05   8.9775485792293e+04  -4.1470429529708e+05   1.0042170553000e+06  -5.5022314004629e+05   1.7703520372567e+04   6.3240081696814e+05  -2.6692457061192e+05  -1.3700002092099e+03  -5.6921703853614e+05  -8.4313271830820e+05   2.6496287841431e+05   1.7349023688266e+05   6.9208788278901e+05   7.6158456017758e+05  -7.0396981595586e+05  -2.4985793010270e+05  -8.0256647194302e+05   1.0087552572464e+06  -2.3329116971933e+05   2.2478494726541e+05   1.0513937929629e+05   5.5198557594336e+04   3.1784277502920e+05  -1.3875521158389e+06   4.5208827825717e+04   8.7195609799237e+04   1.2894068725195e+05  -1.6968329472920e+05  -1.0196368646573e+05   6.1848252443780e+05   1.4081517635133e+05   3.7500042175947e+03  -2.6974587360124e+04   1.4373586799903e+05  -7.1237978671039e+03   7.9900305236643e+04  -8.9781468407066e+04  -3.0291398693745e+05  -5.6425888430829e+04  -5.3389853131591e+04 
 -2.7263842521108e+05   3.9643746685913e+05   6.1266177104657e+04  -4.9182484790855e+05  -6.9585065803442e+05   2.8810313115897e+04   1.3933504933100e+06  -2.3393360755427e+05  -1.4000318218672e+05  -2.4567625876838e+05   5.7222061956913e+05   3.6257522732043e+05  -1.0205327285422e+06   3.3184725328823e+05  -6.5415153060664e+04   3.2967020619855e+05   2.8243953251516e+05  -6.0262031183646e+05   4.7271135167801e+05   8.5225301682913e+05  -9.9282124134399e+05   1.3359107276703e+06  -3.0610752736908e+05  -1.7319098184856e+05  -1.6491245150146e+04  -7.6932374414325e+05   9.4793875740124e+05   2.4271499304334e+05   1.7962468337613e+05  -2.7848167201962e+05  -3.8742537267956e+05  -1.4850967960701e+06  -3.9919122519685e+05   7.6278207731600e+04  -1.6287096672485e+05   7.8285160327205e+05  -2.8984728096489e+03  -1.5932242149179e+06   1.5044890484920e+06  -4.1352870643723e+05   5.0280321517279e+05   4.1427960758452e+05  -3.1575933622695e+04   5.8019603988091e+05  -3.8126876397145e+05   1.1009909011746e+05  -1.7957777785218e+06  -2.1410548807784e+04   7.8730632174350e+05   1.0201174417899e+05   1.0036497359227e+06   2.7598515983737e+05   1.5882306747791e+06  -7.5730914332185e+05  -6.4074637566840e+04   6.8215180472490e+05  -4.7628938819830e+05   8.0503434166292e+05   2.0612042907336e+05   4.4307932819602e+05  -2.8561250524270e+05  -5.8034803283745e+05   1.0312774490161e+06  -8.7017351777900e+05   9.6191325517677e+04  -1.1488602027510e+06  -5.5356170456410e+05  -1.0414968222430e+06   8.3419983210570e+05   5.3145193883858e+05  -2.9728908987200e+04  -5.6697819394798e+05  -6.7760846961374e+05  -4.2407692480403e+05   3.9846040545450e+06  -1.2685495282098e+05   1.0159402736693e+06   1.3206493561325e+05  -2.2948156736793e+05  -1.3076114480153e+06   5.2302873624868e+05   2.8630089082220e+05  -5.4718754981316e+05  -1.0244884748223e+06  -2.1815697848594e+05  -5.7570862725347e+05   1.0684072255691e+06  -1.0403029304414e+05   1.2001138686731e+06  -1.4578240183785e+05   3.2744269360178e+05  -2.8084146897484e+05   6.4989317210276e+05   8.7397084314193e+04  -1.5251511721528e+06   4.8541602599537e+05   1.2551658933769e+04   5.2464326027626e+05  -5.8682042973169e+05  -9.3770026163525e+05   8.6511249886458e+05   3.3305891614144e+04   3.8542973376565e+04   4.3058040067796e+05  -2.2152133082367e+04   8.1316603080918e+05  -1.2308547625261e+05  -1.6576090121799e+05  -7.6371069986266e+05  -7.0727252832441e+05  -6.2517155638545e+05  -1.2142554873224e+06  -8.1590907944010e+04   5.3888425861703e+05   7.3532649150588e+04   4.6473337946280e+05  -6.7201984347532e+05  -1.4650866842474e+05   5.6728241498823e+05   1.8284193157709e+05   1.3935346951541e+06   5.3919063281913e+05  -4.2802935917337e+05  -8.1705692465110e+04  -7.0734663146288e+05   3.2383512270807e+05   4.3882907895822e+05   9.9802520579827e+05  -2.5098990479532e+05  -2.4496524362431e+05   1.0852026067036e+05  -4.3757847308843e+05  -5.8897104488843e+04  -8.3000538088017e+05   1.2156612785488e+05  -1.2679108945728e+06  -1.0143913791146e+04   7.2750756035420e+05  -9.6454788655476e+05   1.0789005201007e+06   7.1663634999922e+04   6.7882051474327e+05  -3.1273857185538e+05  -8.3117350652738e+04   9.8870403606430e+04   3.5999292772695e+05  -4.5694280534295e+04   4.7626653228726e+04  -2.7847813574925e+05   1.7078073424660e+04   2.0413479950892e+05 
 -5.1089104154176e+05  -4.6263694483739e+04   5.7701702802235e+05   1.1201831829980e+06  -2.3672129893758e+06   8.9712414919795e+05   1.1468456811455e+06  -9.4492375446356e+05   2.6191656887888e+05   1.3155404039602e+06  -1.1994252396876e+06  -1.5506959821025e+06  -3.9740392022572e+05  -4.7978584167034e+05   5.9914958643738e+05  -5.0514508923290e+05   9.7362862986687e+05  -2.7829600580238e+06  -1.5188748439820e+05   8.1578179546861e+05  -9.9372894948326e+05  -1.8116793660215e+06   4.4783811930930e+05   9.1569895875272e+05   3.4551203829811e+05   1.2702604793772e+06   4.2657686140330e+05  -5.8112600282059e+05  -4.0845679524153e+04  -3.8765462515120e+05  -3.2931167269870e+05  -3.1810696886639e+05  -1.6427432101701e+06   1.4504723154760e+05   1.6842462459407e+05   2.2154606011162e+05   1.3171435278650e+06   7.0329759471325e+05  -2.9751633469494e+05   1.1807251564371e+06  -8.7333630318715e+05  -2.8442342721505e+05  -2.4409629227860e+05   1.4454356100512e+05  -9.1282093174054e+05   2.9671215409437e+06  -3.4601355270508e+05  -1.3514075738419e+06  -1.2439256612024e+06   3.7116875237406e+05   4.5641253497402e+05  -1.1138000649044e+05  -2.1395197177955e+06  -4.6885854092876e+05  -1.1517867430597e+06  -7.4339511076693e+05   1.1214891326801e+06   1.5591587399840e+05  -1.3803381252094e+06  -4.8960336979988e+05  -1.7259349316135e+06  -7.3603715452368e+02   3.6178028717366e+05   1.1822475873284e+06   7.6443699389897e+05   1.0459140947433e+06   1.1867269225133e+05  -1.6290146094805e+06  -3.0543172565114e+06   2.8316463458406e+05  -3.4453480029375e+05   1.1823677165788e+05  -2.4849561685890e+05   3.1383464964316e+05  -1.2685495282098e+05   8.4753658060412e+06  -4.7563599198744e+05  -2.3768298080118e+06  -3.7473542517510e+05   9.2193547904129e+05  -2.5012851241023e+05   3.0047022508403e+05   1.6730202323650e+06  -1.4636481911779e+06  -9.4434297303722e+05  -2.8578335026819e+06   2.6684061654529e+06   2.3077798071501e+06  -1.1962513540760e+04   1.3996330438659e+06   2.9008296228176e+05  -3.3704195485664e+06   1.5235901215048e+06   8.6840757377211e+05   5.1935802709079e+05  -2.1976893480005e+06   3.2945899147781e+05  -6.7273508282438e+05  -1.3500357591371e+06   2.3606606963145e+05   1.7199081104505e+06   5.2241288748913e+05  -1.8685441648157e+05   1.7793531418949e+05   1.9846668231925e+04   1.4543342780554e+06  -4.4870675572288e+05  -4.7451614193037e+05  -1.8103634757848e+06   3.5540505746976e+05  -2.9808140842715e+05  -9.6943633442756e+05  -6.0946423633010e+05   2.2567517897327e+05   4.0878929450203e+05  -1.3269892994704e+06   6.1409944201601e+05   7.6838044578580e+05  -9.9758213080492e+05   2.7840242919299e+05   1.9635698735411e+06   2.4971455571761e+05  -8.9151986764521e+05  -1.3098902789353e+06   7.4455656367715e+05   1.9822049949114e+06  -3.7347349315886e+05   7.3238101851741e+05  -1.0554632722468e+06  -2.5272040329629e+05  -1.2903554054922e+05  -1.6465926834329e+06   5.6757180549344e+05   3.4959625899022e+05   1.6990433335055e+06  -1.3963173979605e+05  -3.7462843090059e+05   3.0120570330517e+04   1.1073994624304e+06  -1.4756076385809e+05   7.7320018676996e+05  -5.4233967069420e+05   1.1298018991344e+05   3.3809659616242e+05   2.1759383725006e+05  -3.3171962330563e+05   8.7426342112834e+04  -4.3348427128857e+05   3.3111226597117e+04   4.4488703404666e+04  -2.5304377846008e+05 
 -3.8593505519911e+05  -6.6697510705000e+05  -5.5805912745499e+05   3.9476542553224e+05   8.3610351492346e+05   9.2761155380874e+04   4.1764893088562e+04   9.1466991835451e+05  -5.1552321063826e+05  -2.8330723175687e+04   8.6352739910958e+05   6.4140789284260e+05  -1.3478040923330e+06  -2.5471361954443e+04  -1.3248446919608e+05   2.8425860682702e+05  -6.4817404932702e+05   4.5989318886398e+05  -3.1493970974727e+05   6.2371088086447e+05  -8.4633520182404e+05   1.7524780327280e+06  -3.0019523051042e+05  -1.7592655206471e+05   9.0467610828640e+05  -5.7875045642461e+05   2.3097288573533e+05  -1.2857154527670e+05   4.3000325678533e+05  -4.5152380808618e+05  -3.2704712823189e+05  -9.2443260991285e+05   3.3087668491784e+04  -1.3746533168936e+05   9.3351083445120e+03   8.5499152613453e+05   3.7746573339748e+05  -1.9285391246029e+05   5.7528186801032e+05  -4.0362992098467e+05   1.6462807255262e+05  -7.3267970685354e+05   5.7300151046322e+04   1.3327132328003e+05   5.8883454820882e+05   2.7030877010549e+03  -9.8348667779784e+05   8.8823625138102e+05   4.0269993027749e+05  -6.4275899713271e+05   2.3120410699456e+05  -1.6067688173237e+05   8.0354564370494e+05  -8.4150464481617e+05  -1.7751594858078e+02   2.2357707240105e+05   2.9675891815182e+05   1.7770077981399e+05   2.0328169659004e+05  -4.9226917189448e+05  -2.1615353372559e+04  -3.0988089096537e+05   2.2235111286259e+05   2.3830371418360e+05  -1.7827380299485e+05  -8.4435524615650e+05  -3.5594329685306e+05  -2.4534225957660e+05   4.2290260994351e+05  -1.2755592350389e+06  -1.7593191805769e+06   1.4422442177424e+05  -4.7810082045203e+05   2.3167974850185e+05   1.0159402736693e+06  -4.7563599198745e+05   3.5094796099191e+06  -3.4384713001117e+05   3.5647101333486e+05  -1.2052250523604e+06   3.3363233859877e+05  -3.6551462616460e+02  -1.4708616495969e+06   7.2463108570353e+05   1.1508744652059e+05  -2.0639327680598e+05  -1.6911642557072e+05  -1.2563764324146e+06  -9.0696003265304e+04  -9.0942776639222e+05   3.8526192322759e+05   4.6779092017146e+05   1.2196856575220e+05  -6.1278009208617e+05   4.2663108977321e+05  -1.4626979064687e+05  -1.1413227788903e+06   6.6860181744096e+05   4.0699135896576e+05   2.4720174665437e+05  -4.1659732227038e+05   9.6399764981823e+04   7.0865145304360e+05  -6.7823641350181e+05   4.6424763231564e+05   1.2903247086016e+06   7.0834903960823e+05  -2.3845746809022e+05  -3.5806540764981e+05  -6.1578367522621e+05  -3.4342311987534e+05   3.6082426511865e+05   3.2308482420275e+05  -7.9839106498570e+05   5.6551451259915e+04   5.6653064713756e+05  -8.4331667740045e+05  -2.2372055233196e+05   4.6484651623598e+05   7.7867706854954e+04   8.0492992854931e+05  -2.9028555421103e+05  -1.2646442818071e+05   4.2918992661608e+03  -2.5559688014091e+05   2.3533275625635e+05   1.0151364229621e+05  -5.2352168354518e+04   3.2897671491976e+05  -1.4463571545127e+05  -7.9110870159514e+04   1.3592090649998e+05   4.6042691317825e+05  -7.3847053423612e+04  -1.5719917035770e+05  -2.1219393393069e+04  -3.9892117400105e+05  -7.7504093935595e+03  -3.9673285539860e+05  -2.2446307659112e+04  -2.1458043661660e+05   6.7421239431861e+05  -2.3803754160852e+05   7.2381334395409e+03   3.2552132243427e+04  -1.9596858478067e+04   6.7132306096761e+05  -3.2377760080369e+04  -3.7092913714111e+05   1.3895017051965e+05  -2.2261008175936e+04 
  1.6870884469819e+05   6.5374477966270e+05  -2.8299803532020e+05  -1.0075884103232e+06   8.7851457991782e+04  -1.5316924751556e+05  -1.7167451162608e+05   7.9746846449197e+05  -6.8746957792088e+05   3.6435134725665e+05  -2.6296658505568e+05  -2.9577422916712e+04   1.0735236832744e+06   2.2253736314284e+05  -4.8426642799072e+05  -6.0664046506534e+05   5.2734547835569e+05   1.3471161833815e+06   8.3685799230727e+05  -1.0888294785884e+06  -7.1798402223300e+04  -2.3738942657543e+04  -9.2380735311228e+05  -1.6058839664027e+05  -2.6990954307354e+05  -4.2002661700395e+05   3.5129719389082e+05   3.0254082241484e+05  -3.5128324452866e+04   3.9270408113628e+04   9.5163706880847e+04   3.0931518789743e+05   4.6188509929352e+05  -3.7515548114892e+03  -1.0609060173676e+06   7.3281784842490e+05  -6.3866186538879e+05  -5.0015526098782e+05  -8.1831631413972e+04   5.9253297825922e+05   7.5107846595391e+05   3.6837033816128e+05   2.4031606583911e+05  -6.8876705531569e+05  -9.4023820769194e+05  -6.8350977621980e+05   2.4029462982943e+05   9.2045359055973e+05   1.9803764036400e+05  -4.3603760284048e+05  -5.9135754717135e+05   1.7568680721153e+05   6.9487853408285e+05   1.7574538059097e+06   1.6303579107412e+05   5.9695664412800e+04  -2.0770990762701e+05   1.2980548645463e+06   1.4251829950968e+06  -8.5878005332629e+05   1.0780732742018e+06   6.2068392980216e+05   1.5078515062781e+05  -2.1880913615468e+06  -1.9043981035184e+05  -1.3652841810170e+06   9.5096693878584e+05   8.7481254440609e+05  -3.6570978526329e+04  -8.8857916122841e+04  -3.1445988429849e+05   3.4726840877076e+05   6.6280261851519e+05  -3.2265712360967e+05   1.3206493561325e+05  -2.3768298080118e+06  -3.4384713001118e+05   4.2850877538289e+06   2.7386314693062e+05  -1.2995686920180e+06  -8.3695895380787e+05  -5.4645412803789e+05  -1.4080232814428e+06   3.8154230031938e+05   7.1308665825703e+05  -1.3714822454979e+05  -4.2239774756500e+05  -4.6998101860792e+05   1.1030764383222e+05  -5.4316269569717e+05  -1.3731626666100e+06   1.6768191841524e+06  -8.9204673412087e+05   5.4598137683444e+05   2.8379622396274e+05   1.0342860949045e+06   3.1686929347724e+05  -7.8477079150257e+05   5.6522880437647e+05  -5.5536871408075e+05  -3.4315806778856e+05   6.2911890318389e+05  -8.9379367625561e+05   3.9135674123028e+04   1.8927781904819e+05  -9.7417836327369e+05  -3.2294743461966e+04   7.8351314014142e+03   9.6223106455566e+05  -5.3523305654181e+05   5.2801883205872e+05   1.0679278076176e+06   3.1890152662951e+05  -1.0628616006149e+06  -1.4500935773165e+05   3.4305891007992e+05  -7.3593189209008e+05  -4.6435701561750e+05   1.5850165671181e+05   5.6650928597159e+05  -6.0539735070446e+05   2.7807440045129e+05   7.4365726320097e+05   3.3176095137407e+05  -1.1078639441166e+06  -5.3028657188366e+04   2.7939845816707e+05  -5.6539712673445e+04   2.9236520616450e+05   6.3344669392819e+05  -2.7867405682562e+05   1.6233327784620e+06  -2.0380410477752e+05  -4.9115714109599e+05  -8.9789146179104e+05   1.3973277580127e+05  -3.2410941017024e+05   4.9332094264080e+05  -1.4880274588808e+06  -2.2879479158335e+04  -6.1305145659685e+04   2.7470409038787e+05   3.6662347871131e+05  -2.8093650805666e+05  -2.6917685520994e+05   4.1148789267239e+05   3.1447188058737e+05  -9.4505274894584e+03   3.7297444821983e+05  -7.1641058060465e+03  -2.0744315092881e+05 
  3.6581548723182e+05  -4.9386978930983e+05  -1.8046526342589e+05   2.6480054683088e+05   7.4906227389542e+05  -2.4411140743842e+05  -7.6451827476991e+05   4.7059581361435e+05  -1.1756732301715e+05  -2.6596349017991e+05   4.5364621666849e+05   3.2761538843409e+05   4.6193275368467e+05   1.0549076120221e+05  -2.5598139148621e+05   1.5338614046428e+05   1.8249246849929e+05   7.3352252973408e+05  -3.0023986239925e+05  -4.8082466283703e+05  -7.2818024188282e+04  -3.1848275213551e+05  -1.5537819629638e+05  -1.0538706107440e+05   8.5622956733668e+02   4.5088744196094e+05  -7.2690005441633e+04  -1.6393310509550e+05   3.8771585697262e+05  -3.1613566319899e+05  -1.1735597155254e+04   2.0208900076924e+05   5.9396063248061e+05  -7.4164423359183e+04   1.0901948912293e+05  -2.3183041989727e+05  -4.4345590069301e+05   6.0230979406140e+05  -1.3210724362058e+05   5.1619796172701e+05   3.2570825222984e+05  -4.2108253693095e+05  -2.0089074284181e+05  -9.3068187173568e+04  -2.0049791866648e+05  -5.1515677635740e+05   4.8721462440054e+03  -1.5871820433174e+05   8.3380026146299e+04   1.1897405440000e+05  -1.6708801580279e+05  -2.6720430142385e+05  -7.7506269992339e+05  -9.1063299342047e+04   9.5804753801241e+04  -4.4663918261678e+04   1.8803586331585e+05  -4.2455181287189e+05   1.1172001220995e+05   1.6668928148210e+05  -2.7233802107317e+05   6.6421892239860e+04  -7.3893634750163e+05   1.9407389775615e+05   1.1132068587710e+05  -8.1157884382650e+04  -5.6422195330929e+04   3.1012186565093e+05   6.1400201537744e+05  -8.7640449216978e+05  -1.9824665537907e+05  -2.9645075213060e+05   1.2994677746520e+05   1.1104215499602e+05  -2.2948156736793e+05  -3.7473542517510e+05   3.5647101333486e+05   2.7386314693062e+05   1.6226642269291e+06  -3.6838757246987e+05  -1.1381325960994e+06  -3.8735650087371e+05  -4.3757040059834e+05   4.8833320635127e+05  -1.4342713904151e+05   6.5661352047658e+04  -9.8714783139158e+04   1.3187813898750e+05  -2.5293526495954e+05  -1.8021792121356e+05   3.1450916033752e+03   4.6765033287632e+05  -4.1303906114456e+05   3.2316682357014e+05   2.5872025474757e+05   2.2079856931084e+05  -1.9062805076287e+05  -4.5356399706243e+05   3.3667736938534e+05   1.3272113239863e+05  -5.4740056545752e+05  -1.1032705975085e+05  -2.0477016970431e+05  -8.7517542305160e+04  -2.8027341985620e+04   1.4058342403560e+04   3.1421112910290e+05   4.3514202883255e+05   3.7306617154709e+05  -5.7111069141837e+05   4.0392275178633e+05   2.1201536830151e+05   7.6071799764521e+04  -1.3975680962878e+05  -1.7321790039260e+05  -1.0694082991164e+05  -4.0023634497137e+05  -8.1548517011207e+03   4.4269849694529e+05  -1.1176785148784e+05   3.4479478084405e+03  -3.7338816186889e+04   2.3965140862357e+05   1.8234036960842e+05  -3.8103706982563e+05  -1.0367550948010e+05  -4.4621980669920e+05  -5.0700101340980e+05   3.9209268896150e+05   2.2162186695738e+04  -1.7269080682931e+05  -1.1569583716969e+05   2.2930308788545e+05   3.0567772092647e+05  -3.3098015670487e+05   3.2734773037948e+05  -2.4684506573068e+04   1.7272648497156e+05  -4.5576961023848e+05  -2.2709672148940e+05  -1.8343854772618e+05   2.6673287604924e+05   5.1728858955059e+04  -7.0716955486947e+04  -1.0348443624509e+05   1.4876389833114e+05   3.6784806925363e+05  -1.4643972973666e+05  -3.7713841937968e+05   5.8946508458622e+03  -1.1161555805357e+04 
 -1.3788082149494e+05   5.4149786039630e+04   1.3889849323214e+05   9.0931273135745e+05  -7.4371681141883e+05   3.7342919930205e+05   2.2884429464782e+05  -9.6967766788735e+05   4.8615123005367e+05   3.4900828736499e+05   8.8264342128498e+04  -3.2577227421310e+05  -2.6466351505519e+05  -4.7464035105828e+05   2.4865082140620e+05  -3.3672118664825e+05  -1.1046660043509e+06  -1.1049560961215e+06   6.1032383088323e+05   8.5284821517741e+05   6.7152513230036e+04  -4.7734784471358e+05   7.5169845564530e+05   1.6704773526016e+04   2.2030897149175e+04  -2.0921360757798e+03  -6.7254629100050e+04  -1.5743452118041e+05  -3.1460551461419e+05  -1.8681154053043e+04   1.3914518877683e+05   3.6448355372637e+05   3.4546969334678e+05  -2.5330089624637e+05   2.6369074610196e+05  -3.2772923054977e+04  -7.5023089436166e+04   1.3270412862071e+04  -9.6964618765693e+05   5.8974555093526e+04   8.4310373638540e+04   5.6803992488823e+05   7.4692725977079e+05  -7.5369379643735e+04   1.0444247346204e+06   1.5393302251054e+05   7.2105256250003e+05  -9.2175851302395e+05  -1.1684613410706e+06  -4.0753030026352e+05  -2.0499453195579e+05  -1.4371835724377e+05  -8.8215667976825e+05  -1.6448230151590e+05  -2.3877293938203e+04  -7.7641154156297e+05   7.4870094483256e+05  -2.7725759248851e+05  -1.4546260736037e+05   4.2302824793407e+05  -3.1794613737989e+05   1.5560365963048e+05  -4.4626956860759e+05   4.1516720714237e+05  -4.7302479323175e+05   4.2935325893707e+05  -4.2828747078035e+05  -7.3437714293382e+05  -6.7792389446438e+05   7.4404572198694e+04   6.0410891388827e+05   3.7412095193079e+05  -1.7805703085738e+06  -1.5353677569171e+05  -1.3076114480153e+06   9.2193547904129e+05  -1.2052250523604e+06  -1.2995686920180e+06  -3.6838757246987e+05   3.5392238198481e+06   1.1434223111320e+05   2.9445690255385e+04   1.1917788917196e+06   2.6145238940930e+05   2.3953277207009e+05   4.1305606894727e+05   3.6552436253002e+05   5.4215959316759e+05   5.7330202472390e+04   3.8769964810011e+05   2.7232554450655e+05  -4.1872195707402e+05  -5.1132849660433e+05  -1.9321760795715e+05   1.0186412699234e+06  -1.0987022900139e+06  -1.8089435584527e+04   1.7579582064765e+05  -3.1730269274622e+05   2.8249456872029e+05   1.5122058585341e+05  -3.3933964619948e+05  -1.0009774518562e+05  -4.8201090935008e+04  -2.2200544960344e+05  -7.0206082126744e+05  -2.3835518163399e+05   2.5048289996034e+05   1.9156149685120e+05   7.5514087380382e+05  -6.9511823366670e+05  -2.9220836982053e+05  -3.4629774419153e+04   2.3081462554098e+05  -2.1446581269386e+05  -1.3120856174158e+05   1.4748552633241e+06  -9.6062015845121e+04  -1.0254558461850e+06  -7.7119587597233e+05  -5.4528185763340e+05  -4.8860362615548e+05  -1.8779723408541e+05  -3.1781098144402e+05   1.3567854973340e+06   1.9562024521407e+05   3.6978652184674e+05  -5.5107903959775e+04   1.9762595447865e+05  -7.5284966556944e+05   2.7628938595119e+05   2.1034813329381e+05  -7.0750591030132e+05   5.3799170706143e+05   8.4624274237598e+05   4.3022712429235e+05   2.3909379989583e+05  -6.6930031600687e+05   1.0201059062014e+06  -4.1206105662115e+05   8.5179613143223e+04  -7.2669472100580e+05   1.1413849628788e+05   3.5683006867462e+05   2.0363067106243e+05  -7.9767052238240e+05  -2.0151934330603e+05  -6.4209257745413e+04   9.3186679377308e+04  -4.6510424503584e+04   7.6445270090912e+04 
 -2.7713255429641e+05   2.2533670353942e+05   1.2017369596284e+05  -4.8101017805130e+05   2.1472255148079e+05  -3.5294530068497e+05   7.8436488807313e+05  -1.0027955871548e+05  -2.8881021781051e+05  -3.2951178137444e+04  -8.1118639345373e+05  -5.4280351900475e+03  -7.9666796242261e+05   4.7932535322354e+04  -4.3800021822428e+05   7.5601540023479e+05  -4.3700526369502e+05  -1.0630458865652e+06   1.6727070111598e+05   6.1455768354639e+05   1.7785838294867e+04   2.1900532279728e+06   2.2815945040057e+05  -2.3831673188848e+05   2.2823372704614e+05  -9.9770416746783e+05  -3.6254045885510e+05   2.4711528386111e+05  -2.0488084766319e+05   3.6427451801978e+05  -8.2625650534240e+04  -4.9046751135390e+05  -4.2018158473759e+05   1.3385807502975e+05  -4.5623426501470e+05   4.8664479681470e+05   8.9237148680244e+05  -7.1060320625382e+05   6.9607379762024e+05  -1.2829460017460e+06  -8.0330212614183e+05   1.9084701225794e+05  -2.0986401930084e+05  -1.0362518754894e+05   1.5411676509705e+06   5.3048571175738e+05  -4.7930090599409e+05   1.1496089485974e+06   6.1214147744886e+05  -7.4688582753130e+04   3.0529373299874e+05   9.4815288576693e+05   1.8682557545921e+06  -1.0686860681204e+06  -2.8942139889434e+05   7.0044271987022e+05  -8.9915746380149e+05   9.8886147905034e+04  -8.4670999453917e+05   4.8171047893646e+05   5.7290746380594e+05  -6.7076348423627e+05   1.7393919060528e+05  -4.1302803079937e+05   4.0723321521139e+05   9.2707202219843e+03  -6.2519020927600e+05  -6.9310572975751e+05  -1.2163786907502e+05   1.3771813210398e+06  -2.1380876760123e+05  -3.9122165493918e+05  -2.0054745949066e+05   3.5712871039595e+05   5.2302873624869e+05  -2.5012851241023e+05   3.3363233859877e+05  -8.3695895380787e+05  -1.1381325960994e+06   1.1434223111320e+05   4.7340475296330e+06   5.6096042526652e+05   5.3778582520304e+05  -3.4259633031628e+05  -5.8087549460088e+05   1.1671152969765e+06  -1.0813952041952e+06  -1.6337476370377e+06  -5.7035024905759e+05  -2.5929358541697e+05   3.9814163235939e+05  -1.6134535987564e+05   8.8606674549315e+05  -1.5032825487364e+06  -1.6712604852016e+06   1.8494007765247e+05   2.5274420466065e+04   1.2120130315040e+06  -1.0675937749141e+06  -2.2629482735813e+05   2.9444964608971e+05   4.0984594015827e+05   1.9365436316915e+06   1.8541185005972e+05  -2.9101060568747e+05   1.2160392986575e+06  -1.8405657580444e+05  -8.8703409231636e+05  -1.1085971641268e+06   3.4281480595803e+05  -4.2817963483672e+05  -2.8923082663707e+05  -3.4107891012526e+05   1.0129685522920e+05   1.4323208444950e+05   1.0115466205343e+06   1.0718856325640e+06  -2.0007514387127e+05  -4.0121440425721e+05   5.6622909545619e+05  -7.5819245985693e+05  -3.8505210198372e+05  -1.4317209312310e+05   7.9524427646900e+05   8.9841601838719e+05  -6.9583893532075e+05   9.1012533510851e+05   1.0617348021133e+06  -1.7742519340692e+05   4.0609519944096e+05   1.2209516863696e+06  -4.9942816574952e+05  -4.4627919633483e+05  -7.0044472851294e+05  -6.9288051458395e+05  -8.6025725488500e+05   8.5323346106536e+04  -8.4146462503531e+05   7.3605092102983e+05   6.4591693560893e+05   1.3894846877008e+05   5.8119999181457e+04  -2.5918785922138e+05   1.9746190364151e+05   1.8369711902086e+05  -3.2287991536913e+05  -6.3067749757320e+05   2.7424028138404e+05   1.1276725520208e+04   3.7342189134337e+04   1.7362257318581e+05 
  1.2421593089216e+05   2.8783790962072e+05   1.0947658240387e+05  -3.1332400343443e+05  -3.0127050385149e+05  -1.3209252940133e+05   4.4447833868110e+05  -4.2465907895504e+05   2.9774745887558e+05  -4.4599327267256e+05   2.5794418645175e+03   1.6938914052831e+05  -3.0043657066622e+05   1.0368581516244e+04   3.2153904872273e+03   1.3943037059934e+05   3.5123401252344e+03  -5.5542366827011e+05  -1.6485184569291e+05   3.7081478058726e+05  -4.2093238622192e+05   4.8121256290047e+05   4.2044419965095e+05  -8.8115134057014e+04   1.0115499883661e+05   2.5502335737979e+03   1.9851271199156e+04   1.4529496459267e+05  -2.0847011453236e+05   2.3868490806741e+05  -4.8326631281978e+04  -3.4680514700174e+05  -4.6109117006441e+05   5.5871248089822e+04   5.8561926510571e+04   3.1466272130096e+05   5.7636389081641e+05  -5.2253001227848e+04   4.7659731836793e+05  -3.8670436934678e+05  -2.9762762611833e+05   1.0266151656776e+05  -2.4490320528710e+05   7.1607949717942e+05   3.8146836565394e+05   2.7427181950422e+05  -3.3815527403730e+05  -3.8528875342365e+04   4.2209417085999e+05   1.3314271507797e+05   1.2303256920191e+05   1.8189642143110e+05   5.7100870069567e+05  -5.6296469875369e+05  -4.9550351837442e+04   7.0693452532658e+04  -2.3997838408825e+05  -2.1755281541920e+05  -3.7031077032843e+05   3.2752004101188e+05  -1.0048727464354e+04  -1.9857640346258e+05   3.7460646279939e+05   1.1311166916662e+05   1.7087587782796e+05   3.3873764388197e+05  -4.2784555977780e+05  -1.1279609380358e+05   2.1356014444141e+05   3.5482447131158e+05   2.2856555204651e+05   4.3971059934739e+04   9.1674816318770e+04  -1.0442575479367e+05   2.8630089082220e+05   3.0047022508403e+05  -3.6551462616239e+02  -5.4645412803789e+05  -3.8735650087370e+05   2.9445690255384e+04   5.6096042526652e+05   1.1176264195448e+06   3.3263745852294e+05  -4.3699409836823e+05  -8.8044799635761e+04   6.6729048649751e+04  -4.5523764961370e+04  -2.8909269875124e+05   7.4435004234956e+04   1.5388142941581e+05   1.2041903079125e+05  -1.1999661522064e+06   9.8258861000500e+04  -3.0991985693581e+05  -4.0587065084856e+05   1.0803136661374e+05   4.1236067531555e+05   3.8312701558603e+05  -3.5163699554926e+05  -3.9560739400572e+04   4.0846359598755e+05  -3.0578163144672e+04   5.5059353621225e+05  -7.0431730744724e+04   7.9396756598427e+04   8.4918427123267e+04  -3.2001796144049e+05  -3.3245731011985e+05  -4.3291903999639e+05   2.1247583047383e+05  -1.9748137626104e+05  -3.1328945942308e+05  -1.2501233583327e+05   6.7440490014815e+05   8.4734881398263e+04   9.1880120959661e+04   3.8573766488144e+05   2.6755935326444e+05  -3.8068676740972e+04  -6.0164535522093e+04   3.1022854727823e+05  -9.5398911059699e+04  -3.1206645311880e+05   1.3464953797561e+05   1.9626692796233e+05   4.4284725338187e+04   1.7504833476577e+05   2.9466340512319e+04  -2.7419654483931e+05   1.0351452074551e+05  -1.1129962557520e+05  -1.9177165151670e+05  -1.6196996593932e+05  -1.2627751856707e+05   3.6688767028125e+05  -3.9368359241490e+05   3.0937487271397e+05  -2.2599507492071e+05   2.5684735232092e+05   2.1995697312439e+05  -1.1165426913127e+05  -8.8984083108771e+04  -2.1443236513493e+05   8.4345482393601e+04   7.6301596099710e+04  -4.7937821215451e+04  -3.0748966555066e+05   1.5986211146401e+05  -5.2266119308667e+04  -9.0923906456625e+03   8.2513276650233e+04 
 -1.5064306314016e+05   4.1710478199651e+05   7.7723648689787e+05  -3.3964017165621e+05  -1.0024437048157e+06   8.5412568007090e+04   6.7992470441294e+05  -9.8343013429652e+05   5.3292262859692e+05  -2.3548371159952e+05  -4.2670169027549e+05  -3.8243736654845e+05  -2.9371430037164e+04  -2.2211539449473e+05   5.1938982663962e+05   5.0918576044134e+05   1.8600722029023e+04  -1.6940282979616e+06  -1.6823199733123e+05   7.8804652736480e+05   7.5440940116585e+05  -1.2062379636630e+06   6.6383551182217e+05   7.0384359395943e+05  -6.2051345186246e+05   5.5482390508654e+05  -8.3612096756138e+05  -1.2636495097788e+05  -8.3291855906546e+04   1.4282778813518e+05   7.1094234605266e+04   4.4576625182352e+05  -4.7361132787558e+05   3.7321159201024e+04   1.9636247323089e+05  -4.9677354016926e+05   1.4622779362875e+04   6.3387991802974e+05  -1.5006089659547e+05  -2.0236560276181e+05  -1.1507381426669e+06   6.3953760448483e+05  -1.6735219076421e+05  -5.1743523641656e+05  -2.1565485817984e+05   7.0570109019398e+04   6.0628792604691e+05  -6.9632107074875e+05  -1.3758615261441e+05   6.2039017554536e+05   9.4534786341734e+05   4.9511405222926e+05  -6.7620827498060e+05  -8.9965200639326e+05  -8.1504806777883e+05   1.4315855955966e+05  -2.7832097653179e+05  -5.4350127313502e+05  -1.0163568717608e+06   6.8556328726106e+05  -9.1931455274183e+05  -7.9406060431301e+05   4.7117797412845e+05  -3.8218105046489e+05   5.4798328166505e+04   2.3065345953779e+04  -7.6319266715544e+05  -2.1041638355309e+05   3.9168356554709e+05   9.2373421918794e+05   7.2731918498354e+05   3.1853107665754e+05  -3.5457154993367e+05  -7.2251301220027e+05  -5.4718754981317e+05   1.6730202323650e+06  -1.4708616495969e+06  -1.4080232814428e+06  -4.3757040059834e+05   1.1917788917196e+06   5.3778582520305e+05   3.3263745852294e+05   4.5726471306368e+06  -9.8837694588650e+05  -1.2839886509361e+06  -1.6703087093299e+05  -3.6129226416582e+05   3.1723245599430e+05  -2.5498298527403e+04  -9.1449501686554e+04  -9.3271681871026e+05  -1.1829502056024e+06   1.2180264519804e+06   2.9987025198158e+05  -1.1042833622810e+05  -8.8437704570425e+05   6.6334255528492e+05   2.4452042272214e+05  -7.7970753914447e+05   4.9186888990229e+05   6.7641548555061e+05  -5.0202685982456e+05  -1.1194652452012e+05  -3.5407696218209e+04   3.8306814805256e+05  -7.1735913192335e+05  -6.2518977764961e+05  -1.7097555006845e+05  -7.1550801612097e+04  -1.4258588278776e+05  -1.2009316364324e+06  -6.1873177496097e+05   1.1736813159167e+05   1.4232603379667e+06   4.7105751063239e+04   9.3104593696957e+04   1.0896105473406e+05   2.0644602227347e+05  -7.3257452432204e+05   5.5963767116780e+05  -9.2522494895197e+04   5.4795927605419e+05  -2.2845546093267e+05   6.1626315308714e+05   1.1221664799073e+06   9.0541433492741e+04   2.9618182225090e+05   4.5242253396045e+05  -1.1125831602136e+06   2.6796759491667e+05   6.6247657393671e+05  -7.3230422582491e+05  -2.8205807080527e+05  -4.1902684445595e+05   4.5369125728792e+05  -4.7070634557166e+05   3.4066188883358e+05  -4.6653473542281e+05   7.2298330367484e+05   2.8979863979731e+05   3.3702494764288e+05  -4.1767105336747e+05  -1.9976664078856e+04  -3.0980780750530e+04  -2.0286350319375e+05  -4.3762166049787e+04  -6.5868853494649e+05   2.8094633277800e+05  -1.6004082758191e+05  -4.8959176993162e+04   3.3630486142783e+05 
 -2.8285941661166e+05  -1.2347155362496e+06  -1.4115325577533e+05   9.0653694154556e+05   7.0888958750011e+05   1.9879376658613e+05  -5.4451032924676e+05   4.5384964670560e+05   1.0404784176002e+05  -2.5701809677158e+05   6.6675031767272e+05   3.0596579635943e+05  -2.2053713372825e+05   7.0448085852824e+05   4.0898708802151e+05   1.9153254010612e+05  -1.7396168214455e+06   2.9920016335209e+05   4.6893009220658e+05  -7.0468195425067e+05  -5.3721004964094e+05  -1.0766357410335e+05  -2.9135338456832e+05  -4.7490059563544e+05   7.0511198307448e+05   3.0763076391777e+05   1.1810177929693e+05  -2.7187980246557e+05   3.6737226458233e+05  -1.0551249316013e+05   2.4154645713614e+04  -5.2396149295770e+05  -1.3266855452217e+05  -3.2883870468043e+05   2.1139580877496e+05   1.7949675894295e+05  -3.3968306820986e+05   1.8503093987671e+05  -3.5972972551322e+05   4.3308643079019e+05   1.7579475365373e+06   3.0297226175381e+05   7.7661036613081e+03  -1.5529929936923e+05   9.6259635112492e+05   9.7706998088622e+03  -1.1498393866769e+05  -3.0819200647341e+05  -6.1894183246327e+05  -3.6803015805114e+05  -1.0458314474108e+06  -6.5306875302346e+05  -7.9936161065072e+05   5.6575108599619e+05   8.8107781951890e+05  -9.3020415391144e+05   7.3553713177211e+05   1.0278390331185e+06   1.2492022805627e+06  -7.0298930897203e+05   5.0368432676156e+05   5.1250858053934e+05  -6.2313890153466e+05   1.5267402633123e+06  -1.9235437017430e+06  -3.0306207165441e+05   2.2475184186518e+05   6.2183105928121e+05  -6.5975556458381e+05  -1.0085385805379e+06  -3.6053246016342e+05  -3.1139960895897e+05  -6.9009226036700e+05   6.3603714101292e+05  -1.0244884748223e+06  -1.4636481911779e+06   7.2463108570353e+05   3.8154230031938e+05   4.8833320635126e+05   2.6145238940930e+05  -3.4259633031628e+05  -4.3699409836823e+05  -9.8837694588650e+05   3.5538224000712e+06   8.0015431032500e+05   1.0057694886155e+06  -2.3341231854206e+05  -1.3401530005726e+06  -4.4010597204014e+05  -4.8837636466266e+05   7.3638182569501e+05   2.0460539319857e+06  -1.2304756673628e+06  -1.4103627826188e+06   8.5701023710722e+05  -9.3458238821449e+05  -9.5327743105399e+05   2.8784275251005e+05   9.3588682489084e+04  -4.5330768835031e+04  -3.3842139128542e+05   1.3177160725355e+05  -4.8969141345180e+05  -5.2035810045904e+05   3.5460897574202e+05  -4.2076217864885e+04   8.5481625927706e+05   4.5759250144017e+05   9.4375144013191e+05  -6.0050205198863e+04   1.0318518050265e+06   7.2485358889754e+05   5.5685723317778e+05  -2.3459215885303e+06  -1.6764112780511e+05   2.2297126215343e+05  -2.3267328855554e+04  -3.0857199053179e+05   6.0541423260984e+05  -5.9168768557604e+05  -2.9964563774474e+05  -7.0250813352637e+05   1.3798484896095e+05  -5.8475626655412e+05   6.3725643224846e+04  -3.2814329551804e+05  -4.3270592998389e+04  -7.1342151181621e+05   1.0684268778566e+06  -1.3901770060928e+05   2.7053670279542e+05   7.5255230424667e+05  -9.7718753879919e+05  -3.1666508137876e+05   1.6676092665805e+05   1.3099801428347e+06   5.4257143745453e+05  -7.2561638346704e+05  -3.7506610694209e+05  -8.6124385375614e+05  -2.6924023801404e+05   1.6301280598944e+05   1.1498764350702e+04  -1.1894900045522e+04  -5.9286946724214e+04   1.2437995451699e+05   3.7424067277639e+05  -3.4838407269296e+04   2.1441466988728e+05  -3.1766774034949e+04  -1.4490483542407e+05 
 -5.8699321949187e+05   4.1533770955484e+05  -4.8122559886434e+05  -1.0161670516959e+05  -4.8333694056508e+05   8.7899593748966e+05   1.2079549675647e+05   1.7614885448925e+05  -2.6423529729441e+05   9.5017460203316e+05   6.2006408427492e+05   5.0367471817778e+05  -3.3026331796667e+05  -2.7000674799999e+05  -1.4901383390326e+05  -1.0643340314024e+06  -1.1105151387406e+05   8.6753261022138e+05   3.0330109942497e+05  -6.0350686590032e+05   2.3695705871884e+05  -5.5633643870563e+05  -3.9923628448664e+05  -1.5340769651129e+05   7.6304313143095e+05  -1.4222657344475e+06   2.2699507950015e+05   2.7171136160828e+05  -8.0819735622593e+05   4.9892014491518e+05   1.2801697656834e+05   3.1348146736936e+05  -9.6539246780683e+04  -1.7927501577246e+05   7.1175751947133e+05  -4.0385338477385e+05  -1.4865250224984e+04  -1.2468335770927e+06   1.2706635600524e+05   2.5698689553662e+05   8.6702209683595e+05  -1.3064329168476e+05   6.4485725588849e+05   1.3451450814390e+06  -6.2517239927886e+05   1.0163041169590e+06  -2.5731733202252e+05  -2.0960199088245e+04  -2.8184724010065e+05  -7.0222513216055e+05   3.6705444220416e+05  -3.5874419737924e+05  -1.7808664699988e+05   1.0575732412080e+06   5.1363690339407e+05  -5.7267562829923e+05   5.1497730504052e+05   8.4885483435223e+05   3.7277824070922e+05  -7.6861700904275e+05  -1.1159516627558e+04   7.3864169714014e+04   6.2656452960278e+05   6.9510128112122e+05  -4.3592672244223e+05  -3.6445890371098e+04   1.1805219971459e+05   1.9193115053442e+05  -9.5527976809090e+05  -4.2147351742618e+05  -2.0217490640063e+05   2.9941361262385e+05  -1.7685022396979e+05  -3.5905998630963e+05  -2.1815697848594e+05  -9.4434297303721e+05   1.1508744652058e+05   7.1308665825703e+05  -1.4342713904151e+05   2.3953277207010e+05  -5.8087549460088e+05  -8.8044799635759e+04  -1.2839886509361e+06   8.0015431032500e+05   2.9169150815470e+06   1.7393260287974e+05   6.8925012158713e+05  -1.0759926246047e+06   7.5308699624182e+05   3.1047984564144e+05  -7.2229319946201e+05   1.0057185996704e+06  -1.4668796386916e+06  -4.1910801997496e+05   1.0793145782851e+06  -1.1105877255764e+05  -6.3860062536230e+05  -1.0053153173687e+06   6.1469669246291e+05  -9.2889520011421e+05   8.8441899867621e+04   3.9588411896982e+04  -7.3475296354846e+05  -5.5670471947339e+05   4.0459729387322e+05  -7.8237400862554e+05   1.6626783224613e+05  -5.1815687975383e+04  -3.2916319587108e+05   9.3638529231231e+05   2.4907376250561e+05  -1.0518118892612e+05  -5.4390295790069e+04  -1.7340789656531e+06   4.4468208914135e+05   3.6289249477837e+04   7.4374313943362e+05   1.8222051144032e+05   6.1863060251750e+05   1.4538170672891e+05   9.3941459811713e+05  -6.0546838852558e+05  -8.8087583735327e+05  -7.4631411370544e+05  -4.4066747873824e+05   8.4604554110634e+05  -1.5855926279528e+05  -4.5360194701863e+05   1.5453294183571e+06   6.2487567297247e+03  -5.3554815722563e+05   3.8651399848334e+05   1.7798999064282e+05   5.7780124084315e+05   5.6465510785932e+05   4.7648388761897e+05  -3.1628090410274e+04  -2.9848463533973e+05   3.3047002415972e+05  -5.5819999272530e+05  -6.1775569296011e+05   5.6046859009894e+04  -4.6450155783080e+03   1.8310622451943e+05  -1.1127375793821e+05  -1.6407050265612e+05   9.3945390614504e+04   7.9377588794347e+04   1.8376742329944e+05   4.5452166862091e+04  -1.9726141794777e+05 
  5.5028200816221e+05  -1.9004924940448e+05   9.3617324883794e+04  -4.9999159257015e+05   6.7137967253419e+05  -1.0249658853106e+06   3.3134578130161e+05  -2.6850518706180e+05   5.5038254062771e+05  -1.2628173138003e+06   4.2116329957049e+05   1.1904095882019e+06  -2.5239927794452e+04   3.6204969130524e+04  -2.5622923969819e+05   9.2064515864429e+05  -1.1849567524737e+06  -2.8942865513952e+05   6.9215966131705e+04   1.8990984919993e+05   4.7829794518643e+05   4.2758679819219e+05   2.3751178508274e+05  -5.8432123743513e+05  -6.5005270849097e+05  -5.5537892516164e+05  -7.1392121752322e+05  -3.0242516131799e+05   2.0004454369882e+05  -6.0556033148065e+04   4.5362711979056e+05   9.3887022366894e+05   8.4501903625571e+05  -4.3797144625593e+05   2.0123538269520e+05  -7.5460570052127e+04  -4.5409835069076e+05  -2.8074635126048e+05   1.5316991802638e+05  -7.8145835824495e+05   3.3225871323383e+05   3.9027542524990e+05   1.7315091027211e+05  -2.8810968074943e+05   1.1348337848508e+06  -7.0948636351456e+05   2.3648839006047e+05   3.6980280618602e+05   3.7854843153934e+05  -6.3438874247544e+05  -3.6115461853736e+05   5.6060222936834e+05   1.2586917048383e+06  -2.0670062207821e+05  -1.6513818028847e+05   4.6298690769874e+05  -9.0597470870066e+05  -2.9890654453417e+05   3.7100907218454e+05   3.4122517230955e+05   4.8758292041023e+05   9.5521199125375e+04  -1.1660311786638e+06   3.6938386269981e+05  -7.9944751364220e+05  -7.2805460740696e+05  -1.1964673278348e+05   8.0393945121861e+04   8.7299576589272e+05   8.5421994659481e+05   4.7654027344064e+05  -1.3510562810643e+04  -1.6413492521486e+04   1.2150953754064e+06  -5.7570862725347e+05  -2.8578335026819e+06  -2.0639327680598e+05  -1.3714822454979e+05   6.5661352047657e+04   4.1305606894727e+05   1.1671152969765e+06   6.6729048649753e+04  -1.6703087093299e+05   1.0057694886155e+06   1.7393260287973e+05   4.3424407195566e+06  -1.9558517717218e+06  -1.5949098331667e+06  -3.3953128302218e+05   3.5229108216705e+05   4.2895150575513e+05   1.6815236579234e+06  -7.9618088167652e+05  -1.4908444162611e+06  -4.7507008930060e+05   8.9578459566311e+05   9.4373074504694e+04   1.1089474638184e+05  -2.5008237742195e+05   4.6109778212101e+04  -1.2731333326300e+06  -1.0933028120410e+06   2.0087258608164e+05  -1.3979777331597e+04   1.2059404302009e+05  -1.2231181601509e+05  -9.3083853582598e+04  -2.1110367679391e+04   5.3901909541233e+05   2.4970664960958e+05   2.9423450962684e+05  -1.4138730453787e+05  -1.8803003621768e+05   4.2589673531620e+05  -3.8972067729895e+05   1.0277742977585e+06   9.7119893544232e+05  -4.6132440571091e+05   2.0948064840866e+05  -3.9674790609936e+05  -1.1196585415675e+06   1.9132738680715e+05   9.1634308704549e+04   1.2683938812438e+06   2.4180243818622e+05  -1.2670264125009e+06   6.6262899575672e+05  -8.0254387714687e+05   1.2975818726514e+06   4.0043567395791e+04   3.9134885410620e+05   1.6611707999209e+05  -1.2484413853034e+06  -5.2919240890224e+05  -1.5793567035286e+06  -2.3398874116469e+05   1.2913985808807e+06  -8.7388401563811e+03  -2.3376149748873e+05   1.2900963143305e+05   1.6511639941190e+04  -4.3297448802892e+04   7.1099818026397e+04  -1.9916595673821e+05  -1.6006235556008e+05   1.5904376315846e+05  -2.1266969799686e+05   1.0331517618588e+05  -3.6801932106349e+05   8.5027792532763e+03   2.0919655083428e+05 
 -6.7488363682425e+05  -3.3126252776618e+05  -2.6453518207907e+05   1.5622105418123e+06  -1.4626633626543e+06   1.1329406200746e+06   7.2022546797942e+05  -5.9809847160525e+05   1.7338884743260e+05   1.6276537815952e+06   4.5284685910375e+04  -1.4634454223692e+06  -1.7222750352741e+06   1.3049846550367e+06   7.8507747321007e+04  -1.0691999400269e+06  -2.1766678496232e+05  -9.5442360466569e+05   1.1963327682704e+06  -2.2521957631894e+05  -1.4828718102452e+05  -8.4527200286329e+04   2.2086226263628e+04   1.4990391106639e+05   1.2996924836819e+06  -7.9377955490509e+05   1.3952858104091e+06   5.0854445659327e+05  -2.2797726670705e+05   9.7260967833729e+04  -9.9279380410560e+04  -1.8033860998374e+06  -1.3155699354714e+06  -5.1810983660992e+05   1.2222566056814e+06  -4.8370786248332e+05   9.1380246295186e+05  -4.9625818175044e+05  -1.2854743960449e+06   1.5237616982152e+06   1.9925778555900e+06   7.9216211354082e+05   2.7359085807713e+05   3.4207409626597e+05  -8.0352894128452e+05   5.4314210249011e+05  -1.4448973029984e+06  -2.8899489612590e+06  -2.4324147497320e+05   2.4619404837378e+05   4.6292668741758e+05  -6.2760215194180e+05  -1.2931457011039e+06  -1.1236897716281e+06   7.4372905536097e+05  -3.7746861981808e+05   6.9375089573390e+05   1.4185186398410e+06  -1.6488098678845e+06  -3.5294261552476e+04  -1.2216959157770e+06  -1.2977220304217e+05   1.8520628926024e+05   1.0607125981891e+06   1.0962483029381e+06   7.6409412882906e+04  -7.5046905097748e+05   1.3776957126491e+04  -1.5805839128169e+06  -5.2517969832771e+05  -2.3320815102857e+05  -9.1474499278683e+04  -6.1942823068917e+05  -8.9850152686658e+05   1.0684072255691e+06   2.6684061654529e+06  -1.6911642557072e+05  -4.2239774756501e+05  -9.8714783139161e+04   3.6552436253002e+05  -1.0813952041952e+06  -4.5523764961370e+04  -3.6129226416582e+05  -2.3341231854206e+05   6.8925012158713e+05  -1.9558517717218e+06   6.4475632459570e+06   7.0593500831355e+05   2.9267856169079e+06  -7.9141370704217e+04   3.5417175055222e+05  -1.1948567328914e+06  -3.7902231408246e+05   1.7295921433008e+05  -3.1094852634341e+05  -3.5420247368586e+05   7.0254555803750e+05   1.0239635637183e+06  -4.7119896612824e+05  -2.0108517654250e+06   1.5210546534307e+06   2.2570384284833e+05   3.4460208445649e+05   1.2595289274890e+05   9.9883127578155e+04  -9.9402014118774e+05  -6.9303838549888e+05  -1.0108100489983e+05  -1.1614724438776e+06   5.2295833279758e+05   5.0063081019842e+05  -1.4869687015509e+06  -6.9664224536424e+05   1.1638510344313e+05  -4.9731772720166e+05  -2.4449438105115e+05   9.3770173026491e+05  -5.0285962526745e+05  -8.9044005888733e+05  -1.2501984894484e+06   1.9375320769893e+06  -1.6105727588731e+06  -1.9960747259933e+06  -7.7625858537607e+05   2.3562268122302e+05   2.1542347729124e+06   4.3100942856857e+05  -1.0317077445025e+06   7.6569349627917e+05  -4.2462079805510e+05  -4.8412768559327e+05  -2.3256843671421e+05  -5.4982080625325e+05   9.5342243696592e+04   1.9719376309566e+06   8.4834092822714e+05  -4.6374448772337e+05   1.9891255619858e+04  -1.9734440075883e+05  -5.2264586514165e+05  -2.2118397270037e+05  -5.2757976393002e+05  -1.7149798023028e+05   5.4716915988214e+05   6.8582120032181e+04  -1.8355329503086e+05   1.1682265369013e+05   8.7325908095864e+04   5.6530791755127e+05  -5.3990271459074e+03   5.9236220007240e+04 
 -2.6931773287272e+05   5.9885973568864e+05  -9.0016362728849e+04   7.0110099394701e+05   1.1341343921195e+05  -8.9622784243901e+03  -2.6920229814413e+05  -7.9887748765971e+05   3.9829632887318e+05  -9.6732047506785e+03  -6.4376573580161e+05  -7.5910233364169e+05   1.5878666018181e+06  -6.4086700736019e+05  -1.1238691772623e+05  -4.5058261589758e+04   1.3465760336150e+06  -3.8170468094951e+05  -3.5818664618358e+05   1.9463371476051e+05  -1.6751561793967e+05  -4.7490560967281e+05   1.8381785448420e+05   5.1757529611601e+04  -7.3688099889150e+05   1.4295318477084e+06   9.6253887201287e+04   8.7839985578406e+03  -1.9016517462633e+05   1.0512403209923e+05   1.2817454892046e+05   4.3703326909203e+05   2.9423768922691e+05   4.8625891711138e+05  -5.7863663510115e+04  -2.2102172571017e+05  -4.4503951635075e+05   5.2011643770465e+05  -6.7205700232544e+05   4.0405486440783e+05  -2.0271607800827e+05  -4.0425415244060e+05  -2.2379836678338e+05  -8.3050322477058e+05  -7.7415905489821e+05  -3.7546974655219e+05  -1.5237012507686e+05  -1.5011575861948e+06   8.9379184848518e+04   6.7981550628881e+05   1.0336387202420e+05   1.6577921347482e+05  -1.6695490026923e+06   6.7772033286890e+05  -1.7019617501242e+05   1.8172787683837e+04   4.5757378089547e+04  -1.1319569290779e+06   4.3270612210951e+05   9.8420556794442e+05  -4.5510474696357e+05   1.7800089494724e+05  -3.5281384543748e+05  -6.4769549899444e+05   6.5720836810166e+05   3.5481500434899e+05   5.4145827810104e+05   1.5256050823686e+04  -2.0327800707302e+05   5.4599800787918e+05   4.8800944439034e+05  -4.4837872021133e+05   5.8984030801458e+05   5.6858528221604e+04  -1.0403029304414e+05   2.3077798071501e+06  -1.2563764324146e+06  -4.6998101860793e+05   1.3187813898750e+05   5.4215959316760e+05  -1.6337476370377e+06  -2.8909269875124e+05   3.1723245599431e+05  -1.3401530005726e+06  -1.0759926246047e+06  -1.5949098331667e+06   7.0593500831355e+05   5.0477464526097e+06   1.7225082032966e+05   6.4140687302106e+05  -1.7860837561143e+05  -1.5297936876596e+06   4.6608616239570e+05   1.2360326729603e+06  -1.9697382405672e+05   6.9724430523985e+04   6.1292973975710e+05  -1.8353432983742e+06  -6.6771745169046e+05   2.2856812320870e+04   1.8429773305855e+05   3.2622164648865e+04  -9.1608298399587e+05   9.1333164480540e+05  -6.6354788654414e+05  -7.0881788839124e+04   9.1964670275797e+04   1.1469403368427e+06   5.1138788621425e+05  -4.6007425035498e+05   8.8872433792024e+04  -6.7969786846944e+04  -1.5127117034211e+05   1.2661028821324e+06  -4.0158930591971e+05  -1.3402278959827e+06   6.0809218690887e+05  -8.6117461116826e+04   5.5797005469672e+04  -8.3030258391077e+05  -7.2386328532739e+05  -1.0942937672722e+05   7.7455005530602e+05  -8.0849717148366e+05  -5.3488213738477e+04   3.7954785354289e+05  -5.5494198118152e+05   4.6095203972622e+05  -9.4713320228698e+05  -5.2233617027435e+05  -6.4633259569375e+05  -1.7369387618763e+05   7.4270128166252e+05  -2.1154817314855e+05   1.8936968354330e+05   6.3569758088647e+04  -2.2161009608834e+05   3.4408750013190e+05   2.2634702101852e+05   1.1714553025806e+05   4.0709721064770e+05  -3.9365057725084e+05  -8.9330115843957e+04   1.0882234158813e+05   1.6550965405681e+05  -1.6789521661362e+05  -2.0676531038046e+05  -6.8364280582302e+04   1.8826085241638e+05  -5.7338141408745e+04   2.7476613673140e+04 
 -8.5617952923726e+05  -1.2421290644208e+04   1.0791430132919e+05   3.8850409612852e+05  -4.2954425263334e+05   5.3084275753157e+05   5.8414079575871e+05  -6.7681731001495e+05   4.8627613197795e+05  -9.8018078872844e+04   6.2248611531050e+05  -1.5196101405025e+05  -1.0496137413535e+06   9.4031431824363e+05  -1.6409407005325e+05  -7.4504741960735e+04   9.7958463720912e+05  -8.5151987623191e+05   1.1180292559861e+05   2.5287448325480e+05   1.7910604487841e+05   9.1555522217797e+05  -7.2158386954084e+05  -1.5840433785774e+05   3.0786373781673e+05  -1.1617604763378e+06   1.9549049125676e+05   3.7843561319589e+05  -3.6408286754063e+05   2.8757378905674e+05   1.4734088766284e+05  -1.7874966904678e+05  -1.1686178472184e+06  -2.8704043772104e+05   9.9388910333695e+05  -2.7117677691155e+05   3.8872965851825e+05  -1.0202496461886e+06   7.6603471601283e+05   1.4605529212753e+05   8.6469502164517e+05   6.1627118784017e+05   3.1081724193835e+05   8.7714221869043e+05  -3.5381342511119e+05  -7.9085598709286e+05  -1.5532015355500e+06  -1.3398147905979e+06   2.0231332958792e+05  -6.9539608711922e+05   6.0446791889034e+05   1.8879909194197e+05   1.0991250338793e+06  -3.4269752151006e+05   5.0051897080320e+05   1.1193315907169e+05  -1.3058732143872e+05   1.6651415551078e+05  -5.1481587001920e+05   9.3810878986877e+05  -1.5475528538235e+05  -2.3783389551895e+05   1.1431188946182e+06   2.4955921138495e+05   2.4122587209866e+05  -1.1770211859724e+06  -1.0601141703863e+06  -2.1053108489850e+05   4.3929425201948e+05   1.5989502993841e+05   3.8936554021362e+05  -1.0153322086017e+05  -2.1150826041485e+05  -6.8268969373248e+05   1.2001138686731e+06  -1.1962513540760e+04  -9.0696003265304e+04   1.1030764383222e+05  -2.5293526495954e+05   5.7330202472390e+04  -5.7035024905759e+05   7.4435004234954e+04  -2.5498298527402e+04  -4.4010597204014e+05   7.5308699624182e+05  -3.3953128302219e+05   2.9267856169079e+06   1.7225082032966e+05   3.1618220976909e+06   1.0376111619796e+04  -7.3455095482736e+05   8.5097621090510e+04  -4.3446468446993e+05  -4.1279441203967e+05  -2.4947240616898e+05   7.9683993769437e+05   6.5782834877366e+05  -6.1979800824386e+05  -8.7103477637702e+05  -1.6285676487738e+06   1.4813858731189e+06  -2.3711116221590e+05  -5.0643067174951e+05   2.3415459849346e+05   1.9954936757174e+04  -1.4229218848252e+06  -5.3083973646706e+05   4.3042253592815e+05   2.5390239938386e+05   1.8289476234454e+05   4.6580408633799e+04  -1.0474955896733e+06  -3.0229281671700e+05   4.3463309520543e+05  -1.0955075556384e+05   2.2136145559798e+05   1.1262644050302e+06  -4.6676496490103e+05   3.8555846515540e+04  -6.9188539725512e+05   1.9481151827407e+05  -1.1532966955238e+06  -1.6310686133173e+06   6.0075252764389e+04   4.7823268221930e+05   7.0358651099702e+05   9.4874318411625e+05  -2.9321863900648e+05  -3.2269468349377e+05  -3.3018962865244e+05  -3.6152768383575e+05   2.2471842403278e+05  -3.4957205918711e+04  -9.1541172673023e+05   7.7226527061729e+05  -2.5582937055136e+05  -9.0951253414521e+03  -1.6384220862937e+05  -1.1003246273993e+05   3.1334205342165e+05  -1.6749193561601e+05   8.0697374296977e+04  -3.2777444795976e+05   2.5348208061119e+05  -1.4722235817376e+05  -8.8476362546489e+04  -2.9787051903605e+05   3.8396898039430e+05   2.5899916498143e+05   1.9162735621525e+04   1.2548879754203e+05 
 -4.6295984105544e+05   6.5603309776213e+05  -2.2134437871358e+04  -2.2575264233420e+05  -1.3094517495064e+05   6.0891916762431e+05   2.1108812277620e+05  -5.0026991415808e+05   2.4016186095853e+05  -6.3312651437853e+05  -2.7486707887061e+05   8.2592776857848e+05   5.9069826213105e+05  -1.2328370229619e+06   1.1952395765559e+05   1.4506931055398e+05   3.0311273344121e+05  -5.3090186129541e+05  -2.5635192357310e+05   3.5866707109550e+05  -9.4731047933224e+04  -9.6432291863821e+05   4.2092818632691e+05   1.1684029858350e+05  -1.9785430361586e+04  -3.8458335822697e+04   8.2962165611967e+04  -2.5021180825047e+05  -3.3546058681132e+04  -4.0087685757004e+05  -5.3455575317379e+04   1.7105348476401e+05  -1.0676462371042e+05  -1.0432551685847e+05   6.0067682404034e+02  -1.0470427376616e+06   5.5341462743069e+05  -1.4959463986926e+05   3.0432311373908e+05   6.3017029795239e+05   2.1975289965747e+05   2.8329009320539e+05   1.8965847998791e+05   2.5201515288760e+05  -3.8465256989757e+05   1.2889272333438e+06  -7.4466896911152e+05   4.4699688332527e+05  -8.8988905654380e+05   6.3008216509954e+05   7.5517451939260e+04   9.8867580835043e+04  -3.7911528984791e+05   3.1286240177791e+05  -4.1392943266254e+05  -2.0719482166721e+05   7.9487257064164e+04   2.6913952999506e+05   1.2816616073336e+05   3.2481820905848e+05  -4.3731335786171e+05  -5.2716849542866e+05  -2.3501123053294e+05  -2.4150295380067e+04  -4.5499282213502e+05   1.3666009621819e+06   6.1904663082484e+05  -5.1317784870968e+05  -1.6123837702666e+06   8.4203518903180e+05   3.5148480795242e+04   3.6735391805430e+05   2.4468048502141e+05   4.0777046545319e+05  -1.4578240183785e+05   1.3996330438659e+06  -9.0942776639222e+05  -5.4316269569717e+05  -1.8021792121356e+05   3.8769964810011e+05  -2.5929358541697e+05   1.5388142941581e+05  -9.1449501686561e+04  -4.8837636466266e+05   3.1047984564144e+05   3.5229108216705e+05  -7.9141370704220e+04   6.4140687302105e+05   1.0376111619797e+04   3.0556045461715e+06  -1.2883001999509e+05  -9.1528002385235e+05  -2.4111483005497e+05   1.7679866669880e+05   5.4342243822504e+05  -1.2017052083974e+06   7.4814434997308e+05  -1.1021473201876e+06  -5.9070818345393e+05  -1.9322978561314e+04   2.4512594189140e+05  -1.5332284279869e+05  -1.0340794054296e+06   1.1052321191180e+05  -1.7396333046649e+05  -7.4039511318120e+04  -4.7081596354029e+05  -3.0316679943201e+05  -6.4978581393474e+05   7.2525292575380e+05   1.4771995400718e+05  -1.2265896822192e+05  -4.1185306002170e+04  -8.1921050450837e+03   1.8920498938091e+05   1.9917483186007e+05   4.2107351603108e+05   4.3528286926248e+05   2.2583386690509e+05   2.4014747376559e+05   3.0644487874624e+05   7.4106024693307e+04  -7.8763387245383e+04  -2.7942966271344e+05  -2.2989244142387e+05   4.2581935056573e+05  -8.4052568517585e+05   3.2354340722416e+05   4.1846328412511e+03   1.3183255247796e+05  -1.5721505448924e+05  -7.9246081081306e+05   4.5194814269079e+05   3.4299550507963e+05   3.4493958622179e+05  -5.5103847110094e+05   8.5303570333285e+04   3.0738536505715e+05   4.3895061007586e+05   2.0648598788853e+05  -4.7665371959633e+04   2.1038544717959e+05   1.1890188192123e+05  -1.2945565472623e+05   2.8463646194043e+05  -1.2727456134095e+05  -8.4027335550181e+04  -2.1896081167169e+05  -3.0686753469773e+05  -3.3768386952368e+04  -2.2553354110102e+05 
  2.3811067402148e+06  -7.3512570176836e+05   8.5480212103450e+05  -4.9393900933909e+05  -1.5147007055577e+06  -1.2343884845464e+06   9.8987140863413e+05  -3.3558034380579e+05   5.9735691120483e+05  -9.9630804619766e+05   4.4806909600517e+05  -3.7714270711286e+04  -1.3465548436317e+06   1.1575708464812e+06   7.0579773197798e+05   3.5398461539469e+05  -8.0646012464865e+05  -5.5985230983591e+05   7.0076366277686e+05   4.4895993344977e+05  -1.2719511106805e+06  -5.0831044994364e+05   6.7340427329103e+05   1.0645848905869e+05  -9.9823416992650e+05   7.7240165326126e+05   1.0331076834292e+06  -9.2654067398167e+04   3.4374393616536e+05  -3.2553273613102e+05  -4.7030604160532e+05  -1.2539408544135e+06  -2.2495920197415e+05  -2.9032290277841e+05   1.4079940430514e+05  -1.4458143073372e+05   5.2411679549049e+05   1.5462933744457e+05  -6.5295302752464e+05   3.5492169972880e+05   1.3140557346915e+04   8.5213722390961e+05  -4.2266308775374e+04  -3.3678670317720e+05   1.1647859566235e+06  -2.1840906195175e+03   8.6923906863488e+05   1.4086606569195e+05  -1.5161184829098e+05  -5.4500268660369e+04  -7.4478430314116e+05  -3.7973484513769e+05   4.0605276359716e+05  -1.2464175671784e+06   4.1172277853705e+05   2.1452447538364e+05  -3.2938534350545e+05   1.8511840381205e+05  -5.9505195456514e+05  -2.8032243881689e+04  -3.2211673439719e+05   8.6400130390543e+05  -5.3193710235301e+05   6.7853890937841e+05  -7.6202214255873e+05   4.1062131671080e+05  -4.5277903001720e+05   2.7252582348247e+05   4.5226042701987e+05  -2.9448832622644e+05  -1.3720776914818e+04  -5.1059445815842e+05  -8.4211828924752e+05   1.1672396594728e+06   3.2744269360178e+05   2.9008296228174e+05   3.8526192322760e+05  -1.3731626666100e+06   3.1450916033764e+03   2.7232554450655e+05   3.9814163235939e+05   1.2041903079125e+05  -9.3271681871026e+05   7.3638182569502e+05  -7.2229319946201e+05   4.2895150575513e+05   3.5417175055221e+05  -1.7860837561144e+05  -7.3455095482736e+05  -1.2883001999509e+05   4.7520421838569e+06  -7.6449168135165e+05   6.9189699512468e+05  -5.6356041549302e+05  -1.2576447678599e+06  -2.3771943947618e+05  -4.0266700376648e+05   2.9800255207573e+06   6.9276137310744e+05   3.5528040201658e+05  -4.1354155031445e+05  -6.6328218325790e+05   7.0653294185031e+05   4.5186687876458e+05  -4.8128144480289e+05   1.7292498586996e+06  -1.5519035477459e+05  -6.9539791079477e+05  -6.6054861326066e+05   1.9336573385959e+05  -5.6983215845008e+05  -1.0343818393178e+06  -7.6121322312695e+05   1.7177053296869e+06  -2.0197151943412e+05  -5.9605084361503e+05  -1.5720049620346e+06   3.9455389949816e+05  -1.0882558334865e+06  -5.2868553548712e+05   8.4909948159316e+05   1.7889845227955e+06   1.7690402415385e+05  -4.6144545554987e+05  -5.5550274997304e+04  -8.8233752798930e+05  -5.7619775735710e+05  -9.6731047628919e+04   6.2605992777452e+04  -5.3006828279205e+05   1.0259725317165e+06  -2.8907757354672e+05  -5.1356977638437e+05   4.6761686987932e+04   2.1940802801417e+05   2.8873243501928e+05   2.5475708127567e+05   1.2243274210636e+05   2.4742276673226e+05  -1.2359372746994e+05   5.3173984832483e+05  -2.6952932225555e+05   2.1723507078549e+04  -2.1628340010389e+05   3.5815867653756e+05  -7.9555340065472e+03  -1.4214104376564e+05  -2.2301092294650e+05  -3.4192508515742e+05  -1.0516525648113e+05   2.6733493155407e+05 
 -7.9886307301854e+05  -5.9018620189408e+05  -3.7898983492541e+05  -1.2260783959974e+05   1.5950541792048e+06  -2.4224526766425e+03  -9.0036101700247e+05   1.3726417353895e+06  -6.6250492869731e+05   3.1995859008197e+05   9.4857308656010e+05   6.9268542867103e+05   1.9595853882668e+04   6.9388736816045e+05  -4.1303807814298e+05   5.1570608590026e+04  -4.9105173529817e+05   7.6112731506981e+05   5.2633239472888e+05  -8.3443838892078e+05   4.4460333228860e+05   1.7417230237300e+05  -8.4285822371840e+05  -5.5341411792995e+05  -6.9490879023015e+05  -4.7915610524230e+05  -3.4455259711149e+05  -4.2525983588700e+05   3.9882106706883e+04  -6.2840685164800e+04   3.2098594215981e+05   1.7342162497672e+06   7.0352088231407e+05  -2.6211005769895e+04  -1.7530776011230e+05   7.8841261012460e+04  -2.1286556085274e+06  -1.1246851376229e+06   1.0988396004641e+06  -7.8696332094906e+04   1.4318808386895e+06   8.5097785289353e+05   7.2395794584474e+05  -1.3104600988618e+06  -1.1657991930134e+05  -1.1680048370389e+06  -3.7749558150724e+05   3.7278493519675e+05  -3.8358799926235e+04  -1.8383522935371e+06   1.2039223558776e+05   4.5649021808673e+04   1.4219914270400e+06   2.0339960339132e+06   1.0929835577410e+06  -2.2909808769629e+04   1.4082688072751e+05   1.1555768012054e+06   1.4214804726642e+06  -4.7270605829815e+05   7.4644529309873e+05   1.9712615326928e+05   8.5635640437645e+04  -1.6662252791867e+04  -1.0566310255618e+06  -1.8006335177763e+06   6.3852380997846e+05   3.5580862848065e+05   8.7393247308773e+05  -2.7849427985041e+04  -6.2963367639010e+04  -3.9773750193551e+05   6.3168437349253e+04  -6.0302133026654e+04  -2.8084146897484e+05  -3.3704195485664e+06   4.6779092017146e+05   1.6768191841524e+06   4.6765033287632e+05  -4.1872195707402e+05  -1.6134535987564e+05  -1.1999661522064e+06  -1.1829502056024e+06   2.0460539319857e+06   1.0057185996704e+06   1.6815236579235e+06  -1.1948567328914e+06  -1.5297936876596e+06   8.5097621090513e+04  -9.1528002385236e+05  -7.6449168135165e+05   5.5545050698357e+06  -2.9944887414492e+06  -8.7369127863786e+05   5.4437250557667e+05   1.1513756709006e+06  -6.3253024238853e+05  -3.5344008355785e+05  -1.6430369322900e+05  -5.9879585514895e+05  -7.8028487625128e+05  -2.0271687954184e+05  -1.5623360178193e+06   4.9169648786683e+04   1.2691914940110e+05  -1.1084100322356e+06   6.2637405075735e+05   6.1097259310151e+05   1.4620963047745e+06  -2.5481965532054e+05   1.4212101988343e+06   1.0735939100845e+06   5.4363015914442e+05  -1.8964166935508e+06   4.9873865653302e+04   4.6082899062187e+05   3.2675120176935e+05  -7.8305242387929e+05   1.2071014514872e+06  -4.4871768188534e+04  -8.6203632794045e+05  -5.0372797198119e+05  -3.0660033778749e+04   2.1356047768606e+05  -5.3275412921816e+05  -4.7427995718510e+05   7.0998182462043e+05  -2.6207161689564e+05   1.3010032132722e+05   3.1035414452086e+05   1.3975274892874e+05   1.0909027724992e+06  -7.1845590693919e+05  -7.6487720737609e+05  -7.5805130388986e+05   4.9876687341249e+05   5.7658559083750e+05   1.4893819934834e+04  -1.1859853457429e+06  -3.9122229417293e+05  -3.9516489109834e+05   3.7815740414151e+05   6.2947658616724e+04  -2.3938613451335e+05  -3.2627123637805e+05   4.4231789081404e+05   5.9962081766557e+05   6.6074098004915e+04   3.6640350516959e+05   7.4110809262345e+04  -9.3589890484537e+04 
  8.2638732675359e+05   9.3566356132445e+04   5.4095494337913e+05  -3.2078269840995e+05  -7.9029363749678e+05  -3.5431001770696e+05   6.6237848202127e+05  -5.4390340626078e+05   9.4124152335225e+04  -5.0601583987473e+05  -9.8486326475524e+05  -5.9394061395309e+05   1.3119732070121e+05  -4.3897098167703e+05   3.0459446377132e+05   6.2040984073870e+05   3.5339249352642e+05  -1.8532125975731e+05  -5.2603304312880e+05   7.4844134898829e+05   1.6773799632191e+05   3.3480703721262e+05  -9.8192968862080e+04   6.9026685251525e+05   6.9003611035550e+05   1.4021974659577e+05  -3.4044442661806e+05   1.9146047054135e+05   2.6520177710389e+05   1.4369296835903e+05  -4.1559890512140e+05  -1.4383601378612e+06  -2.8016534439386e+05   2.4337863013815e+05   2.9813492096050e+05  -1.9037163578404e+05   9.5467220537907e+05   1.0340262795563e+06  -6.3042320705385e+05  -5.8130764629459e+05  -1.5521148576208e+06  -1.0638096335276e+06  -1.0600559432640e+06   6.5734590041961e+05   1.1137479236267e+05   4.9689343923770e+05   7.1179406661289e+05   5.2082024197441e+05   3.6655342169145e+05   1.5705679252335e+06  -2.0382058473145e+05   3.7248705275945e+05  -3.7881344837535e+05  -1.7176393773879e+06  -1.2889265761232e+06   4.1479785884912e+05  -5.2286450108184e+05  -9.6755223585384e+05  -9.2757503578457e+05   4.6441317510495e+05  -1.6768848830923e+05  -1.5916832365865e+05   3.5662840231966e+05  -7.1337322487734e+05   9.8728059233057e+05   4.4425055977870e+05  -5.8045966333897e+05  -3.6646700210866e+05   5.2454747426150e+05   3.4517689616984e+05  -2.2537355088880e+04   1.1842898365861e+05  -3.2819046795952e+05  -9.4726351431154e+04   6.4989317210276e+05   1.5235901215048e+06   1.2196856575221e+05  -8.9204673412086e+05  -4.1303906114456e+05  -5.1132849660433e+05   8.8606674549315e+05   9.8258861000498e+04   1.2180264519804e+06  -1.2304756673628e+06  -1.4668796386916e+06  -7.9618088167652e+05  -3.7902231408246e+05   4.6608616239571e+05  -4.3446468446994e+05  -2.4111483005496e+05   6.9189699512469e+05  -2.9944887414492e+06   4.3421442294357e+06   8.1842767365194e+05  -1.6022968462683e+06  -6.5975999365487e+05  -5.7290829683640e+05   1.8963156713253e+05   7.0035380958594e+04   3.1820872308543e+05   5.5042389285609e+05   4.4336437636163e+04   1.2250990168958e+06  -1.2739588985297e+05  -7.9404951123906e+04   1.7172160935588e+06   2.1667483603373e+05  -9.1804856342758e+04  -7.2769363307601e+05  -3.0852914524005e+05  -1.2202569384412e+06  -1.1249144889346e+06  -3.9470620990830e+05   1.0182579029071e+06   2.3162960746340e+05  -1.8327634680597e+05  -1.1269379415212e+06   4.9349211487156e+05  -8.5923869452913e+05   8.2953852509417e+05   2.1991298276250e+05   1.2402057739117e+06   6.2223575496655e+05  -1.3706059066913e+04   2.1715108283878e+05  -3.2240570091627e+05  -4.4831880079607e+05   1.0818416558750e+06  -1.0615646003645e+05  -2.7984783380439e+05   7.3131019288159e+05  -9.3987645360434e+05   7.7714942734076e+05   2.3595652169328e+05  -8.4300341963364e+05  -7.0128715610230e+05  -6.1051491447892e+05  -1.3874335198672e+05   7.6030481732636e+05   7.6282397577615e+05   6.7511297682779e+05  -3.2092809120903e+05   4.8181688602163e+03  -1.1444529213364e+05   4.5575955690001e+04  -6.0324943413422e+04  -4.8099697543898e+05   6.5440603727092e+03  -1.6099069370827e+05  -3.9658284664840e+04   1.4057584410236e+05 
  5.5167573696324e+05   2.6478319047724e+05  -4.9557897069054e+05  -3.4185121277247e+04   1.5937635862690e+05   2.0306671568369e+05  -7.9876668816173e+05   5.4829560433456e+05  -5.5768499216015e+05   5.5770701953899e+05  -6.4939826089047e+05  -6.0077367025330e+05   1.1943757147532e+06  -1.0939644175608e+06  -3.5793128474317e+05  -5.5271285844440e+05   2.5924941951445e+05   2.1461495796453e+06  -4.3181097330010e+05   2.9312597310226e+05   2.5975949856280e+05  -6.6186224685424e+05  -1.4545185539163e+05   8.1126800966108e+05  -5.7968196066644e+04  -1.0845881685436e+05  -3.9929057829466e+05  -1.4121806493188e+05   1.0423652841823e+05  -3.5265245520997e+05  -2.4809590176563e+05   5.7976390062551e+05   1.6464736589154e+06   2.1151613228094e+05  -1.8692168876539e+05   7.1723648224315e+04  -6.4966463454486e+05   9.7172711400047e+05  -1.2530304971654e+06   8.0436202497703e+05  -3.4420277048549e+05  -8.6477628733603e+05   2.9862851287395e+05  -1.1814402565000e+05  -1.9682893717055e+06  -7.5153839987541e+05   5.4537819484951e+05  -5.4249254748951e+05   1.4762790590617e+05  -1.2442275962890e+04  -2.5058600763542e+05  -6.2649708243300e+04  -1.3938355336339e+06   1.3596598601972e+05  -7.5819058783789e+04  -7.5063121733229e+04   1.7495890586230e+05   3.0404166592623e+05   2.2014675078483e+05   8.8498270152036e+04  -7.4309553338287e+05  -3.1833111091195e+05   1.8047748448947e+04  -1.0205341126284e+06   9.0383658613625e+05   1.3670061193866e+06   9.5295547447170e+05  -5.1219384177139e+05   5.1990495614462e+05  -2.6066019730078e+05   2.8564041436635e+05   7.5301623301473e+05   3.1671135081554e+05  -1.6179046131531e+06   8.7397084314194e+04   8.6840757377211e+05  -6.1278009208618e+05   5.4598137683444e+05   3.2316682357014e+05  -1.9321760795715e+05  -1.5032825487364e+06  -3.0991985693581e+05   2.9987025198158e+05  -1.4103627826188e+06  -4.1910801997496e+05  -1.4908444162611e+06   1.7295921433009e+05   1.2360326729603e+06  -4.1279441203967e+05   1.7679866669880e+05  -5.6356041549301e+05  -8.7369127863786e+05   8.1842767365194e+05   4.4543478314292e+06   1.0928528873937e+05  -6.5812419576118e+05  -8.9549811863728e+05  -6.1894731922782e+05   7.4620538849837e+05   1.8213897069470e+05   5.2610749864421e+02  -3.3338413052480e+05  -9.6773337011013e+05   7.3759762871474e+04  -9.1025690416075e+04  -3.7750183186194e+05  -4.7806877349716e+04   4.8539353508469e+04  -1.6881569602722e+05  -2.3907391885630e+05  -1.5571053606126e+06   2.8889205048570e+04   4.6320709976943e+05   8.1414004443115e+05   6.8033681331218e+05  -3.5650899894969e+05  -1.9548891053022e+06   2.3503869033985e+05   5.3290418252365e+05   1.2003174454318e+06   5.6991025625112e+05   1.6142477508040e+06   6.4817178569260e+05  -4.4458098544231e+05  -9.3108211654156e+05   3.0398647511020e+05  -8.4845283018822e+05  -1.1688869141939e+05  -1.6775551510132e+05  -4.2677241213226e+05  -6.2002112350299e+05  -4.2514883855212e+05   1.0019860918969e+06   1.4926807863978e+06   9.7569662682922e+04  -7.2752379198699e+04  -6.9319110904362e+05   6.8224178778800e+05  -1.1537933617605e+05   5.1319270481733e+04   1.7655178321769e+05  -8.0298927011376e+05   2.1991316859904e+05  -3.1472598857521e+05   7.3704213923347e+04   3.3829225610587e+05   2.7819537111698e+05  -3.5705550928368e+05   3.4549649235529e+05  -1.8839369267148e+04  -1.4612972037212e+05 
 -4.0610986716799e+05   9.6465730526201e+04  -5.4051131972749e+05   5.7124593543095e+05   2.2999871522622e+05   8.6784037961041e+05  -1.1659176818988e+06   4.9851875973066e+05  -3.4567483245454e+05   1.3089309589013e+06   4.3317539793888e+05   3.5505543630425e+05   2.9170927824494e+05  -1.2725615205469e+06   1.7665363591021e+05  -1.0498321641029e+06  -7.6332330888475e+04  -3.1176435366895e+05  -8.4217988036566e+04   1.3512313084726e+05  -1.0548316570166e+05  -1.2570102268303e+06   4.7020908634906e+04  -1.3612447237955e+05   4.0840174687014e+05   7.1720326934889e+05   1.8821904774900e+04  -6.0610559620177e+05  -2.5085076974917e+05  -5.3492791680227e+05   2.5265052840677e+05   9.7693198203155e+05   5.3525949450100e+05  -4.5482679382483e+05  -4.2382608674826e+05   5.1564084801158e+05   6.5748015699512e+05   1.0986708649513e+06  -9.9851906198142e+05   1.0115107261671e+06   1.4728376015839e+05   4.0729090726867e+04   1.1870201694181e+06  -8.3900996986466e+05  -4.2055354223409e+05  -3.9821284416779e+05   3.2474394858381e+05  -5.1016391375979e+03  -2.2787773952420e+06  -1.1376746503353e+06  -4.4618193171646e+05  -5.9253089028075e+05  -1.3210181762656e+06   9.9663789873832e+05   1.1969360487684e+05  -9.6738287937644e+05   1.3502748668697e+06   5.7741972684548e+05   1.2413671923885e+06  -1.3462726268004e+06  -2.2058295533610e+05   5.3673478461275e+03   6.6329555784199e+05   1.0505408510980e+06  -1.7390706786817e+06   2.2456020538018e+05   5.5706142939879e+05   8.8262556924513e+04  -2.0675491758474e+06  -1.7908792130239e+06  -5.9843566194969e+05   7.1631498923098e+05   5.7114869831276e+03   2.3004667804270e+05  -1.5251511721528e+06   5.1935802709079e+05   4.2663108977321e+05   2.8379622396274e+05   2.5872025474757e+05   1.0186412699234e+06  -1.6712604852016e+06  -4.0587065084856e+05  -1.1042833622812e+05   8.5701023710723e+05   1.0793145782851e+06  -4.7507008930060e+05  -3.1094852634341e+05  -1.9697382405672e+05  -2.4947240616898e+05   5.4342243822503e+05  -1.2576447678598e+06   5.4437250557667e+05  -1.6022968462683e+06   1.0928528873937e+05   4.3360043151465e+06  -1.2096127308206e+06   4.3899089087856e+05  -1.1550157685433e+06   6.4157913798444e+05   1.3750001289813e+06  -1.0222920411342e+06  -3.1568441616831e+05  -1.7104322890939e+06  -1.2502343203933e+06   7.8187070961391e+05  -1.2661812678738e+06   1.1370739206909e+05  -2.8626598746614e+04   9.2541853105267e+05  -2.5076666199121e+05  -4.7877271224623e+05   1.7470431932687e+06   1.1621023238016e+06  -1.4906716867763e+06  -2.1279613918409e+05   2.1087845824275e+05  -1.9062617710394e+05  -1.3131253801554e+05   3.6089296542397e+05  -8.4087451220938e+04  -4.9682880908695e+05  -7.8997342165855e+05   2.3683471282202e+04  -3.0724657090572e+05   5.6924585480940e+05   4.2784680289352e+05   1.9509203389214e+04  -9.6228125858038e+05   3.5773221857870e+05  -1.4879758179168e+05  -7.6013030751861e+05   7.6804592788959e+05   4.3296959914388e+05   8.1030226890444e+05   1.2130517501597e+06   7.7563019713819e+05  -4.5532832148930e+05  -1.0186993607418e+05   1.5242994475898e+05  -7.3406709526720e+05  -1.9768976904416e+05   3.3190897757838e+05   3.8934145649884e+05   6.3641588053052e+04  -3.6289086870528e+04  -1.4861670205011e+05   5.2047890448262e+05  -3.6839451253901e+05  -2.2652799582125e+05   7.5233936290354e+04  -3.4464927439883e+05 
  1.1240244805317e+06   1.6154215640770e+05   8.0483587285039e+03  -1.0570730418355e+06   7.5681971903520e+05  -1.1416710463971e+06  -2.6279938997404e+05   5.2095292096966e+05  -1.9324300042348e+05  -3.0618924254090e+05   3.5076243919173e+04  -1.3370671862135e+05   2.2532553161419e+05   9.8442507329688e+05  -7.6313062880326e+05   1.5930293724325e+04   1.4430901458387e+06   4.6606986070465e+05  -4.6761016803674e+05  -3.3904078893915e+05   5.4574759708924e+05   9.9105545228192e+05  -9.4618483298678e+05  -5.3170151848538e+05  -4.9824641443764e+05   1.0628378501208e+05  -7.9904602696464e+05   1.2640129451881e+05  -3.0786108570082e+05   5.1026892085487e+05   3.2120062508924e+05   1.5406754332892e+06   1.4241695754037e+05   1.5351861476540e+05   1.5709072618583e+05   2.9038308439565e+05  -6.9575268575920e+05  -5.2901863135289e+04   9.4402953213512e+05  -9.4900066431118e+05  -7.5549712181988e+05   3.5687401409521e+04  -4.3445734496135e+05   3.6800728008929e+05   1.1948610926623e+05  -1.8215285326246e+06   1.3812370331701e+05   4.4884435011970e+05   1.3814672614468e+06  -8.7468038093108e+05   2.8976686608629e+05   5.3820769898797e+05   2.3845601903152e+06   4.3194024256944e+05   4.4147940078509e+05   1.0778190753160e+06  -1.0871136735932e+06  -1.0162535682301e+06  -6.9617337696941e+05   7.0876462262672e+05   1.0778153848781e+06   7.9094039762961e+05  -1.2760760751044e+05  -8.1001061358096e+05   1.1879743232941e+06  -1.4412556344516e+06  -6.5723207652168e+05  -1.4914643317466e+04   2.3888375384064e+06   2.4845933158928e+05   4.9089374306243e+05  -3.7813415603486e+05   1.2932728962276e+06   8.8902785091553e+04   4.8541602599537e+05  -2.1976893480005e+06  -1.4626979064687e+05   1.0342860949045e+06   2.2079856931084e+05  -1.0987022900139e+06   1.8494007765246e+05   1.0803136661374e+05  -8.8437704570425e+05  -9.3458238821448e+05  -1.1105877255764e+05   8.9578459566312e+05  -3.5420247368586e+05   6.9724430523988e+04   7.9683993769437e+05  -1.2017052083974e+06  -2.3771943947619e+05   1.1513756709006e+06  -6.5975999365488e+05  -6.5812419576118e+05  -1.2096127308206e+06   4.3909944777861e+06   1.0157930165231e+06  -3.4895125280381e+05  -3.8382671995515e+05  -7.7014281944606e+05  -5.0217787160573e+05  -3.6853419190490e+05   4.3552108365994e+05   2.5799304975908e+05  -1.1611430825891e+05  -4.0524844589300e+05  -1.8848334866203e+05   3.3669124706692e+05   6.4671456051497e+05  -6.1240391156790e+05   1.3393006994621e+06  -2.4253212764536e+05  -5.7360796930171e+05   1.4647517108576e+06  -6.1696166656723e+05  -4.3079637963870e+05   6.8565320559376e+05  -5.1126962662716e+05   2.3353374217731e+04  -7.3387906780144e+05  -8.7155306370386e+05  -5.0455914464895e+05  -6.0649436356939e+04   1.1594636795139e+06   1.8556794605302e+05  -4.3955248542804e+05   1.2586945164494e+06  -6.4942920106746e+03  -7.8240576932291e+04  -2.7704372187971e+05  -6.9927811643622e+05   4.4188887991822e+05  -1.6862291304015e+05  -4.2763136905839e+05  -9.4463003112238e+05  -4.9497260446063e+05   1.2663475755634e+05   6.7479463414649e+05  -1.1344069528538e+06   4.9364064159214e+05   2.3204486498224e+05  -1.0462335997986e+05  -2.5814019249138e+03  -6.3109057588853e+04  -2.5664789475333e+05   4.2967747427729e+05  -1.9683406112181e+05   1.9688858127057e+05   5.9054603131395e+04   1.0826253851819e+05   1.1000035295252e+05 
  3.2290465957813e+05   4.6702802801158e+05   4.1929828101878e+05  -7.6489609578193e+05   9.2482160967552e+03  -4.0727172639957e+05   6.1869785658813e+04  -4.8460050900304e+05   5.6135646576769e+05  -7.4215392691867e+05  -4.0957927517833e+05   3.5402272001309e+05   6.3100414066449e+05  -2.2934674766556e+05   4.1581206343864e+04  -1.1324882853232e+04   1.6159895342582e+06  -2.0683995909145e+06  -2.2334592547015e+05   4.0543986683237e+05   5.0451311000809e+05  -8.8426894549970e+05   5.2149568949478e+04  -2.3398675832083e+05  -8.4416713918685e+05   1.5942843376221e+06   3.8025876739839e+04  -5.8555316568568e+04  -2.0894867213323e+05   7.5529315575603e+03   3.1617798262412e+05   5.3176064673365e+05  -7.9933980737008e+05  -8.8128347757963e+04   1.2809483864673e+05  -4.6835689371581e+05   4.6405169187044e+05   3.3222598907056e+04   4.7156099951745e+05   1.4547719762892e+04   1.5163297775643e+05   1.0715679627899e+06  -1.3569215021847e+05  -9.3988058093147e+05   9.1960570255296e+04  -6.7357897992779e+05  -9.8268377750419e+05  -7.4865218663497e+05  -3.9982359399353e+05   1.6741202336629e+05   6.7706542279845e+05   4.4536237079834e+05   1.3989847688709e+06   2.7353215022524e+05   3.8479176655847e+05   5.1369975128246e+05  -7.9037589285614e+05  -4.1098880624685e+05  -3.8357224939891e+05   5.9321954300934e+05  -4.2656597725650e+04  -2.0581323901082e+05   5.1442097391179e+05  -9.2226703969502e+05   5.9998147048230e+05   3.7093154043472e+04  -1.9924824608672e+05   8.1080883014628e+05  -8.7487778247532e+04   8.8541120288469e+05   1.7443054654541e+05  -3.7541390452775e+05   1.1886360564814e+06  -3.2570723578207e+04   1.2551658933767e+04   3.2945899147781e+05  -1.1413227788903e+06   3.1686929347723e+05  -1.9062805076286e+05  -1.8089435584523e+04   2.5274420466066e+04   4.1236067531555e+05   6.6334255528492e+05  -9.5327743105399e+05  -6.3860062536230e+05   9.4373074504695e+04   7.0254555803751e+05   6.1292973975710e+05   6.5782834877366e+05   7.4814434997308e+05  -4.0266700376648e+05  -6.3253024238853e+05  -5.7290829683640e+05  -8.9549811863729e+05   4.3899089087855e+05   1.0157930165231e+06   3.5153287526457e+06  -5.2259912519079e+05  -1.6181582844932e+06  -1.1628224511420e+05   1.8031466753927e+05  -2.2601417575587e+05  -6.8971058527531e+05   3.1171851865571e+04   3.6494259615369e+05  -1.1586988974715e+06  -7.4977183846236e+05  -2.6891341791834e+04   4.1166993016930e+05  -1.9214582624646e+05   1.1099531635939e+06   1.1265020491692e+05  -4.5964765515146e+04   1.8196087763641e+06  -8.4409840606120e+05  -2.3225499025577e+05   8.5099440001338e+05  -2.2411643926188e+05  -2.2442389641032e+05  -8.3295722526339e+05  -5.8395867110335e+05  -7.8511922687460e+05  -1.3142836090393e+05   4.2309044774828e+05   2.9905887278923e+05  -8.3569183964893e+04   4.9724561366708e+05   2.6486437179754e+05  -5.6113387530115e+05   4.0091462738598e+04  -4.6774864139965e+05  -3.4874520513572e+05  -5.1625885671512e+05  -9.9023923791581e+05   4.9159945738360e+05  -3.5679681238251e+05   5.5820271690065e+05   4.8656349710257e+05  -4.6687368593633e+05   2.4498453717210e+05   2.1030236804273e+05   2.4473034429556e+05   1.3378866437105e+05  -1.1785884024117e+04  -8.0469425669840e+04   3.1072327135128e+05  -6.1079596556242e+05   1.0663879761071e+05  -1.3767096841251e+05  -4.1287190704253e+04   8.2175556912870e+04 
  7.5473850144744e+05  -4.1192022450845e+05   3.6321252558496e+05  -3.5398213359497e+05  -1.4294283882657e+06  -2.1540411996689e+05   1.3911600134421e+06   7.6299073273452e+04  -8.2948300425060e+04  -3.2286427806431e+05   5.3399224853676e+05  -4.2019703506725e+05  -2.1716345220560e+06   1.7768358801372e+06   7.2463503597071e+05   6.5790219181791e+05  -3.3468549484059e+06  -3.2056908191789e+05   1.2075363559356e+06  -2.2826434271998e+05  -1.2725298435817e+06   1.8534222467517e+05   1.8664850479465e+06   2.6770741114040e+05  -1.3589224946643e+05   4.8873764590502e+04   1.0298521986096e+06   3.1950080179059e+05   4.2468080510526e+05  -4.0278254142860e+05  -5.9298438199654e+05  -1.7888872210388e+06  -2.5325132606406e+05  -1.7540695859276e+05  -7.9206059501110e+05   5.2769794401293e+05  -9.2837526785360e+04   6.8873677887462e+04  -2.9072607463217e+05  -6.0754172244396e+05   1.2276335734255e+04   1.6216013097328e+06  -2.6496660836196e+04  -7.7262978476166e+04   1.3102227618581e+06   8.4574947837034e+04   9.2491250446677e+05   4.0367878429895e+05   6.1008343206065e+05   5.4289376501213e+05  -4.9853308024266e+05  -2.9816097158742e+05   4.6709347727256e+05  -1.6511291683951e+06   4.4045205500547e+05   1.8221404345043e+05   2.8254968694340e+04   1.8417256606520e+06  -6.3099510832309e+05  -9.7846051137926e+05   6.8333509167702e+05   6.9883634340114e+05  -3.5520910104050e+05  -5.1173585975640e+04   1.1391494586621e+05   1.1019909156265e+06  -4.1633221050630e+05   1.0787122452462e+05   2.6122598521562e+05  -1.0980053208778e+05  -4.0075798150682e+05  -6.5284732163133e+04  -1.2414429893240e+06  -7.0475519784042e+05   5.2464326027626e+05  -6.7273508282439e+05   6.6860181744096e+05  -7.8477079150257e+05  -4.5356399706243e+05   1.7579582064765e+05   1.2120130315040e+06   3.8312701558603e+05   2.4452042272215e+05   2.8784275251005e+05  -1.0053153173687e+06   1.1089474638184e+05   1.0239635637182e+06  -1.8353432983742e+06  -6.1979800824386e+05  -1.1021473201876e+06   2.9800255207573e+06  -3.5344008355785e+05   1.8963156713253e+05  -6.1894731922782e+05  -1.1550157685433e+06  -3.4895125280381e+05  -5.2259912519079e+05   6.3532043311825e+06   1.4671331275169e+06   9.8743968328903e+05  -2.9625513959491e+05  -4.2297112566520e+05   1.5946960892691e+06   1.9338094071776e+05  -2.0054503223120e+05   4.6475278158933e+05  -8.3308359178562e+05  -1.6712368554299e+06  -1.0997104618614e+06   6.3124449733847e+05  -3.4380221894836e+05  -2.9258128089046e+05  -3.1097158774911e+05   8.9380189282040e+05  -1.5984323318817e+05   6.3279257217846e+05  -1.9949788133458e+06   4.2733132467836e+04  -2.4217877227058e+06  -3.8989811843641e+05   1.2728684373625e+06   7.5555453866840e+05  -1.7955343349588e+05   4.8930939588351e+05  -8.8908623324172e+04  -2.9228229862245e+05   5.7548989264580e+05  -4.7766622476242e+05  -1.1464953356048e+06   4.1152149460414e+05   1.1591507257188e+06   6.3976821054375e+05  -1.4357303722353e+06  -2.7078007833895e+05   1.4463213866628e+06  -1.8299373021962e+04   2.3377258830174e+05   3.1051203588761e+05  -2.6065015972982e+05   1.1043546940730e+05  -6.0156164260613e+04  -8.1569318196708e+04  -6.9897107176109e+04  -2.3106052472001e+05   3.8463664456242e+05  -6.3554978566599e+04   1.3604677084643e+05  -1.1859206321362e+05  -9.6624003534073e+04  -4.0910750334512e+04   2.8401146693830e+05 
  7.4227974654317e+05   1.4805603284588e+05  -5.7646476572676e+05   6.1064173881696e+04  -2.6404675986359e+05  -6.1538305961006e+04  -3.2517146642527e+05   4.6057220264347e+05  -3.6911281439123e+05   8.2354802432602e+05   2.3870497265763e+05  -5.5442420653490e+05  -2.3684582876974e+05   4.3713434725964e+05   5.4427383736492e+04  -5.3128445854833e+05  -1.0669632202578e+06   2.6046292590450e+06   1.9703890413631e+05  -1.2019198317628e+06   1.7945969947412e+05  -2.0861090505367e+05   5.1271831759177e+05   2.5333784292506e+05  -1.7648454441901e+05  -1.3207890250604e+06   4.2680886519986e+05   2.0854449140695e+05   1.5406378949028e+05  -2.0229721755134e+05  -2.1777353667472e+05  -3.6302620994755e+05   8.1363765771243e+05  -8.2389939134230e+04  -5.0347500176601e+05   7.8940055670553e+04   3.0343240294903e+05   2.8384033257895e+05  -1.1996551099886e+06   3.8241393623193e+05  -8.2206846517717e+05  -7.0225958278482e+05  -3.6558587686790e+04   5.6396556717517e+05  -3.9299418639918e+05   6.4041547487483e+05   1.7853640430177e+06   1.3895078824983e+06  -2.2956469706966e+05   8.3012885482458e+05  -7.1233575547609e+05  -6.4593127975981e+05  -1.0870862103663e+06  -9.8669900588973e+04  -3.9613314075689e+05  -1.0487984111202e+05   2.0204434942546e+05  -8.1932822015461e+04  -2.2905332600944e+05  -1.2358534419075e+06   1.9160476363958e+04   6.9114206561250e+05  -1.5680840405051e+06   2.8143084414864e+05  -1.6107490338460e+04   6.7261971852322e+05   6.4140750249912e+05   6.9530798865066e+05  -1.7894403712927e+05  -1.4844367722475e+06  -2.2737996469067e+05  -6.8254454093028e+04  -2.6142411594241e+05   7.5182335791825e+05  -5.8682042973169e+05  -1.3500357591371e+06   4.0699135896575e+05   5.6522880437647e+05   3.3667736938534e+05  -3.1730269274622e+05  -1.0675937749141e+06  -3.5163699554926e+05  -7.7970753914446e+05   9.3588682489081e+04   6.1469669246291e+05  -2.5008237742195e+05  -4.7119896612824e+05  -6.6771745169046e+05  -8.7103477637703e+05  -5.9070818345393e+05   6.9276137310744e+05  -1.6430369322901e+05   7.0035380958601e+04   7.4620538849838e+05   6.4157913798444e+05  -3.8382671995516e+05  -1.6181582844932e+06   1.4671331275169e+06   3.7926477601700e+06   1.3453153857495e+06  -1.5483885384192e+06   2.2938681790059e+05   1.1856097142459e+06   3.1044459666209e+05  -7.4088106966634e+05   7.1103433303089e+05  -2.8108768504949e+05  -9.9700043484264e+05  -8.5403222922181e+05  -3.7845994596205e+05  -3.0610684128217e+05   5.9596794194921e+05   5.6379367233332e+03   1.4234295097570e+05   3.0359067377629e+05  -4.3760049890001e+05  -1.5472121902686e+06   4.4424544051151e+05  -7.4063832167018e+05   3.6610597722053e+05   2.9418667476549e+05   1.2379013164983e+06   4.4181115872177e+05  -1.4627965009226e+05  -4.4847545036312e+05  -1.6160414020256e+05  -1.2681271454613e+06  -1.3923788496526e+06   6.9827614863783e+05   1.5096688781559e+05  -8.6184421941678e+04   1.0982311750702e+06   8.2047742854680e+05   1.7245650186866e+06  -2.4746120718197e+05   7.3804386171239e+05  -4.9463135879916e+05   3.3374049300789e+05  -3.3844855457661e+05  -6.4482573369741e+05  -3.4223134539424e+04  -3.0366506050832e+05   1.2850452896559e+05  -1.5788666543299e+05   4.5561795560456e+04   5.7690144998199e+04   3.2951138427910e+05  -1.7492382234303e+05   1.1317607721520e+05  -1.4179431440157e+04  -1.4729646487260e+05 
  4.7439716620204e+05  -1.9682383667665e+05  -1.6929610359072e+05   1.5431597633210e+05   4.3157453722760e+05  -4.0802283027788e+05  -6.3311234409726e+05   2.7576167019184e+05   4.8285105799267e+04  -6.4755388768441e+04  -2.2130141242826e+05  -2.5924310360217e+05   2.0125561788151e+04  -2.5099086094131e+04   2.6847733301676e+05   6.3623648600616e+05  -7.8934205726263e+05   5.4348694995769e+05  -3.7146142978906e+05  -8.8118906509391e+03   4.4370893636433e+05  -9.2080541449198e+05   7.6180975590749e+05   2.6816155116283e+04  -6.8417299405165e+05   9.7947121490612e+05  -4.7650074033876e+05  -4.0458094557751e+05   5.2241095569239e+05  -7.5833243016488e+05   1.2528651972139e+05   4.2962899051840e+05   7.4125878450223e+05   5.7160945726597e+04  -9.9966157617441e+05   8.6509201435561e+05  -2.2892792113053e+05   1.2117885326063e+06  -6.1397505701230e+05  -1.9665212422952e+04  -1.5598049636564e+06  -5.0264231987864e+05   5.4265852495190e+04  -1.1583355363492e+06   3.8356051870948e+05   4.9689351382582e+04   1.8551002500000e+06   7.9034694285655e+05  -2.1658170201157e+05   2.4235706658948e+05  -9.2910792624992e+05  -1.1231938432462e+05  -1.3194556750914e+06   1.4643457338370e+04  -6.6406138986551e+05  -1.6316816393926e+05   2.3266867975244e+05  -6.5238923227661e+05   3.3986074358837e+05  -4.8786432826162e+05   1.3692886619486e+05   3.5526356305211e+05  -9.8051257326499e+05   4.4876152133962e+05  -3.3860314784866e+05   6.7418581090079e+05   6.6971463899388e+05   2.6670319602474e+05  -2.0342122430851e+05  -4.5568236160925e+05  -4.5084654836437e+04  -2.0162596465065e+05  -2.6120980305121e+05   7.1060851832639e+05  -9.3770026163525e+05   2.3606606963146e+05   2.4720174665437e+05  -5.5536871408075e+05   1.3272113239864e+05   2.8249456872029e+05  -2.2629482735813e+05  -3.9560739400571e+04   4.9186888990230e+05  -4.5330768835030e+04  -9.2889520011421e+05   4.6109778212106e+04  -2.0108517654250e+06   2.2856812320870e+04  -1.6285676487738e+06  -1.9322978561312e+04   3.5528040201658e+05  -5.9879585514895e+05   3.1820872308543e+05   1.8213897069470e+05   1.3750001289813e+06  -7.7014281944606e+05  -1.1628224511420e+05   9.8743968328903e+05   1.3453153857495e+06   2.7879115462793e+06  -1.3759779402863e+06  -2.0680436500157e+05   3.8048067014562e+05   4.0503457472120e+04  -3.7030747954340e+05   7.8531064134515e+05   2.0606433889331e+05  -2.8336310896592e+05   3.1434692937902e+05  -3.9190835700002e+05  -2.2453109207168e+05   1.0191352889075e+06   2.0614072109984e+05  -7.9007925166461e+04  -3.5664628487929e+04  -1.2258207346730e+05  -1.3150074864899e+06   2.8407333402296e+05  -9.4916754595773e+05   1.7587504295999e+05  -6.9545763609614e+05   8.3032736458661e+05   9.0245428407380e+05   4.0207785265798e+05   5.9974353121535e+04  -8.2448984866668e+05  -1.6295130554962e+05  -5.7331088340810e+05  -3.5496343242155e+05   5.2281690198142e+04   4.3623080804090e+05   5.2608409715111e+05  -2.3075560609467e+05   2.1202283870434e+05  -3.8039160654701e+05  -7.8243588264403e+04   4.7100892159408e+05  -9.3730635467790e+04  -4.6708200999046e+04   4.8804630990728e+04   1.5030991225733e+05   1.8815125101592e+05   2.2341408682769e+05  -1.4212216309144e+05   3.0562551005458e+04   9.2989516306083e+04   1.2250073633118e+05  -2.9222773264854e+05  -4.1740519905355e+05   1.2990814547355e+04   2.1798655403442e+04 
 -1.0474974083661e+06   2.9995033499359e+04   7.7074975286566e+05   1.6400843769439e+03  -1.1620216583263e+06   7.6748300857112e+05   9.3045248484642e+05  -6.7382683489213e+05   3.5263852765775e+05  -4.0971441161604e+05   2.2715944673609e+05  -1.2267010449999e+05  -6.8001176981841e+05   4.0370179180055e+05   4.1202002171419e+05   4.3416291613861e+04   7.7786106708312e+05  -1.6151175821640e+06   2.5853444175896e+04   4.2177202320483e+05  -7.1717669964468e+05   2.0772837300562e+05  -4.4084488308073e+05   2.4265670059518e+05   5.7211185319988e+05   3.5636367338118e+04   2.6768063248678e+05   3.2360833377982e+05  -2.2976024958418e+05   3.4971247671301e+05  -1.7377782223901e+05  -7.2455423724075e+05  -1.8772872714098e+06   2.5019363576599e+05   4.0205026898517e+05  -1.4570645590429e+05   3.7048202089555e+05  -1.1094768705477e+06   1.5781449227179e+06  -2.0399352004255e+05   2.3824760533611e+05   6.0902338722432e+05  -2.3277847625492e+05   1.2867633752675e+06  -4.5886437857120e+02   4.2827750795135e+05  -1.1948409844520e+06  -4.8290705800345e+05   2.4290417768409e+05   1.3427923223297e+05   2.9455787448286e+05   1.1455114809864e+05   8.2366758352788e+05   1.0392059582676e+05   5.0096444040557e+05  -2.1717583438826e+05   1.3501447158584e+05   3.8795357269478e+05  -3.1703302789362e+05   6.9245651035167e+05   5.9574926893948e+04  -2.7958475230309e+05   1.8913900130895e+06   1.2502467916423e+05   1.7259868434684e+05  -1.6418816226622e+05  -9.6637740201422e+05  -8.1339580986890e+05  -3.1874282077963e+05   5.0259587940377e+05   3.8570666255382e+05   3.8253246767743e+05  -3.9669940944317e+05  -1.2385164369012e+06   8.6511249886458e+05   1.7199081104505e+06  -4.1659732227038e+05  -3.4315806778856e+05  -5.4740056545751e+05   1.5122058585341e+05   2.9444964608972e+05   4.0846359598755e+05   6.7641548555061e+05  -3.3842139128542e+05   8.8441899867623e+04  -1.2731333326300e+06   1.5210546534307e+06   1.8429773305855e+05   1.4813858731189e+06   2.4512594189140e+05  -4.1354155031445e+05  -7.8028487625128e+05   5.5042389285609e+05   5.2610749864853e+02  -1.0222920411342e+06  -5.0217787160573e+05   1.8031466753927e+05  -2.9625513959491e+05  -1.5483885384192e+06  -1.3759779402863e+06   2.7614769246824e+06   6.7638590947098e+05  -3.5175178735213e+05   5.2893832428726e+04   1.4059670002760e+05  -4.9066548645809e+05  -2.6860405459061e+05   2.1399949702948e+05  -9.2982809348929e+04   4.4006469476924e+05   5.0164181688847e+04  -9.9235162703450e+05  -2.6176865770936e+05  -5.4264793890149e+05   4.3501674920408e+05  -2.0344306155919e+05   9.3766483454241e+05   3.3195346389566e+05  -1.5954897250637e+05   1.0932576155849e+05   7.6649595237072e+05  -6.4401875909156e+05  -9.8622081414756e+05  -6.6830663679226e+05   3.3378683877538e+05   7.3076959230927e+05   2.2595604995737e+05   1.2374185690791e+06  -1.2839941633902e+06   1.3525546331588e+05   1.2120600543647e+05  -4.4586098381982e+05   5.3182350844740e+04  -9.1781503077101e+05   1.2106285295572e+06  -3.0900741904994e+05  -2.0903147497507e+05  -4.6445456728298e+05   6.2412597619840e+05   2.5639105241281e+05  -7.7916523346564e+04   2.1926127127767e+04  -1.7757340258378e+05   2.1680018720370e+05  -5.7454895432166e+03  -2.6458841767218e+05  -2.5124164180828e+05   1.9196210151291e+05   4.3044791873925e+05  -1.7800594787273e+04  -4.4095068573229e+04 
 -7.6610148794014e+05   1.2742760040953e+05  -8.2154587236921e+04   3.9998385743156e+05   6.4376607482779e+04   3.8672883333785e+05  -2.3550772817630e+05   1.2926011957712e+05  -3.3789194486551e+05   8.6898100631596e+05  -5.4244910383028e+05  -6.9908885809194e+05   3.3875776691721e+05   1.2065605829899e+05  -5.9981845285244e+04  -4.5107444951176e+05   4.7460236466146e+05   2.7966413114927e+05   1.7393734371593e+05  -8.4940030659699e+05   1.8081064734192e+05   4.6383753300868e+05  -2.4539797909922e+05  -1.5112359733177e+05   3.7761991910904e+05  -3.1650243779168e+05   4.9408873150522e+05   2.8769319947997e+05  -4.1535636360544e+04   2.3961901088374e+05  -5.0192290927048e+04  -6.9789664890473e+05  -7.9184796834844e+05   2.8335977902237e+05  -4.4792500843515e+05   8.2796508250748e+04   3.6718821384411e+05  -4.4702195974118e+05   3.0707600900262e+05   1.1057632877664e+05   3.4305016771902e+04  -2.9422964067497e+05  -2.7474197765309e+05   3.5387291128877e+05   6.4834166300102e+04   1.1584648373536e+06  -1.4578868643154e+05   6.2405990502837e+05   1.9100651900558e+04   6.7926463836421e+05  -1.0858305044980e+05  -1.6979442276913e+05  -4.4530387922432e+03   5.8729567624229e+05  -3.9501324304865e+04  -2.8591591508758e+05   3.0122934023969e+05  -1.5454992847745e+05  -1.0088368103212e+05  -4.2251405221139e+05   2.5873940871076e+05   6.4621367156138e+04  -5.1607892441129e+05  -1.4306219786909e+05   1.7788532160861e+05  -1.3070823413688e+05   2.4998944917332e+05   2.9756267222089e+05  -8.8047156091225e+05  -2.0791607134476e+05  -3.5254258386694e+05  -5.8885103625060e+04   1.7352856533906e+05   2.3799815227533e+05   3.3305891614144e+04   5.2241288748913e+05   9.6399764981822e+04   6.2911890318389e+05  -1.1032705975085e+05  -3.3933964619948e+05   4.0984594015827e+05  -3.0578163144672e+04  -5.0202685982456e+05   1.3177160725354e+05   3.9588411896983e+04  -1.0933028120410e+06   2.2570384284833e+05   3.2622164648868e+04  -2.3711116221590e+05  -1.5332284279868e+05  -6.6328218325790e+05  -2.0271687954184e+05   4.4336437636163e+04  -3.3338413052480e+05  -3.1568441616831e+05  -3.6853419190490e+05  -2.2601417575587e+05  -4.2297112566520e+05   2.2938681790059e+05  -2.0680436500157e+05   6.7638590947098e+05   1.6064761701182e+06   1.0179758305256e+06   2.4479124269681e+05  -5.0904886368004e+05   6.4693511885525e+05   2.6312619141484e+05  -7.1191405642623e+04  -3.7315675682739e+05  -2.7831812811174e+05   5.8072230683955e+05   4.9493033738789e+05  -4.4734377974518e+04  -1.1252848305827e+06   1.5941822246590e+05  -4.3657705900652e+05   3.1248334023477e+05   1.4804426183539e+05  -4.6181486854236e+03   2.1579169950841e+05  -1.5123391678920e+05  -4.5922819521920e+05   2.0591512107664e+05  -6.0605016057016e+05  -2.0133066756181e+05   1.9714093573512e+05  -3.4892838313960e+05   4.7466834106196e+05  -1.6759442717429e+05   5.2097496207072e+05   4.6604090717471e+04   2.2689796447169e+05   2.0735089370145e+05   2.1847933360245e+03   2.5266885594172e+05   3.1218805761999e+05  -5.6749928298187e+05  -1.0466181408969e+05  -6.6005736741397e+04  -1.7393537485091e+05  -3.4947576681472e+05   2.8818020197540e+05  -8.9540759693133e+04   2.4575997865258e+05   5.6641842558348e+04  -2.8270387916026e+05   1.3517020511572e+05   1.3108813093582e+05   2.6781515617225e+05  -2.8929986653352e+02  -2.1569474947312e+05 
  2.5436482219412e+05  -9.0934647888412e+04  -5.4778456023936e+05   5.7152974164157e+05   2.9954801243682e+05  -4.1669272142582e+05   3.1337802984783e+05  -2.6382222381193e+05  -9.0258636314464e+04   3.7421861994139e+05  -6.5729192472190e+05  -1.0754154760734e+06  -1.1867701519100e+06   8.6102429261479e+05  -3.8690856316449e+05   2.9672442116242e+05  -8.9397609850699e+05   9.4487506455731e+05   1.1256210871113e+05  -2.3840323081375e+05   3.8014423637032e+05   2.0713654164370e+06   7.0025508743816e+05  -1.8336579238172e+05   3.4852152577305e+05  -1.4821084692415e+06   2.7139492818496e+05   5.7730241086103e+05   1.1606518533206e+05   4.8317835778877e+05  -3.2379728430104e+04  -1.5339693159690e+06   4.2255601406885e+04  -5.0781095316741e+04   8.4982533964107e+04   2.7769983684458e+05   8.4232739697159e+05   4.5456164556982e+05  -7.1751057969053e+05  -4.2890243465726e+05  -1.0983442645240e+06  -9.9617975240145e+05  -7.1975362506914e+05   7.4235307393004e+05   1.2413014567101e+06   9.3650435952036e+05   8.5357304627288e+05   6.0998854536005e+05   1.2328055231016e+06   1.0166437482060e+06  -4.7231990836778e+05  -8.1364762694863e+04  -2.1461788089687e+05  -2.1820051046988e+06  -8.8014880697483e+05   6.0564929297746e+05  -5.0668254216878e+05  -1.5154432979497e+06  -2.0590090394740e+06  -6.0395668106981e+04  -1.4502134611216e+04   5.4301428341517e+04  -1.7139376632315e+06   3.6831411215084e+05   1.3394814464173e+06   2.4507585419934e+05  -7.0654605507002e+05   5.1959211266216e+04   6.2888517319696e+05  -9.4138654285060e+04  -1.5109288584748e+05  -2.5188667670362e+05  -3.5340841256136e+05   1.1405093429603e+06   3.8542973376568e+04  -1.8685441648157e+05   7.0865145304359e+05  -8.9379367625560e+05  -2.0477016970431e+05  -1.0009774518562e+05   1.9365436316915e+06   5.5059353621224e+05  -1.1194652452013e+05  -4.8969141345180e+05  -7.3475296354846e+05   2.0087258608164e+05   3.4460208445649e+05  -9.1608298399586e+05  -5.0643067174951e+05  -1.0340794054296e+06   7.0653294185031e+05  -1.5623360178193e+06   1.2250990168958e+06  -9.6773337011013e+05  -1.7104322890939e+06   4.3552108365994e+05  -6.8971058527531e+05   1.5946960892691e+06   1.1856097142459e+06   3.8048067014562e+05  -3.5175178735213e+05   1.0179758305256e+06   4.1173850496895e+06   4.9511959628797e+05  -9.9599342297743e+05   1.5245034398676e+06  -2.3892094648027e+05  -7.9592034756975e+05  -1.5802861612541e+06  -1.6962507693474e+05   2.4290918195136e+04  -6.3946961141415e+05  -9.0329162107523e+05   5.2443864528011e+05  -2.8213534137466e+05   2.2385486775259e+05   9.3960569470192e+05   2.0129186092359e+04  -8.0992869921991e+05  -3.1654756014647e+05  -2.8705647668728e+05  -4.7218184197879e+05  -1.2224436144945e+05   7.8157260133127e+05   7.0206408478851e+05  -4.9699150912517e+05   1.3470969628168e+05  -5.3061888266731e+05   1.0005970336452e+06   5.8349438531163e+04   3.3811261268264e+05  -3.0601988201966e+05  -3.9872223038213e+05   8.3163509422045e+05  -9.3679974914351e+05  -5.4845558482451e+04  -2.4445352562783e+05  -4.6695129009761e+05   6.9163030225544e+05   7.0965029668252e+04  -1.3211232042591e+04  -1.8547991042496e+05  -1.9187445842873e+05   4.2249386770346e+05   1.2188889765073e+05  -5.2604482392761e+05  -1.7093895245785e+05   2.2324597904513e+05  -1.5536210669438e+05  -5.1903001239687e+03   1.9401502586600e+05 
 -2.0084723013257e+05   4.0614615481171e+04   2.3252231453477e+04   1.2465425904867e+05   6.1035686473422e+04  -2.5980256847303e+05   2.1788900615534e+05  -5.7673721334753e+05   5.1645973310685e+05  -2.0928620499989e+05  -2.2591615095339e+05  -5.3051540907329e+05  -5.3696785912136e+04   5.8679733689278e+05  -1.5224884939557e+05   1.9663226754902e+05   2.5074660790950e+05   7.0196871788995e+05  -4.7339202467839e+04  -2.0722202733498e+04   2.3471385738760e+05   1.0693533101890e+05  -8.9601887641036e+04   2.2512155345634e+05  -1.2380528320826e+06  -5.0312972054206e+05   1.0241505850113e+05   8.8772630937052e+04   2.0809009831694e+05   4.8493385448897e+04   3.1696706159525e+04   1.8002625498815e+05  -3.5802455231403e+05   2.4112986332310e+05   2.3661754037613e+04  -9.3250650768749e+04  -2.0157278023182e+05  -4.2419967969859e+05   4.8498917923560e+05   9.3949381796539e+04  -4.8984327976302e+05   9.3637138994162e+04  -4.6931173890103e+05  -2.4911106937290e+05  -1.0308481425857e+05   6.2150192288624e+05   1.8585977765449e+05  -2.0421009415695e+04   5.7417305535070e+05   2.7943978583676e+05  -1.2346492811777e+05   2.5687125557313e+05   8.5199265949889e+05  -2.7874377331124e+04  -5.4351583644170e+05   6.3004745802829e+04  -3.7758291804942e+05  -4.8689184057108e+05  -4.6110948353526e+05   6.4064619988313e+05   1.1754141217075e+05   3.1596290801175e+05  -8.8961950716255e+05  -6.6547466880153e+05   4.0797617993068e+05  -2.1700077031593e+05   3.5548161727740e+05   4.7863642340355e+05   3.9909391562512e+05   9.6777578815228e+05   6.7762226729508e+05  -5.8023227572423e+05  -1.9807295461600e+05   4.4043920865648e+05   4.3058040067796e+05   1.7793531418949e+05  -6.7823641350181e+05   3.9135674123026e+04  -8.7517542305160e+04  -4.8201090935006e+04   1.8541185005972e+05  -7.0431730744724e+04  -3.5407696218202e+04  -5.2035810045904e+05  -5.5670471947339e+05  -1.3979777331595e+04   1.2595289274890e+05   9.1333164480540e+05   2.3415459849346e+05   1.1052321191181e+05   4.5186687876458e+05   4.9169648786683e+04  -1.2739588985296e+05   7.3759762871477e+04  -1.2502343203933e+06   2.5799304975908e+05   3.1171851865571e+04   1.9338094071776e+05   3.1044459666209e+05   4.0503457472121e+04   5.2893832428728e+04   2.4479124269681e+05   4.9511959628797e+05   1.9390680218587e+06  -1.2728508883471e+06   6.4483836367414e+05  -2.3918972808127e+05  -6.3345775941887e+04  -3.2963664854708e+05  -2.2203480072259e+04   4.9514381905083e+05  -3.1802877092861e+05  -4.4191749596724e+05   1.2651364265364e+06   9.8714464985335e+03  -6.2341548782556e+05  -2.6806071134953e+05  -3.0457630314212e+04  -3.4142307255489e+05  -4.2830256134307e+05  -3.1317007988748e+05   6.1763122983552e+05   1.2882315046439e+05  -2.0939355236204e+05  -2.6408829613353e+05  -3.6810216033816e+05  -8.8527000071127e+04   1.8350977599265e+05  -8.1293861271863e+05   1.3251507679764e+05   8.0055598393591e+04   1.2943218284451e+05  -2.5482763797491e+05  -3.1939379705548e+05  -1.6306004190117e+05  -1.4099392770965e+05   4.3344767188506e+05   3.1023133186185e+05  -1.3231904849679e+05   1.2394668432827e+05   6.2049624974736e+04  -1.1289917926779e+05  -3.8743573374565e+04  -2.3383402998346e+04  -2.0789743927925e+04   8.5970441904899e+03  -1.6786460671210e+05   9.7573614744833e+04   1.4104577532206e+05  -8.3476131795178e+04   8.3992261962180e+04 
  1.5256251452904e+05   2.9053157443271e+04   2.1584477017750e+05  -3.5599454847681e+05  -5.3374470423297e+05   6.6044264712211e+04   3.3617814129022e+05   2.7015387098359e+05  -1.4022408418727e+05  -2.6826773583029e+05   3.5067087233682e+05   4.4885551593096e+05   1.2083366054759e+05  -7.7721639635015e+04   3.1159385472433e+05  -8.1700675713972e+04  -3.4670771504078e+05  -1.3354906579804e+06   2.7125579723276e+05   2.5103140587648e+04  -4.0019111938703e+05  -4.5698961725898e+05   1.3242815110423e+05   6.2681133988762e+04   5.9796337933965e+05   8.2805128919881e+05   5.9283867437207e+04  -1.4466661657971e+05   1.4644915134906e+03  -1.6685468247017e+05  -8.5003830406145e+04  -2.2154149240185e+05   2.3818403975055e+05  -1.5795720618891e+05  -1.1933156246809e+05   3.7342858642750e+05  -3.4665317480085e+05  -1.5992003825075e+05  -3.0950489125929e+05  -3.8570963393389e+04   8.8135009302663e+05   2.2413338652409e+05   3.1573405573344e+05  -2.5546880069007e+05  -1.7288054424127e+05  -6.2983079423205e+05  -5.1173807584504e+05  -7.9233834220896e+05  -4.8966512236987e+05  -3.0482405308772e+05   3.9818654719435e+05   7.2868274597416e+04  -5.0881357121935e+05   3.2768129511081e+05   6.4597673447255e+05   4.1018107718170e+04  -5.3283430737579e+04   8.4217222926308e+05   7.9804686660195e+05  -2.9243626302193e+05  -1.2426189109238e+05  -1.3276697170189e+05   1.2046683170856e+06   3.1338632734786e+05  -2.4094228866637e+05  -4.0168644879497e+05  -3.5043709683417e+05  -4.3703624361011e+05   1.8151723735641e+05  -5.7447906419568e+05  -3.6363687810848e+05   5.0801857408860e+05   6.6183452160392e+04  -6.4192045104595e+05  -2.2152133082370e+04   1.9846668231927e+04   4.6424763231564e+05   1.8927781904819e+05  -2.8027341985620e+04  -2.2200544960343e+05  -2.9101060568747e+05   7.9396756598427e+04   3.8306814805256e+05   3.5460897574202e+05   4.0459729387322e+05   1.2059404302009e+05   9.9883127578157e+04  -6.6354788654414e+05   1.9954936757174e+04  -1.7396333046649e+05  -4.8128144480289e+05   1.2691914940110e+05  -7.9404951123906e+04  -9.1025690416076e+04   7.8187070961391e+05  -1.1611430825891e+05   3.6494259615369e+05  -2.0054503223121e+05  -7.4088106966634e+05  -3.7030747954340e+05   1.4059670002760e+05  -5.0904886368004e+05  -9.9599342297743e+05  -1.2728508883471e+06   2.0372236215269e+06  -9.4144701099033e+05  -4.6104678418274e+03   1.4809271199567e+05   4.2518748848913e+05  -7.7406862331787e+04  -1.7948030044338e+05   2.0897394242849e+05   4.4684617154100e+05  -8.6023397977577e+05  -7.0835095247301e+04   2.1285387082902e+05   4.2247270855407e+05  -4.1189010823968e+04   5.7355466175796e+05   2.9341550836369e+05   8.1612743565190e+05  -3.3504730416962e+05  -7.3370269435863e+04  -1.7146424304925e+05  -1.4284642858359e+05   3.9188454318701e+05   8.5121288136879e+04  -3.6914279320418e+04   4.0742650164377e+05  -7.2903607425700e+04  -6.0495178669940e+05  -3.5052899058470e+04   3.1366947126626e+04  -3.2676332337115e+05   2.3529528730702e+05  -9.2859184262532e+04  -2.8899603810331e+04   6.1357269711570e+04   1.0421823737950e+05  -1.4268888371840e+04   1.2223715246945e+05   1.5595896227991e+05   9.6556294694836e+04  -1.1821686094941e+05  -1.7947054000237e+05   2.3360408697582e+05   2.4233778949345e+04  -7.2846953821260e+04  -6.5560195021584e+04   5.2100407398128e+04  -1.5733118432150e+04 
  5.4697358864406e+05  -2.5869884441002e+05  -9.2182941527891e+04   5.1184078926815e+04   1.5806661228720e+04  -5.0711504129265e+05   3.9455386609561e+05   4.0046246063096e+05  -3.4315781952274e+05   4.7283112924306e+05  -7.6019920208216e+05  -3.7544000143496e+05  -1.4749409493584e+05  -1.6849353213756e+05  -2.0735976245754e+04   4.2052428354382e+05  -3.0837876837229e+05   2.4750066128998e+05  -5.0082013043514e+04   2.2081627375050e+05  -1.1404137816912e+05   3.4094989945783e+05  -1.9685816108739e+05   2.1252323393912e+05   3.0499926344087e+05   2.4464785047801e+04   1.0119262114314e+05  -3.4695289378538e+05   4.2774906845578e+05  -4.2993389382755e+05  -3.6463439003301e+05  -8.1654393688960e+05  -5.9083696207054e+05   1.3848010151390e+05  -1.1425315097224e+05   4.1507677762684e+05   9.9585979806700e+05  -4.8729424001776e+04   1.8258456577513e+05  -1.4678015064298e+05  -1.0647716418857e+06  -8.8759580634394e+05  -5.4422496123878e+05  -2.9197954885092e+05   7.1320746447348e+05   1.9555387131592e+06   5.9296247852998e+05   1.4986190957389e+06   9.7761659021039e+04   4.3006165566247e+05  -5.1365817922938e+05   7.8148988539360e+04   1.0463828221343e+06  -6.7456608019517e+05  -1.2718028271847e+06   2.8805350260609e+05  -1.5514153124545e+05  -6.1008395299033e+05  -8.8230423493209e+05  -2.4682401792274e+05  -3.7544095843094e+05   1.1886655083899e+05  -1.2505731830927e+06  -4.4376320437591e+04   5.4298902320597e+05  -6.5422927941439e+04   4.2109691407012e+05  -5.4975170725850e+05  -3.4627196394440e+05   2.0666281905712e+05  -9.2305161897942e+05  -7.3120859299112e+05  -4.5745095771771e+05   1.3179214406399e+06   8.1316603080918e+05   1.4543342780554e+06   1.2903247086016e+06  -9.7417836327369e+05   1.4058342403559e+04  -7.0206082126744e+05   1.2160392986575e+06   8.4918427123267e+04  -7.1735913192335e+05  -4.2076217864885e+04  -7.8237400862554e+05  -1.2231181601509e+05  -9.9402014118774e+05  -7.0881788839121e+04  -1.4229218848252e+06  -7.4039511318110e+04   1.7292498586996e+06  -1.1084100322356e+06   1.7172160935588e+06  -3.7750183186194e+05  -1.2661812678738e+06  -4.0524844589300e+05  -1.1586988974715e+06   4.6475278158933e+05   7.1103433303089e+05   7.8531064134515e+05  -4.9066548645810e+05   6.4693511885525e+05   1.5245034398676e+06   6.4483836367414e+05  -9.4144701099032e+05   3.8974082349015e+06   1.0764052432297e+06  -3.8241996432496e+05  -1.4070444212834e+06  -7.8243500470526e+05   1.7569706934148e+05  -4.9728429132252e+05  -6.0851178776116e+05   1.8684483764036e+05   2.5363812651698e+05  -7.4954556632142e+05  -1.4431413355503e+06   4.6235715577240e+05  -6.7188251020915e+05   3.5154597113305e+05   6.5964396077715e+05   1.5059126910647e+06   6.7019114199481e+05  -6.1276517196042e+05  -7.3629542562448e+05  -9.7910724936345e+04  -4.9612582882273e+05   8.2607131614559e+05   1.8713416884956e+05  -7.9316480211052e+03   9.4989066059786e+05  -4.4232711696586e+05   5.9991107784639e+04   5.3743327095026e+05  -8.1126982675796e+05  -2.4388904033887e+05   1.1449840872052e+05   1.4584112361858e+05  -3.3741365386776e+05   1.8709219259943e+05   2.7039130452574e+05   3.6563009570899e+04  -4.9586110690319e+04  -4.3290370174281e+04   1.7825561210675e+05   8.9195186537304e+04   1.2634448185806e+05  -1.5021157487168e+05  -3.3474505486580e+05   5.6870519030094e+04   9.1516078916497e+03 
 -5.2309643743152e+05  -4.1348608827238e+05  -3.5880397886888e+05   4.9159874259625e+05   1.1261542294528e+06   1.4515446019181e+05  -9.7985669362662e+05   7.2311522788662e+05  -3.6514179700454e+05   6.4537866281337e+05  -2.0237819055357e+05   1.6094657642151e+04   5.9596719663295e+05  -3.4296579440041e+05  -1.5603046445346e+05  -4.9434805517525e+04  -1.6284271298567e+05   7.0224410736229e+05  -1.2617094948241e+05  -3.0044120432663e+05   8.4817021202239e+05  -2.9771951124134e+05  -5.3529506187985e+05  -1.7470334743678e+05   6.4338035601526e+05   6.7218220971263e+05  -3.2831776517846e+05  -1.1829956234625e+05   8.5096141530902e+04   9.7783412734132e+03   1.1403592791261e+05   6.4227460598828e+04   2.1418035338403e+05   1.5710909939805e+05   1.4342197823860e+05   2.0644999390084e+05  -3.3933344910027e+05   4.3680885437491e+04  -2.1872344573356e+05  -1.2711427420895e+05   1.3558078063950e+05  -7.1865259599780e+05   2.3898690668254e+04  -8.2294075823857e+05   9.3165423434297e+04   2.5357935346684e+04   3.0135398906389e+05  -1.5085152128347e+05   3.9088987765671e+05  -3.1147202016239e+05  -3.8576177559970e+05  -7.9389344029409e+04  -5.1045057813891e+04   5.4381719586602e+05  -5.9806920464714e+04  -1.8567101993837e+05   2.8763496715006e+05  -3.0021777314623e+05   4.9425627805632e+05  -8.8603700668371e+04   1.1998751904741e+05  -1.0298367023424e+05   1.1783896996560e+05   3.9129301871803e+05   2.9038826014852e+04  -3.9018710044899e+05   4.0381766307409e+05   3.9730902457774e+05   2.7963843715066e+05  -1.0107939837808e+05  -3.9712648773933e+05  -1.7426486436020e+05  -2.1714023170605e+05  -2.4529649319387e+05  -1.2308547625261e+05  -4.4870675572288e+05   7.0834903960823e+05  -3.2294743461966e+04   3.1421112910290e+05  -2.3835518163399e+05  -1.8405657580444e+05  -3.2001796144049e+05  -6.2518977764960e+05   8.5481625927706e+05   1.6626783224612e+05  -9.3083853582595e+04  -6.9303838549888e+05   9.1964670275800e+04  -5.3083973646706e+05  -4.7081596354029e+05  -1.5519035477459e+05   6.2637405075735e+05   2.1667483603373e+05  -4.7806877349714e+04   1.1370739206909e+05  -1.8848334866203e+05  -7.4977183846236e+05  -8.3308359178562e+05  -2.8108768504949e+05   2.0606433889331e+05  -2.6860405459061e+05   2.6312619141484e+05  -2.3892094648027e+05  -2.3918972808127e+05  -4.6104678418258e+03   1.0764052432297e+06   1.6361017762032e+06   1.0555995492184e+06   6.8562333374070e+05  -4.1795521082727e+05   3.7451696175745e+05   3.3834864190167e+05   2.5759066092814e+05  -1.7474311489214e+06   3.0525879804465e+04  -2.8541230243249e+05  -5.4768610718804e+05  -8.6001862185083e+04   6.2173471853973e+05  -1.3987674184331e+04  -2.6786687585237e+05  -1.5498932968506e+05   5.4250386468891e+05  -6.2086144818864e+05  -7.9051017886189e+05  -1.9321024480684e+05  -1.3299960544683e+05   3.6487193386709e+05   4.1860164413260e+05   1.1527859389146e+05   4.8907240909565e+05   2.7944480415320e+04  -1.3002286085324e+05  -1.2694882079567e+05  -5.4230101483948e+05   3.8740457184135e+05   4.5145871405965e+04  -4.8797655532934e+05  -1.3640456072136e+05  -1.4928150611036e+05  -5.3898263589617e+05   2.4338388721359e+05  -1.9715592637612e+04   7.2431986954407e+04  -1.0619558486442e+05   4.7017336299435e+04   3.5512709909774e+05   9.9040772365323e+02  -1.4848368382437e+05   8.9126625639745e+04   2.0164370721880e+04 
 -3.6565317201801e+05  -4.4764906716550e+05  -1.0045295043018e+05   6.0336052198100e+05   1.1282759939914e+06  -7.2035263303166e+04  -9.9969889716088e+05   1.4025768393083e+05   1.9797501007202e+05  -2.5704902189026e+05   2.1862504444457e+05   2.3605711944354e+04   7.7724194301437e+05   1.3947312602497e+04  -7.4373486407977e+04   2.0639658837245e+05   6.3825670598483e+05  -9.7120793166155e+04  -1.8069241927307e+05  -3.1161923460459e+05   7.2572780817989e+05  -1.0234656476101e+05  -4.6859178612246e+05  -3.3981621943895e+05   9.3673369928800e+04   8.1438697660163e+05  -3.5816758530502e+05   9.2449307563836e+04   3.7595963108059e+04   1.1750718830725e+05   3.0236944163907e+05   2.2314245147388e+05   4.1108998599536e+05   1.5856913821175e+05   3.8784142855507e+05  -1.6037756729299e+04  -1.1978144632666e+06  -2.2945714518775e+04   1.2024416881559e+04  -4.3520629620899e+02   5.8470503419471e+05  -4.5833032703186e+05   6.6730204576360e+04  -6.9894280011429e+05   1.5172983951118e+04  -9.9623807167019e+05  -1.3054452379743e+05  -1.2136867192566e+06   2.8457164478919e+05  -3.6334945052004e+05  -1.8938596585872e+05   7.2151993372313e+03  -4.3070986527946e+05   6.5069661135812e+05   2.2874974755228e+05  -8.1991980825456e+04   2.4699441859585e+04  -8.8381553428077e+05   7.4589046052512e+05   8.6610543771448e+05   1.4452530829735e+05   8.9476478778532e+04   1.3631466749062e+05   5.5138369922366e+05   1.6101367579802e+05  -8.2976832081219e+05  -1.5672697278725e+05   9.6354585127487e+04   1.1355042527090e+06  -1.2151280913877e+05   5.8451613079806e+05  -2.1811958604642e+05  -3.5594700583709e+05  -3.8056210708205e+05  -1.6576090121800e+05  -4.7451614193037e+05  -2.3845746809022e+05   7.8351314014128e+03   4.3514202883255e+05   2.5048289996034e+05  -8.8703409231636e+05  -3.3245731011985e+05  -1.7097555006845e+05   4.5759250144017e+05  -5.1815687975386e+04  -2.1110367679389e+04  -1.0108100489983e+05   1.1469403368427e+06   4.3042253592815e+05  -3.0316679943201e+05  -6.9539791079477e+05   6.1097259310151e+05  -9.1804856342758e+04   4.8539353508470e+04  -2.8626598746612e+04   3.3669124706692e+05  -2.6891341791833e+04  -1.6712368554299e+06  -9.9700043484264e+05  -2.8336310896592e+05   2.1399949702948e+05  -7.1191405642623e+04  -7.9592034756975e+05  -6.3345775941890e+04   1.4809271199567e+05  -3.8241996432496e+05   1.0555995492184e+06   1.7736249831724e+06   1.6151333156357e+06  -3.0219860402552e+05   3.8219761120037e+05   1.5885106712807e+05   2.0025234463659e+05  -1.0363348130652e+06  -2.1778790882692e+05  -3.2313741905021e+05   6.4275006116866e+05  -2.9657803408292e+05   8.3369157038461e+05  -5.5576320782420e+05  -7.1403088883973e+05  -6.3745142574112e+05   3.3052696285141e+05  -3.0017616640064e+05  -3.0520810745503e+05  -3.1914534179805e+05   3.3375185192080e+03   1.2287873084922e+05   2.1927083070355e+04  -1.6376266568519e+05  -1.1886009330919e+05  -3.8689122909906e+03   4.9078474228505e+04  -6.2276000190063e+05  -5.8326997851830e+05   1.5802468582090e+05   2.4449441435967e+05  -2.9826599597875e+05  -1.0255526569935e+05   2.8767943889224e+04  -3.1532680903366e+05  -9.4247826366301e+03  -1.4130882909095e+05   1.2479086130279e+05  -1.6699746371794e+05   6.5665368557377e+04   5.6359511005870e+04   1.2327787602442e+05   1.1591973156223e+05   4.0201661156932e+04   9.5006780028609e+04 
  9.1954370761798e+04  -4.8696021187562e+05   4.1391829068663e+05   4.1941753202671e+04   8.9609443568874e+05  -5.1923118024489e+05  -1.1401906643828e+06   1.8051794443340e+05   4.4339778788462e+05  -8.1181663089029e+05   6.5410928633271e+05   4.1953069294712e+05   8.3873483333792e+05   2.2343072037033e+05   3.0752235967811e+05   2.2573531899983e+05   6.9640558002531e+05  -3.9241721142223e+05  -1.1390046325060e+05  -3.0849313980570e+05   2.2345654782472e+05  -3.5502570830468e+05  -5.4132039056112e+05  -5.4406358382010e+05  -6.6863919564196e+05   1.4102971302352e+06  -3.4801074955289e+05  -7.2794944105927e+04   2.0387493189950e+05  -2.1187339687920e+05   4.5723033534471e+05   8.3507556779186e+05   3.4883868731866e+05  -2.6626473178664e+04  -3.4070570397350e+05   5.0476118187706e+05  -1.2270238378655e+06   4.5694244691603e+05   1.0697875319720e+05   8.3367857146461e+03   5.1391454697814e+05   3.5853532745525e+05   5.8549651372572e+05  -1.3060973047394e+06   2.7984617890708e+05  -2.4134820207001e+06   4.9613622812882e+05  -6.2846833984803e+05  -1.2768156875895e+05  -1.0643457090603e+06  -7.6418054459833e+05  -2.1743870336002e+04   1.9257448015863e+05   1.2609795323427e+06   6.7970241562125e+05  -1.2374142137524e+05  -3.8277816449629e+04  -5.6336611259586e+05   1.7162540148950e+06   4.0288499141922e+05   8.9379396377412e+05   5.7298085682140e+05   4.8582010094789e+05   4.4320766995689e+05  -1.2015044031071e+06  -1.4137199065138e+06  -2.6103273186270e+05   6.4502599806868e+05   1.1241524806428e+06  -7.3133539165392e+05   7.1257242198516e+05   2.1806516307718e+05   5.5470238581619e+04  -3.7469858902884e+05  -7.6371069986267e+05  -1.8103634757848e+06  -3.5806540764981e+05   9.6223106455566e+05   3.7306617154709e+05   1.9156149685120e+05  -1.1085971641268e+06  -4.3291903999639e+05  -7.1550801612099e+04   9.4375144013191e+05  -3.2916319587108e+05   5.3901909541234e+05  -1.1614724438776e+06   5.1138788621425e+05   2.5390239938386e+05  -6.4978581393475e+05  -6.6054861326066e+05   1.4620963047745e+06  -7.2769363307601e+05  -1.6881569602722e+05   9.2541853105267e+05   6.4671456051497e+05   4.1166993016930e+05  -1.0997104618614e+06  -8.5403222922181e+05   3.1434692937902e+05  -9.2982809348933e+04  -3.7315675682739e+05  -1.5802861612541e+06  -3.2963664854708e+05   4.2518748848913e+05  -1.4070444212834e+06   6.8562333374070e+05   1.6151333156357e+06   2.9727444628091e+06  -4.0270185272911e+05  -1.4619556774026e+05   1.1516423198686e+06   7.2885106854069e+05  -9.9471004683864e+05  -3.7995465395329e+05   1.9838384880600e+05  -1.0793643748155e+05  -4.9108253095252e+05   6.2500942876765e+05  -4.6973972338944e+05  -1.6765204712454e+06  -2.3091006606743e+05   7.1082830495192e+05   3.7981156415493e+05   3.4230592577871e+04  -1.1629001493265e+06   5.0044533453140e+05  -1.7335710345500e+05  -6.8676381206283e+05   6.4180455149978e+04  -7.1367822504739e+04   7.6970254711484e+05  -2.9342934791559e+05  -1.3526772552637e+06  -4.6967926601897e+05   3.6303444302572e+05   4.0007139497331e+05   4.2464449755397e+04  -5.5722222081337e+05  -7.1972105788984e+04  -1.2194101865123e+05   4.9723352586902e+04   4.7772371109647e+04  -1.2644411828620e+05  -2.2521414019743e+05   2.1726502094874e+05   7.9369829557019e+04   5.1163355950477e+04   1.9881884140192e+05   2.5395681506603e+04   7.7954277180399e+04 
 -6.8238606582558e+05   1.0502079189967e+05   1.1916363173112e+05   2.0022223282358e+05  -5.0508864362644e+05   6.1624303380684e+05   3.5065105204366e+05  -5.0549624582802e+05   2.7376914165008e+05  -9.5339650519502e+04  -1.6917346575425e+05   1.3777453244988e+05  -5.2911654651063e+05  -4.9761744464981e+04   1.4911075431481e+05  -1.1988779163376e+04  -4.5442858988470e+05   3.3303376432908e+05  -1.0782146265521e+05   3.8517997728720e+05   3.0474121136591e+05  -9.9873100000593e+04   2.2490677620433e+05   2.0269328365655e+05   3.5125224517485e+05  -1.0827238951696e+06  -3.5405136286345e+05   2.0053957085131e+05  -2.6379485986364e+05   2.6592065569980e+05   3.7506205669895e+04   2.9585384561580e+05  -4.7770398383650e+05  -3.7281868862541e+03   4.3770432671683e+05  -8.0122533248563e+05   1.8255360361330e+05  -4.9266980537262e+05  -1.1058059509889e+04  -4.7770031363830e+05   9.0932253389762e+04  -1.2709957077636e+05   8.3016326351694e+04   9.3566644524563e+05   2.3603265364093e+05   1.0063017059961e+06   1.8298638295272e+05  -2.5926028122593e+05   7.8456257433517e+04   3.4801553799644e+05   1.0177701348619e+06  -1.5193859833211e+05  -6.6898015251756e+05   1.0455702586276e+05   2.1275527849845e+05  -5.9987176152809e+05   3.5083370019186e+05   7.8623257107298e+05  -2.8616832471326e+05  -3.5095588474632e+04   2.5140581148300e+05  -1.0802495427379e+05   3.0960116265847e+05   4.2018702224638e+05   3.8164007818621e+05   9.9674975813787e+05   5.2469247423725e+05   4.3382002361876e+05  -1.1425367889890e+06   1.2571565761340e+06  -1.3421929597250e+04   1.5794229005492e+05  -2.0889913506646e+05  -3.7881549445070e+05  -7.0727252832441e+05   3.5540505746976e+05  -6.1578367522621e+05  -5.3523305654181e+05  -5.7111069141837e+05   7.5514087380382e+05   3.4281480595803e+05   2.1247583047383e+05  -1.4258588278776e+05  -6.0050205198861e+04   9.3638529231231e+05   2.4970664960958e+05   5.2295833279758e+05  -4.6007425035498e+05   1.8289476234454e+05   7.2525292575381e+05   1.9336573385959e+05  -2.5481965532054e+05  -3.0852914524005e+05  -2.3907391885630e+05  -2.5076666199121e+05  -6.1240391156790e+05  -1.9214582624646e+05   6.3124449733847e+05  -3.7845994596205e+05  -3.9190835700001e+05   4.4006469476924e+05  -2.7831812811174e+05  -1.6962507693474e+05  -2.2203480072260e+04  -7.7406862331789e+04  -7.8243500470526e+05  -4.1795521082727e+05  -3.0219860402552e+05  -4.0270185272911e+05   2.9170217535034e+06  -3.6413011233479e+05  -3.3796004442907e+05  -4.9028982460622e+05   2.0015665435669e+05   6.3752184749415e+05   6.4804510893326e+05   4.9716103019520e+05   1.6117737014389e+05  -6.8950521826066e+05   8.2303837032210e+04   4.2258980105685e+05  -3.3460130695018e+05  -8.6480833856730e+05   1.7707773160444e+05   3.5087592017149e+04   5.8837190267344e+05  -2.8491648771858e+05  -1.9462539742976e+05  -8.5132825675072e+04  -2.7680257297960e+04  -2.1666616070343e+05  -3.0080131576290e+05  -2.1419669597903e+05  -2.6277955404585e+05   6.5586494412084e+05   1.2836059468251e+05   1.8631251976015e+05  -3.8618966855258e+05   1.2179998119063e+06  -2.0829007255955e+05  -2.3741661403838e+05  -5.0529205044058e+05   8.0915890692983e+04   1.2839240259941e+05   2.0212134404571e+05  -4.3792719328533e+05  -1.0351883334569e+05  -6.4415968394806e+04   3.7599217097753e+05  -8.3963466087398e+04   2.2496422865440e+04 
 -6.7725485256823e+05  -4.9472300127079e+05  -5.5096542277508e+05   3.3738228421615e+05   1.7203018301626e+06   2.7626894546796e+05  -1.0260939849003e+06   7.1478649073769e+05  -1.5634300961982e+05  -2.6571312315219e+05  -3.4060646106214e+05  -2.1759413370518e+05   6.0794849308129e+05   1.0072948536228e+06  -3.5930610092124e+05   3.8385288396949e+05  -2.2372761257063e+05   7.9865292335172e+04  -2.6980605629576e+05  -1.4007314384146e+06   7.7338162065781e+05  -5.2136446643970e+05  -2.0586133769984e+05  -2.5847604446929e+05   2.4478131357302e+05   1.1685322475637e+06  -4.8645827273210e+05  -1.4693837857451e+05   1.3604807086135e+05   2.0068306697925e+05   2.0200087704707e+05   6.4407658585762e+05  -8.6676527005769e+05   2.8850835115172e+05   5.2048322936680e+05  -6.8224447891817e+05  -5.9197515769643e+05  -1.7536730831239e+05   9.8160809382764e+05  -7.6866258584093e+04   2.8922189766250e+05  -1.8353087792869e+05  -1.1797369440034e+06  -2.5475810276543e+04   2.0648669628258e+05   7.2753425802197e+05  -3.8066005348405e+05  -1.3716261099964e+05   6.3041096093579e+05   7.7276652838628e+05  -7.3854401166584e+05   1.2607981389266e+04   6.8935946780665e+05   1.1252128138795e+06   3.0729598136882e+05  -8.5150652996512e+04  -8.3968767697445e+04   5.2131602790673e+04  -5.0268968256201e+05   3.3019739727144e+05   7.2854342479464e+05   5.1089774704608e+05  -4.7900130217673e+05   1.1291020845908e+05   9.2261760859149e+05   5.2861880703693e+05   4.8048668124960e+05   3.4633755891483e+05   6.5333157647154e+04   4.4856200062371e+05   1.9350487405164e+05  -8.6569441445649e+05   5.8948456676633e+05   1.6904162332259e+05  -6.2517155638545e+05  -2.9808140842715e+05  -3.4342311987534e+05   5.2801883205872e+05   4.0392275178633e+05  -6.9511823366670e+05  -4.2817963483672e+05  -1.9748137626104e+05  -1.2009316364324e+06   1.0318518050265e+06   2.4907376250561e+05   2.9423450962685e+05   5.0063081019842e+05   8.8872433792026e+04   4.6580408633801e+04   1.4771995400718e+05  -5.6983215845008e+05   1.4212101988343e+06  -1.2202569384412e+06  -1.5571053606126e+06  -4.7877271224624e+05   1.3393006994621e+06   1.1099531635939e+06  -3.4380221894836e+05  -3.0610684128217e+05  -2.2453109207168e+05   5.0164181688850e+04   5.8072230683955e+05   2.4290918195135e+04   4.9514381905084e+05  -1.7948030044338e+05   1.7569706934147e+05   3.7451696175745e+05   3.8219761120038e+05  -1.4619556774026e+05  -3.6413011233479e+05   4.4284994717467e+06   1.9665668760477e+05  -5.8800357783180e+05  -1.0817792889643e+06  -4.3056485881810e+05  -1.1882873082555e+06   1.4089617201937e+06   1.3226531446214e+05  -4.5334720064379e+05  -1.1800094434378e+06   1.0460850422530e+05  -1.6581798837774e+06   4.9543183968430e+04  -4.3341189249128e+05  -6.3346568902873e+05   6.3190179948525e+05  -1.0296908268048e+05   1.5354839788685e+05  -5.2319849617562e+04  -1.4983746378499e+05  -5.6297623790261e+05   5.0667709474268e+05  -4.0240709007598e+05  -1.0999421603402e+05  -1.5988033092217e+05   4.0599258393518e+05   5.4864645038887e+05   9.9554495670330e+04  -1.0442389160899e+06  -3.0137731112539e+05  -7.8382803865210e+04   3.2180042636018e+05   1.0372115179727e+05  -7.8806181263096e+03  -1.8808627789053e+05   5.0782415740435e+05   1.6726724855114e+05  -1.1477881593274e+04   2.3628588081932e+05   6.8368549885675e+04  -2.9688228514219e+05 
 -5.5556920122540e+05  -5.7412699992064e+04  -3.2288639960770e+05   3.0331267740881e+05   1.2481139732210e+06   7.6910261514549e+04  -1.4289969606150e+06   5.3241288295694e+05  -2.1205291117289e+05   5.6182623834345e+05  -1.7429278314596e+05  -7.7977271189652e+04   1.3137556726069e+06  -5.1235303038694e+05  -3.1590544170373e+04  -5.0932079916627e+05  -4.2309188381953e+04   5.8693186254228e+05  -2.5580722009481e+05  -9.4677888669322e+05   2.3425296276401e+05   1.3368429124601e+05   6.4177617177362e+04  -4.2184192459498e+05  -7.8128775587561e+04   5.2321268498339e+05  -1.9269738128768e+04  -1.6250681677645e+05   3.9729714469054e+04  -2.1824663123820e+05   2.1338420119419e+05   6.3495268245593e+05   4.3932189245483e+05   9.3047625016914e+04  -1.0128182225981e+06   6.5789983266737e+05  -2.3565622014387e+05   4.6102186187999e+05  -2.5845334161392e+05   1.3797745231603e+05   2.4400131413891e+05  -2.1046048794278e+05   2.6889810327502e+05  -1.1773736080625e+06   1.4658088801249e+05  -3.0595769550314e+05   9.0118956175493e+04   4.5971538792925e+05  -7.8726670802668e+05  -3.7482570917035e+05  -9.5348081089691e+04  -7.5203245851699e+03   8.2795732326785e+04   1.5559244483605e+06   3.7005520914130e+05  -3.9918282379665e+05   2.2963698011267e+05   2.4385628001260e+05   1.5134164574061e+06  -6.9028505995522e+05   8.6200839669236e+05   3.3125907670451e+05  -6.4400853527401e+05   1.2717840233381e+04  -7.0591562832303e+05  -1.0951766739891e+05   9.8588348246108e+05   1.0472462283115e+06  -6.8704368330096e+05  -1.0025587096345e+06  -4.9012757750485e+05   3.2144993269381e+05   6.5741237547647e+05   8.9775485792291e+04  -1.2142554873224e+06  -9.6943633442756e+05   3.6082426511864e+05   1.0679278076176e+06   2.1201536830151e+05  -2.9220836982053e+05  -2.8923082663707e+05  -3.1328945942308e+05  -6.1873177496097e+05   7.2485358889754e+05  -1.0518118892612e+05  -1.4138730453787e+05  -1.4869687015509e+06  -6.7969786846946e+04  -1.0474955896733e+06  -1.2265896822192e+05  -1.0343818393178e+06   1.0735939100845e+06  -1.1249144889346e+06   2.8889205048574e+04   1.7470431932687e+06  -2.4253212764537e+05   1.1265020491692e+05  -2.9258128089046e+05   5.9596794194921e+05   1.0191352889075e+06  -9.9235162703450e+05   4.9493033738789e+05  -6.3946961141415e+05  -3.1802877092861e+05   2.0897394242849e+05  -4.9728429132252e+05   3.3834864190168e+05   1.5885106712807e+05   1.1516423198686e+06  -3.3796004442907e+05   1.9665668760477e+05   2.5915727261919e+06   1.1437141476507e+06  -1.0131494582722e+06   1.8014791512577e+05  -2.1796021770591e+05  -6.8444259922523e+05  -1.2985418246928e+05   5.6449241521955e+05   2.4723470111339e+05  -1.0294215364990e+06  -8.9792950032365e+04   1.1509445150402e+06  -4.6253223999325e+05  -5.0357782053702e+05  -4.4640514928000e+05  -6.3061974526715e+05  -3.4813257378485e+05  -8.6214905446237e+05   8.7492821860796e+05  -9.2431950237314e+05   1.0247543942341e+06   5.7272693036868e+05  -4.0773462014132e+05   3.8119591014488e+05   5.1688681943467e+05  -1.6882357136218e+05   3.5894225825065e+05  -3.3426364726143e+05  -4.2689143374012e+05  -5.4823396990997e+05   2.5960646578983e+05   2.5735589400016e+04  -9.0887248813294e+04   6.6604111254374e+03  -8.8546460620804e+03   3.3145636333423e+05  -4.1908978757564e+04   2.5774739233277e+05   7.3168708295890e+04  -3.0193339940217e+05 
 -6.8790056322220e+05   3.6569056922075e+04  -1.5844162844837e+05   1.2995310624947e+05   4.5831948442805e+05   4.1882800174325e+05  -3.9720814666713e+05   1.1442665523933e+05  -6.1066143013886e+04   9.1819492510684e+04   2.5711082232461e+05   4.2616111229575e+05   6.6102070842066e+05  -7.3559789345518e+05   6.4238625526508e+04  -4.1755488905062e+05  -5.0996529377425e+05   2.5879814968062e+05  -6.5545171640013e+04   2.1644788789566e+05  -3.3386072948549e+05   2.7110609398548e+04  -1.0802484944098e+05  -6.0232144901500e+04   3.0904204348633e+05   3.3719658902126e+05   2.3855273651012e+05  -2.0408663906386e+05   8.6322139297182e+04  -1.0352154367461e+05  -1.8177888732879e+04   9.8532894535017e+03   4.9470948608652e+05  -4.1511158719084e+04  -4.8479083033211e+05   3.5862748341152e+05  -5.1785947520361e+04   7.3564468934318e+04  -1.6736157069616e+05  -1.4316489541705e+05   6.7172627237491e+05   3.6931627098784e+05   1.3996260402653e+05  -4.2180566104673e+05  -4.8244186566801e+04  -5.7846602587914e+05  -6.2076416891502e+05   1.7378239836121e+04  -7.2997090421194e+05  -3.5586987067363e+05   3.3156965207970e+05  -6.3937454470064e+04   3.1531727561690e+05   4.7457783093672e+05   3.2451526437620e+05  -3.6806953967518e+05   3.4892969678201e+05   6.1427035466091e+05   1.3438581832726e+06  -4.1787478644747e+05   5.1041318745448e+05  -2.5331853018988e+04   4.7867561567838e+05  -1.6139107390563e+05  -9.1061949598393e+05   2.1733972962749e+04   4.3637423563302e+05   1.0812014836474e+05  -1.6936689200887e+05  -4.6805674530416e+05  -1.3422951856708e+05   3.2431736654391e+05   1.1586697830466e+05  -4.1470429529708e+05  -8.1590907944010e+04  -6.0946423633010e+05   3.2308482420275e+05   3.1890152662951e+05   7.6071799764522e+04  -3.4629774419155e+04  -3.4107891012526e+05  -1.2501233583327e+05   1.1736813159167e+05   5.5685723317778e+05  -5.4390295790066e+04  -1.8803003621768e+05  -6.9664224536424e+05  -1.5127117034212e+05  -3.0229281671700e+05  -4.1185306002171e+04  -7.6121322312695e+05   5.4363015914441e+05  -3.9470620990830e+05   4.6320709976943e+05   1.1621023238016e+06  -5.7360796930171e+05  -4.5964765515147e+04  -3.1097158774912e+05   5.6379367233319e+03   2.0614072109984e+05  -2.6176865770936e+05  -4.4734377974516e+04  -9.0329162107523e+05  -4.4191749596724e+05   4.4684617154100e+05  -6.0851178776116e+05   2.5759066092814e+05   2.0025234463659e+05   7.2885106854069e+05  -4.9028982460622e+05  -5.8800357783180e+05   1.1437141476507e+06   1.3812147690513e+06  -7.3483352899731e+05   8.9246966668663e+03   2.0989414066160e+05  -5.1693601278331e+05  -2.6518252987017e+05   1.3867755038681e+06   1.1395381853298e+05  -3.7392121538664e+05  -9.1096590528113e+04   5.1490956998239e+05  -4.9042703497104e+05  -3.5834552948693e+04  -1.8943902207060e+05  -2.8001598838133e+05   3.1384712321145e+04  -5.1916783439684e+05   3.5041649572327e+05  -4.2304105219321e+05   1.4507035427745e+05   3.0401292051871e+05  -5.9799827296101e+03   3.7751133978721e+05   1.4850087694051e+05  -1.2957356618983e+05   1.8680454594860e+05  -2.1125271854896e+05  -1.1737877519367e+05  -2.8796737306238e+05   2.0279048241036e+04   4.4024678297342e+04  -1.6650264626833e+05   1.7066891334404e+03   1.7356242964044e+05   2.6484457041029e+05  -1.0640083819264e+05   1.2728301994953e+05   3.9436597641668e+04  -1.2330524522160e+05 
  2.5587428826037e+06   3.5508123606616e+05   8.7427866472354e+05  -1.0997036704782e+06  -8.3765552085113e+05  -1.9588685082726e+06   9.4699076543758e+05  -1.2224228675340e+06   1.0168118628071e+06  -1.7158927663541e+06  -1.8672882078072e+05   2.1241732645385e+04   5.8246832216684e+05  -1.7025242464647e+04   1.9859011873104e+05   7.3801291569815e+05   1.5254229673375e+06  -8.0755795874620e+05  -8.4395993863067e+05   9.8074336907957e+05  -5.4325912571807e+05   9.9845636101418e+05   1.9775618192284e+04   4.6761400337057e+05  -1.7181142897276e+06  -1.7841481669042e+05  -7.1159571125027e+05   7.9976559336365e+04  -9.4643082681740e+04   2.4826223039619e+05  -3.8905392533200e+05   5.9299786936584e+05  -2.9413389897334e+05  -2.6118734890531e+05   8.2596639087883e+05  -1.0153723679235e+06   8.7356658183071e+05   2.7816779867257e+05   1.3967157592005e+05  -6.8307022542028e+05  -4.6145325091869e+05   4.5089308441722e+05  -5.9442728438206e+05   6.4427756208211e+05   2.4305476476533e+05  -7.8772800825181e+05  -7.2231337197632e+05  -2.8135176400956e+05   3.7045113016209e+05   6.3295028486774e+05   1.2648578689765e+06   6.2077250245311e+05   2.0958029657769e+06  -1.7296503398686e+06  -5.5371681393682e+05   5.6207655046664e+05  -1.0236914958552e+06  -1.5006003344477e+06  -1.1428002670174e+06   1.3351196315759e+06  -9.1859743539472e+05   2.7869233153074e+03  -1.3464781843468e+06  -1.8065690618774e+06   1.1008075143556e+06   1.3948671662293e+05  -2.2106727442554e+05   6.4248042397178e+05   1.8826645884232e+06   1.4411140484203e+06   6.3743607927080e+05  -1.0004357792429e+06   4.2724825800198e+05   1.0042170553000e+06   5.3888425861703e+05   2.2567517897328e+05  -7.9839106498569e+05  -1.0628616006149e+06  -1.3975680962878e+05   2.3081462554098e+05   1.0129685522919e+05   6.7440490014815e+05   1.4232603379667e+06  -2.3459215885303e+06  -1.7340789656531e+06   4.2589673531619e+05   1.1638510344313e+05   1.2661028821324e+06   4.3463309520543e+05  -8.1921050450784e+03   1.7177053296869e+06  -1.8964166935508e+06   1.0182579029071e+06   8.1414004443115e+05  -1.4906716867763e+06   1.4647517108576e+06   1.8196087763641e+06   8.9380189282040e+05   1.4234295097570e+05  -7.9007925166463e+04  -5.4264793890149e+05  -1.1252848305827e+06   5.2443864528010e+05   1.2651364265364e+06  -8.6023397977577e+05   1.8684483764036e+05  -1.7474311489214e+06  -1.0363348130652e+06  -9.9471004683864e+05   2.0015665435669e+05  -1.0817792889643e+06  -1.0131494582722e+06  -7.3483352899730e+05   7.8853085840573e+06  -2.5869541978820e+05  -6.2782824474129e+05  -9.9112424008874e+05  -1.0090261471959e+05  -1.5038322395738e+06  -7.1255767998300e+05  -4.7128219846273e+04   1.8062002119634e+06  -3.3909915612325e+04   1.0591216900940e+06   6.3749943708808e+05  -5.3406381461099e+05   4.9320828251302e+05  -8.7935113319269e+04  -1.5540317619316e+06  -8.6366628044525e+05  -7.4757793794695e+05  -3.2983872983463e+05   2.1698257916475e+05   8.8676734293135e+04   1.4588239135861e+05  -8.0474166841112e+05   4.6680237114912e+05   9.7963505811046e+05   6.9800614058421e+04   5.4580167467119e+05   1.1395080671545e+06  -9.6505785638852e+05  -1.6473109808092e+05  -1.8810883239789e+05   1.8945558647696e+05   1.2344721910324e+05  -8.7712778126501e+05   1.7686488481158e+05   5.1199666660995e+04  -2.2751491016237e+05   4.1265714005812e+05 
 -6.0586436942649e+05   6.2762546363201e+04   1.7422154906800e+05  -1.1997076775637e+04  -1.1836978105099e+05   2.8284535090895e+05  -1.1974155792862e+03  -2.2021546219826e+04  -4.1146068584090e+04   1.4068168188356e+05  -1.2588029414218e+05   3.1951520921755e+04   3.2816177706173e+05  -4.0689888953155e+05  -3.7625277054904e+04   4.8028913063429e+04   2.9507829455306e+05   4.0649660413103e+05  -3.1672572955413e+05  -1.9784715804238e+05   8.2454840869957e+04   3.8437075092780e+05  -1.7788512514232e+05   3.2850919230563e+04   3.2856302090243e+05  -8.2142884820438e+05  -3.7137816006932e+05  -2.0604924739810e+04  -1.8594505431429e+05   5.2733158266224e+04  -3.7006497892984e+04   3.0335881931154e+05  -4.5327936188527e+05   2.0518004005667e+05   1.1086347517887e+05   8.2007088073111e+04  -9.3959036789880e+04  -3.9116165034153e+05   7.4845428951529e+05  -3.0186035430482e+05  -1.5126217566145e+05  -5.0594793730275e+05  -4.4197382910865e+04   7.5566380382397e+05  -2.6977548195859e+05   8.8122071957310e+05  -2.3057479163704e+05   3.6203952877844e+05   1.1935755443810e+05  -6.3949319074074e+04   9.3647300086457e+05   4.6147116947382e+04   3.1034414366824e+05   4.7055986249179e+05   3.8050368819688e+04  -3.2907430844670e+05   1.0358849228280e+05   9.0406211766419e+04  -2.2264241684276e+04   5.5849533862145e+04  -1.6306222213557e+05  -2.9811835200345e+05   2.7370689610626e+05   4.2808004109794e+04   4.8789688193390e+05   7.5232748092303e+04   2.9563902711862e+05   1.8126382198095e+05  -3.7484884227018e+05   1.1899247675285e+05  -1.8730267621369e+05   1.0681220474353e+05   1.8810619902163e+05  -5.5022314004630e+05   7.3532649150589e+04   4.0878929450203e+05   5.6551451259916e+04  -1.4500935773165e+05  -1.7321790039260e+05  -2.1446581269386e+05   1.4323208444950e+05   8.4734881398265e+04   4.7105751063243e+04  -1.6764112780512e+05   4.4468208914135e+05  -3.8972067729895e+05  -4.9731772720166e+05  -4.0158930591972e+05  -1.0955075556384e+05   1.8920498938091e+05  -2.0197151943412e+05   4.9873865653302e+04   2.3162960746340e+05   6.8033681331218e+05  -2.1279613918408e+05  -6.1696166656723e+05  -8.4409840606119e+05  -1.5984323318817e+05   3.0359067377629e+05  -3.5664628487928e+04   4.3501674920408e+05   1.5941822246590e+05  -2.8213534137466e+05   9.8714464985312e+03  -7.0835095247300e+04   2.5363812651697e+05   3.0525879804464e+04  -2.1778790882692e+05  -3.7995465395329e+05   6.3752184749415e+05  -4.3056485881810e+05   1.8014791512577e+05   8.9246966668668e+03  -2.5869541978820e+05   1.3545239581986e+06  -2.8762744046137e+05  -4.2964584258336e+05   7.4986843948306e+05   2.3411992716606e+05   1.2864333151775e+06   3.5434988545528e+05   1.0527951751732e+06  -3.2716905581946e+05  -6.8614582713647e+05  -6.4805250520642e+05   1.1082824780676e+05  -6.6605668586217e+05   2.5234124494816e+04  -6.5731330946095e+05   2.9341501138954e+05  -1.2116266528505e+05  -1.6915059757261e+05   6.5070931277238e+05  -1.6916212760461e+05   3.1555834571263e+05  -1.6576751394106e+05  -4.7438561653891e+04  -1.6630925413628e+04   3.4503085830231e+05   4.0865752205938e+04  -2.3075222705255e+05  -9.6633213111376e+04  -1.3050987009522e+05  -3.1518199106418e+03   4.0615248710285e+03  -7.7176557161014e+04  -2.3207089871640e+03   6.0959808729936e+04   1.8355647509532e+05   4.1635434095322e+04  -1.1253506048970e+05 
 -4.2864396930617e+05   8.5722364396247e+04  -3.2164787244904e+05  -1.6779033626723e+05   4.0702643579393e+05   2.2021605983477e+05   3.7133708223751e+05   3.5992744569669e+05  -4.4190420426593e+05  -4.9743905309819e+05   4.6216680642910e+05   1.1672063716332e+06  -8.6123236220596e+05  -4.5475849549030e+05  -2.3823462543654e+05   6.4267380426609e+05  -9.4459695949892e+05   6.2734502166342e+04   2.1468602358930e+05   7.1104628122066e+05  -6.2740809134890e+05   1.2046440604508e+06   1.8857912200388e+05  -1.8926065767083e+05   4.7300673658090e+05  -9.8944395742699e+05  -4.6780317739679e+04   5.7738866696337e+04   1.5311264225612e+05  -2.4633982281546e+05  -4.2514292213103e+04  -3.7368673145774e+05   7.1988820356751e+05  -4.2739344984131e+05  -1.8788224186019e+05  -6.0473175497498e+03   3.3264357196447e+05   2.9352754727179e+05   6.7501927212711e+04  -2.7138163940617e+05   3.8983496627917e+05   3.2053072152831e+05   6.2931102685353e+05   1.4837973612250e+05   2.2475652880335e+05  -8.7134010478947e+05  -4.7015831124202e+05   6.5939749750164e+05   1.7380990717579e+05  -4.6355147066401e+05  -1.7532933845741e+05  -4.7520202341177e+04  -3.2960779606235e+05  -1.0916457817961e+06  -1.8569612286832e+05   3.9618365698067e+05   6.2565711192978e+03   7.5076930959363e+05   2.5960063324546e+05  -2.8411591023457e+05   1.0440846479718e+05  -8.3385987446245e+05   4.3520960142578e+05  -1.1641766509143e+05  -8.7288837384793e+05   1.1741116202623e+05  -2.3915267883244e+05  -6.4269224067965e+05  -4.3479539572871e+05   2.9412953006077e+05  -3.4438730745446e+05   3.4302749554693e+05  -8.3881015216186e+04   1.7703520372569e+04   4.6473337946280e+05  -1.3269892994704e+06   5.6653064713756e+05   3.4305891007992e+05  -1.0694082991164e+05  -1.3120856174158e+05   1.0115466205343e+06   9.1880120959660e+04   9.3104593696953e+04   2.2297126215343e+05   3.6289249477840e+04   1.0277742977585e+06  -2.4449438105115e+05  -1.3402278959826e+06   2.2136145559798e+05   1.9917483186006e+05  -5.9605084361503e+05   4.6082899062186e+05  -1.8327634680597e+05  -3.5650899894969e+05   2.1087845824275e+05  -4.3079637963871e+05  -2.3225499025578e+05   6.3279257217846e+05  -4.3760049890000e+05  -1.2258207346730e+05  -2.0344306155919e+05  -4.3657705900652e+05   2.2385486775259e+05  -6.2341548782556e+05   2.1285387082902e+05  -7.4954556632141e+05  -2.8541230243249e+05  -3.2313741905021e+05   1.9838384880600e+05   6.4804510893326e+05  -1.1882873082555e+06  -2.1796021770591e+05   2.0989414066160e+05  -6.2782824474129e+05  -2.8762744046137e+05   2.4977862105697e+06   1.7883900474988e+05  -6.1621080049982e+05   1.3840204039951e+05   2.4893488169445e+05  -4.9458025618867e+05  -7.4017949103358e+05  -5.0787892720136e+05   1.9418089673153e+06   6.6414357356942e+05  -2.1011874383234e+05   1.0607674004591e+06  -3.8484513608938e+05   6.7938196316708e+05  -8.5873869018600e+04   9.0212706911347e+05  -2.9686917685605e+05  -5.4507057075793e+05  -1.7380946417086e+05  -6.8631668727953e+05  -4.5191135549459e+05  -1.0647677819243e+05  -2.9002036467628e+05  -1.3875635409749e+05   3.8770068091190e+05   7.0399632510078e+04   3.8354410260514e+05   2.8932493054298e+04  -8.1247521947435e+04   1.9019575925709e+05   5.6282040740043e+03   2.4392106623062e+05  -1.3508107642590e+05  -3.5092615956596e+05   3.4870279564232e+03   1.1380899747858e+05 
 -1.5379091467387e+06   2.1912332968382e+05  -2.5781681839806e+05   1.0557454577470e+06   2.8210727985317e+05   4.2516805220274e+05   3.9676443467456e+05  -8.1990383884261e+05   3.4474966020408e+05   1.0423116468490e+05   3.1439236351219e+04  -9.9806165363637e+04  -3.6270047665068e+05  -8.7859413131037e+04  -4.6683580228142e+05   2.2475133832053e+04   5.2890189485514e+05  -2.0045554066200e+06   5.6244888379101e+04   2.5999428055996e+05   2.2036542910763e+05   1.4612111902912e+06   2.9666132719126e+05  -6.5802131559367e+05   5.3377824019961e+05  -7.2143421715741e+05  -9.2470699971349e+04   2.8447715344581e+05  -6.3056180607274e+05   7.9330992218943e+05   4.6183845996594e+05   2.6677556269115e+05  -5.9943224318771e+04   9.4345151454565e+04   6.8155919992216e+05  -4.5278685030287e+04  -4.4895343165073e+05  -1.1394203157031e+06   5.9703833364238e+05  -7.3001446341226e+05   3.3216132396782e+05  -3.3856769269727e+05   1.3236597075046e+04   9.3624239481737e+05   9.6834538440933e+05   1.3654400738855e+05  -1.2037167198166e+06  -1.3156375223674e+06   4.3754618855320e+05  -3.8364043081225e+05   6.8000383262144e+05   2.8972111413519e+05  -4.7125042558036e+05   4.6429297056526e+04   3.5140776629018e+05   1.8996854578080e+05  -2.1850325806780e+05  -1.1830568979000e+06  -5.6506958631536e+05   7.5695197116600e+05   4.7757311310418e+04  -2.7436855822372e+05   6.0061256628161e+05   1.0820262087833e+06   9.5454996983234e+05  -3.8863917547613e+05  -9.0975764295961e+05  -1.2351867406551e+06  -3.4315307476025e+05   7.0717390444770e+05   8.1213087941382e+05  -1.3398447277241e+05  -3.0418365317511e+05   6.3240081696814e+05  -6.7201984347532e+05   6.1409944201601e+05  -8.4331667740045e+05  -7.3593189209008e+05  -4.0023634497137e+05   1.4748552633241e+06   1.0718856325640e+06   3.8573766488144e+05   1.0896105473405e+05  -2.3267328855554e+04   7.4374313943362e+05   9.7119893544232e+05   9.3770173026491e+05   6.0809218690886e+05   1.1262644050302e+06   4.2107351603108e+05  -1.5720049620346e+06   3.2675120176935e+05  -1.1269379415212e+06  -1.9548891053022e+06  -1.9062617710394e+05   6.8565320559375e+05   8.5099440001338e+05  -1.9949788133458e+06  -1.5472121902686e+06  -1.3150074864899e+06   9.3766483454242e+05   3.1248334023477e+05   9.3960569470192e+05  -2.6806071134953e+05   4.2247270855407e+05  -1.4431413355503e+06  -5.4768610718804e+05   6.4275006116865e+05  -1.0793643748155e+05   4.9716103019521e+05   1.4089617201937e+06  -6.8444259922523e+05  -5.1693601278331e+05  -9.9112424008874e+05  -4.2964584258336e+05   1.7883900474988e+05   5.6023045234583e+06  -3.1217578160866e+05   6.4390225627751e+05  -1.1013069307526e+06  -1.0375595986657e+06  -3.0206918499362e+06  -1.1901764554323e+06   3.1134742870531e+05   1.8452152889559e+06   4.9261154589085e+05   4.2847855030716e+05  -8.7453321057673e+04   1.2057153834212e+06  -4.7519321347086e+05  -6.5281912838766e+05  -3.4804108991796e+05  -1.5414420133609e+05  -7.8927960930449e+04  -7.7431538733151e+05  -2.0643981068199e+03   2.4387966855859e+05  -1.3212316737109e+06   1.3916510478766e+06  -2.7368408304776e+05   1.8232087720435e+05  -4.0282086367317e+05  -9.9654036689870e+04   7.4055591701836e+05  -1.1982925363350e+05  -6.8095938980292e+05  -3.1231790003013e+05   1.8510378551861e+05   4.7459926448115e+05   5.6373231261239e+04  -5.8248463323588e+04 
  2.1720407785616e+05   2.5308177387910e+05   3.0135969666568e+05  -3.9030473579929e+05  -4.2616826399062e+05   8.9841107379576e+04  -7.3848396153130e+04  -1.5184985242142e+05   1.0395388890693e+05  -1.8711222804687e+05  -2.5925877516228e+04   1.1023274095652e+05   1.8637613955313e+05  -3.1184809264176e+05   2.7113596896590e+05  -1.9717081225477e+04   4.1020924710068e+05  -6.7723265960837e+04  -3.0650347017623e+05  -1.8239492898249e+05  -1.0617614022144e+05  -5.6745122937915e+05   2.7956784615873e+05   1.2402415420495e+05  -1.0062241485169e+04   2.0237278572294e+05  -5.8114245802799e+04  -8.5846253245147e+03  -1.2073468203372e+05  -1.7766604722363e+03  -1.0946510574800e+05  -8.4277562999537e+04  -4.5036108969165e+05   1.5543037522131e+05   1.0200775848822e+05  -2.7802507144271e+05   2.8704226109522e+05   1.5552002165224e+05   5.0186710481098e+05   1.2304957037228e+05  -7.2149081543385e+05  -3.1585482847871e+05  -2.4416020536649e+05   7.0459742933997e+05  -1.7295639470274e+05   7.9746432592836e+05   3.5410732547881e+05   5.3668177479609e+05  -1.5351277650776e+05   6.0889572091992e+05   6.8793561637119e+04  -8.1381715179121e+04  -9.5790007915483e+04   1.7447782904337e+04  -1.8996751514085e+05  -1.2306069519938e+05  -3.9638042505628e+04  -3.8967949499923e+05  -4.7234103504473e+05   9.1111525665483e+04  -3.0087283467765e+05  -6.8804058836719e+04   3.5065399939963e+05   2.0405567494920e+05   3.0799505134397e+05   5.4050105076297e+05  -2.0586528000468e+05   2.3972102352036e+05  -1.9297893755582e+05  -2.7710399767456e+05   7.9782678676353e+04   2.5974043477102e+05   1.0509060107504e+05  -2.6692457061193e+05  -1.4650866842474e+05   7.6838044578580e+05  -2.2372055233196e+05  -4.6435701561749e+05  -8.1548517011224e+03  -9.6062015845121e+04  -2.0007514387127e+05   2.6755935326444e+05   2.0644602227347e+05  -3.0857199053179e+05   1.8222051144032e+05  -4.6132440571091e+05  -5.0285962526745e+05  -8.6117461116828e+04  -4.6676496490103e+05   4.3528286926248e+05   3.9455389949816e+05  -7.8305242387929e+05   4.9349211487156e+05   2.3503869033985e+05  -1.3131253801554e+05  -5.1126962662716e+05  -2.2411643926188e+05   4.2733132467835e+04   4.4424544051150e+05   2.8407333402296e+05   3.3195346389566e+05   1.4804426183538e+05   2.0129186092359e+04  -3.0457630314212e+04  -4.1189010823969e+04   4.6235715577239e+05  -8.6001862185085e+04  -2.9657803408292e+05  -4.9108253095252e+05   1.6117737014389e+05   1.3226531446214e+05  -1.2985418246928e+05  -2.6518252987017e+05  -1.0090261471959e+05   7.4986843948306e+05  -6.1621080049982e+05  -3.1217578160866e+05   1.0282260756202e+06  -2.0075630358954e+05   7.8900625189918e+05   5.9295678598499e+05   9.0270038076278e+05   2.2632098069385e+04  -6.0439968100012e+05  -3.9372751639075e+05   2.6018102310557e+04  -8.5558096055017e+05   2.4662997890421e+05  -3.3018784068501e+05   1.4242239618685e+05   3.6214946931239e+03  -3.8078084394140e+05   5.5699784467482e+05   2.5553796810074e+05   3.8547610874620e+05  -6.9338553916244e+04  -1.2093847862997e+05   9.0806433045915e+03   3.9747037657906e+05  -3.7689509205787e+04  -6.6403197868599e+04   4.0190027078872e+04   4.8651802487991e+04  -2.3492193461582e+04   1.8869111855861e+04  -3.4315926400362e+04  -9.6434190950033e+04  -6.9428683844078e+04  -1.8785044973212e+05   1.4998624821149e+04  -7.6381277301454e+04 
 -9.9507619189359e+05  -2.7589135138747e+04  -4.4877336604183e+05   7.1358688648473e+04   1.2374595453403e+06   3.1953015234092e+05  -5.8877223483390e+05   1.3101512635439e+05   2.8070252937722e+04  -3.4748064804297e+05   3.5631787389346e+05   9.2123442501071e+05   1.1010316217540e+06  -8.5255777111984e+05  -4.9912729388823e+05  -6.3001781677904e+05   6.6594319263686e+05   9.8630665673280e+05  -5.3703458726417e+05   1.5894965433087e+05  -1.9115326837282e+05   5.2206639201730e+05  -6.0651606243577e+05  -2.7729814581641e+05   7.5486715459655e+04  -2.0143593561617e+05   3.3934589499571e+05  -1.6917306104089e+05  -1.6330840924419e+05   5.0660746052431e+05   1.7872824444170e+05   2.9882392930606e+05   9.5629749120904e+05   1.6385677205280e+05   1.0188235625933e+05   5.7467956220419e+04  -5.7479779004189e+05  -3.1581759145934e+05   3.6047629423850e+05  -5.2282115323344e+04   1.1659674037473e+06  -2.4323747178097e+05  -1.7189262314767e+05   2.0975065332747e+05  -7.4298968230763e+05  -5.7141062011844e+05  -1.6927998927754e+06  -5.1356668740663e+05  -5.3508075938878e+04  -8.0290853900319e+05   1.0230388986037e+06   2.7933474180476e+04   3.3666029154208e+05   4.2279991545462e+05   5.2611586254767e+05   5.0879754295841e+04  -1.3270267091237e+05  -3.1850664411570e+05   1.2064141683067e+06   6.8535034937089e+04  -2.4990049449529e+04  -5.5145930580547e+05   8.2742733578957e+05   4.0009483856897e+05  -6.1262402357595e+05  -4.1347281855398e+05   3.6125384353878e+05   1.8704406234560e+05   9.8220208325609e+05  -1.2078016780865e+05   1.8201045639228e+05  -8.4749334115022e+04   1.1763954602156e+06  -1.3700002092088e+03   5.6728241498823e+05  -9.9758213080492e+05   4.6484651623598e+05   1.5850165671181e+05   4.4269849694529e+05  -1.0254558461850e+06  -4.0121440425721e+05  -3.8068676740973e+04  -7.3257452432204e+05   6.0541423260984e+05   6.1863060251750e+05   2.0948064840866e+05  -8.9044005888733e+05   5.5797005469670e+04   3.8555846515541e+04   2.2583386690509e+05  -1.0882558334865e+06   1.2071014514872e+06  -8.5923869452913e+05   5.3290418252366e+05   3.6089296542397e+05   2.3353374217730e+04  -2.2442389641032e+05  -2.4217877227058e+06  -7.4063832167017e+05  -9.4916754595773e+05  -1.5954897250637e+05  -4.6181486854233e+03  -8.0992869921991e+05  -3.4142307255490e+05   5.7355466175797e+05  -6.7188251020915e+05   6.2173471853973e+05   8.3369157038460e+05   6.2500942876765e+05  -6.8950521826066e+05  -4.5334720064380e+05   5.6449241521955e+05   1.3867755038682e+06  -1.5038322395738e+06   2.3411992716606e+05   1.3840204039951e+05   6.4390225627752e+05  -2.0075630358954e+05   4.0758267897342e+06   3.5844348440504e+05  -3.4018523635046e+05  -3.8002425602797e+05   8.8102114504535e+04  -8.0312521440960e+05  -4.8464296165718e+05  -4.9839683861617e+05  -9.0625014160699e+05  -1.3517827646514e+05   5.1366572891715e+05   4.0844348552774e+05  -8.5318804914651e+05  -1.0039976892043e+06   8.9434250482916e+05   9.8625519139455e+04  -5.6466859264665e+05  -8.3754674081795e+04  -4.0759675394923e+04   1.3103744618587e+05   1.0584009947382e+05  -6.7598645375253e+04  -5.2343913554270e+05   3.1794298737114e+05  -1.7960006804412e+05  -1.2554772997675e+05  -1.8071789906836e+05   3.4959554969971e+05   1.8778418665502e+05   7.9163642239278e+04  -1.0955377434693e+05   5.7077822067470e+04  -9.7503101688846e+04 
  1.0971205311896e+04   4.6162975451128e+05   3.2230569294852e+05  -7.8676323793935e+05  -4.9884125900065e+05   6.2612770374679e+04   7.9195104413575e+04   4.4338854245163e+05  -5.9155533966577e+05   3.8541392931280e+05  -4.3403621565541e+05   1.7139172798894e+05   4.9620934204507e+05  -7.9893839359571e+05  -2.2546064361454e+05   2.5955213375778e+04   7.3002264638856e+05   4.7932343264112e+05  -2.0610021809567e+05  -1.8781405502715e+05   3.8299216331802e+05  -1.7204445272317e+05  -2.2549701381418e+05   2.1665822243409e+05   8.5388545461316e+04  -7.0609292688914e+05  -3.4708359724514e+05  -1.3979617330470e+05  -6.9689507832551e+04  -1.3212067746746e+05  -9.2658012115354e+04   3.4718216477257e+05   2.1592320455942e+05   2.5245399900213e+05  -5.1660596618255e+05   6.9379184545675e+04  -1.5473188721341e+04   1.8345063049197e+05   2.2542731379466e+05   4.3328405903442e+04  -6.7276293856730e+05  -3.9622935571088e+05   5.0471426882521e+04   1.9045348481971e+05  -9.1860704432034e+05   6.5364445199527e+05   2.9893642854942e+05   1.2667849339199e+06  -4.2166852418218e+04   1.8780244461102e+05   7.9043049329920e+05   2.4505666334887e+05  -3.1606028009240e+05   3.9074884856562e+05  -2.6070496428961e+05   6.1941281402725e+04  -1.4909914937007e+05   4.1780389439402e+05   2.6761277981994e+04  -2.7350747875357e+05  -3.1654421676306e+05  -5.9320322177331e+05   3.7110819063184e+05  -6.0865724502337e+05   3.0555191741273e+05  -1.4216009383272e+05   2.0403574372866e+05   1.2279619433004e+05  -5.2623788608647e+05  -1.0366283033966e+05  -5.6608244928994e+05   5.2941344674285e+05   7.2366883700276e+05  -5.6921703853615e+05   1.8284193157709e+05   2.7840242919298e+05   7.7867706854956e+04   5.6650928597159e+05  -1.1176785148784e+05  -7.7119587597233e+05   5.6622909545620e+05  -6.0164535522092e+04   5.5963767116780e+05  -5.9168768557605e+05   1.4538170672891e+05  -3.9674790609936e+05  -1.2501984894484e+06  -8.3030258391077e+05  -6.9188539725513e+05   2.4014747376560e+05  -5.2868553548712e+05  -4.4871768188530e+04   8.2953852509417e+05   1.2003174454318e+06  -8.4087451220941e+04  -7.3387906780143e+05  -8.3295722526339e+05  -3.8989811843641e+05   3.6610597722053e+05   1.7587504295999e+05   1.0932576155849e+05   2.1579169950841e+05  -3.1654756014647e+05  -4.2830256134307e+05   2.9341550836369e+05   3.5154597113305e+05  -1.3987674184331e+04  -5.5576320782420e+05  -4.6973972338944e+05   8.2303837032211e+04  -1.1800094434378e+06   2.4723470111339e+05   1.1395381853298e+05  -7.1255767998300e+05   1.2864333151775e+06   2.4893488169445e+05  -1.1013069307526e+06   7.8900625189918e+05   3.5844348440504e+05   2.3397272271663e+06   2.2183665136135e+05   1.6466187455542e+06   5.9344386459639e+04  -1.1745783920606e+05  -6.0070098441803e+05  -1.5678240094593e+05  -5.2394909195397e+05   2.2940410132809e+05  -3.9801091181899e+04   5.2610037335512e+05   5.5505409286972e+05  -4.4508301722727e+05   6.9156463041106e+05  -2.0393041579021e+04  -3.3469804452883e+05  -4.4881636377853e+05  -4.9615812593850e+05  -3.0085328313268e+04   2.0372856790073e+05   3.4233418947566e+05  -6.1996448944713e+04   2.8750740310750e+05   7.8335697694660e+04  -1.6695566227009e+05  -5.5984494171044e+04   5.2415588116896e+04   2.4391252495505e+04  -4.3021734339359e+04  -1.9189223151732e+05   5.3975429261126e+04  -1.3618413864641e+05 
  4.3559269600025e+05  -1.7925466105192e+04  -9.4787582004541e+03  -3.2609515320213e+05  -1.6484082022063e+06   6.0965061687119e+05   1.2376123793711e+06   4.9170926058826e+04  -1.4725011365787e+05   1.8728734597515e+05   5.7794119756586e+05  -1.5967060580222e+04  -1.3246678372029e+06   5.1330782748475e+05   5.4254622220017e+05  -4.4456432672746e+05  -1.0208831229940e+06  -3.1103183695159e+05   6.6582265805064e+05   8.5895125799761e+04  -9.5074644378434e+05  -1.1940549969901e+06   5.0669569138728e+05   7.4376267551357e+05   5.4000404387444e+05  -1.9145458032732e+05   9.1463479065363e+05   7.0707843714370e+04  -3.8609431884942e+04  -1.8280938365394e+05  -5.9971134316064e+05  -1.4709592556392e+06  -5.3688295272517e+05  -1.3719665305972e+05   5.4265006290518e+05  -1.7529998473611e+05   6.7006276053615e+04  -1.0190351947072e+06   1.5877354218968e+05   7.5458299989214e+05   6.4858052813404e+05   2.4443315702678e+05  -9.8380578040970e+04   9.3535647948056e+05  -8.7236593200677e+05   1.8773926127492e+06  -5.4034792999612e+05  -5.6359477249558e+05  -2.5580737040086e+05   3.5757591875301e+05   5.0535772197744e+05  -2.8189743423492e+05  -5.2539246268826e+05  -5.1771705299379e+05  -1.2187805559698e+05  -2.2079529994213e+05   3.8149869625062e+05   1.5954053249860e+06  -5.9403953775893e+05  -2.9638012964548e+05  -1.0262908099127e+06  -5.6010365617034e+04   3.6681260386748e+05   2.4648566207123e+05   4.0380125642596e+05   4.8685417495509e+05  -2.2691364930771e+05  -9.5968838879253e+05  -2.4775639076633e+05  -3.8747047615068e+05  -4.2306390214573e+05   4.6082875399950e+05  -1.0528134718930e+06  -8.4313271830820e+05   1.3935346951541e+06   1.9635698735411e+06   8.0492992854931e+05  -6.0539735070446e+05   3.4479478084399e+03  -5.4528185763340e+05  -7.5819245985693e+05   3.1022854727823e+05  -9.2522494895194e+04  -2.9964563774473e+05   9.3941459811714e+05  -1.1196585415675e+06   1.9375320769894e+06  -7.2386328532739e+05   1.9481151827407e+05   3.0644487874624e+05   8.4909948159317e+05  -8.6203632794045e+05   2.1991298276250e+05   5.6991025625112e+05  -4.9682880908695e+05  -8.7155306370386e+05  -5.8395867110335e+05   1.2728684373625e+06   2.9418667476549e+05  -6.9545763609614e+05   7.6649595237072e+05  -1.5123391678920e+05  -2.8705647668729e+05  -3.1317007988748e+05   8.1612743565190e+05   6.5964396077715e+05  -2.6786687585237e+05  -7.1403088883972e+05  -1.6765204712454e+06   4.2258980105686e+05   1.0460850422529e+05  -1.0294215364990e+06  -3.7392121538664e+05  -4.7128219846279e+04   3.5434988545528e+05  -4.9458025618867e+05  -1.0375595986657e+06   5.9295678598499e+05  -3.4018523635046e+05   2.2183665136135e+05   3.7062685736480e+06   7.6996402243708e+05  -5.4587601048649e+05  -1.0633468439354e+06  -1.1153341352686e+06   1.8185585474119e+06  -7.2974959001485e+05   3.6422284366687e+05   3.2407477607375e+05   7.4609896585834e+04  -6.8629301349682e+05  -5.6926375982419e+05   9.9371859330045e+04   4.3854325312996e+05   1.2759371254655e+06  -1.9884312870447e+05   1.1549035153863e+05   6.6376200586470e+05  -2.3066350939651e+05  -1.4780203551679e+05  -1.7647134073001e+05   5.3204114270051e+04  -9.6363429312596e+04  -1.1281746756688e+05   5.8025356055815e+04   3.2940137949362e+05   2.3213046684535e+05  -1.3858900388287e+05  -7.8696814786683e+04   2.8964490278233e+04  -2.0857098338846e+04 
  1.8351712895235e+06   3.6915574386218e+05   8.2675441484465e+05  -1.2797780627652e+06  -1.4086755247490e+06  -1.1499046902133e+06   6.7686249688547e+05  -2.9781380596998e+05   3.7384323493327e+05  -6.1273610361272e+05  -2.7895822926701e+05  -7.7131838205694e+04   6.1854491296139e+05  -6.7934636152859e+04   4.3584891084197e+05   3.0023395066190e+05   2.5580108788079e+05   5.1967550951722e+05   2.8920965498620e+05   4.5762491929808e+04  -1.6900409865291e+05  -1.0679796087656e+06   1.1274849078032e+05   4.4471282061355e+05  -1.5973591921525e+06  -1.3733778428591e+04   6.8426449096554e+04  -3.2594497631585e+05   3.0274586041521e+05  -6.1710680601506e+05  -2.6924822913844e+05   9.4597958933259e+04   1.6660594163516e+05  -1.2070408478152e+05  -4.5431418033669e+05   3.1217149057104e+05  -4.1370782820236e+04   7.2595509225906e+04  -3.1172791261491e+05   4.1534162163409e+05  -6.7356244967293e+05   1.8657518398976e+05   2.5050675634916e+05  -5.7187826867219e+05  -6.0181581394423e+05   4.7962676359976e+05   1.3287046881191e+06   8.9673221750068e+05  -2.1520877583550e+05  -5.5621825553045e+04   2.0632000903353e+05   2.4496885495694e+05   9.4927289066394e+05   1.8352610803880e+05  -7.5150137883792e+05   1.3071607636556e+05  -5.8650550373853e+05   4.4051364270994e+04   2.6124256765431e+05  -1.0246635807989e+05  -4.6681183187856e+05   5.6889579431981e+05  -1.0316496122138e+06  -1.0000745244562e+06  -3.8123209283943e+05  -7.2368887771049e+05   4.9082200570297e+05   3.9419480236645e+05   6.5342285392321e+05  -2.1352346644154e+03   1.1134020991861e+05   2.4866446561862e+05  -1.1020673697480e+05   2.6496287841431e+05   5.3919063281913e+05   2.4971455571761e+05  -2.9028555421103e+05   2.7807440045129e+05  -3.7338816186891e+04  -4.8860362615548e+05  -3.8505210198371e+05  -9.5398911059698e+04   5.4795927605420e+05  -7.0250813352637e+05  -6.0546838852558e+05   1.9132738680715e+05  -1.6105727588731e+06  -1.0942937672722e+05  -1.1532966955238e+06   7.4106024693317e+04   1.7889845227955e+06  -5.0372797198119e+05   1.2402057739117e+06   1.6142477508040e+06  -7.8997342165855e+05  -5.0455914464894e+05  -7.8511922687459e+05   7.5555453866840e+05   1.2379013164983e+06   8.3032736458661e+05  -6.4401875909156e+05  -4.5922819521920e+05  -4.7218184197880e+05   6.1763122983552e+05  -3.3504730416962e+05   1.5059126910647e+06  -1.5498932968506e+05  -6.3745142574112e+05  -2.3091006606744e+05  -3.3460130695018e+05  -1.6581798837774e+06  -8.9792950032365e+04  -9.1096590528109e+04   1.8062002119634e+06   1.0527951751732e+06  -7.4017949103359e+05  -3.0206918499362e+06   9.0270038076278e+05  -3.8002425602797e+05   1.6466187455542e+06   7.6996402243707e+05   4.1470233055914e+06   8.7484499462886e+05  -4.3660399078703e+05  -1.3689983652995e+06  -8.7234503271776e+05  -7.3414534693733e+05   2.5058222814884e+04  -6.8450632295865e+05   2.6608577259053e+05   4.3125908444585e+05  -1.2055485343051e+05   7.7991258902015e+03  -7.2941555106396e+04  -4.8286173366405e+05  -3.1240036272616e+05   4.1713931936483e+05   1.2940174906617e+06  -7.4446653337539e+05   2.2559559580712e+05   3.9481906156742e+05  -5.3549744833162e+05   1.5350688349030e+05  -5.9827134045750e+05   2.3531980763502e+03   5.4581086982694e+05  -1.0239814758735e+05  -1.5314701722469e+05  -1.4838315223508e+05  -3.1568495497093e+04   1.5381855190334e+05 
  7.9695529926073e+05   2.5839002430479e+05  -1.6389477582090e+05  -3.7657163503217e+05   7.3473373589140e+05  -5.3940505952620e+05  -7.8076824270379e+05   1.5499469704515e+05  -9.9760212628497e+04  -2.5204457161313e+05  -5.5067371427110e+05  -2.3735579967693e+05   1.3102448045021e+06  -4.8119874563779e+05   1.6674661864547e+05   1.8365697524412e+04  -3.3601283489259e+05   8.9134139458410e+05  -4.6919484569787e+04  -2.2124469938859e+05   1.2590170232789e+05  -4.7339331501505e+05   2.1950774501851e+05   6.6641697615241e+04  -5.2085574008414e+05   1.0994643397666e+06   4.0953603289321e+04  -9.7528635814562e+04   3.3721279659310e+05  -2.6779395471376e+05  -1.3753618163630e+05  -1.4342120146478e+05   1.1059315811835e+06   1.8704984992255e+05  -8.7794674544607e+05   2.3752824755935e+05  -5.9986928027812e+05   6.3499325037514e+05  -6.9241814664013e+05   2.6502466069657e+05  -3.9111822226669e+05  -3.4077654943132e+05  -1.1034442877594e+05  -1.1579892839345e+06   1.4335066074840e+05  -4.5452664456230e+05   9.7050042148369e+05   5.7239821436479e+05  -3.0419061757661e+05   5.3226123654834e+05  -1.0942566678171e+06   2.0956054562662e+05  -2.9929272359207e+05   5.5044929019110e+05  -3.4253017620944e+05   1.4691129764797e+05  -3.5569949010169e+05  -3.6711947112263e+05   1.0817735911440e+06  -1.0761253362200e+05   5.4828773466515e+05   5.0092326117658e+05  -8.2971366809244e+05  -1.0845283008954e+06  -5.2378849488336e+05   2.1963260670572e+05   6.6439706530773e+05   3.9537538315502e+05   7.4328029674881e+05  -2.6250812097698e+05   1.3983578318566e+05   2.0779737967690e+05  -7.1585676030242e+04   1.7349023688266e+05  -4.2802935917337e+05  -8.9151986764521e+05  -1.2646442818071e+05   7.4365726320097e+05   2.3965140862357e+05  -1.8779723408541e+05  -1.4317209312310e+05  -3.1206645311880e+05  -2.2845546093267e+05   1.3798484896095e+05  -8.8087583735327e+05   9.1634308704551e+04  -1.9960747259933e+06   7.7455005530602e+05  -1.6310686133173e+06  -7.8763387245382e+04   1.7690402415385e+05  -3.0660033778749e+04   6.2223575496655e+05   6.4817178569260e+05   2.3683471282200e+04  -6.0649436356939e+04  -1.3142836090393e+05  -1.7955343349588e+05   4.4181115872177e+05   9.0245428407380e+05  -9.8622081414756e+05   2.0591512107664e+05  -1.2224436144945e+05   1.2882315046439e+05  -7.3370269435860e+04   6.7019114199481e+05   5.4250386468891e+05   3.3052696285141e+05   7.1082830495191e+05  -8.6480833856730e+05   4.9543183968429e+04   1.1509445150402e+06   5.1490956998239e+05  -3.3909915612324e+04  -3.2716905581945e+05  -5.0787892720136e+05  -1.1901764554323e+06   2.2632098069385e+04   8.8102114504535e+04   5.9344386459637e+04  -5.4587601048649e+05   8.7484499462886e+05   2.0900665100657e+06  -3.6267766055216e+05  -6.0764136205130e+05  -8.1741710608904e+05  -6.8159924344710e+05   8.3203778433623e+05  -1.2211945675615e+05   9.6217484092984e+04  -3.5915727696400e+05   4.1968839490783e+05   1.8593650527487e+05   1.0707697221419e+05  -7.0762882466487e+05   9.0817820912528e+04  -5.3344853775255e+04   5.2768030154959e+05  -2.8599931646168e+05   1.8237338848068e+04   9.4872454026589e+04   8.5055043694284e+04   1.3027821092147e+05  -2.9190372992756e+05   9.5141473872873e+04   1.3189218312006e+05   2.6697042825030e+04  -1.4773346345261e+05  -8.5579749227570e+04  -2.6538089415367e+04  -6.3167202874960e+04 
  8.2487166332589e+05  -2.1680123094545e+05  -4.4203162704887e+04  -4.4075545053495e+05   7.6577618106092e+05  -7.6201039423343e+05  -6.2167188108105e+04   5.2354726984774e+05  -2.7330742632898e+05  -1.0422640585052e+06   3.9204904701336e+04   6.3717408708065e+05  -5.5336409586696e+05   4.2224329028034e+05  -4.0156334512703e+05   1.1742358059211e+06   1.3639733565682e+05   2.0764381727146e+05  -2.1065869238386e+05   2.0438036223639e+05   7.0194925871125e+04   1.0543239751699e+06   1.1415738528965e+05  -2.7157770043139e+05  -7.3167554747681e+05  -2.2313344436007e+05  -8.2942306952950e+05   5.2764619422131e+04   3.0179892195109e+05  -2.0161600574221e+05   1.1541562807908e+05   7.1904400963458e+05   6.3299721621671e+05  -3.7900294598880e+05  -1.9259801772318e+05  -1.5191617679334e+05   3.6783516382023e+05   9.7535176547642e+05   4.4879786838036e+03  -4.2762600126979e+05  -9.2464476963563e+05  -8.5957842912797e+04   2.4433489982778e+05   1.8567222691769e+05   2.4840228264426e+05  -1.6111253812155e+06   6.9353372549789e+05   8.9001859268323e+05   1.1596099557303e+06  -4.3483274488032e+05  -4.7103099757595e+05  -2.9938442429321e+04  -2.4139325956475e+04  -1.1553895058018e+06  -5.2215270379436e+05   8.3948965509437e+05  -4.6601308276755e+05  -5.7398638758448e+05  -7.2346876107539e+05   2.8274992038518e+05   9.5017039728256e+04  -3.7904519847943e+05  -5.7910168793658e+05  -2.4067015166943e+05  -3.1895318865297e+05  -7.3728805889892e+04  -4.7545911515323e+05  -6.4783966876798e+05   7.7103218220465e+05   3.2241907334296e+05   1.7175777472107e+05   5.4094300264341e+04   5.5002754222200e+05   6.9208788278901e+05  -8.1705692465108e+04  -1.3098902789353e+06   4.2918992661601e+03   3.3176095137407e+05   1.8234036960842e+05  -3.1781098144402e+05   7.9524427646900e+05   1.3464953797561e+05   6.1626315308714e+05  -5.8475626655412e+05  -7.4631411370544e+05   1.2683938812438e+06  -7.7625858537607e+05  -8.0849717148366e+05   6.0075252764390e+04  -2.7942966271345e+05  -4.6144545554987e+05   2.1356047768606e+05  -1.3706059066912e+04  -4.4458098544231e+05  -3.0724657090572e+05   1.1594636795139e+06   4.2309044774828e+05   4.8930939588351e+05  -1.4627965009226e+05   4.0207785265798e+05  -6.6830663679226e+05  -6.0605016057016e+05   7.8157260133127e+05  -2.0939355236204e+05  -1.7146424304924e+05  -6.1276517196042e+05  -6.2086144818864e+05  -3.0017616640064e+05   3.7981156415494e+05   1.7707773160444e+05  -4.3341189249128e+05  -4.6253223999325e+05  -4.9042703497103e+05   1.0591216900940e+06  -6.8614582713647e+05   1.9418089673153e+06   3.1134742870531e+05  -6.0439968100012e+05  -8.0312521440959e+05  -1.1745783920606e+05  -1.0633468439354e+06  -4.3660399078703e+05  -3.6267766055215e+05   3.1376175090594e+06   1.0094921379969e+06  -5.0338700384530e+05   1.2506834587733e+06  -6.6928561630294e+05   3.7258759391545e+05  -3.1235037396802e+05   8.2485253304674e+05  -1.4148692323168e+05  -5.6240847010065e+05   1.2427989602749e+05  -1.4362917496148e+06  -4.4479692675413e+05  -4.2093418213384e+04   4.2812514086828e+04  -7.3970597623563e+05   4.2266451764291e+05   4.3524400753840e+05   8.4179156825746e+04   6.9458667240931e+04  -1.3999425999239e+05   9.0862036607490e+04   2.6014739485099e+05   1.4467118237858e+05  -7.8118000018050e+04  -4.3488838934040e+05  -6.1809884865249e+03   2.1775044981084e+05 
  2.3362536837339e+05  -2.4955074644500e+05   4.1713647685235e+05   4.5141650314385e+05  -6.9334200948544e+05  -5.2080828389969e+04   4.8141972835892e+05  -6.2602090536650e+05   2.6238941464001e+05   5.0387906608012e+04   2.6312997079364e+05  -1.8517271603895e+05  -1.2148312571061e+06  -5.1516135645807e+04   1.6776932622446e+05   3.7615966222927e+04   2.9949622413776e+05  -1.1906578006326e+06  -3.4748220080920e+05   1.2170698170888e+06  -3.0951292886072e+05   5.6854933244920e+05  -5.9473904659491e+04  -4.1862191017492e+04   3.4032628003182e+04  -3.0027324675301e+05  -2.2973171315832e+05  -1.7905504665225e+05  -1.1172049100240e+05   1.6335500044387e+05   7.9916572937061e+04   1.8306816144073e+05  -2.3147112562586e+04  -1.4423116817645e+05   1.9717991533127e+05  -3.0225537761210e+04   6.1033658039765e+05   7.8903671190370e+05  -1.3519297721595e+05  -3.1489912116641e+05  -8.9283951392276e+05   3.2509427966132e+05   8.7926990947964e+03   8.3753997361539e+05   8.2286098685773e+05  -6.6928067309223e+05   2.1217030576786e+05   2.7661398086651e+05  -5.9658493432304e+05  -1.6268903330623e+05  -1.7239214242455e+05  -8.5603407878442e+04  -8.2915763807586e+05  -1.0816603865389e+06   1.2441770759218e+03  -4.7017403124194e+04   2.6737178783126e+05  -7.1251647621585e+05  -7.3271204911653e+05   6.2994012601760e+04   2.8336403567856e+04  -8.2879255103685e+03   2.0796150448657e+05   7.3609616688278e+05  -5.8209000460018e+05   1.1451169179877e+05  -1.1647163466447e+06  -8.7139775937849e+05  -5.8226182444381e+05  -3.5484509196035e+05   3.6230785338550e+05   1.6646144983904e+05  -3.3264618370734e+05   7.6158456017758e+05  -7.0734663146288e+05   7.4455656367715e+05  -2.5559688014091e+05  -1.1078639441166e+06  -3.8103706982564e+05   1.3567854973340e+06   8.9841601838719e+05   1.9626692796233e+05   1.1221664799073e+06   6.3725643224845e+04  -4.4066747873823e+05   2.4180243818622e+05   2.3562268122302e+05  -5.3488213738481e+04   4.7823268221930e+05  -2.2989244142388e+05  -5.5550274997304e+04  -5.3275412921816e+05   2.1715108283878e+05  -9.3108211654156e+05   5.6924585480940e+05   1.8556794605302e+05   2.9905887278923e+05  -8.8908623324173e+04  -4.4847545036312e+05   5.9974353121531e+04   3.3378683877539e+05  -2.0133066756181e+05   7.0206408478851e+05  -2.6408829613353e+05  -1.4284642858359e+05  -7.3629542562448e+05  -7.9051017886189e+05  -3.0520810745503e+05   3.4230592577870e+04   3.5087592017150e+04  -6.3346568902873e+05  -5.0357782053702e+05  -3.5834552948694e+04   6.3749943708809e+05  -6.4805250520642e+05   6.6414357356942e+05   1.8452152889559e+06  -3.9372751639075e+05  -4.8464296165718e+05  -6.0070098441803e+05  -1.1153341352686e+06  -1.3689983652995e+06  -6.0764136205130e+05   1.0094921379969e+06   2.7932775319519e+06  -1.0396033448143e+05   9.1994717324620e+05  -8.3522479036863e+03   5.7136701395366e+05  -8.4299881185197e+05   4.9556393718570e+05  -2.2436589946369e+05  -2.0199761203873e+05   2.6688898438219e+05   4.4577760481540e+04   5.5062309188972e+04  -2.3502947020854e+05  -1.1156774821583e+06   9.3660800289482e+05   1.9445044657453e+03   6.9319870631488e+05  -2.2907705103208e+05   1.2859034450613e+05   3.6008246410810e+05   9.0324341920562e+04  -4.6269152018883e+05  -2.8534280117426e+05  -1.1424916788182e+05   5.0697961601941e+04  -3.9010220250914e+04  -5.2771455928933e+03 
 -8.8306763264311e+05   1.6604521153734e+05  -5.1371967808879e+05   5.6599874088649e+05  -4.4017781190938e+05   1.2158951007535e+06   3.7882959889843e+05   1.6060418729423e+05  -4.4524709297476e+05   1.1396538362011e+06  -1.5495421594836e+05  -3.3598783114433e+05  -6.1551221662455e+05  -2.4295185510705e+05  -1.3082594422239e+05  -7.1036800308346e+05  -3.1962939424275e+05  -2.1293221652425e+05   3.8191388020752e+05   3.2441971436803e+05  -1.6823912269287e+05  -2.3782083074381e+05  -4.7077202024030e+04   3.2161816425256e+05   1.1656656298855e+06  -4.3553597496513e+05   2.0165361276368e+05  -4.2551350530204e+04  -2.6004221363872e+05  -6.9959272922440e+04  -1.0642893923913e+05  -2.2427985072966e+05  -8.2484921345194e+05  -8.3190531908929e+04   4.8863644866657e+05  -1.8931748205154e+05   6.5919335109901e+05  -5.1762184760309e+05  -1.2085641783268e+05   4.8111954853950e+05   3.8190921793161e+05  -1.7457712707447e+05   1.4488838842544e+04   6.6669243007600e+05  -6.0372761314627e+05   1.3848971314405e+06  -6.1852937412244e+05  -4.8476005451111e+05  -3.8744244668918e+05   9.7756272660303e+04   8.5520437367561e+05  -3.2358949717692e+05  -5.8565438791965e+05   1.5839614992693e+05  -1.0731496890147e+05  -3.8946189674629e+05   7.1595248820384e+05   1.2477771063191e+06  -8.4157698663246e+05  -1.0032970585577e+05  -6.4912861000892e+05  -4.2973025582164e+05   3.7731637849787e+05  -7.5143363081148e+04   6.8269379891398e+05   6.0400247793758e+05   2.5380542223211e+05  -9.1291760766677e+05  -1.5410659152603e+06  -3.9547783750037e+04  -7.0349812243977e+05   4.2924351270724e+05  -3.7692876697788e+05  -7.0396981595586e+05   3.2383512270807e+05   1.9822049949114e+06   2.3533275625635e+05  -5.3028657188367e+04  -1.0367550948010e+05   1.9562024521407e+05  -6.9583893532075e+05   4.4284725338187e+04   9.0541433492738e+04  -3.2814329551804e+05   8.4604554110635e+05  -1.2670264125009e+06   2.1542347729124e+06   3.7954785354290e+05   7.0358651099702e+05   4.2581935056573e+05  -8.8233752798930e+05  -4.7427995718510e+05  -3.2240570091627e+05   3.0398647511020e+05   4.2784680289353e+05  -4.3955248542805e+05  -8.3569183964895e+04  -2.9228229862245e+05  -1.6160414020256e+05  -8.2448984866668e+05   7.3076959230927e+05   1.9714093573512e+05  -4.9699150912517e+05  -3.6810216033816e+05   3.9188454318701e+05  -9.7910724936344e+04  -1.9321024480683e+05  -3.1914534179805e+05  -1.1629001493265e+06   5.8837190267345e+05   6.3190179948524e+05  -4.4640514928000e+05  -1.8943902207060e+05  -5.3406381461099e+05   1.1082824780676e+05  -2.1011874383235e+05   4.9261154589085e+05   2.6018102310559e+04  -4.9839683861617e+05  -1.5678240094592e+05   1.8185585474119e+06  -8.7234503271775e+05  -8.1741710608904e+05  -5.0338700384530e+05  -1.0396033448143e+05   2.3988122256880e+06  -4.6503837403663e+05   1.4580496506200e+05   1.6851173714236e+05  -1.2409779399255e+05  -6.4969452282664e+05   1.9549014919585e+04   3.7370058567541e+05   6.5069687093479e+05   1.1093577449992e+06   1.8544953392819e+05  -3.3727532165436e+05  -1.8683170531407e+02  -3.5842220777574e+05  -3.0631851410333e+05  -1.7467346941155e+05  -2.7461987702939e+05   2.3159487427266e+03   1.6133927396823e+05   7.9020508004928e+04   5.6500805694668e+04   2.9080378570028e+05  -8.5787441487471e+04   2.9234186943422e+05   7.1535330183584e+04  -1.7906454118534e+05 
  6.0870524458997e+04   2.2013118105318e+05   1.3489716618226e+05  -2.3686115514829e+05  -5.4884898176805e+05  -4.4333738410787e+05   7.1061276939200e+05   1.1005935009804e+05  -2.2825608620484e+05   2.2857148407216e+05   2.8686232158995e+05   1.0512574094391e+05  -5.2281908354473e+05   5.9727187322135e+05  -2.9948263303034e+05   5.2965525485119e+05  -4.9935184207080e+05  -1.4587667056409e+06   3.0670422029336e+05   2.1102526665187e+05  -3.9203546758572e+05   4.9888326350667e+05  -2.0988225333505e+05  -1.4546698766165e+05   6.3234988864871e+04   1.7963955521389e+05  -3.9164952674005e+05  -2.5023863559964e+05  -1.3569389044423e+05   5.4588128877488e+04   4.2845871660405e+04   4.8819896336975e+05  -9.6573323309400e+04  -3.4756202102288e+05  -1.2722077039194e+04   8.5109503297667e+05   8.6322578835554e+02   1.0913532877755e+05   1.2570471115824e+05  -6.1040626225336e+05   5.1238639814824e+05   1.0171900240060e+06   5.7166739146293e+05  -1.5444346000472e+05   2.6724704907344e+05  -1.3756649103521e+06  -1.2626190852068e+05  -5.5600818262008e+05   5.8757906404632e+04  -1.1367291936742e+06  -1.1120917756962e+06   5.2198343405831e+05   8.4824507730470e+05  -2.8587785300896e+05   9.6120827127248e+04   1.6218816456889e+05   1.4138459824233e+05   5.0427536929574e+05   5.7815098652093e+05  -2.3860191856564e+05   5.5606412221982e+05   3.3640198001299e+05   4.7945790047770e+05  -5.2129354749100e+04  -2.3111849620478e+05  -1.1249828507702e+06  -6.9168100503500e+05  -7.0456912811741e+05   3.1078005518605e+05   6.6518358938681e+05   2.9088174613995e+05  -4.0591582175487e+05  -2.6679890500285e+05  -2.4985793010270e+05   4.3882907895823e+05  -3.7347349315886e+05   1.0151364229620e+05   2.7939845816707e+05  -4.4621980669920e+05   3.6978652184674e+05   9.1012533510851e+05   1.7504833476576e+05   2.9618182225090e+05  -4.3270592998390e+04  -1.5855926279528e+05   6.6262899575672e+05   4.3100942856856e+05  -5.5494198118152e+05   9.4874318411625e+05  -8.4052568517586e+05  -5.7619775735710e+05   7.0998182462043e+05  -4.4831880079607e+05  -8.4845283018821e+05   1.9509203389217e+04   1.2586945164494e+06   4.9724561366708e+05   5.7548989264580e+05  -1.2681271454613e+06  -1.6295130554962e+05   2.2595604995737e+05  -3.4892838313960e+05   1.3470969628168e+05  -8.8527000071129e+04   8.5121288136880e+04  -4.9612582882272e+05  -1.3299960544683e+05   3.3375185192096e+03   5.0044533453141e+05  -2.8491648771858e+05  -1.0296908268049e+05  -6.3061974526715e+05  -2.8001598838132e+05   4.9320828251302e+05  -6.6605668586217e+05   1.0607674004591e+06   4.2847855030716e+05  -8.5558096055017e+05  -9.0625014160699e+05  -5.2394909195397e+05  -7.2974959001485e+05  -7.3414534693733e+05  -6.8159924344710e+05   1.2506834587733e+06   9.1994717324620e+05  -4.6503837403662e+05   4.2636368598932e+06  -8.5047679465503e+04  -8.4299332777617e+04  -5.3409660601394e+05   9.4967275862639e+05   4.6965979415563e+05  -2.0359280580421e+06  -9.1437688439071e+05  -2.4005500206272e+05  -6.1035869715121e+05   5.7011071949416e+05  -3.7456281617786e+05  -4.6355179404184e+05   8.0339185129987e+05   5.2363020145976e+05   1.9258023191197e+05   1.0118074507701e+05   1.3262516281868e+05  -1.7326283363941e+05   5.9980760805717e+04  -1.6993401783951e+05   1.9783648360064e+04  -1.2765837686296e+05   4.1521361016870e+04   1.7517174300403e+05 
 -4.2467705400150e+05   5.2971504392525e+05   4.3698730967482e+05  -8.5062052211603e+05  -2.8432259353766e+05   3.7391126743149e+05   5.9719744771289e+05  -1.8613441167948e+05  -2.1917067139377e+05  -3.1039689718228e+05  -3.4846315844102e+05   1.9510678888262e+05   2.0689600641512e+04  -7.2589091804923e+05   3.1321102182728e+05   1.2376071106631e+05   6.7931171660260e+05  -7.5375374425905e+05  -1.3140459950453e+05   1.0637326205337e+06  -3.5657429243130e+05  -1.3165950031673e+05  -4.9039281448347e+05   4.2815625257719e+05   8.4701015179252e+04   7.2388831920725e+05   8.7967276332011e+04   4.6930596284852e+04  -9.5289378902282e+04   1.0996801212661e+05  -4.4533087037650e+05  -3.3297323748080e+05  -7.1957345606662e+05   4.8760711938742e+05  -2.4855862174514e+05  -3.5746943092734e+05  -1.2956886233563e+04  -9.4833485701266e+05   1.5962926303072e+06  -4.9709463282901e+05  -7.5706372864609e+05   2.7979213538822e+05  -1.7555261829496e+05   7.9521416161220e+04   2.9770570530123e+05   4.0730107861604e+05  -4.9378833656294e+05   9.8995373661999e+05  -1.4421092038353e+05   2.4709497988288e+05   6.6882136330318e+04   4.5602693888917e+05   1.6818033090161e+06   3.1003308451555e+05  -2.6008907748943e+05   2.7302399005915e+05  -2.3948969573993e+05   3.9094940475096e+04   1.6378667806132e+05   3.7827552462140e+05   4.3623136748059e+05  -2.3480297580436e+05   1.7283190124548e+06  -1.7429023404986e+06  -8.3632400101156e+04   7.0719116293904e+04  -2.4360865046012e+05  -9.2326766884084e+05   3.9140507787618e+05   1.0232400006963e+06   9.8894077018239e+03   1.9502187860061e+05  -3.6426099916321e+05  -8.0256647194302e+05   9.9802520579827e+05   7.3238101851741e+05  -5.2352168354516e+04  -5.6539712673444e+04  -5.0700101340980e+05  -5.5107903959775e+04   1.0617348021133e+06   2.9466340512317e+04   4.5242253396045e+05  -7.1342151181621e+05  -4.5360194701863e+05  -8.0254387714687e+05  -1.0317077445025e+06   4.6095203972622e+05  -2.9321863900648e+05   3.2354340722417e+05  -9.6731047628918e+04  -2.6207161689564e+05   1.0818416558750e+06  -1.1688869141939e+05  -9.6228125858038e+05  -6.4942920106735e+03   2.6486437179754e+05  -4.7766622476243e+05  -1.3923788496526e+06  -5.7331088340810e+05   1.2374185690791e+06   4.7466834106196e+05  -5.3061888266732e+05   1.8350977599264e+05  -3.6914279320416e+04   8.2607131614559e+05   3.6487193386709e+05   1.2287873084922e+05  -1.7335710345499e+05  -1.9462539742975e+05   1.5354839788685e+05  -3.4813257378485e+05   3.1384712321144e+04  -8.7935113319269e+04   2.5234124494812e+04  -3.8484513608938e+05  -8.7453321057673e+04   2.4662997890421e+05  -1.3517827646514e+05   2.2940410132809e+05   3.6422284366687e+05   2.5058222814880e+04   8.3203778433623e+05  -6.6928561630295e+05  -8.3522479036865e+03   1.4580496506200e+05  -8.5047679465502e+04   2.8848068122857e+06  -1.1864756003794e+06  -3.9048857004689e+04   9.5319373991007e+04  -5.1523588730508e+05   4.6454495399253e+05  -4.6943757295261e+05   1.0661392268503e+05  -6.7861256533394e+05  -4.3553177813170e+05   4.1686110494044e+04   5.3232080194311e+05   5.0462355318462e+05   2.0216310988315e+05   4.8105404463633e+05  -4.1485969396699e+04  -6.2872308479048e+04   1.7514601203214e+05  -2.4305762924027e+05  -2.4469686466425e+05   2.4237330035185e+04  -4.1622520066654e+04  -2.3659678182631e+04  -6.0954187282148e+04 
  8.9480005015146e+05  -1.0913853383049e+05  -7.4570723898593e+05   5.3456316265810e+05  -3.2344181917671e+05  -1.6887092614753e+05   7.5473216782913e+04   2.8985655123904e+05  -4.0694203166735e+05   1.1786914429646e+06  -1.6783760828278e+05  -1.6503076008003e+05  -5.4824665699155e+05  -3.3989965385873e+05  -2.7994932734807e+05  -7.1673555888109e+05  -5.2064158885406e+05   1.3333578863704e+06   3.1475355378163e+05  -2.1097523081919e+04   1.1972256804715e+06  -8.6273353821568e+05  -1.3912637505161e+05  -2.0714139700672e+05   7.4571973552866e+05  -1.2229554409708e+06   1.4002214739613e+05   1.2321031376006e+04  -1.4003147290201e+05   1.1407659764672e+05   2.3106750132323e+05  -4.7208958774446e+05   1.6692643995981e+06  -3.6769046539835e+05   7.0819328354138e+05  -1.6609228030393e+05  -2.9631705701299e+05   2.4737134987355e+05  -2.1529733970490e+06   8.1513405037410e+05   4.7601848598516e+05  -9.8446876093971e+05   3.1332671024922e+05   3.4117751119005e+05  -5.6509570070051e+05   5.1266373172097e+05   9.3475730535118e+05  -4.6368728072213e+05   2.6959686022064e+05   8.4236160707756e+04  -4.6894211528302e+05  -3.5754710668043e+05  -3.2501936787620e+06  -6.2260082556855e+05  -1.8478551313056e+04   8.8886308601278e+04  -2.5299050922669e+04  -1.5992441820107e+05  -6.1570764820832e+05  -7.3561661929204e+05  -1.0004144081987e+06  -2.1576920775100e+05  -1.6799076389741e+06   1.1186584877227e+06   9.0304002729329e+04   7.2941791376827e+03  -1.2409224387778e+05   3.1088766772628e+05  -9.9321853675697e+05  -8.1644050812131e+05  -4.4061031500608e+05   2.3486292611651e+05  -2.5053247106908e+05   1.0087552572464e+06  -2.5098990479532e+05  -1.0554632722468e+06   3.2897671491976e+05   2.9236520616450e+05   3.9209268896150e+05   1.9762595447865e+05  -1.7742519340692e+05  -2.7419654483931e+05  -1.1125831602136e+06   1.0684268778566e+06   1.5453294183571e+06   1.2975818726514e+06   7.6569349627917e+05  -9.4713320228697e+05  -3.2269468349376e+05   4.1846328412490e+03   6.2605992777449e+04   1.3010032132722e+05  -1.0615646003645e+05  -1.6775551510132e+05   3.5773221857870e+05  -7.8240576932292e+04  -5.6113387530115e+05  -1.1464953356048e+06   6.9827614863783e+05  -3.5496343242156e+05  -1.2839941633902e+06  -1.6759442717429e+05   1.0005970336452e+06  -8.1293861271863e+05   4.0742650164377e+05   1.8713416884956e+05   4.1860164413260e+05   2.1927083070358e+04  -6.8676381206284e+05  -8.5132825675075e+04  -5.2319849617560e+04  -8.6214905446237e+05  -5.1916783439684e+05  -1.5540317619316e+06  -6.5731330946094e+05   6.7938196316707e+05   1.2057153834212e+06  -3.3018784068500e+05   5.1366572891715e+05  -3.9801091181894e+04   3.2407477607374e+05  -6.8450632295865e+05  -1.2211945675615e+05   3.7258759391545e+05   5.7136701395366e+05   1.6851173714235e+05  -8.4299332777620e+04  -1.1864756003794e+06   5.0960478907411e+06  -9.9932439580489e+05   3.2854946747805e+05  -4.3542279461206e+05  -1.0002487873954e+06   1.1141298750977e+06  -1.1703589076198e+06   8.2189359027666e+05   1.7877307805069e+05  -9.0127847228057e+05   2.4005248929157e+05  -5.9291427303424e+05  -6.0913193592778e+04   7.7684591278320e+04   2.3161779578798e+05   3.4057052362651e+05  -1.3651667329745e+05  -5.8599693131405e+04   1.3129750333679e+05  -1.6919097144812e+05  -3.6054650839968e+05  -1.0223606937500e+04  -3.0164139015470e+03 
 -6.0160416081937e+05   2.7160940134519e+05   3.0608390539935e+05  -3.6027167912882e+05  -2.1195909589625e+05   1.5603041367418e+05  -2.0597599799279e+04  -1.4174713214719e+04   1.7729335972713e+04   4.2499981508308e+05  -6.0149288349609e+04  -5.9598730645593e+04   1.6060517464911e+05   2.4958949580932e+05  -2.5216746727632e+04  -3.3267673435717e+05   5.2298207634121e+04  -8.0925729452945e+04   2.8603746899616e+05  -7.6272292081965e+05   3.0495626467416e+05  -4.7054515669867e+05   1.4981405871267e+05  -1.9551579412221e+05  -5.2210954478129e+04   8.9004076804369e+04   5.2857572774833e+05   1.7327920128357e+05  -3.1594696039716e+04   2.0810166634257e+05   1.3617248439755e+05  -2.3079882885288e+05  -3.2385740807201e+05   2.1206032051601e+05  -6.4161348040062e+05   2.4851851461363e+05   9.2985251903070e+04  -5.2899179576723e+05   5.7012883774356e+05   2.7823172919067e+04  -1.4502853546579e+05   3.9773078767837e+05  -2.0313924645064e+05  -4.3215241508427e+05  -1.9553645469461e+05   8.0132890371015e+05  -2.4199639044154e+05   2.7397903660983e+05   3.3490796370406e+05   2.4934044872596e+05   4.7437331797007e+05   1.6850953999259e+05   6.0559040626119e+05   7.0782730443243e+05   7.4599227478915e+02  -2.2645102355817e+04  -1.5220409310649e+05   3.8830066366343e+05   3.2107222388441e+05  -2.9971344184396e+05   4.3698435473230e+05  -5.4603974761650e+04   1.3743884239039e+05  -5.9902561563495e+04   7.2664075588554e+04  -4.0357325365713e+05   2.7975823144247e+05   8.6156619074392e+05  -3.1283045119388e+05   1.9368597741827e+05  -2.0266899513645e+05   3.2830956173166e+05   6.3948463313196e+05  -2.3329116971934e+05  -2.4496524362431e+05  -2.5272040329629e+05  -1.4463571545127e+05   6.3344669392819e+05   2.2162186695740e+04  -7.5284966556944e+05   4.0609519944096e+05   1.0351452074550e+05   2.6796759491668e+05  -1.3901770060928e+05   6.2487567297264e+03   4.0043567395788e+04  -4.2462079805510e+05  -5.2233617027435e+05  -3.3018962865244e+05   1.3183255247796e+05  -5.3006828279205e+05   3.1035414452087e+05  -2.7984783380439e+05  -4.2677241213225e+05  -1.4879758179168e+05  -2.7704372187971e+05   4.0091462738599e+04   4.1152149460413e+05   1.5096688781559e+05   5.2281690198144e+04   1.3525546331588e+05   5.2097496207072e+05   5.8349438531160e+04   1.3251507679764e+05  -7.2903607425698e+04  -7.9316480211034e+03   1.1527859389146e+05  -1.6376266568519e+05   6.4180455149978e+04  -2.7680257297960e+04  -1.4983746378499e+05   8.7492821860796e+05   3.5041649572327e+05  -8.6366628044525e+05   2.9341501138954e+05  -8.5873869018602e+04  -4.7519321347086e+05   1.4242239618685e+05   4.0844348552774e+05   5.2610037335512e+05   7.4609896585834e+04   2.6608577259054e+05   9.6217484092984e+04  -3.1235037396802e+05  -8.4299881185197e+05  -1.2409779399255e+05  -5.3409660601395e+05  -3.9048857004687e+04  -9.9932439580489e+05   2.3390267062324e+06   7.1253048555595e+04   1.8005613265204e+05   3.7743437047437e+04  -5.7578126256014e+05   7.6495845095373e+04   1.0742261141080e+05   6.6248197000475e+04   3.0670024483785e+04   1.1262706460027e+05  -2.3979864265302e+05  -1.0471134103129e+06   2.1588674216672e+05  -3.1996236041695e+04  -1.9409804824501e+03  -1.9824188172216e+05  -1.2545400706318e+05   1.1078468140225e+05   2.2776789907672e+05   5.9615497240179e+04   5.6971478700056e+04  -3.2079928914040e+04 
  3.7868831678916e+05   4.2161969285163e+04   5.4228518702038e+05  -5.3039954413703e+05  -5.2038544331439e+05  -3.7261340746617e+05   3.7749427402209e+05   2.9846420647733e+05  -2.6010632325689e+05  -2.3344711678561e+04   9.3105080006878e+04   5.7275141028992e+05  -4.9266698181697e+05  -5.2840907467537e+04   6.0735728413259e+04   7.9948528308880e+05  -2.0528960880160e+05  -5.7097194615435e+05   3.6179839059947e+05  -5.6762630070684e+04   2.5650996337225e+05  -6.2922003307130e+05   1.3392284350251e+05  -1.2193116274398e+04  -9.2844140949115e+04   9.5089348469826e+04  -1.7060964094097e+05   1.2837160475340e+05   1.5501766535814e+05  -2.5260514734642e+05   2.9162947592262e+03  -2.0748619612790e+05   2.8721201483173e+04   1.9105601110390e+04  -1.8367907051852e+05  -4.7517404028169e+05  -1.4123174333822e+05   7.3294539072050e+04   1.3254570385494e+05  -4.6323036791962e+05  -3.9300637072361e+05   6.4844739640996e+05   3.0808100017703e+05  -6.7624281925953e+05   2.4332625395119e+05   5.0550468529903e+04   5.3435184350682e+05   9.6962069989686e+05   7.8115927914384e+05   2.2206017684146e+05  -2.6565629601309e+05   2.0851178650581e+05  -2.7343136215912e+05  -6.2163457736477e+05  -3.3605491541765e+05   1.8332173400944e+05   7.3859107790240e+04   1.6930052581071e+05  -3.2718874445899e+05  -3.1577069114840e+05  -9.2865708214710e+04  -3.4122287838175e+05  -8.8080506621145e+02  -1.4335725234690e+05  -4.2665986675071e+05  -2.4106718506252e+04  -2.9562535279430e+05   1.9303303405198e+05  -5.4155204329859e+05   6.8629240576799e+05  -2.5572680215699e+05  -2.3095356846902e+05  -5.0878258411403e+05   2.2478494726541e+05   1.0852026067036e+05  -1.2903554054922e+05  -7.9110870159513e+04  -2.7867405682562e+05  -1.7269080682931e+05   2.7628938595119e+05   1.2209516863696e+06  -1.1129962557520e+05   6.6247657393671e+05   2.7053670279542e+05  -5.3554815722563e+05   3.9134885410620e+05  -4.8412768559327e+05  -6.4633259569375e+05  -3.6152768383575e+05  -1.5721505448925e+05   1.0259725317165e+06   1.3975274892874e+05   7.3131019288159e+05  -6.2002112350298e+05  -7.6013030751861e+05  -6.9927811643621e+05  -4.6774864139965e+05   1.1591507257188e+06  -8.6184421941676e+04   4.3623080804090e+05   1.2120600543647e+05   4.6604090717473e+04   3.3811261268264e+05   8.0055598393592e+04  -6.0495178669940e+05   9.4989066059786e+05   4.8907240909565e+05  -1.1886009330919e+05  -7.1367822504738e+04  -2.1666616070343e+05  -5.6297623790261e+05  -9.2431950237314e+05  -4.2304105219321e+05  -7.4757793794695e+05  -1.2116266528505e+05   9.0212706911347e+05  -6.5281912838766e+05   3.6214946931237e+03  -8.5318804914651e+05   5.5505409286972e+05  -6.8629301349681e+05   4.3125908444585e+05  -3.5915727696400e+05   8.2485253304674e+05   4.9556393718570e+05  -6.4969452282663e+05   9.4967275862639e+05   9.5319373991009e+04   3.2854946747805e+05   7.1253048555596e+04   3.4249458210187e+06  -6.4700340273256e+04  -8.8502357267789e+05  -3.7053918102162e+05  -7.5838866663426e+05  -2.9552255967738e+05   1.4621663538693e+04  -1.1323818396773e+06  -4.1189535408421e+05   5.0119372654875e+05   1.2962627201245e+05   3.2743424550591e+05   8.8052149896015e+04  -5.9222063813457e+04   5.3510929469196e+04   3.7659070387124e+03   2.0841303073515e+04  -3.2230857740991e+04  -6.0019921796569e+05  -8.5579292912894e+03   2.7185100781350e+05 
  8.5783284772080e+04   2.1318422297314e+05  -2.1721197402166e+05   9.9478173521167e+04   4.4598850275392e+04  -2.1927402437248e+05  -3.0817827709425e+05   6.2208755053765e+04  -1.2930905271140e+04   5.8015728760105e+05   1.2034389203643e+05  -6.5084072381947e+05   1.3004509058008e+05   9.6695071966591e+05  -3.2294360018376e+03  -6.5340099759435e+04  -7.5043144540556e+05   3.6188804229488e+05   6.7049298895648e+05  -9.1979740502720e+05  -5.0496409341390e+04   4.3607027940019e+05  -3.3999042996443e+04  -2.8305097178796e+05  -2.5486623712248e+05  -2.0561141677855e+05   1.4163392210298e+04   1.7741241694981e+05  -9.3372324446870e+04  -9.7059851315487e+04   1.0052768104668e+05   2.2208863479342e+05  -1.0570996664293e+05  -4.6587853696045e+04  -7.5992408569577e+05   1.1188227629702e+06  -3.7737752881324e+05  -3.9387017204239e+05  -2.6949216088214e+05   1.2388802403173e+03   2.9081468313248e+05   2.7296953003151e+05   4.1848678764114e+05  -4.8237796621342e+05   3.1304358215441e+05  -5.3217097272062e+05   6.7113308779947e+05   9.3633620941192e+04   3.4914093721128e+04  -3.8157922819845e+05  -9.3445174843258e+05   1.4494460031076e+05   3.1911599875261e+05   1.1548488736701e+06   2.8430082969720e+05  -4.0684903280483e+05   2.2747451270619e+05   6.8417924641532e+05   1.1519256300719e+06  -4.4439629058987e+05   8.8506904431167e+05   8.1237211123366e+05  -3.1152704968445e+05  -3.9322592880592e+05  -7.2523195838233e+05  -8.9879835432004e+05   4.6585093807146e+05   6.0533195072211e+05   1.1367313645351e+05  -3.9696555229237e+05  -1.2220362596811e+04  -2.0235947884304e+05  -6.4279278219072e+05   1.0513937929629e+05  -4.3757847308843e+05  -1.6465926834329e+06   1.3592090649998e+05   1.6233327784620e+06  -1.1569583716969e+05   2.1034813329381e+05  -4.9942816574952e+05  -1.9177165151670e+05  -7.3230422582491e+05   7.5255230424668e+05   3.8651399848335e+05   1.6611707999209e+05  -2.3256843671421e+05  -1.7369387618762e+05   2.2471842403278e+05  -7.9246081081306e+05  -2.8907757354672e+05   1.0909027724992e+06  -9.3987645360434e+05  -4.2514883855211e+05   7.6804592788959e+05   4.4188887991821e+05  -3.4874520513572e+05   6.3976821054375e+05   1.0982311750702e+06   5.2608409715111e+05  -4.4586098381982e+05   2.2689796447169e+05  -3.0601988201966e+05   1.2943218284451e+05  -3.5052899058467e+04  -4.4232711696586e+05   2.7944480415322e+04  -3.8689122909881e+03   7.6970254711485e+05  -3.0080131576290e+05   5.0667709474268e+05   1.0247543942341e+06   1.4507035427745e+05  -3.2983872983464e+05  -1.6915059757260e+05  -2.9686917685606e+05  -3.4804108991796e+05  -3.8078084394140e+05  -1.0039976892043e+06  -4.4508301722727e+05  -5.6926375982420e+05  -1.2055485343051e+05   4.1968839490783e+05  -1.4148692323169e+05  -2.2436589946369e+05   1.9549014919586e+04   4.6965979415563e+05  -5.1523588730508e+05  -4.3542279461206e+05   1.8005613265205e+05  -6.4700340273257e+04   2.3534049072637e+06  -4.1895100616614e+05  -4.7210088497035e+05   2.0107112740099e+05   3.7185886793189e+05   1.9061447423277e+05  -1.3440121714599e+05  -7.7170822460924e+05  -1.3889421179242e+05  -1.8478969347599e+05  -1.5447663221186e+05  -1.2663033465896e+04  -6.4039947841472e+04  -1.1969508305117e+05  -1.9841862136435e+04   5.0388168283373e+04   1.4559359909784e+05   4.7520147732361e+05  -9.8749803792973e+02  -3.5600828721253e+04 
 -1.4871043761118e+05  -2.3384296005601e+04  -2.1743657828964e+05  -8.6276259308166e+04   9.8134953607425e+05   3.4760967245739e+05  -9.1011359961338e+05   3.4191998971047e+05  -2.9380989734241e+05  -7.0472148176906e+04   1.6081531443613e+05   4.4752980360208e+05   5.9753400287563e+05  -1.0810939497283e+06  -2.6629193216835e+05  -5.8428760884951e+05   1.7195031612605e+06   8.9148012758067e+05  -9.9923671985263e+05  -1.4291159775849e+05  -2.9587214626499e+05   9.0220982523709e+05  -3.5449892814436e+05   2.1481649091213e+05   2.4553505286270e+05  -6.2127590247253e+05   3.4751274944318e+04   2.2000521826800e+05  -3.6507136397723e+05   2.4197655558735e+05  -2.4428771434358e+05   2.3003900385174e+05   1.3695912653461e+05   3.2432960920603e+05   3.6432075358007e+05  -8.8281168474058e+05   2.7778141207948e+05   1.4341845341585e+05   8.4590044608243e+05   7.4164887568039e+04  -7.2820633752922e+05  -1.1934028598674e+06  -2.5787435127919e+05   8.3706566715329e+05  -6.1644130183980e+05   1.2822184648235e+05  -8.3383199862440e+05   1.0674544371680e+06  -4.8634907941844e+05   2.4211113835170e+05   8.2198286397143e+05  -2.0306449591963e+05   4.0034252590027e+05   1.2414761858386e+05  -1.6483595496281e+05   2.7923331231620e+05  -6.9858482569357e+04  -1.0406166895345e+06  -3.9440767914540e+05   2.2313224361911e+05  -4.7104164621013e+05  -6.4556920269571e+05   9.1061131352237e+05  -3.7189149294249e+05   2.7830866127249e+05   1.0221476615212e+06   5.9238312168509e+04  -3.0917592181492e+05   2.8216168593906e+05  -9.3135992509555e+05  -2.1715031336507e+05   3.7800738652437e+03   8.7170453696579e+05   5.5198557594335e+04  -5.8897104488845e+04   5.6757180549344e+05   4.6042691317826e+05  -2.0380410477752e+05   2.2930308788545e+05  -7.0750591030132e+05  -4.4627919633483e+05  -1.6196996593932e+05  -2.8205807080528e+05  -9.7718753879919e+05   1.7798999064283e+05  -1.2484413853034e+06  -5.4982080625325e+05   7.4270128166252e+05  -3.4957205918714e+04   4.5194814269079e+05  -5.1356977638437e+05  -7.1845590693918e+05   7.7714942734076e+05   1.0019860918969e+06   4.3296959914388e+05  -1.6862291304015e+05  -5.1625885671512e+05  -1.4357303722353e+06   8.2047742854680e+05  -2.3075560609467e+05   5.3182350844736e+04   2.0735089370145e+05  -3.9872223038213e+05  -2.5482763797491e+05   3.1366947126625e+04   5.9991107784636e+04  -1.3002286085324e+05   4.9078474228501e+04  -2.9342934791560e+05  -2.1419669597903e+05  -4.0240709007598e+05   5.7272693036868e+05   3.0401292051871e+05   2.1698257916475e+05   6.5070931277237e+05  -5.4507057075793e+05  -1.5414420133609e+05   5.5699784467481e+05   8.9434250482916e+05   6.9156463041106e+05   9.9371859330044e+04   7.7991258901968e+03   1.8593650527487e+05  -5.6240847010066e+05  -2.0199761203873e+05   3.7370058567541e+05  -2.0359280580421e+06   4.6454495399253e+05  -1.0002487873954e+06   3.7743437047436e+04  -8.8502357267789e+05  -4.1895100616614e+05   3.7678734585445e+06   1.1064589117200e+06  -2.9309693797751e+04  -4.1790128474285e+05  -1.5601298505650e+06   5.4423521757940e+05   2.9692301439946e+05   1.3342149397026e+04   1.0623227308196e+05   5.6278441083555e+04  -3.4120303989127e+05  -1.2438550492231e+05   1.6731632863688e+05  -6.4476811864285e+04  -1.0288649252628e+05   7.9812861818435e+04   1.0733495639604e+05   4.6597889287139e+04  -3.3133581387382e+05 
  8.2595452062995e+05   9.3060352294291e+04  -9.6739235466134e+05   3.1704588000152e+05   6.5623120084056e+05   5.5311301763011e+05  -9.3643287406247e+05   6.7633671020257e+05  -8.0815177737548e+05   9.1720292103575e+05  -3.7452055945622e+05  -2.3941681957453e+05   8.5859324285457e+04  -1.0094750543762e+06  -3.9394354398805e+05  -7.0680526848329e+05  -6.4657053988040e+05   1.6198322154039e+06  -3.5179428937879e+04   5.9258374650675e+04  -3.7872557674087e+04   3.8872800930127e+04   4.0452297368893e+05   4.5160736377739e+05   7.3791204736559e+05  -5.6811649666110e+05   3.1005830189355e+04  -9.6337947626639e+04  -3.1895184667230e+04  -3.1672691317767e+04  -2.5461408512753e+05  -7.8591657189190e+04   1.3011653674624e+06  -1.8965783065593e+05   2.8231763923077e+05  -9.2668516561441e+05   7.0764300327697e+05   1.1158566589569e+06  -1.2716768267381e+06   6.9362960095238e+05  -6.5017731618708e+05  -1.0094714758674e+06   1.2915989980157e+05   8.9848302019188e+05  -3.8716270510677e+05   3.5133493269114e+05   8.0651517717511e+05   8.0569902344873e+05  -8.0307231096536e+05   6.0327299389451e+05  -8.2025753924393e+05  -9.6386266420828e+05  -6.8233439797443e+05  -9.4117981132069e+05  -6.6222843388588e+05  -7.9129732608398e+04   5.6941658507558e+05  -2.4089884955603e+05  -1.0914883564988e+06  -7.6129635755894e+05  -5.5022904382001e+05  -3.6729120956265e+04  -4.8474100692896e+05   2.5040083631307e+05   2.2795359978968e+05   2.1801511769163e+06   3.5903447826559e+05  -1.2578268370772e+06  -2.4699126532086e+05  -1.0354174013689e+06   4.2812734870103e+04   4.8468937576223e+05  -1.5012111916283e+05   3.1784277502920e+05  -8.3000538088016e+05   3.4959625899023e+05  -7.3847053423611e+04  -4.9115714109599e+05   3.0567772092647e+05   5.3799170706143e+05  -7.0044472851293e+05  -1.2627751856707e+05  -4.1902684445596e+05  -3.1666508137876e+05   5.7780124084315e+05  -5.2919240890224e+05   9.5342243696592e+04  -2.1154817314855e+05  -9.1541172673023e+05   3.4299550507963e+05   4.6761686987931e+04  -7.6487720737608e+05   2.3595652169328e+05   1.4926807863978e+06   8.1030226890444e+05  -4.2763136905839e+05  -9.9023923791581e+05  -2.7078007833895e+05   1.7245650186866e+06   2.1202283870434e+05  -9.1781503077101e+05   2.1847933360228e+03   8.3163509422045e+05  -3.1939379705548e+05  -3.2676332337115e+05   5.3743327095026e+05  -1.2694882079567e+05  -6.2276000190063e+05  -1.3526772552637e+06  -2.6277955404585e+05  -1.0999421603403e+05  -4.0773462014132e+05  -5.9799827296096e+03   8.8676734293132e+04  -1.6916212760461e+05  -1.7380946417086e+05  -7.8927960930448e+04   2.5553796810074e+05   9.8625519139454e+04  -2.0393041579022e+04   4.3854325312996e+05  -7.2941555106396e+04   1.0707697221420e+05   1.2427989602749e+05   2.6688898438219e+05   6.5069687093479e+05  -9.1437688439071e+05  -4.6943757295260e+05   1.1141298750977e+06  -5.7578126256014e+05  -3.7053918102162e+05  -4.7210088497035e+05   1.1064589117200e+06   3.9925877908027e+06  -7.9655026241608e+04   2.8773485861771e+05  -1.1252151729794e+06   2.4219370142618e+05   1.5564331952233e+05  -4.1146477776148e+05   2.1110879528136e+05  -9.0667281238590e+05   2.5209086053490e+05   9.8596776716999e+03   2.2267585737265e+05  -6.2814416695945e+04   3.0285579337713e+05  -3.1880768270468e+05  -9.2262012467410e+03  -5.3836776394515e+04  -2.4777496388792e+05 
 -6.6087907182783e+05  -4.7056242239454e+03   4.2612752827119e+05   4.8188492459987e+05  -1.2268743820267e+06   1.1575726728387e+06   1.8560256755638e+05  -5.8666136425848e+05   1.8769764260602e+05   6.7933732706708e+05   3.2103277364892e+05  -4.1333006002262e+05  -1.0193248846653e+05   6.2922055002122e+04   8.0346866558716e+05  -9.6926718339459e+05  -2.3981575746570e+05  -1.5253501760259e+06  -2.6776022153243e+04  -2.1028564556237e+05  -1.1470746075945e+06  -6.4974810104884e+05   7.2622342359006e+05   3.5976102380540e+05   4.2249617737724e+05   3.8834812737967e+05   5.5576514314699e+05   1.3707741110271e+04  -5.2644765660058e+05   1.0001040183003e+05  -2.5629692171917e+05  -3.2033080682983e+05  -1.7731361835357e+06   3.2849734455547e+04   3.8791356095115e+03  -3.7385377243935e+04   9.9544351182205e+05   5.9234692377717e+04   3.7072846625719e+05   3.1557592546380e+05   5.5791702225382e+05   1.0156938427002e+06   1.4730996347646e+05   9.4121780154621e+05  -6.1704595198536e+04   8.0938896269810e+05  -7.9377372638911e+05  -8.0790293962184e+05  -1.3741981948161e+06   1.5508774400018e+05   6.3492321687310e+05  -3.7609772935081e+05   3.5630971021282e+05   1.2346018816481e+05   6.7752240980482e+05  -8.9997932249509e+05   8.9361615605542e+05   1.4303501018226e+06  -2.0037485877504e+05  -2.7481725837164e+05  -1.4233140935337e+05  -2.7146975610023e+04   7.7149920023192e+05   8.0326830285149e+05  -3.1393610021105e+05   9.0652856635003e+05  -4.5753651516880e+05   2.8056917727696e+05  -1.5782653121140e+06  -9.0311247963347e+05  -2.4942930176089e+05   3.9985030130223e+05  -4.6136870995719e+05  -1.3875521158389e+06   1.2156612785487e+05   1.6990433335055e+06  -1.5719917035770e+05  -8.9789146179104e+05  -3.3098015670487e+05   8.4624274237597e+05  -6.9288051458395e+05   3.6688767028125e+05   4.5369125728792e+05   1.6676092665805e+05   5.6465510785933e+05  -1.5793567035286e+06   1.9719376309566e+06   1.8936968354329e+05   7.7226527061729e+05   3.4493958622179e+05   2.1940802801417e+05  -7.5805130388987e+05  -8.4300341963364e+05   9.7569662682920e+04   1.2130517501597e+06  -9.4463003112238e+05   4.9159945738360e+05   1.4463213866628e+06  -2.4746120718197e+05  -3.8039160654701e+05   1.2106285295572e+06   2.5266885594172e+05  -9.3679974914351e+05  -1.6306004190117e+05   2.3529528730702e+05  -8.1126982675796e+05  -5.4230101483948e+05  -5.8326997851830e+05  -4.6967926601897e+05   6.5586494412085e+05  -1.5988033092217e+05   3.8119591014488e+05   3.7751133978721e+05   1.4588239135861e+05   3.1555834571263e+05  -6.8631668727953e+05  -7.7431538733151e+05   3.8547610874620e+05  -5.6466859264665e+05  -3.3469804452882e+05   1.2759371254655e+06  -4.8286173366405e+05  -7.0762882466487e+05  -1.4362917496148e+06   4.4577760481540e+04   1.1093577449992e+06  -2.4005500206272e+05   1.0661392268502e+05  -1.1703589076198e+06   7.6495845095372e+04  -7.5838866663426e+05   2.0107112740099e+05  -2.9309693797754e+04  -7.9655026241607e+04   4.5435615146415e+06   3.0800870060285e+05  -4.7502524024496e+05   2.4511355148667e+05   4.8766184859735e+05  -2.0778691906051e+05  -7.6072042455324e+05   1.0613312415706e+05  -2.3532039963364e+05   1.5091922569708e+05   2.2098322375981e+05  -3.7313384024787e+05  -8.2628542379550e+04   1.1561362875599e+05   1.7268800185536e+05  -7.9645471848455e+04  -1.6062862750590e+05 
 -1.5957779608618e+05  -5.3298630424871e+05  -7.7201905926565e+04   9.7655401284303e+05  -4.2213455133365e+03   3.1499362724815e+05  -7.7477053827340e+05   2.7017428108919e+05   5.3436277250410e+04   8.6660416100828e+05  -1.7653674819542e+05  -7.1135043493567e+05   1.9104883259596e+05   3.1436036339694e+05   3.4413555920765e+05  -6.2762816692763e+05  -2.9957146372211e+05   9.0352152920872e+05   2.4576243100293e+05  -8.3224407559274e+05   5.1736570286280e+05  -7.1992910520104e+05  -2.7377286473120e+05  -1.4009867075267e+05   1.9026649803011e+05   4.9069549220318e+05   1.9406980781582e+05   7.6552964415405e+04   1.2832322508252e+05   4.7774527073399e+04  -2.7828244795569e+04  -8.1073296727022e+04  -3.3276215109017e+05  -2.7628812156094e+04   8.6409093284693e+04  -1.1997360870435e+05   7.0435287533776e+05   2.9801831856114e+05  -1.3539410596634e+06   5.5822324906069e+05   4.3337088868732e+05  -2.0820360021222e+05   1.4198325170727e+05   1.6651666503485e+03  -8.5774456602785e+04  -1.4149664531727e+05   7.9021757573059e+05  -5.6760826965516e+05  -1.7011787821957e+05   1.5896414092334e+05  -6.0307472150500e+05  -6.7712552726758e+05  -1.2606420252173e+06   4.7111454063983e+05   6.1965702993517e+05  -5.3295781186863e+05   5.3796476963142e+05   1.3340110678680e+05   9.0066349224648e+04  -7.3391027385309e+05  -3.4849959073035e+04   4.0074763231373e+05  -7.2326974975923e+05   1.1059126853121e+06  -3.5238881592886e+05  -5.3843414328155e+04   2.3633285322677e+05   1.0359036704675e+06  -1.0461144935824e+06  -1.0883287573002e+06  -4.5293467573121e+05   2.3835825860803e+05   7.1527325099819e+04   4.5208827825715e+04  -1.2679108945728e+06  -1.3963173979605e+05  -2.1219393393070e+04   1.3973277580127e+05   3.2734773037948e+05   4.3022712429235e+05  -8.6025725488500e+05  -3.9368359241490e+05  -4.7070634557166e+05   1.3099801428347e+06   4.7648388761898e+05  -2.3398874116469e+05   8.4834092822714e+05   6.3569758088646e+04  -2.5582937055135e+05  -5.5103847110093e+05   2.8873243501928e+05   4.9876687341248e+05  -7.0128715610230e+05  -7.2752379198696e+04   7.7563019713819e+05  -4.9497260446063e+05  -3.5679681238251e+05  -1.8299373021963e+04   7.3804386171239e+05  -7.8243588264405e+04  -3.0900741904994e+05   3.1218805761999e+05  -5.4845558482450e+04  -1.4099392770965e+05  -9.2859184262531e+04  -2.4388904033887e+05   3.8740457184135e+05   1.5802468582090e+05   3.6303444302571e+05   1.2836059468251e+05   4.0599258393518e+05   5.1688681943467e+05   1.4850087694051e+05  -8.0474166841112e+05  -1.6576751394105e+05  -4.5191135549460e+05  -2.0643981068180e+03  -6.9338553916242e+04  -8.3754674081796e+04  -4.4881636377853e+05  -1.9884312870447e+05  -3.1240036272616e+05   9.0817820912526e+04  -4.4479692675413e+05   5.5062309188970e+04   1.8544953392819e+05  -6.1035869715121e+05  -6.7861256533394e+05   8.2189359027666e+05   1.0742261141080e+05  -2.9552255967738e+05   3.7185886793189e+05  -4.1790128474286e+05   2.8773485861771e+05   3.0800870060285e+05   2.4192599047761e+06  -3.9941317056156e+05  -2.7351833699768e+05   1.2882274311192e+05  -1.6770947030892e+06  -3.6250096571034e+05  -2.8764988552581e+05   1.4818242265207e+05   2.2897387532495e+05  -2.1603751530817e+04  -2.4725267315294e+05   4.0953348520676e+05  -5.9450508631288e+04   4.1387256797591e+05   1.6263035839757e+03  -1.2884264160090e+05 
 -9.4606117819200e+04  -1.9701697241431e+05   1.8781292457850e+05  -3.2871858416205e+04  -2.1786324046721e+05  -5.9900245946523e+05   7.1971954158480e+05  -5.3299203301980e+05   8.3385440888881e+05  -7.0864582115219e+05   2.9014195397687e+05   2.5007361934600e+05  -1.9294344570491e+05   5.0245251503797e+05   1.6768512637026e+05   5.9105620380065e+05  -7.9415495503245e+05  -7.2822780241663e+05   6.6805232879674e+04   3.2104485631783e+05   1.1941699184238e+05  -7.0298301141201e+05   2.6735348247667e+05  -2.0353804070225e+05  -6.2960487230402e+05   3.5796856108135e+05  -2.7274832251647e+05  -4.2629931848624e+05   1.3729964262671e+05  -2.7608105277513e+05   4.1444445851537e+05   5.1323700861612e+05  -1.2855312509032e+05  -1.0054140882391e+05   2.2791723884108e+05   7.0258308713821e+05  -7.3331109827181e+05  -4.8383533837072e+05   2.9789788415217e+05  -2.5798216617313e+05   3.5170025830097e+05   5.0323229922640e+05  -1.7035794535753e+04  -6.4068682741368e+05   5.2839415180548e+05   3.7169819791537e+05   3.3636293033180e+04  -9.6518833608710e+05   2.6607739049239e+05  -3.9056025726252e+05   3.1281127987851e+04   4.7714911606392e+05   3.5527648835576e+05   4.3325257327662e+05   2.0690365381501e+05  -6.6105380681541e+04  -4.2217057593920e+05  -1.1457760383951e+05   3.7518319097883e+05   4.3404394848462e+05  -6.1988738014179e+04   2.5143333739895e+05  -6.6080337263344e+05   3.0555389872916e+05   1.2699475933389e+05  -4.9215930452463e+05   5.9406870410311e+04   3.7291630600255e+05   6.0845711714920e+05   8.9273930367491e+05   4.6703429841860e+05  -7.1281780981391e+05  -2.3257040221870e+05   8.7195609799238e+04  -1.0143913791147e+04  -3.7462843090059e+05  -3.9892117400105e+05  -3.2410941017024e+05  -2.4684506573067e+04   2.3909379989583e+05   8.5323346106535e+04   3.0937487271397e+05   3.4066188883359e+05   5.4257143745453e+05  -3.1628090410277e+04   1.2913985808807e+06  -4.6374448772337e+05  -2.2161009608833e+05  -9.0951253414502e+03   8.5303570333284e+04   2.5475708127567e+05   5.7658559083750e+05  -6.1051491447892e+05  -6.9319110904362e+05  -4.5532832148931e+05   1.2663475755634e+05   5.5820271690065e+05   2.3377258830174e+05  -4.9463135879916e+05   4.7100892159408e+05  -2.0903147497507e+05  -5.6749928298186e+05  -2.4445352562783e+05   4.3344767188506e+05  -2.8899603810331e+04   1.1449840872052e+05   4.5145871405964e+04   2.4449441435967e+05   4.0007139497331e+05   1.8631251976015e+05   5.4864645038887e+05  -1.6882357136218e+05  -1.2957356618983e+05   4.6680237114912e+05  -4.7438561653889e+04  -1.0647677819243e+05   2.4387966855859e+05  -1.2093847862997e+05  -4.0759675394922e+04  -4.9615812593850e+05   1.1549035153863e+05   4.1713931936483e+05  -5.3344853775255e+04  -4.2093418213382e+04  -2.3502947020853e+05  -3.3727532165437e+05   5.7011071949416e+05  -4.3553177813170e+05   1.7877307805070e+05   6.6248197000473e+04   1.4621663538694e+04   1.9061447423277e+05  -1.5601298505650e+06  -1.1252151729794e+06  -4.7502524024496e+05  -3.9941317056156e+05   2.6155027570568e+06  -1.4587285843961e+05  -3.9653741788796e+05   3.1348492693469e+04   1.3302627585949e+05  -1.6189838296744e+05  -1.3365074931924e+05  -3.1845218017288e+04  -2.9114983792629e+05   4.2608037143131e+05  -6.0809626672791e+05   1.6684577175142e+05  -3.0633687822558e+04  -2.9245431212611e+03   2.6425966186489e+05 
  4.6790912175450e+05   2.1791130832495e+05   5.7938720653371e+04  -4.4939479459366e+05  -1.3303143148983e+05  -3.4958232892426e+05   2.6323310813958e+05  -3.5350321814760e+04   9.1772950824114e+04  -4.3509726890892e+05   3.1693570050719e+04   2.1065024173844e+05   6.2877298703155e+05  -8.6167219267656e+04   1.0821649559948e+05  -2.3154965478649e+05  -3.7499397672015e+04   2.7406189888807e+05   2.1878900984945e+05  -2.1499372520340e+05  -8.6009524961342e+05  -1.4544928220438e+05   1.3410159952500e+05   9.2405722152111e+04  -8.2981844472061e+05   2.1090096494615e+05   6.6585896078754e+05  -1.7786452808723e+05   1.5495349611282e+05  -3.9369288283020e+05  -1.5030338152039e+05   2.4598911574339e+05  -7.8180982224847e+04  -1.4690568026385e+05  -1.7249275757758e+05  -5.1852522030806e+04  -2.5757702269408e+05   5.9749812715176e+04   3.6103473171185e+05   3.3770912710669e+05   4.9216379060394e+05   4.1935469242492e+05   2.2031749221028e+05   4.7239879638400e+04  -4.0952988979894e+05  -4.3740266827389e+04  -2.7977482466860e+05   2.8368425365597e+05  -4.8683567290439e+05  -3.7359881157836e+05   2.1714754542580e+05  -1.5434123224635e+05   1.5764311857612e+06   4.0484755884158e+05  -1.7556502794853e+05   1.9245572976723e+05  -1.4617095541331e+05   1.6605151028520e+05   2.6436496850570e+05  -7.1131184772174e+04   8.5003501209573e+04   5.4251305285249e+05  -8.5010274642391e+05  -1.0402884377815e+06  -4.8984621469786e+05  -6.4569784686439e+04   4.6232038771716e+05  -5.4508719588400e+05   4.4299483240429e+05  -2.9330332891449e+05  -1.0864335305001e+05   1.9657990397504e+04   7.7881547684649e+05   1.2894068725195e+05   7.2750756035420e+05   3.0120570330516e+04  -7.7504093935579e+03   4.9332094264080e+05   1.7272648497156e+05  -6.6930031600687e+05  -8.4146462503531e+05  -2.2599507492071e+05  -4.6653473542281e+05  -7.2561638346704e+05  -2.9848463533973e+05  -8.7388401563801e+03   1.9891255619857e+04   3.4408750013190e+05  -1.6384220862937e+05   3.0738536505716e+05   1.2243274210636e+05   1.4893819934835e+04  -1.3874335198672e+05   6.8224178778800e+05  -1.0186993607418e+05   6.7479463414649e+05   4.8656349710258e+05   3.1051203588761e+05   3.3374049300789e+05  -9.3730635467787e+04  -4.6445456728299e+05  -1.0466181408969e+05  -4.6695129009761e+05   3.1023133186185e+05   6.1357269711571e+04   1.4584112361858e+05  -4.8797655532934e+05  -2.9826599597875e+05   4.2464449755399e+04  -3.8618966855257e+05   9.9554495670329e+04   3.5894225825065e+05   1.8680454594861e+05   9.7963505811046e+05  -1.6630925413630e+04  -2.9002036467628e+05  -1.3212316737109e+06   9.0806433045889e+03   1.3103744618586e+05  -3.0085328313272e+04   6.6376200586470e+05   1.2940174906617e+06   5.2768030154959e+05   4.2812514086829e+04  -1.1156774821583e+06  -1.8683170531510e+02  -3.7456281617785e+05   4.1686110494045e+04  -9.0127847228057e+05   3.0670024483783e+04  -1.1323818396773e+06  -1.3440121714599e+05   5.4423521757939e+05   2.4219370142618e+05   2.4511355148667e+05  -2.7351833699768e+05  -1.4587285843961e+05   2.9301865532223e+06  -1.5050394032982e+06   7.6109691547302e+04   3.4974728062029e+05  -1.6512502493602e+05  -6.6122167958073e+04  -6.2911558418340e+05   1.6175300798498e+05   4.4739477663541e+05   1.5925531269950e+05  -6.7277459757876e+04  -5.6022126595140e+02   3.8562749447811e+03  -1.0164723517432e+05 
 -5.4258577329885e+05   3.3476723207841e+05   2.3814573285010e+05   2.2156681286758e+05  -8.5763994319463e+05   5.5968587992083e+05   3.5259095289390e+05  -9.4341743086042e+05   3.5861595799097e+05   2.1494232371933e+05  -1.2530952389294e+05  -2.7945669983335e+05  -4.4501193326856e+05  -5.0017549290382e+05   3.0908863377927e+05  -2.7139245151873e+05   6.0239585260951e+04  -4.4440627259785e+05  -5.9740325685004e+05   6.2933298010944e+05   2.6801852583812e+05  -2.1821110626583e+05   2.4890280386488e+05   3.8866840412982e+05   4.3018426796726e+05  -4.8609395524945e+05  -1.2110661225639e+05   2.7104379390271e+05  -4.0576246349939e+05   7.6320385719838e+05  -4.0845496371883e+04  -1.2195518423003e+05   1.3829484676408e+05   3.6472149122658e+05   3.7416349803029e+05  -5.3691275334539e+05   4.3160017801867e+05   1.7132472841600e+05  -4.6267596874747e+05  -1.6061190286800e+05  -8.1029203655166e+05  -4.0455856440936e+05  -3.6755566222227e+05   3.9699230641417e+05   2.5138537264830e+05   7.0463823164821e+05   2.6152921048340e+05  -3.3335299383936e+05  -2.1457163642534e+05   6.9035051024643e+05   3.2068262346177e+04   1.4941204724492e+05  -1.4522067324896e+06  -7.3364283176399e+05  -9.3636725816496e+04  -1.7328936246400e+05   5.2476957665200e+04  -5.7072776036933e+05  -2.7260420234275e+05  -4.9761589494103e+04  -1.4306941060144e+05  -3.0761482095550e+05   1.3867167081830e+06   1.0235276626364e+06   5.8417620408390e+05   6.2834883008495e+05  -5.6749822696701e+05   2.6414171206652e+05  -4.5145050049395e+05   3.9721964017537e+05   2.3015694113468e+05   3.2075270484170e+05  -3.3368834024462e+05  -1.6968329472920e+05  -9.6454788655476e+05   1.1073994624304e+06  -3.9673285539860e+05  -1.4880274588808e+06  -4.5576961023848e+05   1.0201059062014e+06   7.3605092102983e+05   2.5684735232092e+05   7.2298330367483e+05  -3.7506610694210e+05   3.3047002415972e+05  -2.3376149748873e+05  -1.9734440075884e+05   2.2634702101852e+05  -1.1003246273994e+05   4.3895061007586e+05   2.4742276673226e+05  -1.1859853457429e+06   7.6030481732636e+05  -1.1537933617605e+05   1.5242994475898e+05  -1.1344069528538e+06  -4.6687368593633e+05  -2.6065015972982e+05  -3.3844855457662e+05  -4.6708200999047e+04   6.2412597619840e+05  -6.6005736741400e+04   6.9163030225544e+05  -1.3231904849679e+05   1.0421823737950e+05  -3.3741365386776e+05  -1.3640456072136e+05  -1.0255526569935e+05  -5.5722222081337e+05   1.2179998119063e+06  -1.0442389160899e+06  -3.3426364726142e+05  -2.1125271854896e+05   6.9800614058422e+04   3.4503085830231e+05  -1.3875635409749e+05   1.3916510478766e+06   3.9747037657906e+05   1.0584009947382e+05   2.0372856790073e+05  -2.3066350939651e+05  -7.4446653337539e+05  -2.8599931646168e+05  -7.3970597623563e+05   9.3660800289482e+05  -3.5842220777575e+05  -4.6355179404184e+05   5.3232080194311e+05   2.4005248929157e+05   1.1262706460028e+05  -4.1189535408421e+05  -7.7170822460925e+05   2.9692301439946e+05   1.5564331952233e+05   4.8766184859735e+05   1.2882274311191e+05  -3.9653741788796e+05  -1.5050394032982e+06   3.6379220137157e+06  -2.1796763394556e+05  -1.1303797953915e+05  -1.3268269563500e+04   1.9920681945008e+05   4.1924953433080e+05   3.4814974850828e+04  -1.2173090196629e+06  -4.2198146913743e+05  -8.5090189057344e+04  -5.7331080403517e+04  -9.1482080138659e+04   1.6544231299630e+04 
  2.6432213839146e+05   4.5215419255596e+05   7.9713651131908e+04  -7.0050851768150e+05   1.0154860193527e+05  -3.1960918426251e+05   3.5880782494360e+05  -2.4477839620030e+05  -4.8183605912702e+04  -5.7872134786841e+05   2.4267502498685e+04   3.9907396553609e+05  -1.8279481735203e+04  -1.3923970174112e+04  -3.5750385196948e+05   6.5288043204812e+05   2.6287037579328e+05  -5.8525123267701e+05  -1.5820529774228e+05   4.3536002907313e+05  -1.4375895312339e+05   6.5218692956684e+05   1.0479580002749e+05  -5.2365173972550e+03  -2.2875054284248e+05  -2.1543473495156e+05  -1.7522781410279e+05  -1.9527448754966e+04  -3.6073500018910e+04   1.1633741685207e+04   8.4447646635433e+03  -3.8011075753126e+04   2.1459400620651e+05   4.7252247396807e+04  -1.1309486248535e+05   2.4791548506732e+04  -4.3168878005033e+05   6.1108105621299e+04   7.5859832449095e+05  -4.8132495046769e+05  -2.3277190594996e+05   2.2532154717551e+05  -2.1347738053727e+05  -2.1723429358589e+04   5.6121273738408e+04  -3.0771841040643e+05  -4.0786032040064e+05   3.7494032285261e+05   2.0176439384194e+05   6.9462566829843e+04   2.0304583803788e+05   4.6469239548869e+05   8.1060703328736e+05  -4.1987198464134e+05  -3.8105851282753e+05   3.7785386316169e+05  -4.0094599335283e+05   1.0562165925447e+04   7.1485648863851e+04   6.6304222522693e+05   2.6885829208966e+05  -1.8482206748066e+05   4.5581164604244e+05  -7.7748522638329e+05   1.9851143210706e+05  -2.0466748356758e+04  -2.5141390058080e+05  -5.7296105530789e+05   8.5934565614082e+05   7.7973149226112e+05   3.5557120878737e+05  -3.2554331147852e+05   6.1267480882924e+03  -1.0196368646573e+05   1.0789005201007e+06  -1.4756076385809e+05  -2.2446307659109e+04  -2.2879479158333e+04  -2.2709672148940e+05  -4.1206105662115e+05   6.4591693560893e+05   2.1995697312439e+05   2.8979863979731e+05  -8.6124385375614e+05  -5.5819999272530e+05   1.2900963143305e+05  -5.2264586514165e+05   1.1714553025806e+05   3.1334205342165e+05   2.0648598788853e+05  -1.2359372746994e+05  -3.9122229417293e+05   7.6282397577615e+05   5.1319270481731e+04  -7.3406709526720e+05   4.9364064159214e+05   2.4498453717210e+05   1.1043546940729e+05  -6.4482573369741e+05   4.8804630990728e+04   2.5639105241281e+05  -1.7393537485091e+05   7.0965029668251e+04   1.2394668432827e+05  -1.4268888371840e+04   1.8709219259943e+05  -1.4928150611036e+05   2.8767943889224e+04  -7.1972105788981e+04  -2.0829007255955e+05  -3.0137731112539e+05  -4.2689143374011e+05  -1.1737877519366e+05   5.4580167467119e+05   4.0865752205937e+04   3.8770068091190e+05  -2.7368408304776e+05  -3.7689509205787e+04  -6.7598645375251e+04   3.4233418947566e+05  -1.4780203551678e+05   2.2559559580712e+05   1.8237338848070e+04   4.2266451764291e+05   1.9445044657443e+03  -3.0631851410333e+05   8.0339185129987e+05   5.0462355318462e+05  -5.9291427303424e+05  -2.3979864265302e+05   5.0119372654874e+05  -1.3889421179242e+05   1.3342149397029e+04  -4.1146477776148e+05  -2.0778691906051e+05  -1.6770947030892e+06   3.1348492693468e+04   7.6109691547302e+04  -2.1796763394556e+05   1.6115692571572e+06   1.4228296346364e+05   2.5487191805876e+05  -9.2573724945045e+04  -1.7759239195145e+05   5.9839617246858e+04   1.9256270176226e+05  -3.5744186799543e+05   1.9062090077682e+04  -3.1078208415117e+05  -6.6485054339374e+03   1.2540624596032e+05 
  7.8325371189772e+05   5.1329224777582e+04   1.9719083114405e+05  -4.3603292761315e+05  -5.9568588676274e+05  -4.6473861667146e+05   7.4288828879003e+05  -3.1746637229197e+04   1.0791137016067e+04  -5.9831140199473e+05  -1.1788327682620e+05   2.7571281406930e+04   3.1196704890861e+04  -1.1045385071711e+05   1.8811364053542e+05   2.9822407744163e+05   1.5053645709557e+05  -7.9986908572310e+05  -1.5303904340709e+05   6.0752971393672e+05  -8.6118188032329e+05   1.5587272931324e+04  -9.5950629763562e+04   3.8388617747526e+05  -1.6682841678174e+05   1.1061834919882e+05  -1.4979616336390e+05  -2.7479246613459e+05   1.3176834979760e+05  -2.1946996033172e+05  -1.3821051634696e+05   2.6402373244722e+05   6.8796179676170e+04  -1.3116539330976e+05   4.1942763456996e+03  -5.3930450117996e+04  -6.4492023798144e+04   3.7002941753020e+05  -9.2106528759709e+04   4.5729758767644e+04  -1.8218997362777e+05   1.7947504184929e+05  -7.6831101983364e+03  -5.4614158679356e+04   1.1065441463537e+05  -3.7678638034461e+05   2.2693457579036e+05   3.9982543014700e+05  -5.2850072251746e+05   4.1243386980119e+03  -4.7279288096681e+05   9.0972452170890e+04  -7.3447298608038e+04  -3.3817472775983e+05  -2.3817642168857e+05   3.1701204379834e+05  -1.8487633451450e+05  -2.0514340692173e+05  -7.3311143263480e+04  -2.0945597624282e+05  -2.1275052458547e+05   2.7787278690115e+05   6.5737408309602e+04  -3.2465554054387e+05  -1.1464053631930e+05   3.5239470373664e+04  -9.9789164420246e+04  -8.6638186832110e+05  -6.0833417298524e+04   1.4828086026157e+05   1.5967131287621e+05  -3.1006528055116e+05   5.5234441850269e+03   6.1848252443780e+05   7.1663634999919e+04   7.7320018676996e+05  -2.1458043661660e+05  -6.1305145659687e+04  -1.8343854772618e+05   8.5179613143223e+04   1.3894846877008e+05  -1.1165426913127e+05   3.3702494764287e+05  -2.6924023801404e+05  -6.1775569296011e+05   1.6511639941188e+04  -2.2118397270038e+05   4.0709721064770e+05  -1.6749193561601e+05  -4.7665371959631e+04   5.3173984832483e+05  -3.9516489109834e+05   6.7511297682779e+05   1.7655178321769e+05  -1.9768976904416e+05   2.3204486498224e+05   2.1030236804273e+05  -6.0156164260618e+04  -3.4223134539427e+04   1.5030991225733e+05  -7.7916523346562e+04  -3.4947576681472e+05  -1.3211232042594e+04   6.2049624974734e+04   1.2223715246945e+05   2.7039130452574e+05  -5.3898263589617e+05  -3.1532680903366e+05  -1.2194101865123e+05  -2.3741661403837e+05  -7.8382803865209e+04  -5.4823396990997e+05  -2.8796737306238e+05   1.1395080671545e+06  -2.3075222705255e+05   7.0399632510077e+04   1.8232087720435e+05  -6.6403197868599e+04  -5.2343913554270e+05  -6.1996448944712e+04  -1.7647134073001e+05   3.9481906156741e+05   9.4872454026587e+04   4.3524400753839e+05   6.9319870631488e+05  -1.7467346941155e+05   5.2363020145976e+05   2.0216310988315e+05  -6.0913193592777e+04  -1.0471134103129e+06   1.2962627201245e+05  -1.8478969347599e+05   1.0623227308196e+05   2.1110879528136e+05  -7.6072042455324e+05  -3.6250096571033e+05   1.3302627585949e+05   3.4974728062029e+05  -1.1303797953915e+05   1.4228296346364e+05   1.7058990001387e+06  -2.6093914360251e+05   1.0819403065097e+05  -2.1255630285620e+05   2.9299588767588e+04   2.2695476229239e+05  -3.2095657829526e+05  -1.2589195300089e+05   1.4312394200628e+05  -5.8746631255223e+04  -3.2863867602072e+04 
 -3.6184401058552e+05  -2.1796132715510e+05   7.5665023176343e+04  -2.8268094082534e+05   1.6499713193821e+05   1.0905511417993e+05   1.4701654343613e+05   4.6891594029322e+05  -3.4335479249987e+05  -2.2486258668103e+05   4.5604968187635e+05   6.5588276176552e+05  -1.5470379328308e+05  -1.4563915229965e+05  -6.0803285449967e+04   7.2309048143381e+04   4.0541065412142e+05  -1.1956728574949e+05  -2.3274398822519e+05  -2.8455883746064e+05  -6.1696939706286e+04  -1.8518525011336e+05  -2.6372407482957e+05  -1.4335120086266e+05   1.0230230951124e+05   3.5886750824934e+05   2.3771258606581e+05  -1.5960694955847e+04   1.4763511119542e+05  -2.9257934952374e+04  -3.5819637258663e+04  -1.6903891999230e+05  -6.6300360229750e+04   1.5276566273364e+05  -2.5347771989957e+05   1.5400073692415e+05  -1.7788699123039e+05  -1.7038345319430e+05   9.1568393131550e+05  -9.5522034048708e+04   1.4761966445798e+05  -8.5860616426865e+04  -2.2637319779391e+05   1.1552326102373e+05  -2.2607645776123e+05   2.1392292702611e+05  -6.0811382455576e+05   4.6603952671835e+05  -2.8275228506103e+04  -3.7423903887542e+04   8.2428731116717e+04  -1.1862438532281e+04  -4.3162574163855e+05   1.3357966343604e+05   1.4233230337372e+05   2.1385378124475e+05   4.4727134827923e+04   6.7678068023995e+04   3.5782540707985e+05   2.1651709284553e+04  -7.1290521994049e+04  -5.2691198211907e+05   3.4406517273129e+05  -3.4150732105000e+05  -4.2751862472422e+05  -2.8298390581559e+05  -1.4618862415707e+05   1.2096130733876e+05  -1.7160629008737e+05  -2.0643180172940e+05  -3.5093974249833e+05  -1.2414381834292e+04   4.1904179745532e+05   1.4081517635133e+05   6.7882051474327e+05  -5.4233967069421e+05   6.7421239431861e+05   2.7470409038788e+05   2.6673287604924e+05  -7.2669472100580e+05   5.8119999181458e+04  -8.8984083108772e+04  -4.1767105336747e+05   1.6301280598944e+05   5.6046859009895e+04  -4.3297448802892e+04  -5.2757976393003e+05  -3.9365057725084e+05   8.0697374296976e+04   2.1038544717959e+05  -2.6952932225555e+05   3.7815740414151e+05  -3.2092809120903e+05  -8.0298927011376e+05   3.3190897757838e+05  -1.0462335997986e+05   2.4473034429556e+05  -8.1569318196704e+04  -3.0366506050832e+05   1.8815125101592e+05   2.1926127127767e+04   2.8818020197540e+05  -1.8547991042496e+05  -1.1289917926779e+05   1.5595896227991e+05   3.6563009570901e+04   2.4338388721359e+05  -9.4247826366323e+03   4.9723352586901e+04  -5.0529205044058e+05   3.2180042636018e+05   2.5960646578983e+05   2.0279048241036e+04  -9.6505785638852e+05  -9.6633213111377e+04   3.8354410260514e+05  -4.0282086367317e+05   4.0190027078873e+04   3.1794298737114e+05   2.8750740310750e+05   5.3204114270055e+04  -5.3549744833162e+05   8.5055043694286e+04   8.4179156825745e+04  -2.2907705103208e+05  -2.7461987702938e+05   1.9258023191197e+05   4.8105404463633e+05   7.7684591278321e+04   2.1588674216673e+05   3.2743424550591e+05  -1.5447663221186e+05   5.6278441083555e+04  -9.0667281238590e+05   1.0613312415706e+05  -2.8764988552581e+05  -1.6189838296744e+05  -1.6512502493602e+05  -1.3268269563500e+04   2.5487191805876e+05  -2.6093914360251e+05   2.1987394638625e+06  -2.0281418805158e+05   3.9346385747902e+04   1.9568767177444e+04  -1.1905576470068e+05   1.3380104481795e+05   1.2929771489831e+05  -1.0624327224586e+06   1.2493508087861e+04  -1.0481267876956e+05 
  1.8646403941827e+05   2.4176705691839e+05   5.6898225067141e+04  -1.7982827251060e+05  -3.3826805349101e+05   5.4165744543406e+04  -1.4166367114586e+05   2.1985156465115e+04  -2.4245062315871e+04   2.5877982927743e+05  -9.5696148842465e+04   2.6316355145344e+04   1.2447877241648e+04  -2.1254885934761e+05   1.7613709918389e+04  -2.1509256624301e+05  -1.0262298096813e+05   9.1675053957940e+04   7.5561108555232e+04   2.9273544095726e+05   1.4997746848232e+05  -7.7637078247787e+05  -1.1131289237336e+05   1.0256246744357e+05  -1.1755052887606e+05   3.4538918957792e+05  -4.2354981828582e+04  -2.1494486661287e+05   1.5030672447130e+05  -2.1103665150896e+05   1.0541488558426e+05   2.3270842663309e+05   2.2034068991436e+05  -4.0484837823502e+04  -1.5002063233976e+05   5.2859618185936e+04   3.3199349301133e+05   4.0758025473668e+05  -4.8935825253057e+05   2.4863044505599e+05  -3.3942619658520e+05   1.5133924843992e+05   2.2668667054512e+04  -3.4957196176463e+05  -1.8908213755442e+05  -1.0663445148343e+05   5.9301337173526e+05   2.7420018632308e+05  -3.9928313830659e+05   2.5470393677632e+05  -3.9239872597295e+05  -5.6928679080914e+04  -2.7680649902885e+05   1.4076762373299e+05  -1.0583894293911e+05  -1.2963927242569e+05   1.4702323024982e+05   3.0892503016198e+05   9.0677660332271e+04  -3.9719125377733e+05   1.8879381658020e+05   2.1904937125192e+05   2.7764862403177e+05  -1.8865541738370e+04   6.0286590067653e+04   2.2468499216900e+04   1.7128786819117e+05   1.1454211365186e+05  -4.2749483670849e+05  -1.8564627318285e+04  -6.0895648402816e+04   2.9045869703633e+05  -4.3251189171658e+04   3.7500042175939e+03  -3.1273857185538e+05   1.1298018991344e+05  -2.3803754160852e+05   3.6662347871131e+05   5.1728858955060e+04   1.1413849628788e+05  -2.5918785922138e+05  -2.1443236513493e+05  -1.9976664078858e+04   1.1498764350700e+04  -4.6450155783080e+03   7.1099818026397e+04  -1.7149798023028e+05  -8.9330115843958e+04  -3.2777444795976e+05   1.1890188192123e+05   2.1723507078551e+04   6.2947658616724e+04   4.8181688602153e+03   2.1991316859904e+05   3.8934145649884e+05  -2.5814019249144e+03   1.3378866437105e+05  -6.9897107176108e+04   1.2850452896559e+05   2.2341408682769e+05  -1.7757340258378e+05  -8.9540759693134e+04  -1.9187445842873e+05  -3.8743573374564e+04   9.6556294694836e+04  -4.9586110690320e+04  -1.9715592637613e+04  -1.4130882909096e+05   4.7772371109646e+04   8.0915890692984e+04   1.0372115179727e+05   2.5735589400015e+04   4.4024678297340e+04  -1.6473109808092e+05  -1.3050987009522e+05   2.8932493054296e+04  -9.9654036689873e+04   4.8651802487992e+04  -1.7960006804412e+05   7.8335697694661e+04  -9.6363429312595e+04   1.5350688349030e+05   1.3027821092147e+05   6.9458667240931e+04   1.2859034450612e+05   2.3159487427268e+03   1.0118074507701e+05  -4.1485969396701e+04   2.3161779578798e+05  -3.1996236041696e+04   8.8052149896015e+04  -1.2663033465897e+04  -3.4120303989127e+05   2.5209086053490e+05  -2.3532039963363e+05   1.4818242265207e+05  -1.3365074931924e+05  -6.6122167958073e+04   1.9920681945008e+05  -9.2573724945045e+04   1.0819403065097e+05  -2.0281418805158e+05   8.8152677456733e+05  -2.9201158889215e+04  -1.6009712497717e+05   5.1424134322457e+04   1.7761807053623e+05  -6.0216648022356e+05  -7.3004656141409e+04   6.6498080050811e+03  -7.7560055808944e+03 
 -3.4885391476572e+05  -1.4909121317533e+05   1.6768316614302e+04   5.4169875411915e+05  -7.6157106202425e+04   1.7698743732818e+05  -5.8462608549026e+04  -1.4420181913488e+05   2.5209565743230e+04   4.7668098652953e+05  -3.6190180000433e+04  -3.1286909645145e+05  -2.7931045566260e+05  -1.3044229857459e+04  -3.7490034107464e+04  -1.7416196547499e+05   1.9280275797113e+05  -2.1854485181534e+05   4.8686543292724e+04  -2.9958971188157e+04   2.6175035629192e+05   2.8758589418991e+05  -7.1013577910784e+04  -1.6801602281590e+05   3.9890385903197e+05  -1.8736448085811e+05   1.5823689606594e+04   1.3041614997725e+05  -1.4688348804601e+05   1.8875937774791e+05   1.1118028206998e+05  -2.3972928140110e+05  -1.7789802217055e+05   5.1261206004866e+04   9.2100422732423e+04   1.2309709187138e+05   1.6691669492152e+05  -1.9480721641164e+05  -9.8196106000361e+04  -2.7210309603885e+04  -3.3020786205884e+04  -1.8001648723806e+05   5.3079033202727e+04   1.5597586249031e+05   1.9234228560346e+05   1.9127077771014e+05  -8.1941801483094e+04  -2.9195528007525e+05   7.2818292713187e+04   6.2230110432963e+04   1.1689929722256e+05  -9.9902730661915e+04  -4.4625907452188e+05  -1.6303392826218e+05   6.0799357458620e+04  -1.3117321158909e+05   1.8939725582817e+05  -3.1458014115919e+05  -3.2105122369356e+05   1.0471152651205e+03  -1.9055283262097e+05  -1.5929524648924e+05  -3.2192060906234e+04   4.5845433569481e+05   4.5203070198432e+05  -1.3769375204348e+05  -2.9118926562052e+05   9.8614262660168e+04  -3.7306159778795e+05  -1.5253256893290e+05  -1.2729288261257e+04   1.1389741585606e+04  -2.1378653031051e+05  -2.6974587360124e+04  -8.3117350652738e+04   3.3809659616242e+05   7.2381334395418e+03  -2.8093650805666e+05  -7.0716955486947e+04   3.5683006867462e+05   1.9746190364151e+05   8.4345482393600e+04  -3.0980780750533e+04  -1.1894900045521e+04   1.8310622451943e+05  -1.9916595673821e+05   5.4716915988214e+05   1.0882234158813e+05   2.5348208061119e+05  -1.2945565472623e+05  -2.1628340010389e+05  -2.3938613451335e+05  -1.1444529213364e+05  -3.1472598857522e+05   6.3641588053056e+04  -6.3109057588854e+04  -1.1785884024118e+04  -2.3106052472001e+05  -1.5788666543298e+05  -1.4212216309144e+05   2.1680018720370e+05   2.4575997865258e+05   4.2249386770346e+05  -2.3383402998347e+04  -1.1821686094941e+05  -4.3290370174280e+04   7.2431986954408e+04   1.2479086130279e+05  -1.2644411828620e+05   1.2839240259941e+05  -7.8806181263086e+03  -9.0887248813291e+04  -1.6650264626832e+05  -1.8810883239789e+05  -3.1518199106406e+03  -8.1247521947434e+04   7.4055591701836e+05  -2.3492193461581e+04  -1.2554772997675e+05  -1.6695566227009e+05  -1.1281746756688e+05  -5.9827134045750e+05  -2.9190372992756e+05  -1.3999425999239e+05   3.6008246410810e+05   1.6133927396823e+05   1.3262516281868e+05  -6.2872308479049e+04   3.4057052362651e+05  -1.9409804824489e+03  -5.9222063813457e+04  -6.4039947841470e+04  -1.2438550492231e+05   9.8596776717006e+03   1.5091922569708e+05   2.2897387532495e+05  -3.1845218017290e+04  -6.2911558418340e+05   4.1924953433080e+05  -1.7759239195145e+05  -2.1255630285620e+05   3.9346385747903e+04  -2.9201158889215e+04   5.3492584592143e+05  -7.0593595987231e+04  -4.3841999688440e+05  -2.4954304954522e+04   9.6325644451501e+04   8.0027343169848e+04   1.3812662273438e+04   1.7941214476339e+04 
  9.7443217033990e+04   4.5769281567489e+04  -1.0409049576092e+05   3.1030613562793e+04   9.7420445009586e+04   1.1031430209037e+05   9.4396691756305e+04  -1.6273079518099e+04  -1.0812625709445e+05  -1.8409108717866e+05  -6.6554325911108e+04   9.7721141435076e+04  -4.8796268753554e+04  -1.9224260641302e+05   7.7052857869390e+04   1.2354000995317e+05  -2.4044504838747e+05   7.6227183582373e+04   7.8966081629085e+04   9.5191121184874e+04  -3.5397769377744e+05   3.7721564914862e+05   1.5555734995082e+05  -5.7680183268774e+04   1.5512084635894e+05  -9.1177924820729e+04   1.6550343224511e+05   1.1480069159480e+05   5.6072162521656e+04  -1.3147999008837e+05  -2.2593617631857e+05  -2.7888186031582e+05   5.7234581360477e+04  -1.3220648473667e+04  -8.1807493545898e+04  -2.4699793407899e+05   1.3623312801421e+05   5.3414001949081e+04   3.2128417645922e+04   7.9896664667950e+02   1.6402787075494e+05   3.3414761783359e+04   8.3155435045025e+04   1.8731648120092e+05   2.3883997561514e+05   1.1490958584397e+05  -1.7380044049727e+05   2.6749452380172e+05  -1.2902571213935e+05   5.1937315465143e+04  -9.3194257889936e+03  -1.8739987010031e+05  -3.8695643220628e+04  -2.4628025378796e+05  -2.6658423638582e+04   3.5661673647335e+04   6.4389146624143e+04   1.5349951723360e+05  -7.9375923018161e+03  -2.4787658482981e+04   3.4340519542404e+04  -2.4210405190271e+04  -2.3955229526445e+05  -1.2254256747962e+05  -2.4823009761608e+05   5.1574910593096e+05   1.1416275577981e+05  -3.9179767940500e+05  -3.1798085229826e+05   3.4306632304545e+03  -8.4977131777638e+04  -1.9920437734696e+04  -6.9694035926040e+04   1.4373586799903e+05   9.8870403606433e+04   2.1759383725006e+05   3.2552132243427e+04  -2.6917685520994e+05  -1.0348443624509e+05   2.0363067106242e+05   1.8369711902086e+05   7.6301596099710e+04  -2.0286350319375e+05  -5.9286946724216e+04  -1.1127375793821e+05  -1.6006235556008e+05   6.8582120032182e+04   1.6550965405681e+05  -1.4722235817376e+05   2.8463646194043e+05   3.5815867653756e+05  -3.2627123637805e+05   4.5575955690001e+04   7.3704213923345e+04  -3.6289086870531e+04  -2.5664789475333e+05  -8.0469425669840e+04   3.8463664456242e+05   4.5561795560456e+04   3.0562551005456e+04  -5.7454895432162e+03   5.6641842558348e+04   1.2188889765073e+05  -2.0789743927924e+04  -1.7947054000237e+05   1.7825561210675e+05  -1.0619558486442e+05  -1.6699746371794e+05  -2.2521414019743e+05   2.0212134404571e+05  -1.8808627789053e+05   6.6604111254367e+03   1.7066891334396e+03   1.8945558647696e+05   4.0615248710275e+03   1.9019575925709e+05  -1.1982925363350e+05   1.8869111855860e+04  -1.8071789906836e+05  -5.5984494171045e+04   5.8025356055816e+04   2.3531980763503e+03   9.5141473872872e+04   9.0862036607491e+04   9.0324341920562e+04   7.9020508004928e+04  -1.7326283363941e+05   1.7514601203215e+05  -1.3651667329745e+05  -1.9824188172216e+05   5.3510929469196e+04  -1.1969508305117e+05   1.6731632863687e+05   2.2267585737264e+05   2.2098322375981e+05  -2.1603751530818e+04  -2.9114983792629e+05   1.6175300798498e+05   3.4814974850828e+04   5.9839617246859e+04   2.9299588767589e+04   1.9568767177444e+04  -1.6009712497717e+05  -7.0593595987232e+04   4.6630424945176e+05  -1.0623344023670e+05   8.6304368364384e+04  -1.6009284769822e+05   3.1487608701142e+03  -2.9380761564095e+04  -8.2400582480442e+04 
  4.4672692375159e+05  -1.3777136935919e+05  -1.3039753067344e+05  -4.1472429858760e+05   3.9322973878477e+05  -2.9635590901697e+05  -1.8803656894737e+05   4.7737828037088e+05  -9.1513933126894e+04  -4.0654044313678e+05   3.1724646158413e+04   2.5053338072944e+05   2.6975388176917e+05   2.6138200534509e+05  -7.0521063930967e+04   2.2241214124426e+05   4.8271572127997e+04   1.4287846878452e+05  -2.6171660424184e+04  -7.4465057261007e+04   1.8814220160758e+04  -3.2589589768906e+05  -9.3690961183368e+04   6.8524356094414e+04  -4.3248152927474e+05   4.5933898978177e+05  -2.1957570576932e+05  -2.9620478299057e+05   2.0143036000639e+05  -3.2232449348862e+05   1.6503288118068e+04   1.0866166088643e+05   8.0720966946558e+04  -1.6892703497266e+05   4.6699463225935e+04   1.3932781304269e+05  -1.4287977004803e+05   1.7116739646431e+05   5.6770903308154e+04   9.6083657400525e+04   1.3739273627795e+05   2.6076953941955e+04  -8.1357709438549e+04  -3.1740211182696e+05  -3.9463066697344e+05  -3.7099886316513e+05  -2.4132613860906e+04  -1.3039708283724e+05  -1.0563655131515e+04  -1.0783233142264e+05  -3.6230006878093e+04   6.6473727469207e+04   4.7594149575365e+05   2.3399258339839e+05   1.6114108281874e+04   1.9766104670056e+05  -2.7721729979599e+05   3.2708280941609e+05   1.3582479593129e+05   9.2582624919366e+04  -9.1381513013658e+03   8.6301568392451e+04  -9.7823517472727e+04  -2.0421824020206e+05  -1.1882225800631e+05  -5.3680727681188e+04   2.9155634678498e+05  -1.1345070472904e+05   5.5350141224504e+05   3.5428710958034e+04   1.9335216749834e+05  -2.5712354648457e+05   2.6367477365085e+05  -7.1237978671051e+03   3.5999292772694e+05  -3.3171962330563e+05  -1.9596858478066e+04   4.1148789267239e+05   1.4876389833114e+05  -7.9767052238240e+05  -3.2287991536913e+05  -4.7937821215450e+04  -4.3762166049786e+04   1.2437995451699e+05  -1.6407050265612e+05   1.5904376315846e+05  -1.8355329503086e+05  -1.6789521661362e+05  -8.8476362546490e+04  -1.2727456134095e+05  -7.9555340065484e+03   4.4231789081404e+05  -6.0324943413423e+04   3.3829225610587e+05  -1.4861670205011e+05   4.2967747427729e+05   3.1072327135128e+05  -6.3554978566601e+04   5.7690144998198e+04   9.2989516306083e+04  -2.6458841767218e+05  -2.8270387916026e+05  -5.2604482392761e+05   8.5970441904895e+03   2.3360408697582e+05   8.9195186537304e+04   4.7017336299435e+04   6.5665368557377e+04   2.1726502094874e+05  -4.3792719328533e+05   5.0782415740435e+05  -8.8546460620815e+03   1.7356242964044e+05   1.2344721910324e+05  -7.7176557161014e+04   5.6282040740042e+03  -6.8095938980292e+05  -3.4315926400362e+04   3.4959554969971e+05   5.2415588116895e+04   3.2940137949363e+05   5.4581086982694e+05   1.3189218312006e+05   2.6014739485099e+05  -4.6269152018883e+05   5.6500805694670e+04   5.9980760805715e+04  -2.4305762924027e+05  -5.8599693131405e+04  -1.2545400706318e+05   3.7659070387110e+03  -1.9841862136436e+04  -6.4476811864283e+04  -6.2814416695943e+04  -3.7313384024787e+05  -2.4725267315294e+05   4.2608037143131e+05   4.4739477663541e+05  -1.2173090196629e+06   1.9256270176226e+05   2.2695476229239e+05  -1.1905576470068e+05   5.1424134322457e+04  -4.3841999688440e+05  -1.0623344023670e+05   1.0687394364759e+06   5.3203307653998e+04  -1.2190301145374e+05   1.8187790980513e+04   2.0475902096012e+04   4.1607112510652e+04 
 -3.4750511114788e+05  -3.5860733920072e+05  -2.3679256334445e+05   4.2750752510768e+05   3.1178148717983e+05   3.0409944224103e+05  -3.6432726872489e+05   6.7283558792731e+05  -4.9043985809675e+05   4.0108516465579e+05   1.9579641086664e+05   1.2420512229079e+05  -5.2613826403344e+04  -1.3989914392517e+05  -1.0300690118501e+05  -1.3389300177052e+05  -5.1386357875299e+05   7.2861165574234e+05   2.0449306220804e+05  -1.8901070916840e+05  -2.2971735672901e+05  -3.4637503734224e+04  -2.0717300269800e+05  -4.7761881364388e+04   4.1631517360212e+05   1.6686626653316e+05   1.2793304781341e+05  -1.4332563878610e+05   3.1764620733395e+05  -2.6195191778396e+05  -1.0177183242735e+05  -6.8258165581128e+04   3.0567568500211e+05  -1.1339066418398e+05  -2.7740328305963e+05   1.8556633060542e+05  -1.4442829831501e+05   8.5878907639737e+04  -1.7169190501983e+05   1.4196073496520e+05   2.6835466001237e+05  -2.3843777920714e+05   8.6071456405309e+04  -1.1612839022333e+05  -2.7345965778754e+05   4.8353816468948e+04   5.2752413123859e+04   2.2869316452569e+05   2.6463433925987e+05  -3.6566098389542e+05  -7.2235981870999e+04  -3.7780633752105e+05  -4.4078496709544e+05   1.4956548000816e+05  -1.1241789204672e+05  -2.3916549246457e+05   5.8703435024997e+05   4.9698928076336e+05   3.0229407759934e+05  -4.7698275520888e+05   7.2379400915367e+04   5.5731028542263e+04  -1.6697120640428e+05   8.8732350075024e+04  -4.1371727987601e+05  -1.8916464739710e+05   4.7946554836702e+05  -1.8164391498076e+05  -5.4413941518938e+05  -4.2431139121190e+05  -3.3676878839705e+05   4.6637155404693e+05  -1.9103196518224e+05   7.9900305236645e+04  -4.5694280534295e+04   8.7426342112831e+04   6.7132306096761e+05   3.1447188058738e+05   3.6784806925363e+05  -2.0151934330603e+05  -6.3067749757320e+05  -3.0748966555066e+05  -6.5868853494649e+05   3.7424067277639e+05   9.3945390614505e+04  -2.1266969799685e+05   1.1682265369013e+05  -2.0676531038046e+05  -2.9787051903605e+05  -8.4027335550181e+04  -1.4214104376564e+05   5.9962081766557e+05  -4.8099697543898e+05   2.7819537111698e+05   5.2047890448262e+05  -1.9683406112181e+05  -6.1079596556242e+05   1.3604677084643e+05   3.2951138427910e+05   1.2250073633118e+05  -2.5124164180828e+05   1.3517020511572e+05  -1.7093895245785e+05  -1.6786460671210e+05   2.4233778949345e+04   1.2634448185806e+05   3.5512709909774e+05   5.6359511005872e+04   7.9369829557021e+04  -1.0351883334569e+05   1.6726724855114e+05   3.3145636333423e+05   2.6484457041029e+05  -8.7712778126501e+05  -2.3207089871636e+03   2.4392106623062e+05  -3.1231790003012e+05  -9.6434190950033e+04   1.8778418665502e+05   2.4391252495504e+04   2.3213046684535e+05  -1.0239814758735e+05   2.6697042825030e+04   1.4467118237858e+05  -2.8534280117426e+05   2.9080378570028e+05  -1.6993401783951e+05  -2.4469686466425e+05   1.3129750333679e+05   1.1078468140225e+05   2.0841303073514e+04   5.0388168283372e+04  -1.0288649252628e+05   3.0285579337713e+05  -8.2628542379552e+04   4.0953348520676e+05  -6.0809626672791e+05   1.5925531269950e+05  -4.2198146913743e+05  -3.5744186799543e+05  -3.2095657829526e+05   1.3380104481796e+05   1.7761807053623e+05  -2.4954304954523e+04   8.6304368364384e+04   5.3203307653998e+04   1.1321379909817e+06  -3.2307858854583e+05  -9.4956402670449e+04   9.6329712065157e+04  -1.6283552289442e+05 
 -1.6998016001879e+05  -5.0627009757296e+04   2.9590126931978e+04  -2.4628735162650e+04   1.8158199517438e+05  -7.5812485584596e+04   9.1879972013017e+04  -1.2364624242714e+05   1.0790013169487e+05  -8.7628614074938e+04  -5.4449180871772e+04  -1.4751261580055e+05   5.4380283982377e+04   2.2779105197338e+05  -9.6968057252806e+04   1.6385958417111e+04   2.9414909560535e+05  -1.1719361214442e+05  -1.3801858868536e+04  -2.7498939779768e+05   2.4234192797329e+05   4.4800707019419e+05   3.7932887750642e+04  -3.7114797616530e+04  -4.5493853661345e+03  -3.4370464136173e+05  -7.6742325729717e+04   2.1783028330927e+05  -2.4872734121524e+05   3.9158295542812e+05   9.0561007356830e+04  -2.4440329973669e+04  -3.4259901231368e+05   2.2441601387819e+04   1.6903688402152e+05  -8.4341261755703e+04  -1.9813154541321e+05  -3.7972168870775e+05   3.1854889288858e+05  -2.1341511283921e+05   1.2851244844270e+05  -2.5641819929328e+03  -4.4214417853651e+04   1.6037188243888e+05   1.3494663645383e+05   6.8638362029524e+04  -2.6484994643734e+05  -2.3464132063411e+05   4.0626563992941e+05  -1.5935744662783e+05   3.6754090527382e+05   1.8784391246278e+05   4.9159586707259e+05   1.9951094197238e+04   6.9408716444567e+04   8.2378123193561e+04  -2.2359092273494e+05  -3.6886640850646e+05  -2.3104554719009e+05   3.8425903352043e+05  -8.3225852105219e+04  -1.7471913255661e+05  -1.0516881203374e+05  -1.4849996730945e+05   9.8501735056661e+04  -2.9907694875948e+05  -2.1071129516457e+05   3.2677961654856e+05   4.6643415205838e+05   2.0504734817964e+05   8.6060958597539e+04  -8.1861003575831e+04   9.7932330694791e+04  -8.9781468407067e+04   4.7626653228726e+04  -4.3348427128857e+05  -3.2377760080371e+04  -9.4505274894604e+03  -1.4643972973666e+05  -6.4209257745411e+04   2.7424028138404e+05   1.5986211146401e+05   2.8094633277801e+05  -3.4838407269297e+04   7.9377588794345e+04   1.0331517618588e+05   8.7325908095866e+04  -6.8364280582300e+04   3.8396898039430e+05  -2.1896081167169e+05  -2.2301092294650e+05   6.6074098004913e+04   6.5440603727108e+03  -3.5705550928368e+05  -3.6839451253901e+05   1.9688858127057e+05   1.0663879761071e+05  -1.1859206321362e+05  -1.7492382234303e+05  -2.9222773264854e+05   1.9196210151291e+05   1.3108813093582e+05   2.2324597904513e+05   9.7573614744833e+04  -7.2846953821260e+04  -1.5021157487168e+05   9.9040772365394e+02   1.2327787602442e+05   5.1163355950477e+04  -6.4415968394806e+04  -1.1477881593274e+04  -4.1908978757565e+04  -1.0640083819264e+05   1.7686488481159e+05   6.0959808729936e+04  -1.3508107642590e+05   1.8510378551861e+05  -6.9428683844078e+04   7.9163642239276e+04  -4.3021734339359e+04  -1.3858900388287e+05  -1.5314701722468e+05  -1.4773346345261e+05  -7.8118000018050e+04  -1.1424916788182e+05  -8.5787441487470e+04   1.9783648360064e+04   2.4237330035186e+04  -1.6919097144812e+05   2.2776789907672e+05  -3.2230857740990e+04   1.4559359909784e+05   7.9812861818435e+04  -3.1880768270468e+05   1.1561362875599e+05  -5.9450508631288e+04   1.6684577175142e+05  -6.7277459757876e+04  -8.5090189057344e+04   1.9062090077681e+04  -1.2589195300089e+05   1.2929771489831e+05  -6.0216648022356e+05   9.6325644451502e+04  -1.6009284769822e+05  -1.2190301145374e+05  -3.2307858854583e+05   7.4064711553311e+05   9.0232515583867e+04  -1.4893379442459e+04   7.8847909856452e+04 
 -3.3032008716971e+05  -9.6688861433048e+04  -8.2366823115932e+04   3.2974677328703e+05   5.2829195534451e+04   2.5952398315658e+05  -3.2312195457881e+04  -3.1744710122658e+04   7.1227224020932e+02   3.1127956412287e+05  -2.6809032216085e+05  -6.6272418181468e+05   4.2229311462882e+04   3.7330798127544e+05  -4.7673273120410e+03  -6.7459921270225e+04  -1.1069991173819e+05   1.7049247518124e+04   1.7738952182367e+05  -2.9119564168830e+05   9.8326300131863e+04   4.7579192344967e+05  -2.3665830420535e+05   1.2531162877250e+05   1.0961185908676e+05  -4.5404667969986e+05   7.4124096486642e+04   1.4411304976579e+05  -1.2321355262741e+05   1.7139449525765e+05  -1.1151653160558e+05  -1.1539552695409e+05  -3.4326177944056e+05   1.7096191068923e+05  -5.4780585749288e+04   3.2569367530112e+04  -2.0552077305375e+05  -5.1755373576261e+05   2.8852173645129e+04  -7.3895686924706e+04   3.2873195934239e+05   1.3049780047350e+05  -1.1648853646671e+04   1.1486294162187e+05   1.8465193716254e+04   5.1141143811954e+04  -8.6340712696384e+04  -2.1757264427887e+05  -1.0589205126059e+05   5.7284824572721e+04  -9.0425967536318e+04  -3.9634232850459e+04   4.3954926349603e+05   6.6839404713119e+05   3.3469329168840e+05  -1.3933968448675e+05  -2.1820539730076e+04   3.4859164126220e+05   2.4701700421467e+05  -2.7244914229893e+05   3.8743197769617e+05   3.6506281836308e+05  -3.1100238992851e+03   2.2990486600699e+05   3.3423589717670e+05  -7.5312621806305e+04   2.8057642885708e+05  -1.7367712587250e+05  -1.7008108246781e+05   7.6638492047354e+04   1.3059508734575e+05  -1.9112914274019e+05  -9.1332537155064e+04  -3.0291398693745e+05  -2.7847813574925e+05   3.3111226597119e+04  -3.7092913714111e+05   3.7297444821982e+05  -3.7713841937968e+05   9.3186679377306e+04   1.1276725520209e+04  -5.2266119308666e+04  -1.6004082758191e+05   2.1441466988728e+05   1.8376742329944e+05  -3.6801932106349e+05   5.6530791755127e+05   1.8826085241638e+05   2.5899916498143e+05  -3.0686753469773e+05  -3.4192508515742e+05   3.6640350516959e+05  -1.6099069370827e+05   3.4549649235529e+05  -2.2652799582125e+05   5.9054603131394e+04  -1.3767096841251e+05  -9.6624003534074e+04   1.1317607721520e+05  -4.1740519905355e+05   4.3044791873925e+05   2.6781515617225e+05  -1.5536210669438e+05   1.4104577532206e+05  -6.5560195021584e+04  -3.3474505486580e+05  -1.4848368382437e+05   1.1591973156223e+05   1.9881884140192e+05   3.7599217097753e+05   2.3628588081932e+05   2.5774739233277e+05   1.2728301994953e+05   5.1199666660995e+04   1.8355647509532e+05  -3.5092615956596e+05   4.7459926448115e+05  -1.8785044973212e+05  -1.0955377434693e+05  -1.9189223151732e+05  -7.8696814786685e+04  -1.4838315223508e+05  -8.5579749227571e+04  -4.3488838934040e+05   5.0697961601940e+04   2.9234186943422e+05  -1.2765837686296e+05  -4.1622520066652e+04  -3.6054650839968e+05   5.9615497240179e+04  -6.0019921796569e+05   4.7520147732361e+05   1.0733495639604e+05  -9.2262012467418e+03   1.7268800185536e+05   4.1387256797590e+05  -3.0633687822558e+04  -5.6022126595068e+02  -5.7331080403516e+04  -3.1078208415117e+05   1.4312394200628e+05  -1.0624327224586e+06  -7.3004656141409e+04   8.0027343169848e+04   3.1487608701137e+03   1.8187790980514e+04  -9.4956402670449e+04   9.0232515583868e+04   1.5052435030424e+06  -2.8467648768295e+04  -2.7058073387219e+05 
 -1.1387244851256e+05  -9.7972592417768e+03  -6.4379140845384e+04   1.1959462444133e+04   8.1406647670866e+04   5.1071140218927e+04  -4.5988222914063e+04   1.5288314797301e+05  -1.0854812519721e+05   1.4764447738269e+05   1.5489961184690e+03   2.3398909884998e+04   2.2347799104594e+04  -8.0829355932774e+04  -1.2113307136156e+05  -7.6082900210447e+04  -2.5444895143101e+04  -4.8160114589184e+04  -1.9392195946514e+04  -1.3245128877459e+04   9.4700197978521e+04   4.9045631777346e+04  -3.7048131864908e+04  -8.1208183032750e+04   1.4334286993416e+05   3.3448711086903e+04   1.2255488859315e+04  -7.0598689244607e+04  -3.4807786280666e+04  -6.9417038789575e+03   5.3488991308231e+04   8.4792055601317e+04   7.0289310178672e+03  -1.6601350121754e+03   2.2763778910711e+04   1.1238968878711e+05  -3.8340992736816e+04  -2.6973410866601e+04   5.6634941225795e+04  -5.8321946773825e+04  -3.6928509227927e+04  -6.2446806775238e+04   1.0542330466727e+03   2.0090571546117e+04  -4.6978789736684e+04   2.6550784392932e+03  -2.4208161485313e+04   3.7259049915906e+04   7.3599530695435e+04  -1.7502959058597e+05   1.0429776891168e+04   4.1398230629929e+04   1.0170760042991e+05   6.2053263390819e+04  -4.2838976918456e+04   9.7308570565594e+04  -3.4325047385972e+04  -1.2552403127142e+04  -1.5949034445812e+04  -4.7871132424479e+04   1.7809761107898e+04  -2.6529633217769e+04   6.6250017763947e+04   4.1560986466680e+04   3.7605472226657e+04  -1.1417779390488e+05  -4.4607734285088e+03  -8.3197933509158e+04  -6.3452726156567e+04  -6.6196015122853e+04  -3.9717607172967e+04   1.2505600026569e+05   2.2588338260134e+04  -5.6425888430830e+04   1.7078073424660e+04   4.4488703404665e+04   1.3895017051965e+05  -7.1641058060469e+03   5.8946508458622e+03  -4.6510424503584e+04   3.7342189134337e+04  -9.0923906456624e+03  -4.8959176993161e+04  -3.1766774034948e+04   4.5452166862092e+04   8.5027792532764e+03  -5.3990271459056e+03  -5.7338141408745e+04   1.9162735621525e+04  -3.3768386952369e+04  -1.0516525648113e+05   7.4110809262345e+04  -3.9658284664841e+04  -1.8839369267147e+04   7.5233936290354e+04   1.0826253851819e+05  -4.1287190704254e+04  -4.0910750334510e+04  -1.4179431440156e+04   1.2990814547355e+04  -1.7800594787273e+04  -2.8929986653357e+02  -5.1903001239676e+03  -8.3476131795178e+04   5.2100407398128e+04   5.6870519030094e+04   8.9126625639746e+04   4.0201661156932e+04   2.5395681506602e+04  -8.3963466087397e+04   6.8368549885676e+04   7.3168708295890e+04   3.9436597641668e+04  -2.2751491016237e+05   4.1635434095322e+04   3.4870279564230e+03   5.6373231261239e+04   1.4998624821149e+04   5.7077822067470e+04   5.3975429261126e+04   2.8964490278234e+04  -3.1568495497094e+04  -2.6538089415368e+04  -6.1809884865253e+03  -3.9010220250915e+04   7.1535330183585e+04   4.1521361016870e+04  -2.3659678182632e+04  -1.0223606937499e+04   5.6971478700056e+04  -8.5579292912897e+03  -9.8749803792970e+02   4.6597889287138e+04  -5.3836776394515e+04  -7.9645471848455e+04   1.6263035839761e+03  -2.9245431212604e+03   3.8562749447809e+03  -9.1482080138660e+04  -6.6485054339378e+03  -5.8746631255224e+04   1.2493508087860e+04   6.6498080050812e+03   1.3812662273439e+04  -2.9380761564095e+04   2.0475902096013e+04   9.6329712065157e+04  -1.4893379442459e+04  -2.8467648768295e+04   9.7692125409315e+04  -5.8829559718341e+04 
  1.6491707271800e+05   6.7991510969622e+04   1.0125038841431e+05  -5.4776183290821e+04  -8.9715145015864e+04  -2.5834456231748e+05   1.1356900154722e+05  -2.9115148924844e+05   2.7522372739635e+05  -2.1352058526777e+05   9.3731656903604e+04   2.2759004465540e+04  -2.3849626527977e+05   2.4992416818809e+05   1.3550028973508e+05   2.3880385392148e+05  -4.8676774223325e+04  -9.8867546564724e+04   1.4048901237222e+05   2.0479839818150e+05   6.1231074193476e+04   3.7912476014781e+04   1.6797144936366e+05  -1.6695408748492e+04  -2.8433954135642e+05   8.3673232407588e+03  -1.2752173165459e+05   1.3024858704204e+05   1.9956493740280e+04  -2.6377476790401e+04   6.9431022751768e+04  -1.5227826949572e+05   3.2472862981360e+04  -1.1520039854601e+05   8.8778996353695e+04   7.9189548896915e+04   8.0890749149612e+03  -8.0465938344690e+04  -1.6342563146395e+05  -7.8534759886462e+04  -4.5909572285225e+04   1.2850345419355e+05   1.7771703320238e+05  -3.7735644153814e+05   2.1275152620742e+05  -3.4389811067886e+05   1.2430976237338e+05  -3.5063690188441e+05   2.6530141549343e+05  -2.0441836506825e+03   1.7687805563552e+05   1.2930545044299e+05   8.5833586062456e+04  -3.9982094046914e+05  -2.6680032453055e+04   5.4844316616701e+04  -1.1550322534560e+05  -1.8848094941138e+05  -1.6103906044397e+05   3.3577128496275e+05  -1.1965344145364e+05  -5.4895915980594e+04   1.4449196323283e+04  -5.2699696053451e+04   1.4322428914306e+05  -2.5947991401759e+05  -2.4149513536693e+05   2.1916425770458e+05   5.7298056076294e+05   2.3605816326701e+05   9.8633694017927e+04  -1.4604882335316e+05  -2.6414883783908e+05  -5.3389853131590e+04   2.0413479950892e+05  -2.5304377846009e+05  -2.2261008175937e+04  -2.0744315092881e+05  -1.1161555805357e+04   7.6445270090911e+04   1.7362257318581e+05   8.2513276650232e+04   3.3630486142783e+05  -1.4490483542407e+05  -1.9726141794777e+05   2.0919655083428e+05   5.9236220007238e+04   2.7476613673140e+04   1.2548879754203e+05  -2.2553354110102e+05   2.6733493155407e+05  -9.3589890484533e+04   1.4057584410236e+05  -1.4612972037212e+05  -3.4464927439883e+05   1.1000035295252e+05   8.2175556912872e+04   2.8401146693830e+05  -1.4729646487260e+05   2.1798655403443e+04  -4.4095068573229e+04  -2.1569474947312e+05   1.9401502586600e+05   8.3992261962181e+04  -1.5733118432150e+04   9.1516078916487e+03   2.0164370721880e+04   9.5006780028611e+04   7.7954277180402e+04   2.2496422865440e+04  -2.9688228514219e+05  -3.0193339940217e+05  -1.2330524522160e+05   4.1265714005812e+05  -1.1253506048970e+05   1.1380899747858e+05  -5.8248463323589e+04  -7.6381277301455e+04  -9.7503101688846e+04  -1.3618413864641e+05  -2.0857098338846e+04   1.5381855190334e+05  -6.3167202874959e+04   2.1775044981084e+05  -5.2771455928944e+03  -1.7906454118534e+05   1.7517174300403e+05  -6.0954187282148e+04  -3.0164139015489e+03  -3.2079928914038e+04   2.7185100781350e+05  -3.5600828721251e+04  -3.3133581387382e+05  -2.4777496388792e+05  -1.6062862750590e+05  -1.2884264160090e+05   2.6425966186489e+05  -1.0164723517432e+05   1.6544231299628e+04   1.2540624596033e+05  -3.2863867602072e+04  -1.0481267876956e+05  -7.7560055808946e+03   1.7941214476339e+04  -8.2400582480443e+04   4.1607112510653e+04  -1.6283552289442e+05   7.8847909856451e+04  -2.7058073387219e+05  -5.8829559718341e+04   3.7905842286002e+05 
