% inverse of the covariance matrix with m=76 singular values after the SVD cut
  9.6797025049333e+05  -5.2450831170913e+05   4.6054884973725e+05   7.9445323507750e+05  -5.3754672993832e+05  -5.5910383755001e+05  -5.0597928808278e+05   2.1180502598259e+04   9.9147072543438e+04  -7.6400000560912e+04  -3.6509144717185e+05   8.1867631956233e+05  -2.9304781459013e+05   1.1924560170856e+05   2.0901244488749e+05  -5.5677846530349e+05   4.9228563891052e+05  -3.5945506051858e+05   3.1755932736275e+05   7.0624072245156e+04   8.6086375231328e+04  -2.2694714323538e+05  -4.7204734279241e+05   5.7471345053871e+05  -5.6937529235164e+04  -2.9379098149143e+05   9.7824690235304e+04  -1.7025385908311e+05   4.7322727463894e+05  -1.3733628511035e+05  -1.2627806774829e+05   2.2923416610275e+05  -1.4907015550204e+05  -4.3769961757491e+04   3.8011911592252e+05  -4.0949767436887e+04  -1.1089591198362e+05  -4.2521697602279e+04   3.4952021174504e+05   2.0838623518922e+05  -1.4189899245008e+05  -2.1074174294479e+05  -3.4587972982430e+05   6.7962819118908e+04  -3.5063628051143e+04   1.2076026170288e+05   2.1222641619842e+05   4.1856473055244e+04  -3.3061375836913e+04  -8.2912604453545e+04   1.9409894760796e+05   4.5162079972090e+05  -2.6248161380499e+05   1.6721369482164e+05  -3.9910090478797e+04   7.9088797189956e+04   2.7814680924214e+04  -5.4186138387355e+04  -8.8983147787705e+04  -9.5459086597340e+04  -1.3571118905296e+05   1.5188795106744e+05  -1.5925878050755e+04  -4.1545646129390e+05   1.9538590987481e+04  -2.6957324356282e+05  -9.6586571960773e+04  -9.6448253589423e+04  -9.8803996282171e+04  -4.6279134592251e+04   6.1598539537327e+04  -1.3366399754946e+05   4.2915455234348e+04  -2.1229205112503e+05   1.1746009800142e+05  -4.8735233686970e+03  -2.1586020424081e+05  -3.4333333991327e+05  -3.2726434760696e+05   4.2123650185939e+04  -3.2809817263046e+05  -1.2456329033811e+05   2.8801815896960e+05   5.3352343223497e+03   1.8834574776541e+05   2.8945086822751e+05  -5.3858443804623e+04  -5.3731505147826e+04  -2.2505317759489e+05   7.3314468172801e+04  -1.6879026197363e+05   3.6958022422462e+04  -4.4386609822490e+04  -4.3504695026864e+05  -2.0515999912750e+05   9.6491302738924e+04   5.8417693547895e+04  -4.0971233960588e+05  -1.0446919097225e+05  -8.1979356529320e+04   2.8183673265659e+04   7.7436353274541e+04   1.8157893279613e+05  -3.9117677389717e+05  -3.7378181377428e+04   2.5992708469103e+04  -2.3444463967011e+03  -1.3107628989067e+05  -1.5028859015956e+05   1.6061921397521e+03  -4.5956144766486e+05   2.9686877324625e+05   2.3062542867208e+04   3.7513364528610e+05   3.8807584349475e+05   3.6749946002582e+04   1.2132978496363e+05  -3.0510209207008e+04   1.9239673289695e+05   6.7781906457001e+04   3.6979076480841e+05   3.5005832888838e+04   3.1385944914975e+05   5.6006531542247e+04   8.6252545597802e+04  -5.2192244168227e+03   3.3904272565931e+05   3.6876906585117e+05  -1.4926152227007e+05  -2.9595816900956e+05  -8.2054115312287e+05  -4.3960638966403e+05   4.6886072375478e+05   1.7086825598298e+05  -2.6369979265184e+05  -5.9117518257750e+04   1.4228558886678e+05  -4.1999951429330e+04  -7.3806862728232e+04   5.8520251020213e+04   6.7284740530144e+04   1.1985500458575e+05   1.0943733923560e+04  -1.0636648795563e+05  -1.4278782296298e+04  -3.1230102778386e+03   6.0005687098672e+04  -2.9973184072295e+04   6.0168739441518e+04  -1.9351140011513e+04 
 -5.2450831170913e+05   1.7247066530771e+06  -1.4070257973797e+05  -6.8867258595505e+05   1.0763123011019e+06   4.5404151487514e+05  -2.3866676131487e+05  -1.3189371022153e+06  -4.1339471286824e+05   3.5992134349442e+05  -1.1482802451496e+04  -6.0848943296941e+04   1.8208169822150e+05  -4.1666846943503e+05  -2.0659657855976e+05   7.5995754942173e+05  -4.6441830312449e+04  -5.6084366928098e+03  -2.8910081197807e+05  -6.9359409938266e+04   2.5664543415618e+05   7.8837852164403e+04   4.2672269666427e+05   1.0802994572062e+04   3.0438278328242e+05   1.3421143106338e+05  -7.2959136334575e+05  -1.5104673567362e+05  -9.0029250580474e+05   2.1345159253346e+05  -1.5668702777325e+05   6.1499854217274e+05   3.0036906542127e+05   9.0837326853015e+04  -3.6782458108467e+05   3.4304391978019e+05  -1.2131833844131e+05  -4.0751687217013e+04  -4.0566364342478e+05  -1.8923990386834e+05   5.3660664687227e+05   1.0979969471375e+05   8.5444735710406e+05  -2.1067899789942e+05  -5.2914707858589e+04  -2.9372223838206e+05   1.7650663023200e+05  -1.5831444182512e+05   1.9147540734101e+05   1.7835373909133e+05  -3.0205237339297e+05  -4.5112041723111e+05   6.4341595005943e+05   1.3026085896103e+05  -3.6880516367778e+05  -4.6855216949497e+05  -5.8910880491581e+04  -7.0730532370738e+04  -1.1158017866542e+04   3.8972885927796e+04   1.7150647516397e+05  -3.5538435382749e+05  -2.0036852790235e+05  -3.8207356402518e+04   1.3405799101127e+05   9.6412010844664e+04   1.6349991782287e+05   1.6345325796370e+05   1.4832953234230e+05   5.1985546741127e+04   2.2159975183687e+05   1.1163002048755e+05   2.5342243257511e+05   1.4942694242113e+05   1.7971751631248e+04   2.0066962487418e+05   1.4809595152674e+05  -2.1521607631359e+05   2.0581421816296e+05   4.4764182081451e+05  -7.9311168669384e+04   1.2790425093154e+05  -2.4857108492729e+05   8.9402569092780e+04   1.1267958189673e+05  -6.1031544504206e+05  -1.6217844689616e+05   2.0070858838070e+04   2.7183527768837e+05  -9.2175878625057e+04   3.1701305887474e+05  -2.1342955481072e+05  -2.5720799153952e+04   3.0898875400154e+05   2.2802089969556e+05  -8.3443056357051e+04   4.7008488201270e+04   8.1320857031783e+05  -5.3356142069216e+04  -5.7031827205507e+04   1.5477817029413e+05  -2.9429648573627e+05  -5.5084025853195e+05   8.6210017213991e+04  -1.1034411507782e+05  -4.2885615297084e+04   1.3627732843509e+05   3.9854790547348e+05   2.7108559508270e+05   1.6640580704500e+05  -6.1388572880950e+05  -1.9360423302783e+05   1.7741926517689e+05  -3.3278858085301e+05  -4.1559202360899e+05  -8.6291185431555e+04  -4.0687350055736e+05  -5.6418864526928e+05  -5.6358135649599e+04  -5.3209667686703e+05  -3.3660469647645e+04  -2.4090051923718e+05   1.3296423534873e+05  -1.2098671897576e+05   8.1189107684742e+05   4.6154706390130e+05  -6.6673246474262e+04   1.7328609598719e+05  -6.3490123836800e+04   6.3298619384794e+05  -1.7278654769596e+05  -3.4317807590486e+04  -1.6190218265622e+05  -2.2542467922890e+05  -7.2470724164222e+04  -5.6130194034598e+04  -1.4527989282058e+05  -3.0026278156594e+05   1.7708733109505e+05  -4.2111173207365e+04  -5.6583588144626e+04   8.6653095142879e+04   7.7687389438613e+04   7.5715669349572e+04  -1.8636033951194e+05   6.5936929133664e+04  -1.7189025801765e+05   9.2112835646611e+04  -3.0010637686718e+04  -1.1846260295417e+04 
  4.6054884973725e+05  -1.4070257973797e+05   8.7809456267711e+05   4.9715632121596e+05  -5.1412556176757e+05  -5.5715844906241e+05  -1.0780106556013e+05  -3.6512410449507e+05  -1.6533373197808e+05   2.1786108688135e+05  -1.5663664785841e+05   4.0875114853778e+05  -2.3642708864557e+05   1.8871711039413e+05   6.5286338218601e+03  -1.7559472044025e+05   1.7557420108362e+05   3.7953327656118e+05  -1.3929732674180e+04   8.5521997087071e+04   1.3491180470490e+05   1.4178305049364e+05  -1.7462440982395e+05   9.2389681535465e+04  -2.9143977027340e+04  -4.4225204647471e+04  -4.2445236780896e+05  -3.2043226367337e+05   5.3008695855177e+05  -7.0480706967834e+04  -1.9885691710185e+05   3.2260746206755e+05   3.2016048443476e+05  -4.3623882559155e+04  -3.9634347006546e+05   1.5783347958359e+05  -2.9865216974178e+05  -9.5349284736670e+04  -3.6400938711603e+05   1.1652700172108e+05   5.2115828329523e+04   2.3939254577469e+05  -1.4713636299593e+05  -4.6388559999947e+05  -3.4390431960090e+04  -1.4087961638949e+04   4.6190511304016e+05   1.9474549453445e+04  -5.9485259786879e+05  -1.7930135317671e+05  -4.6407541700444e+05   3.9819057103985e+03  -3.7163922608448e+05   6.2968456798230e+05  -5.3582964878642e+05  -4.3879831593203e+05  -2.9822943638625e+05  -2.5620506584379e+05  -1.2646787098701e+05  -9.3633830430299e+03   1.8769998706533e+05   1.2264962159485e+05   1.6154394949271e+05  -5.5505161599518e+04  -2.7847790225708e+04  -4.8694429162426e+04   2.6730514954714e+05   2.6750503044423e+05  -1.6209546128161e+04  -2.6068830439244e+05   6.1109610590094e+04   2.7554704507060e+04   1.7939261989097e+05   1.2239794313037e+05   4.1025393529966e+05  -1.6164670766735e+05  -8.8245078278268e+04  -2.6872035804504e+05   3.4125878419814e+04  -1.3103016438617e+05   3.7802236750010e+05  -2.4881402323377e+05   5.0439109191933e+05  -5.4901709922231e+04   4.1340066864120e+05  -1.2528079347402e+05   2.0929157301372e+05  -8.8726588306291e+04  -3.7952874668759e+05   5.2124073844983e+05   1.7034130537704e+05   2.5691791653803e+05   2.2640825406673e+05  -4.9150401145870e+05  -1.2546220561488e+05   4.1085611403248e+05   1.3711788131034e+04  -3.0336958068963e+05   6.7405375356454e+04  -2.4929394204820e+05  -1.5268171699850e+04  -3.4938558468334e+05  -2.6842574737910e+05   2.0488416879605e+05  -7.3801645958112e+04  -3.5214179404718e+05  -6.1219158114375e+04   1.4752851136815e+05  -7.7012387080015e+04   9.0697845821032e+04   1.1262006388029e+05  -1.2452389320676e+05   2.9129133692318e+05   1.1988648995627e+05   1.7090146430792e+05   5.1187606075854e+05  -2.6099513626327e+05  -3.6491100199054e+05  -2.8706931934733e+05  -4.8261106420366e+05   1.5773972574809e+05  -2.8845206839149e+05   1.8042863176113e+05  -1.8666339985536e+04   1.9526348022603e+05  -4.0782399651821e+05   3.4755564143507e+04  -2.0096138374572e+05   3.4716954671732e+05   9.2121162931563e+04  -4.5354576315033e+05  -2.7286335792488e+05  -3.2238522802389e+04   3.5998896544075e+04   1.9110251176091e+05   2.5185335684243e+05  -5.4545383152377e+05   2.9235340237293e+05  -3.3485369976530e+04  -9.0349825344778e+04   8.5576501369304e+04  -1.5704332956440e+05   3.7222346619055e+04  -2.3768705487777e+04  -6.7790125854666e+04   3.2384146095949e+04   1.1829147235047e+05   7.9058061958397e+04  -7.2303809720157e+04   2.9887068005361e+04 
  7.9445323507750e+05  -6.8867258595505e+05   4.9715632121596e+05   8.2537506544155e+05  -5.7692159255948e+05  -4.9177185533480e+05  -3.4863100534897e+05   1.8178879612982e+05   2.2284833207377e+05  -2.2310927956975e+05  -2.4566684336236e+05   5.7934265279925e+05  -2.9325356800507e+05   2.6096317189482e+05   3.0254082622217e+05  -5.4592924066400e+05   3.1601151824001e+05  -2.1257817211585e+05   1.5144816139552e+05   1.4146304803604e+05  -1.2540075640217e+05  -4.8152880180924e+03  -2.9288656377374e+05   2.0285498077177e+05   7.4698581725158e+03  -3.4048918137534e+05   1.0107028499143e+05  -4.5072134194911e+04   4.5179538027709e+05  -1.3321287461110e+05  -1.1500433350660e+05   7.1977466597152e+04   3.1171170067718e+04  -1.8658096757846e+05   4.3666406708228e+05  -8.3175531311590e+04  -1.2591533330081e+05   9.5866862598895e+04   1.8228420867573e+05   2.6960682818026e+05  -1.6725650245994e+05  -6.8327036853996e+04  -2.4547052638507e+05   6.0869687015480e+04  -4.3319277175370e+04   1.7024806735468e+05   1.6770557938860e+05   9.0259433401111e+04  -5.9247046143754e+04  -8.4383426149922e+02   1.0967005943970e+05   3.4467708267273e+05  -4.0816040652024e+05   7.2088230630688e+04  -2.1074151343793e+05  -4.6560146425006e+04  -7.0204663406793e+04  -1.5559722210645e+05  -1.8182510705019e+05  -1.7546900278499e+05  -1.6554447840838e+05   5.8425585149189e+04  -2.6439472874670e+04  -1.7235655108837e+05   7.6457116957142e+03  -1.3004718858515e+05  -4.6502456402383e+03  -4.5665073285956e+03  -6.6108127104266e+04  -1.8557852997393e+05   2.0842428289395e+04  -9.4138328263411e+04   1.0259264433117e+05  -4.5349328417668e+04   1.6844354125686e+05  -1.3800811307517e+05  -2.1157443869324e+05  -1.5280988549280e+05  -1.9783212107290e+05  -1.0298878185849e+05  -1.1169349181958e+05  -1.1820685950251e+05   3.5664827338436e+05  -4.6843273836344e+04   2.5407381696081e+05   3.1755021500695e+05   3.4733441408983e+04  -5.4139175659070e+04  -3.0320508543451e+05   3.1906896911793e+05  -1.7851327661823e+05   1.2045188242035e+05   1.9684471772294e+04  -1.7534286242577e+05  -2.2756257672368e+05   3.0461424276067e+05  -7.3901483967544e+04  -7.3796323395771e+05   1.3609733234737e+04  -2.4954068012623e+05   9.5731555759623e+03  -9.1444668230274e+04   8.7943777311404e+04  -2.3016272270587e+05  -8.1054007320201e+04  -4.3000888000009e+04   4.2460512765828e+04  -8.8389079177301e+04  -1.0445533074336e+05   1.1437833998796e+04  -1.9630844551032e+05   4.2482327547211e+05  -8.3452906968941e+04   1.9701157489459e+05   2.3200296698568e+05   2.3432517514156e+05   8.6676615247200e+04  -3.9763873897432e+04   1.4726131104398e+04   3.8557663831924e+04   2.7189633575784e+05  -1.2724065582339e+03   1.7895899517605e+05  -4.9693275711520e+04   6.5295340367545e+04  -1.1457187214042e+05   2.6074827623667e+05   4.1930866789382e+04   1.6155764984499e+05  -1.8499145625441e+05  -5.1969441808543e+05  -3.2237797266287e+05   1.7113602628030e+05   1.5886761827815e+05  -1.1857729918607e+05   8.9833812821311e+04  -9.8010345186218e+04   4.9124931228097e+04  -1.2982282778798e+05   8.7359423346810e+04   4.2873224494914e+04  -3.2209750725817e+04  -3.9678739286069e+04  -3.8098975126067e+04   4.0428999719153e+04   1.3795235301716e+04   7.3008391903612e+04   1.4608829230888e+04   3.6111508218528e+04  -1.6542489257482e+04 
 -5.3754672993832e+05   1.0763123011019e+06  -5.1412556176757e+05  -5.7692159255948e+05   1.3841378253957e+06   9.0240585355593e+05  -1.5786775189970e+05  -9.7471890144396e+05  -6.4885197541726e+05   4.4683769323554e+05   1.3001579654069e+05  -3.6653302424600e+05   1.9244969242883e+05  -3.2278474839074e+05  -9.7567874454775e+04   5.5935625055483e+05  -1.3959101319680e+05  -3.1228630294823e+05  -1.3337255655172e+05  -1.1023223770167e+05   2.2790725817643e+05  -7.4162570073619e+04   3.5271844999378e+05   2.9754532170671e+04   1.1311989645457e+05  -9.5844030000147e+04   3.3139451677146e+04  -6.7182595375843e+04  -7.9895985462570e+05   4.7565691826273e+04   3.2587121894064e+05  -9.5091765146757e+04  -6.7385341194854e+04   1.1856462671094e+05   5.7226526472602e+05   1.2676839123971e+05   3.3967445767123e+05   3.5934266480322e+05  -1.7744089170618e+05  -3.4376528545872e+05   1.8973843953181e+05  -1.7788264709046e+05   5.1105854827589e+05   2.1646503476751e+05  -3.2615227537333e+04  -1.6765637062909e+04  -2.5205786845501e+05   2.0930686854237e+05   4.9059248572364e+05   8.3448169947439e+04   1.3306590338388e+05  -4.5363262620397e+05   5.8932664468480e+05  -5.5537699128303e+05  -2.4473210321545e+05  -2.6139083078092e+05   3.2501567896083e+05   2.7582076157124e+05   2.6178441605409e+05   2.1687585502000e+05   1.0844303602917e+05  -4.0619937116234e+05  -4.3072588139001e+05   1.8241288315286e+05   1.9723058512937e+05   5.8267312901338e+05  -1.5529199841952e+05  -1.5541328432676e+05  -1.5730295231917e+05   7.5287434676064e+04  -1.2170956321653e+05   1.8024516158673e+05  -1.9199315113133e+05   1.9791801905619e+05  -6.2386187847799e+05   1.5586452473308e+05   1.9840733788011e+05   1.2794300072552e+05   1.8395340085630e+05   1.3077699259712e+05  -1.0805346241236e+04   3.3552816481790e+05  -1.5939113158639e+05  -1.1094660252848e+05  -4.1640753403025e+05  -6.6560206514362e+05  -1.0463657470423e+05   1.3825306152237e+05   4.0592224166183e+05  -3.5724091520030e+05  -1.6022387769549e+05  -3.3107427183562e+05  -1.5057129503721e+05   8.5078820351602e+05   3.2886791657607e+05  -2.3256674492597e+05  -9.5157203084711e+04  -6.6871298633669e+04  -3.0335676501767e+05   9.0274874224683e+04   3.2428797334988e+04   1.7524726847888e+05   8.4239509621438e+04  -5.9217235328355e+04  -8.2291453093490e+04   2.0590588014268e+05   2.6628182950336e+05   3.5100274042617e+05   4.9018978300742e+05   1.3999234691809e+05  -4.9874431157975e+05   6.3211979417020e+05  -4.8090083074200e+04  -5.2389626612658e+05  -6.1860126610004e+05  -2.9838181381054e+05  -1.0639200290950e+05  -2.3802568526146e+05   1.8389396124548e+05  -1.1745937324911e+05  -3.0377128833502e+05   1.3807489303098e+05  -2.1583172920327e+05   5.6070106115850e+04   4.8354921074706e+05   1.9431694150252e+05   2.1885653986974e+05   1.2464638810724e+05  -8.7247652772470e+04   4.3307529485249e+05  -1.5330523082405e+05   2.7752583289070e+05  -3.5949286928612e+05   3.7457706405979e+04  -4.3020366350781e+05   2.2159095059524e+05  -1.1228812935556e+05   5.5935922503961e+04   4.9412317536063e+04   3.2225440042387e+04  -1.3371233403189e+05   1.0220034849630e+05  -1.6824523744404e+03   7.5304473782823e+04  -1.3857915758358e+05   1.4242058731733e+05  -1.6120455828957e+05   8.6566364709366e+04   1.6954403137231e+04  -2.1186703818054e+04 
 -5.5910383755001e+05   4.5404151487514e+05  -5.5715844906241e+05  -4.9177185533480e+05   9.0240585355593e+05   9.2112845089931e+05   2.9495538966266e+05  -2.4386454579617e+05  -4.4179022644063e+05  -6.0247347319011e+04   2.2301806469533e+05  -4.7734656405802e+05   2.0214303895293e+05  -1.6114200298279e+05   1.1283592706409e+05   2.5379384071291e+05  -2.4731394916840e+05  -1.1026475894943e+05  -1.5370260938067e+05  -1.4951940414886e+05   4.9728151186759e+04   1.3789214528745e+05   2.3064611107752e+05  -2.1490533582149e+05  -8.7486820878425e+04   7.3821799329166e+04   3.3325425772304e+05   5.0722600100090e+04  -4.2624283015203e+05  -1.6780156986683e+05   2.2094618457763e+05  -3.2262383577667e+05  -2.1798994215925e+05   2.6024786128523e+05   5.3703326690564e+05   5.0888141994896e+04   4.5122220024060e+05   1.1853517649532e+05   1.1283878308439e+04  -3.2717655030717e+05  -1.4671250909125e+05  -2.8422442658701e+05   4.6735620533234e+05   1.6861252868207e+05   5.0762319109715e+04  -9.1638256749819e+04  -7.8813233620247e+04   4.4038430544964e+05   2.5270741427561e+05   8.0452591743820e+04   8.8901892072638e+04  -2.5383563581828e+05   2.0511947708977e+05  -4.6407479128626e+05   1.0211568248271e+05   9.7249101947773e+04   2.6435407333392e+05   2.1223004090496e+05   1.8261117497650e+05   1.2687827750976e+05   1.3953530448095e+04  -3.1354189073585e+05  -2.0063568310086e+05   1.3489658766685e+05   1.0036986174893e+05   6.8483926216040e+05   1.9906285979014e+04   1.9814660672205e+04  -2.2459070762938e+05   7.6165590113168e+04  -1.9268180775627e+05   1.2098169502663e+05  -3.1869031828781e+05   7.1319731392791e+04  -3.2002598783897e+05   1.4206574906124e+04   1.0419996964933e+05   2.5006425723599e+05   3.9223436656558e+04  -2.0879424481980e+05   3.6178430671155e+04   1.9374442293751e+05  -2.6940931540139e+05  -1.5021634100966e+05  -4.1610379801781e+05  -2.5580338600655e+05   2.6563554071596e+04   8.8694522248088e+04   2.2057718171339e+05  -2.9898300452245e+05  -2.0567321101351e+05  -1.0205682696074e+05  -7.2832893166625e+04   7.3609715546716e+05   2.7848152581374e+05  -2.0313113432035e+05  -3.2563689327218e+04  -4.7977236927388e+04  -8.5008408571548e+04   1.1451304514966e+05  -3.5023205409058e+04   2.2540504657972e+05   1.2522381262413e+05   7.8333266459881e+04  -1.9741358871076e+04   1.8175940798672e+05   1.7781835181714e+05   6.3739774864149e+04   3.5521901017456e+04  -5.1255410710745e+04  -2.1282069321130e+05   4.2331521649470e+05  -3.3349670701506e+05  -2.5754984507226e+05  -3.0116651612123e+05  -1.1540218545061e+05   3.3598384632629e+04   3.7204523109903e+04   8.0416264756674e+04   2.7740953603489e+04  -7.8053551696512e+04   2.2369758136900e+05  -2.6616141893022e+05   1.1877691445899e+05   7.4634371085703e+04   1.9381924434134e+05   1.3215735009471e+05  -2.2637246768953e+05   7.1445010670839e+04   1.7074549967694e+04   1.9864684291397e+05   3.4385900673903e+05  -3.4338104386412e+05   6.7461316469652e+04  -1.4646537517894e+05   2.4130469235528e+05  -7.1033528916098e+04   9.1925104100820e+04  -1.5138521441036e+04   3.3981641739933e+03  -1.0361256933422e+05  -4.1793180196116e+04   3.8570185728490e+04   6.0649705492842e+04  -7.1455439197317e+04   7.1797938029704e+04  -6.6413388939112e+04  -1.2117239715471e+04   6.5719854808249e+04  -2.0901878081976e+04 
 -5.0597928808279e+05  -2.3866676131486e+05  -1.0780106556013e+05  -3.4863100534897e+05  -1.5786775189970e+05   2.9495538966266e+05   1.5812567412968e+06   8.7015027268293e+05  -6.7290555928298e+05  -8.1916269938548e+05   6.2340778560289e+05  -3.3582694488372e+05  -7.4317383380986e+04   1.0852561590386e+05  -3.1295821655062e+05   6.5484422708275e+05  -4.5945709484551e+05   7.6036854335331e+05  -2.4653138549739e+05  -7.0874838338376e+05  -4.7895205819250e+04  -2.1402026337317e+05  -5.7739653379246e+04  -2.1134691939366e+05  -9.2583448752187e+04   7.9779084595637e+05   2.3596239675412e+05   1.0958552511657e+04   1.6394320448234e+05  -8.7921033344377e+04  -1.2699856887810e+05  -5.5492888720282e+05   5.0061444959677e+05  -1.0197179384457e+05  -3.4166328411492e+05   4.3595870616075e+05  -1.5683004402924e+05  -9.9792258844083e+04  -4.8547697857454e+05   3.7448725636669e+05  -2.5757606669984e+05   3.1541848882960e+05   1.1551206255587e+05  -5.1714165868198e+05   4.3729690294883e+04  -2.5628782927210e+05   3.4260122663269e+05  -1.9034281411373e+04  -7.6489015324509e+05  -3.6806977189756e+04  -7.8403906808268e+05  -1.3461711692184e+05  -4.2540644857134e+05   3.4905605940431e+05   4.7039076739704e+05   3.3162496170686e+05  -1.6182718499585e+05  -1.0047625664267e+04   7.1824711587861e+04   9.8950445386443e+04   8.0445206848305e+04   8.3527366677517e+04   1.8594171338611e+05   2.0079275985043e+05  -1.5902734052603e+05   1.6062039420927e+05  -6.5770281081881e+04  -6.5769446613056e+04   1.0652559292546e+05   3.1527280996148e+05  -1.4134397741159e+04  -5.1909291287990e+04  -2.9512579703517e+05  -1.5571154427874e+05   3.0780589454532e+04   1.3424289163654e+05   1.7735210916037e+05   5.0231240533875e+04   2.4020175836358e+04  -1.2621560487829e+05   4.7355863474921e+05   2.1073125365561e+05   4.9463246022190e+04   7.0310176240585e+04  -6.2979898290027e+04   1.5257615810151e+05   2.7870551471135e+05   9.9731316033026e+04   6.4588381640701e+04   1.1495450777070e+05   3.0155758812564e+05   1.6506999905073e+05   2.6253886335705e+05  -5.1807653356463e+05  -1.3948345797075e+05  -3.3658139179775e+02  -4.4821837053136e+05   2.9971452020815e+05   5.8405084743204e+04  -4.5894120611116e+04   1.4138353869861e+04  -3.7227756541651e+04  -1.5868633223998e+05   1.5711668879297e+05   1.2672972186339e+05   1.2447748367051e+05   2.5182857022903e+05   8.2463530836643e+04  -2.7635479627774e+05  -5.9825974732746e+04   4.6303246000145e+05  -1.5652804850448e+05   4.0462901509920e+05   4.1666985778839e+04   5.2614762263186e+04   2.8978164528666e+05  -1.3282347963769e+05   1.1164590087957e+05  -2.2772772485901e+05  -1.0951662397550e+05  -1.3690199134512e+05  -3.9073177050599e+05  -3.5334037033125e+05   2.7285895922239e+05  -6.2213981230158e+05  -1.4168311933450e+05  -2.8320569055926e+05  -7.1701673303517e+05   4.5702820765602e+05  -3.8170900076062e+05   5.6033113827359e+05   4.0584717467917e+05  -2.6799955100271e+05   3.5849679150356e+04   5.1430207163752e+05   2.7443735582723e+05  -3.8157829697777e+05   2.5373585125598e+05  -5.2193214214178e+04  -2.0913971299465e+05   1.9825017032513e+04  -2.9494767778014e+05   4.4413136569775e+04   1.2529552609322e+04   2.9498032858133e+04   2.6484603358697e+04   1.7349543588597e+05  -3.4146718347495e+04   7.2347502900382e+03   1.6741107230877e+04 
  2.1180502598258e+04  -1.3189371022153e+06  -3.6512410449507e+05   1.8178879612983e+05  -9.7471890144396e+05  -2.4386454579616e+05   8.7015027268293e+05   2.7752150015363e+06   1.2621456110156e+05  -1.4784069670117e+06   2.1917602051530e+05   1.2703636907628e+05  -4.6826938978918e+04   1.4840577856228e+05  -1.4262063725463e+05  -5.5724165824009e+05  -2.6361744351196e+03  -2.3540578801858e+05  -5.2466922210158e+04  -1.3354560803865e+04  -3.2342718621962e+05   4.7503693235863e+04  -1.3618910058532e+05  -3.8491104675164e+05   5.2078360404749e+05  -1.9681195090121e+05   8.6132501947155e+05   3.6809125303151e+05   8.6641461310226e+04   2.9279893914872e+05  -1.2310302184598e+05  -5.7452123353949e+05  -4.4055770729788e+05  -2.9791399112536e+05  -3.0304419220129e+05  -1.4776314876461e+05  -2.5991451662235e+04   2.2632046219996e+05   8.4614007292443e+05   3.3300478589879e+05  -2.1618948095820e+05   3.0402814907682e+05  -6.2281491253514e+05   2.9513267339052e+05   4.2295801821721e+04   1.1298417817663e+05  -2.2162787492463e+05  -8.2122556941920e+05   7.6540502081661e+04   5.6892078955729e+05   5.9785168139944e+05  -2.2833773196389e+05  -3.7505990304774e+05   1.5543099322138e+04   8.8287868291679e+05   9.2670930772748e+05   2.6107530875695e+05   3.9293762094354e+05   2.3974921021027e+05   7.0513847871131e+04  -1.6166771951147e+05   1.2983053510325e+05   1.5477315338485e+05   2.9222442612384e+05  -2.9416019142044e+05  -1.1147490343023e+06  -2.1873595528883e+05  -2.1883954098917e+05   2.6102961451516e+05   2.6383729114047e+05  -1.6199358770817e+05  -2.6001137462034e+05  -8.5951579935843e+04  -4.3021483839792e+05   7.0561831628633e+04  -2.3282941083993e+05  -1.4580039337097e+05   5.0128135742942e+05  -2.5610560010822e+05   7.6295652390128e+04   2.2459234965923e+05  -1.5057794318444e+05  -2.1396578428265e+05   2.7708365267198e+05  -4.8096917042913e+04   5.3194037992790e+05  -2.0814274322946e+04  -8.2656631244504e+04  -1.4669850618081e+05  -6.1795987726887e+04  -1.2682197962716e+05  -3.1183190688512e+04  -7.5222960952275e+04  -3.8208545857427e+05  -3.1529110155901e+05  -6.2741319823122e+04   1.1319220499181e+04  -1.8625206112940e+05   1.6211148965576e+05   3.7914973948999e+05  -2.3402066543977e+05  -2.6833303520254e+05  -3.9618497945972e+05  -3.4054767526033e+05   2.6435983637290e+05   1.8363566530503e+05  -1.6190766104393e+05  -5.3331000663762e+05  -2.8435745155263e+05  -2.7549240844776e+05   1.0753652132994e+06   3.7099640671683e+05   4.7842160809406e+05   3.8688663177335e+05   4.8580080732811e+05  -5.6189877239102e+04   5.1412217356947e+05   7.5343401845331e+05   1.9483993087525e+05   5.5371161398744e+05  -4.8032181432101e+05   4.9591885739403e+05  -2.4284626722410e+05   3.2754338736564e+05  -1.5814348826685e+06  -2.7490795655100e+04  -1.7346774677980e+05  -2.7542373846348e+05  -4.0726345362930e+05  -5.2301188090909e+05   9.0594439372605e+05  -3.6550976639639e+04   3.2365869795481e+05   1.2045979854073e+05   2.2782623878009e+05  -3.1664661095541e+05   5.0080848732150e+05  -4.7352295184619e+04  -8.7115995462671e+04   1.6523552382336e+04  -3.8576083756574e+03  -1.6266253570238e+05  -7.7316147478723e+04   4.5207601401097e+03   1.9290952716540e+05  -1.3894860359956e+05   2.5049332037855e+05  -1.3179331288987e+05   5.9748750378721e+04  -9.1739490395665e+03 
  9.9147072543438e+04  -4.1339471286823e+05  -1.6533373197808e+05   2.2284833207377e+05  -6.4885197541726e+05  -4.4179022644063e+05  -6.7290555928297e+05   1.2621456110155e+05   2.6884878273995e+06  -1.3615544794454e+05  -8.1587279475313e+05  -1.3090931460122e+05   2.7324520465399e+05  -6.9814143070013e+04   5.3329977615683e+05  -2.6755924427044e+05   1.7134385777186e+05  -4.4275948758435e+04  -3.8614857019349e+05   6.7054325693040e+05  -5.6698481481520e+05   2.7429086433870e+05   3.8461523560610e+05  -2.7812537503088e+05   5.1769714101252e+04  -4.8091449220691e+04  -4.7793477729048e+05   4.8270084224673e+05   9.8194103460148e+04   2.0341722574130e+04  -5.8840934764105e+05   3.6444278755626e+05   5.0321543155734e+05  -2.0619924191054e+05  -2.5887467446034e+05  -8.2453576330312e+05  -3.9026813166723e+05  -2.0580394505160e+05  -5.2769886103647e+04  -1.2129417742153e+05   1.1622294780329e+05  -3.1924701886500e+05   2.8134594581728e+04   2.3452170606166e+05  -1.1580499806928e+04   4.1841999237952e+05  -4.8218751263832e+05  -9.2096677895204e+04   4.2008542034465e+05  -1.8584614429688e+05   1.5224764987180e+05   1.2317274606925e+06  -2.6948541879364e+04  -8.3551780389411e+05  -6.0597893044011e+04  -4.9233321163391e+04  -1.5158321376758e+05  -4.1428783358503e+05  -6.5161951562823e+05  -6.8254103643299e+05  -5.4027872348041e+05   4.6646243008215e+05   4.8056041746571e+05  -5.2298807008605e+05   4.5831423867697e+04  -4.6026780268501e+04   8.5644191358240e+04   8.5502448044791e+04   8.4759163219048e+04  -3.9949756829587e+05   1.4635627407165e+05  -1.4655674271757e+05   3.5747976130435e+05   1.0763261349923e+05   4.6142667824242e+05  -6.1689691979488e+04  -2.1893989701148e+05  -1.6033874652415e+05  -4.9222468326603e+04   2.6108073096689e+04  -9.7891356522001e+05  -1.6101082378317e+05  -3.3205641556075e+05   9.2522988178482e+04   5.0728326792064e+05   1.0595359634693e+06  -1.9564999989092e+05   5.9166304835294e+04  -3.1139284700901e+04   2.2330773891477e+05  -7.5360096794527e+04   3.4591427717661e+05   4.5189788686880e+04   2.9498076220588e+05  -3.5609376644157e+05   2.0720367608602e+05  -2.7855818402249e+05   3.4402008829137e+05   4.4495473235722e+05  -5.8631198704566e+05   3.9170715517592e+05  -1.2058535299768e+04   3.0017633564474e+05   2.4943454655581e+05  -1.0755071628723e+05  -1.3761532030430e+05  -2.9856515369467e+05  -4.0905914455464e+05  -2.5006992621578e+05   1.8871821617722e+04  -3.8625876640431e+05  -9.0545894670735e+05  -1.1218372626272e+06   2.6481996085957e+05   2.5166830747223e+05  -1.7045670848676e+05   1.7239150549624e+05   3.5661823273788e+05  -2.5528073082804e+05   7.5405868922814e+05   7.7476931838709e+05  -1.2986768124707e+05   4.4191858663378e+05  -9.0043501702308e+05   6.7393284361363e+05   2.1784794091235e+05  -2.6303481844022e+05   2.3716634999416e+05   2.4283858724772e+05   1.9273746818491e+05   2.6384550705515e+05  -2.7916625967752e+05   4.6074361037999e+05  -3.3041417387611e+05   1.9608510420827e+05  -7.6209928075092e+05   5.3373569672907e+05  -7.4663530327513e+05   4.7853488835982e+04   1.2962884199969e+05  -5.0495629623973e+04   3.6346484733245e+05  -1.0642262239406e+05   5.2685639852846e+03   2.3571077921625e+05  -8.3416795067305e+04  -2.6971072556583e+05   2.5836996788398e+04  -9.5123188520260e+04   4.3490807477821e+04 
 -7.6400000560913e+04   3.5992134349441e+05   2.1786108688135e+05  -2.2310927956975e+05   4.4683769323553e+05  -6.0247347319012e+04  -8.1916269938548e+05  -1.4784069670117e+06  -1.3615544794454e+05   3.8101005770783e+06  -6.6355294084958e+05  -1.4290223388956e+06   2.3189458032545e+05  -1.1296778509745e+05  -8.7147927576438e+05   2.9372254623773e+05  -1.6941874196850e+05   5.1504387355949e+05  -2.1669527425354e+05   6.1404305171035e+05   6.8683522018882e+05  -5.7951688446535e+05   5.1699487719829e+05   5.0101549973324e+04  -1.0759802175744e+05   5.6135679235891e+05  -6.7186083286680e+05  -4.3070719686754e+05   3.7819768035343e+05  -5.6470436957396e+05   4.4803596274018e+05  -6.9870167956828e+04  -2.4131797972945e+05  -3.1684540179811e+05   2.1463773046649e+04  -2.1599976812653e+05   8.3760676196399e+05   2.1544006830904e+05  -4.0956197623749e+05   5.4705847368367e+05   3.1109709053975e+05  -8.5246201177626e+05  -6.6138460507032e+05   1.0089209522651e+05  -3.4740502700087e+04  -5.9555608408338e+05  -4.4327437989441e+05   8.1656341623851e+05   2.4863938291070e+05  -6.5970758094554e+05   1.8272441428427e+04  -3.4107970724133e+05   4.1505330773438e+05   9.1659853036385e+04  -3.2291430242321e+05  -3.4381267523128e+05  -1.1561930910675e+05   1.6726524651267e+05   3.9130817583244e+05   5.1324234438869e+05   6.1561767487895e+05  -1.9862389093198e+05   2.9437612902423e+04   4.4457892907395e+05   1.3471019057216e+04   5.4628490256008e+05   3.8287372748477e+05   3.8279231504185e+05  -1.8345117735383e+05  -2.1970451301590e+05  -2.2800496018199e+05   2.1211633546604e+05   5.9247753321612e+04   2.2075647417208e+05   2.2077255247226e+04  -4.7156893791961e+04   2.2981044914365e+05  -4.0216262535904e+05   4.4395013203321e+05  -2.7173892576034e+05   1.1065900468959e+06  -1.3407526816871e+05   1.1917070643270e+05  -3.9319866399714e+05  -1.5317005345599e+05  -1.9384554501752e+05   1.4328389701595e+05  -6.1155622904752e+04  -9.5777752631940e+04  -5.0978420824023e+05   4.3074810808324e+04  -1.2972266621835e+05  -1.9370388078850e+05  -1.4386919432610e+05   3.5039831616061e+05  -6.7614535690549e+05   3.8647928783469e+05  -4.6432435402785e+05  -5.6684709586820e+05   3.5577714055944e+05  -2.9654317253023e+05   4.8713643036270e+05   5.2210824117534e+05   8.3087152625742e+04  -1.1543589041450e+05   7.3769609275874e+04   3.5572391727385e+05   9.4666549905171e+05   7.2389226874204e+05   2.8761032203576e+05   1.0300228767848e+06  -1.9750943652191e+05   2.4618269943751e+05  -5.7320818320458e+05  -4.6051326448343e+05  -6.4622858115388e+05  -6.0823870066901e+05  -3.1905244367508e+05  -1.6484401748491e+05  -2.5965351322510e+05  -7.8720758240695e+05  -3.7836590192071e+04   9.1310473926048e+04   4.9924826792598e+05   1.6080667083805e+05  -3.2631094866555e+04  -2.1812893788847e+05   4.0484172309815e+05  -5.2331644757476e+05  -1.7109018868263e+05   2.6437312535446e+05   3.4454682688780e+04  -2.1662531349147e+04  -1.6999469320818e+05   2.7295561844961e+04  -7.6636398791769e+04   2.7877823674096e+05   3.8735274195047e+05   1.5642798200556e+05  -7.2646708807287e+04  -1.8563556726225e+05   1.2482476632360e+05  -6.3715754615876e+04   1.5869308449655e+02  -2.1086040237883e+03   7.9694536982200e+04  -1.4592703379253e+05   1.4365740735059e+05  -1.0289336225751e+05   3.4932237216838e+04 
 -3.6509144717186e+05  -1.1482802451496e+04  -1.5663664785841e+05  -2.4566684336237e+05   1.3001579654069e+05   2.2301806469533e+05   6.2340778560289e+05   2.1917602051529e+05  -8.1587279475314e+05  -6.6355294084958e+05   2.1025811882325e+06  -9.4362840415478e+05  -6.8770128731944e+05   8.6491465916799e+05   8.9399303007975e+04   5.6123878446242e+05  -2.8384354058424e+05   1.4905074145092e+05   1.8650130094455e+05  -7.3241995151109e+05  -4.2331888045229e+05  -2.3876669879418e+05   1.8860921591792e+05  -8.6054890269116e+05  -4.9450567066733e+05   3.5936656548695e+05   5.1950443635194e+05   2.6651234686196e+05  -1.8883749011505e+05   1.6498701913393e+05   5.8664955951170e+05  -6.3372360955628e+05   1.1073886012253e+05   2.1295344782697e+05   3.9206382855623e+05   3.9945288879042e+05  -1.6188263137245e+05  -2.5199121405680e+05   1.7517946784675e+05   3.3553134104755e+04  -4.4035138487553e+05   2.7722266313338e+05   1.4786600999739e+05  -6.8445159596872e+04   3.5482141741583e+04   1.8853117929903e+05  -3.2345224906882e+04   1.8366908223168e+05  -4.0241291302970e+05   5.7998250229385e+05  -3.4774004161218e+05  -1.0516752386917e+06  -2.8991785483788e+05   5.9534433947512e+05   3.0774556954637e+05   2.0953778355980e+05  -9.4321871405164e+04  -5.5424230969429e+04   2.2224565217322e+04   1.1525650403072e+05   5.5399244007080e+04  -2.0780409191745e+05  -3.6842823826224e+05   6.8914023165231e+05   3.0490496457160e+03   9.7983230728606e+05  -1.7513330136566e+05  -1.7525555363572e+05   3.0460315128013e+05   1.7785927892824e+05   1.9123367077902e+05  -3.9789488231748e+04  -8.3422194300487e+04  -1.0976068286860e+05  -4.9681031051020e+05  -2.6450268234391e+04   4.4133350603958e+04  -3.6193743070613e+04  -3.8191115004371e+03   2.0137231566098e+04  -1.8382328176770e+05   3.6985311745103e+05   1.2827979689956e+05   1.1787601384038e+05  -5.9640991066840e+05  -3.8447751624166e+04  -2.6710087908600e+05  -1.2547328020531e+05   2.7580462796381e+05   7.8635007832129e+04   2.2687118758530e+05  -4.4725277521201e+05  -1.7805001619473e+05   1.8204261945573e+04   5.6266728653034e+05   7.0790062867381e+04  -1.7190602735181e+05  -2.1447671132643e+05   4.6183663226414e+05   2.6012026318307e+05  -2.1000264295354e+05   1.7588745586413e+04  -4.0303186280919e+04   1.6200582765747e+05   1.6381536652271e+05   1.2698826488099e+05  -6.7471410024855e+04  -2.8652573899746e+05  -7.4949847502224e+04   5.6662096061716e+03   1.5117166921283e+05   6.0538464023976e+05   6.5546808452666e+03  -3.9260404262313e+05  -4.1106342719882e+05   2.6189153813449e+05   2.5960722123033e+05   1.2649899146000e+05  -2.8672683084200e+04   1.5827841606790e+05   1.1554276328033e+05  -3.0360590983947e+05  -4.9727809874639e+05   3.2523133918511e+04   1.6360164071230e+03  -2.9724435029536e+05  -6.5520050745877e+04  -3.2583350142439e+05  -3.0000783850734e+05   2.4920122953746e+05   1.9418481228787e+03   3.2260448409815e+05  -3.9150796389130e+05   8.0509739821635e+04   1.4383163417447e+05   5.0363367821145e+05   5.3828520407086e+04   2.2365584638307e+05  -1.8822724895876e+05   6.0958925509744e+04  -8.3428924889503e+04  -3.4711249449331e+05  -1.4236974799693e+05  -6.6387587740755e+03   7.7589153622883e+04   6.0567966810067e+04   3.7297937104477e+04   4.1404737981939e+04   6.1979163998519e+04   3.0121467643191e+03 
  8.1867631956233e+05  -6.0848943296939e+04   4.0875114853778e+05   5.7934265279925e+05  -3.6653302424600e+05  -4.7734656405802e+05  -3.3582694488372e+05   1.2703636907628e+05  -1.3090931460122e+05  -1.4290223388956e+06  -9.4362840415478e+05   3.6623551916249e+06  -3.6003399549543e+05  -1.1421070488946e+06   1.0340449096475e+05  -1.5051808874604e+05   4.3898351407542e+05  -2.4622335307775e+05  -7.7393896478225e+04   9.9323900108618e+04   3.9839081477783e+05  -7.0301964053036e+04  -5.1145027167074e+05   1.4747877465744e+06   1.9675593348368e+05  -6.3206798355897e+05  -9.4920987301229e+04  -2.0640485907147e+05  -7.9940525670887e+04   2.2526674670433e+05  -7.2980341799060e+05   9.1295357144919e+05   4.6508995569511e+05   2.0324862985712e+05   8.0615209808158e+04   2.8143503765266e+05  -8.4491870275289e+05   1.0211966970498e+05  -1.7476474441887e+05  -3.1652246643935e+05   4.0098037141573e+05   4.2014537363110e+05  -2.7246801968329e+05   8.5534635979884e+03  -7.8056851022326e+04  -2.2847955968070e+04   1.2656778287997e+05  -5.5512666191579e+05  -8.5913217268273e+03  -3.8281855535592e+05   2.3870036734923e+05   7.0118212802464e+05  -3.2127127744830e+05  -2.7152880288854e+05  -6.9862273653072e+05  -4.9694590852472e+05   3.4002139048295e+05   1.6346493309556e+05   5.4257551838152e+04  -3.5398716878093e+03  -3.9469870472832e+04   5.7115963466871e+05   3.0639359814762e+05  -1.2528597556858e+06   1.4924512224743e+05  -5.4807265215630e+05  -1.9496427166571e+05  -1.9446399182192e+05  -2.1205633000499e+05  -2.8863013822834e+04   7.4046237530779e+04   3.0931927648251e+04  -1.5131047435419e+05  -1.5225910255562e+04   3.1741247298946e+05  -8.3604486717435e+04  -2.9457268060350e+05  -1.4668090039379e+05  -3.2838659344145e+05   3.8331868769935e+05  -3.0898034613176e+05  -5.2686753377467e+05   4.6290870313572e+04   1.7812743832787e+05   7.3308461524478e+05   1.3926489991589e+05   2.2454483668185e+05   6.9122195213834e+04  -3.0229938785773e+05  -1.3473156983428e+05  -5.5922586739423e+05   5.5203232539223e+05   3.7180789380317e+05  -3.4221169123205e+05  -5.7111270361679e+05   9.3377907487675e+04  -2.4520602878502e+05  -2.0856358136043e+04  -2.0494344558983e+05  -3.2794737310167e+05   3.7087899899765e+05  -4.1540909941829e+05  -2.9107470138975e+05   8.0322305585864e+04   1.6196306750103e+05  -2.5252401937676e+05  -1.8109221988733e+05  -2.7475284037509e+05  -7.4508153511881e+04  -5.2340275193132e+04  -9.3681815267277e+05  -4.7265645823468e+05   2.6529339105479e+05   9.8139172892534e+05   8.9725603871929e+05   2.6398229950103e+05  -8.8983395135859e+04  -3.4156349488829e+04   7.1006937232420e+04   6.3352662486040e+04   5.2418546156806e+05   4.3741223906079e+05   3.0830656293279e+05  -1.3114938561668e+05  -5.2856122908602e+05  -3.1349518167056e+05   7.2516219401862e+05   3.4926739162943e+05   3.6783086919625e+05   3.0094385206457e+05  -1.0327927964952e+06  -9.4698126226738e+05   7.7578841119423e+05   1.3042405165284e+05  -4.6647614899123e+05  -2.6047433892083e+05  -5.8516046476449e+05   1.5860537059224e+05   1.6015714836399e+05  -7.8035347440268e+04   7.7581503218586e+04   1.3800826566385e+05   1.2039061641130e+05  -7.3721149788934e+04  -2.0834691583328e+05  -2.9259983413109e+04   1.6193114277312e+05   4.2738509701100e+04  -1.4337239179861e+05   8.3463500447675e+04 
 -2.9304781459013e+05   1.8208169822150e+05  -2.3642708864557e+05  -2.9325356800507e+05   1.9244969242883e+05   2.0214303895293e+05  -7.4317383380985e+04  -4.6826938978918e+04   2.7324520465399e+05   2.3189458032545e+05  -6.8770128731945e+05  -3.6003399549543e+05   7.8008869674239e+05  -3.7605730879941e+05  -5.2526566719470e+03  -2.1205391806172e+05  -2.2162013637833e+04  -9.4734820268113e+04   3.4590223867309e+04   2.3125312057692e+05   1.4246948589299e+05   2.4184710938170e+05   4.6536660223647e+04   2.2919042953912e+05   3.1093630469041e+05  -2.7161201833423e+05  -3.1045455086797e+05  -1.8611884130692e+05  -3.6838171294009e+04   1.0769181425409e+04  -2.0328425840981e+05  -3.1209202905993e+04  -2.5565485856031e+05  -1.9676187776885e+04  -4.9494241551093e+05  -2.0978665631376e+05   3.1277095086668e+05   1.5989742587136e+05   2.9373441958825e+04  -2.0004480373373e+05   1.2401378678490e+05  -3.6914608471416e+04   2.2241582154779e+05  -4.7479008265570e+04   5.6956940713538e+04  -9.8127607694596e+04   6.0826804490826e+04  -1.0223407942283e+05   2.7798490276785e+05  -1.0132549111971e+05   1.4089098035868e+05   4.1676488822122e+05   4.8365088883531e+05  -2.3257265662743e+05   1.9271708946438e+05   1.5531926927570e+05   4.3024453995371e+04   6.7029842168478e+04   2.5159461728324e+04  -5.3539017201709e+04  -4.5334851329000e+04  -8.9960470225879e+04   7.1723210541762e+04  -7.9773071930463e+04  -5.1965797854118e+04  -4.9387818890925e+05   1.0178691740238e+05   1.0169182588927e+05  -1.2931032261671e+05   5.3205756150119e+04  -1.5717981039133e+05   7.1853177293969e+04  -3.4832083068098e+04   7.7528022040318e+04   1.2722138139468e+05   1.5358886891983e+05   1.2530516841631e+05   3.2485614607195e+05   9.7762371311514e+04  -7.2103891852550e+04   1.6536205687235e+05  -1.3219527066530e+04  -1.3105469503032e+05  -6.9977206957193e+04   8.2616989559446e+04  -1.2805408020337e+05   6.3093943716055e+04   8.4792019823013e+04   2.6275630710564e+03  -7.7594057947097e+04  -6.2933639718984e+04   1.7083249301733e+04  -2.8044189912694e+04   2.9282957125423e+05  -1.2351844461756e+05  -1.2483873079135e+05   2.0298748216098e+05   3.3439106932841e+05  -2.0852436186543e+05   4.5514206227873e+04   7.7089498522724e+04   1.0221421781879e+05  -5.1424476814921e+03  -6.3156865564422e+04  -3.9365926908071e+04   7.3418777877003e+04   8.0330570688942e+04   2.3245471933673e+05  -6.0842331482526e+04  -1.1936245346392e+05   1.2757352023130e+05  -3.2011445876211e+05  -6.1301468754249e+04  -1.1950525634888e+05  -9.8940687726910e+04  -1.7784387823403e+05  -1.2387572560030e+05  -6.1337594370990e+04   3.4866338604141e+04  -1.7037344090790e+05  -3.1494006665184e+05   1.3601052809651e+05   9.8099182658684e+04   1.2421915953160e+04   1.0847887365567e+05   2.1833738206287e+05  -2.7875419407374e+05   3.3671363481019e+04   6.1715857436554e+04  -1.9670608759183e+05   3.8604444830738e+05   2.6192448881275e+05   1.7140712618576e+05  -3.3969633060068e+04   1.1704838183571e+05  -3.1935139811885e+05   1.1023633014872e+05  -1.8734318629321e+05   4.6898808716010e+04  -1.7722447409720e+04   1.1765234163920e+05   1.2733315173759e+05   7.6331338797094e+04   3.0203018680964e+03   3.7283807611682e+03  -7.6050198170297e+04  -5.8492518626160e+04  -1.0130712713024e+05  -2.8032852347121e+04  -1.6934926808695e+04 
  1.1924560170856e+05  -4.1666846943503e+05   1.8871711039413e+05   2.6096317189482e+05  -3.2278474839074e+05  -1.6114200298279e+05   1.0852561590386e+05   1.4840577856228e+05  -6.9814143070014e+04  -1.1296778509745e+05   8.6491465916799e+05  -1.1421070488946e+06  -3.7605730879941e+05   1.4392012038314e+06   1.2222761216718e+05  -3.6068988627610e+05   7.8927852745743e+03   1.0885398259689e+05   1.3023355363205e+04  -7.7262842201506e+04  -6.3895182287199e+05   5.3785701109117e+04  -6.9818852769694e+04  -5.5915383784246e+05  -2.0379932434901e+05  -1.1484979812630e+05   2.3029963962167e+05   2.1055232540436e+05   2.6595391843699e+05  -4.5489661028156e+03   3.0247273694438e+05  -3.7167427796532e+05   1.2925600045766e+04   6.1436189363469e+04   2.4057871133021e+05   7.5918152007217e+04   9.0781350330530e+04  -1.9495871356962e+05   4.4365429731074e+05   2.3981923015254e+05  -6.2489358252228e+05  -9.4199078383089e+03   2.3444481884261e+05  -1.5650161846132e+04  -4.2190364495315e+04   3.6000630838828e+05   3.0254835478583e+05   5.1050117170799e+04  -2.3562743472738e+05   4.9684133869464e+05  -1.1603890306970e+05  -4.4875688064139e+05  -2.8956589898966e+05   6.7965681430553e+05   2.0352260556626e+05   2.0191481272014e+05  -3.0610896337637e+05  -3.2045204603271e+05  -2.7744184596545e+05  -2.2711522240199e+05  -1.6908526575963e+05  -2.9898296659156e+05  -1.8560744599464e+05   5.6629991969674e+05  -2.5240694663895e+04   6.4176244408493e+05   1.5276187091160e+05   1.5264133498364e+05   2.0817168195594e+05  -1.2493796760175e+05   6.2800331391691e+04  -6.2892262890301e+04   1.3272141083042e+05  -1.6563779784214e+04   4.4503605753917e+03  -1.9391062351926e+05  -9.0264462792769e+04  -1.1919581952628e+05  -1.1683585580000e+03  -1.8500339956582e+05  -1.9009610834217e+05   1.7158731206783e+05   1.9808723884202e+05   5.7409993633791e+04  -1.6858362328174e+05   1.8639173887970e+05  -1.8988449367633e+05  -1.2576263655494e+05  -1.8995034585428e+04   4.0496977109288e+05   4.1258219771407e+04  -2.3110777189428e+05  -1.4291775072886e+05   6.7901615663262e+04   3.3458675223979e+05   3.4524910354722e+05   4.0388941626025e+04  -3.5008761711480e+05   3.6894863008736e+05   5.9706631378659e+03  -1.9581321796000e+05   1.1261977156133e+05   2.6286340028205e+05  -1.4108231505663e+05  -1.9435315414741e+05  -1.0701476933709e+05  -1.2151216653212e+05  -2.0281497175440e+05  -1.1463255149184e+05  -7.9973293612021e+04   3.5292808510281e+05   5.7892970061849e+05  -2.3073623178655e+05  -4.6725150051672e+05  -4.0163561456747e+05   4.0793000528453e+05   3.0512898800530e+05   7.9245645177410e+04   2.2273249735408e+04   2.5183794872923e+04   2.8459435266318e+05  -3.4384224012794e+05  -7.2607151562161e+04  -4.6801908771848e+04   1.5868072830132e+05  -1.5241809916009e+05  -1.4650826094036e+05  -2.5405094712686e+05   1.0141724137813e+05  -4.0917601653211e+05   4.7086667706386e+04   1.1581042442277e+05  -3.1926609372464e+05  -6.2481632905906e+04   3.3413501255179e+05   2.9930163543982e+05   3.7939173541414e+04   1.5885430026451e+05  -2.6092497811931e+05   2.3488352271038e+05   1.7238999517556e+05  -2.6497870851594e+05  -4.6119965850065e+04  -3.5178996979584e+04   1.1316872588118e+05  -1.7479860598909e+04   2.7032741545145e+04  -1.7695880409513e+05   1.8504818037289e+05  -7.6462723081626e+04 
  2.0901244488749e+05  -2.0659657855976e+05   6.5286338218601e+03   3.0254082622217e+05  -9.7567874454775e+04   1.1283592706409e+05  -3.1295821655062e+05  -1.4262063725462e+05   5.3329977615683e+05  -8.7147927576438e+05   8.9399303007976e+04   1.0340449096475e+05  -5.2526566719457e+03   1.2222761216718e+05   2.2461259100432e+06  -8.3323354484664e+05   1.6501438504926e+05  -1.9532078433617e+05   3.5307851646405e+05  -4.3810936573942e+05  -4.5673242047563e+05   3.1551013871384e+05  -1.6645906210160e+05   1.1274297373234e+05  -6.0106155388311e+04  -1.3922384682348e+05   4.1348760436690e+05   1.8917718215165e+05   3.6012896681374e+05  -4.5096909613251e+05  -2.6977282157662e+05  -1.5784375932252e+05  -2.6665156558779e+05   4.2915302574379e+05   1.3324396092461e+05  -5.9043528523431e+05   1.2617379223913e+05  -3.1111967311231e+05   2.6008182387151e+05  -8.2389787687252e+05  -1.6667273540832e+05  -1.7587654595750e+05   5.7096198053544e+05  -1.6330459912144e+05   1.2811120252551e+04   3.7831698533742e+05   5.1523424626332e+05   3.2623933543533e+05  -1.4326260398857e+05  -5.5740611291910e+04  -1.6292989150632e+04   7.0039534118138e+05  -1.6651853091294e+05  -4.0650329502854e+05   1.5603571139316e+05   3.0972793594666e+05   4.3563119102405e+04  -2.1165336378316e+05  -3.7096012163793e+05  -3.9486685532006e+05  -3.4469585749348e+05  -2.8845325557014e+05  -3.1405047063391e+05  -3.9633131309630e+05  -4.8527644271369e+04  -5.2657587439660e+05   1.8562280689702e+05   1.8553902068654e+05  -2.6747233931467e+05  -2.6348457697439e+05   2.0973401738150e+04  -1.9827222302796e+05  -5.7957213919153e+04  -1.7225298712152e+05   2.5959703772411e+05   5.1637465878305e+04  -1.9355036635334e+05   1.5510776471809e+05  -4.6901456490378e+05  -2.9259598508253e+05  -5.9058367898020e+05  -7.8085843984419e+04  -3.4634921742502e+04  -1.3746508903086e+05   5.8367612124423e+04  -3.3435340372957e+05   2.3702231002802e+04   3.1828134666168e+04  -2.3647915402625e+05   2.6848280608252e+05   2.1156510538141e+05   1.4266295739000e+04  -1.4639328362394e+04   5.8592229256436e+05  -1.8748538419070e+05   2.5364415048362e+05   1.4932554389034e+05  -1.8844301558511e+05   4.5209995614347e+05  -4.4687832561559e+04   2.0540348353974e+05  -5.3731160493101e+04  -4.7755489440462e+05  -9.1543992430283e+04  -4.5007931053651e+04   3.7452689947054e+04  -7.7944777989665e+03  -2.2541327233779e+05  -8.8690856755702e+05   1.4079851007145e+05  -8.8759277842032e+05   6.5452058570080e+05  -7.4732307723126e+05   4.7984841686351e+05   4.7947699971208e+05   1.0734978922740e+05  -1.0164368718395e+04  -3.2414699094980e+05   6.9298326665226e+04  -4.2566833867502e+05   5.4795251255291e+05  -1.5585139305307e+05   4.5187484718926e+05   1.0201355149858e+05   4.5396549930036e+05   1.0508321454692e+05   2.5850768415220e+05  -1.3123749767328e+05  -3.2529129274793e+05   1.1149844594958e+05  -4.6800004657811e+05  -1.4607968012479e+05   1.8914075093290e+05   3.2814824375090e+04  -7.6895026668112e+04   1.4153674763215e+05   7.6829404710121e+04  -2.7192438860913e+05  -1.5389963739186e+05   2.3446422183648e+05   2.2042499594855e+04  -3.5134608684853e+04   1.5843643864304e+05   6.2131955876981e+04  -1.0933156281921e+05  -1.3003908161139e+05  -4.3271667172363e+04  -4.3554823057203e+04   1.0425577035400e+05  -3.9017124614917e+04 
 -5.5677846530350e+05   7.5995754942173e+05  -1.7559472044025e+05  -5.4592924066400e+05   5.5935625055482e+05   2.5379384071290e+05   6.5484422708275e+05  -5.5724165824010e+05  -2.6755924427044e+05   2.9372254623773e+05   5.6123878446242e+05  -1.5051808874604e+05  -2.1205391806172e+05  -3.6068988627610e+05  -8.3323354484664e+05   2.7743288526962e+06  -6.7379360292096e+05   6.8004673124643e+05  -7.6404189036651e+05  -3.7927568135554e+05  -3.0499740509101e+04  -9.8129325047692e+05   9.0068316019389e+05  -3.8719418150660e+05  -1.3446056766959e+05   1.1337675316913e+06  -4.5068888043042e+05   3.7013654154708e+04  -9.2070344269153e+05   2.0172767169161e+05   5.0327136988725e+05  -2.5669077441810e+05   1.3531616749198e+06  -5.0357491870439e+05   3.5717915696327e+04   7.6990333531001e+05  -2.7108221688475e+05   2.1491862895436e+05  -1.4256779149260e+06   8.2780863525960e+05   3.6059766098568e+05   2.4661363510292e+05  -2.7413581398738e+04  -3.5869371199906e+05   8.3791209586506e+04  -1.0190308189920e+06  -4.8818694318710e+05   1.8881732179041e+05  -3.1309524216985e+05   1.3017839092163e+05  -1.0885091861667e+06  -4.2183778167812e+05   2.7795572686215e+03  -3.1143316088529e+05   2.6676379182965e+03  -2.5888201667092e+05  -8.5412665176679e+04   5.9141135300068e+04   1.1651200759159e+05   2.2297830370961e+05   2.3500482217898e+05   1.8633688544446e+05   9.8840551575344e+04  -7.8215222561993e+04   1.2330857452534e+05   1.4351443562676e+06  -4.2515986098910e+05  -4.2524113056186e+05   5.8685766889986e+04   3.1186249725768e+05  -2.7731046232896e+04   9.6350428271209e+04  -3.1575253412154e+05   1.5305963860886e+05  -4.4742236218710e+05   3.0444931184608e+05   3.3174913431112e+05  -2.3403433558231e+05   4.6838973053524e+05   3.0440352163529e+05   1.1165996752380e+05   5.1748302224889e+05  -8.1548688690396e+04   5.0690078050216e+04   2.4425320904665e+04   2.5889062627897e+05  -1.6490880923352e+04   1.4997936633867e+05   4.7948263360293e+05  -4.1370915011397e+05   3.4767276544330e+05   3.0281529787433e+04   1.9407439079640e+05  -3.0371970393441e+05   2.6878896703263e+04  -4.9555046033432e+05  -9.4732789286962e+05   4.9881111699853e+05  -1.9706197436065e+05  -2.9285298784304e+05   3.5833861661317e+05  -1.8000728041985e+05  -9.9837187056428e+04   5.1453484408486e+05   2.2797872416781e+05   3.0866873656425e+05   4.4519280921099e+05   2.6340606939862e+05   4.9469815722613e+05  -1.1608188970939e+05   8.5735393394249e+04  -4.6340787765403e+05   1.4366207690352e+05  -3.5026496713117e+05  -4.6596687440868e+05  -1.7741115889720e+05  -4.4505062611919e+05   1.8444200035461e+05  -3.2188426479251e+05   5.4930939353526e+05   3.6362281844682e+05  -6.3587823266233e+05  -6.0390522433141e+05  -3.6118447261072e+05  -7.8219604324307e+04   8.4715780870998e+04   2.0515079621319e+05  -3.1352099229243e+04   2.6525530492955e+05   7.8396934312169e+05   5.6475275614782e+05  -2.7277850802170e+05  -4.0114052129681e+05  -1.8586956471512e+05  -2.9603186553313e+05  -2.1560406398613e+05  -2.8500594565016e+05   1.5002219808335e+05   1.9233961536495e+05  -1.4700289780229e+04  -1.6634509189637e+05   1.3876477376739e+05  -1.5628955209509e+05   4.0816885088157e+04  -8.4487629315962e+04   1.4543699245513e+05  -2.3814330229756e+05   2.7827635293849e+05  -3.2775390021443e+05   1.9992066569979e+05 
  4.9228563891052e+05  -4.6441830312447e+04   1.7557420108362e+05   3.1601151824001e+05  -1.3959101319680e+05  -2.4731394916840e+05  -4.5945709484551e+05  -2.6361744351190e+03   1.7134385777187e+05  -1.6941874196850e+05  -2.8384354058424e+05   4.3898351407542e+05  -2.2162013637832e+04   7.8927852745740e+03   1.6501438504927e+05  -6.7379360292096e+05   1.5442704601775e+06  -7.1983749435419e+05   1.2823148869086e+05  -1.6244410505047e+05   4.4131070498754e+05   2.0201445407746e+04  -2.8620502983342e+05   4.7937664977138e+05   1.8574626031307e+05  -2.7026000365615e+05   9.2477031743834e+04  -4.0591021549977e+05  -4.4047121185741e+05   1.7279464196436e+05  -6.9915846531033e+05   5.1521337614418e+05  -4.0271421640886e+05   2.4089798906747e+05  -2.8390978289066e+05   7.8015480796853e+04   2.2860088256444e+04  -1.0326904611279e+05   1.6710566667778e+05  -3.8648158226327e+05   1.6944825087846e+04  -5.5577114114344e+04   2.3346640942138e+05  -1.6797023527272e+05  -5.6665938681263e+04   3.9333512664117e+05   1.6679370597441e+05  -1.7375526099446e+05  -1.7479431120756e+05   5.7564121656205e+04   9.2184072418538e+04   1.3759864021528e+05   1.1653133703574e+05  -4.2225489397187e+04   2.1482285201189e+05   2.5732976799648e+05   3.9368008129695e+05   2.9606252144251e+05   1.0233082401368e+05  -5.6078457670826e+04  -2.0932607144826e+05   7.2110914484090e+04  -7.1328338697630e+04  -5.9806326168638e+05   1.6706311701503e+03  -6.0555208618460e+05  -2.6150844904632e+05  -2.6136708504489e+05  -3.1336441394620e+05   6.4286637822974e+04  -2.5110575406653e+05  -1.4404500280381e+05  -1.0640919878795e+05  -2.8440114707130e+05  -1.3961560820911e+05   1.9110164455066e+05  -1.0076740734523e+04  -4.1720122010946e+05  -3.1015349557373e+05   2.3353972704321e+05  -6.9407826657981e+05   1.9617087818128e+05   7.5091484092823e+04   1.6277473593005e+05   2.8469570641113e+04  -2.5123696752607e+05  -1.7730796134154e+05   1.6413524554167e+05   1.9867621551136e+05   1.4846155794102e+04  -1.7622844546201e+05  -1.2104085715343e+05   8.4659833505524e+04  -8.0922497944757e+04  -9.4593258433714e+04   1.4462697280702e+05   3.0922818946714e+04  -1.6205656048484e+04  -2.6665455751852e+04   1.1367164495562e+05  -3.0179425429059e+03  -1.2144237082855e+05  -7.4903532571088e+04  -4.3745477903819e+05   1.3687722228345e+05   2.0965448219857e+05   7.1407545801365e+03  -9.5348353785525e+04  -1.3954275415051e+04   5.3961216522278e+04  -8.2663153903681e+05   7.1097896492875e+05   1.4745738187738e+05   2.6888157407202e+05   1.9412252000601e+05  -7.8540063023181e+04   2.8917959483186e+04  -2.0979421993011e+05   2.9687119014254e+05  -1.1632458437962e+05   1.9286732863108e+05  -7.6529321276330e+04   1.8243119946602e+02  -3.7370887376791e+05   4.1822374295256e+05  -1.2980756938727e+05   1.4222625948698e+05   4.4758903310994e+05  -5.5465162312716e+04   1.6913640188567e+05  -6.3375745658881e+05  -7.3748223080262e+04   3.0449146763965e+05   1.7953728879299e+05  -3.5980418481859e+05  -1.1350959632000e+05   1.6708828012909e+05  -6.9370086034337e+04  -4.8584618942752e+04  -2.3944275272951e+04   1.2286116420729e+05   3.3010293625631e+05   6.3575129895261e+04  -1.1435710005723e+05  -1.3894001768423e+05   6.1030717428442e+04  -3.0397285437191e+04  -5.2586064249515e+04   1.2986161256055e+04   1.6105743954476e+04 
 -3.5945506051858e+05  -5.6084366928115e+03   3.7953327656118e+05  -2.1257817211585e+05  -3.1228630294823e+05  -1.1026475894943e+05   7.6036854335331e+05  -2.3540578801858e+05  -4.4275948758437e+04   5.1504387355949e+05   1.4905074145092e+05  -2.4622335307776e+05  -9.4734820268113e+04   1.0885398259689e+05  -1.9532078433617e+05   6.8004673124643e+05  -7.1983749435419e+05   3.5493389538986e+06  -1.1298614558430e+06  -6.8516956516479e+05   8.4676102955267e+04   3.3536872072122e+05   4.7021758614025e+05  -4.3358634173526e+04  -1.5007303259761e+05  -5.1728120362062e+03  -7.7988813119079e+05  -3.1130413182647e+04  -8.6727228597347e+03  -3.0121069654603e+04   1.1820278453960e+05  -8.1754910819064e+05   1.0602354698324e+06  -2.1265960895875e+05  -9.6966752826118e+05   3.0399106645119e+05  -3.5684826753246e+04  -7.2974221613352e+05  -8.3121802668323e+05   4.0787560019526e+05   2.7384040602820e+05  -5.2698875461207e+05   1.4341008428673e+04  -3.6963735655418e+05   1.9130288751455e+04  -2.7819535792539e+05   2.0335380178522e+05   6.6077843630134e+04  -8.0504428112349e+05  -1.3403442621239e+05  -7.2714442167481e+05  -3.1895883150924e+05  -1.2488877391518e+05   7.6118911872001e+05  -1.7130953156681e+05  -3.6505011892325e+05  -5.4812884245131e+05  -2.0488824799154e+05  -3.5371245223061e+03   5.7248376271779e+04   2.9054932178249e+05   3.8764450516989e+05   4.9944539504309e+05  -5.1673892535376e+05  -3.5224799462241e+05   4.0692944233555e+03   2.2718419515287e+05   2.2725563007737e+05  -3.6887871110146e+05  -1.8951734731874e+05  -2.2053598692001e+05   1.2470265295520e+05  -4.0931747686711e+04   3.4996844363188e+05   3.1802227260581e+05   1.3957333924298e+05   3.4167621472710e+05  -1.4963424742483e+05   5.7166705487814e+05  -4.5683171291061e+05   1.5926271716093e+05   7.1796611487742e+04   1.2583438303557e+05  -1.5019491183751e+05   9.9474932143415e+04  -5.3698221426342e+04   4.8243332899763e+05   6.9899837349346e+04   2.9646072719604e+04   2.9717940736817e+05   5.2224075877467e+05   7.8302994006665e+05   6.8379754922833e+05  -1.7280907366136e+05  -3.8543439333854e+05   2.1443886904167e+04   5.8953965184269e+04   4.2009392943756e+05  -6.0666342082030e+05  -2.9418426492884e+05  -2.9434373398420e+05   1.8923772594191e+04  -3.1090648030020e+04   1.1075060419728e+06   3.1602987552828e+05  -1.9097799466888e+05  -2.6673283882982e+05  -4.9079531189834e+03   5.6338262769112e+04  -5.1730354588235e+05   7.3358292411846e+05  -1.6568894357785e+06   3.1236277537101e+04   1.3149443281700e+05   7.6727685678636e+04   3.7340145743593e+05  -6.5916050329834e+05  -1.6264027517523e+05  -7.7869336922713e+05  -1.4897373521465e+05   3.8391003036717e+05  -4.4425409394432e+05  -3.8122500099656e+05  -8.3604018707985e+05  -3.6645459762977e+04   3.9364897567663e+04  -5.2093720317016e+05  -1.8866166417794e+05   5.6688569568344e+05   3.3760741975927e+05   1.0688373887286e+06  -4.0876148945840e+05  -4.7872924887784e+05  -3.5454017759383e+05   5.9842125790444e+05  -2.2419287878426e+05  -1.4974803534998e+05  -1.4802942058173e+05  -4.3044688630905e+04   5.4805061570936e+04   1.0509723235845e+05  -1.6506790150075e+05  -7.2713133116043e+04   8.2826913547516e+04   1.1988813660873e+05  -1.1583290794372e+05   5.2098862100863e+03   1.4330655460683e+05  -2.7191135310037e+05   1.4349960298541e+05 
  3.1755932736275e+05  -2.8910081197806e+05  -1.3929732674179e+04   1.5144816139552e+05  -1.3337255655172e+05  -1.5370260938067e+05  -2.4653138549739e+05  -5.2466922210159e+04  -3.8614857019349e+05  -2.1669527425354e+05   1.8650130094455e+05  -7.7393896478226e+04   3.4590223867311e+04   1.3023355363207e+04   3.5307851646405e+05  -7.6404189036651e+05   1.2823148869086e+05  -1.1298614558430e+06   2.6310645575312e+06   3.9170725222579e+04  -4.8417129872401e+05   2.3023801512003e+05  -1.4628451746686e+06   8.4388851928602e+04  -1.3588719310445e+06  -3.9689565964067e+05   9.2198424768547e+05   3.6696568673680e+05   1.1559536907936e+06  -7.1248332750217e+05   7.1863185548902e+05  -2.3842814469312e+05  -8.6981073478728e+05   4.2980896213563e+05   5.1635668628566e+05  -1.7475350208326e+05  -4.2699056930132e+04  -2.8187938370791e+05   5.2529383482948e+05  -4.6316901849077e+05  -3.5134845138802e+05   5.2930576723579e+04   1.7820903318123e+05  -1.5947980468436e+04   3.2932458998841e+04   5.0152945061726e+05   2.2283922131653e+05   4.9192811832083e+05  -9.2270437730369e+04  -1.3386735816025e+05   1.5255469250760e+05   1.1298615716387e+03  -1.3417235659473e+05   2.7635435745050e+05   3.7963272608072e+05   3.8621108052230e+05  -4.6141640528383e+04  -1.4883508995372e+05  -3.3157753454816e+04   3.0466275077569e+04  -5.6642753767279e+04   4.0870978446409e+04  -5.1588150277122e+05   6.5224110811110e+05  -1.2932271837633e+05  -7.2086029741489e+05  -2.2989015042625e+05  -2.2984014319301e+05   2.5887530155005e+05   1.0950265043613e+05   3.5410881059044e+05  -3.6688733440684e+05   7.6370177492977e+04  -4.1091700117280e+05  -2.9970610435832e+05   1.0208195692679e+05  -2.4964456402564e+05   2.6822720130385e+04  -4.6685443990644e+05  -8.7066886886566e+04  -3.9697727334385e+05   6.7882380498353e+04   2.7447662606421e+05  -1.4915961452767e+05  -4.4591681262240e+05  -4.9177680703971e+05  -4.3621815762724e+04  -1.1167757912454e+05  -9.1023104755317e+04   2.3175917003136e+05   4.0013876446184e+05  -1.3140418372872e+05  -7.1573776529853e+04  -3.3871349649363e+05   8.6964434892085e+04   2.8577006998426e+05   5.0452538192586e+05  -2.9187888265213e+05   2.4211336765292e+05   3.3649268119344e+05   6.9345519076268e+04   5.6466191317593e+05   2.4468785488452e+05  -4.9909212869245e+05  -8.6543869476285e+04   5.9994668770297e+04  -1.0074844581009e+05  -2.5340074544072e+05  -3.1434379571958e+05   7.3747129435892e+04  -8.5436158328909e+05   1.0539417716616e+05   3.3990419900559e+05   3.4546625666648e+05   3.5400760836162e+05  -7.3172729463513e+04   5.9265166600155e+05   5.4819723601805e+04   4.3631580257500e+05  -3.7378663179725e+05  -3.0668166575143e+05   2.5833654882584e+05   2.2966953772874e+05   4.5304614903599e+05   4.2483983134686e+05  -2.8789699534599e+05  -4.4156945700934e+03   3.2540048047216e+05  -5.7097074884872e+05  -4.5255560385805e+05  -1.0044491852761e+06   2.6040144877519e+05   2.7557625483770e+05   3.5359437200327e+05  -1.2913273109663e+05   3.4150547648890e+05   1.1241129522504e+05   2.9360977715319e+05  -8.4715325394437e+04  -2.1205619227003e+05   3.9609753499000e+04   8.7193944265151e+04   2.0871728038722e+04  -2.3790871717591e+05   2.3465899243270e+03  -1.4526860837170e+04   2.0279858168737e+05  -9.7426633451653e+04   2.4436166877117e+05  -1.6058044647277e+05 
  7.0624072245157e+04  -6.9359409938267e+04   8.5521997087072e+04   1.4146304803604e+05  -1.1023223770167e+05  -1.4951940414886e+05  -7.0874838338376e+05  -1.3354560803863e+04   6.7054325693039e+05   6.1404305171035e+05  -7.3241995151109e+05   9.9323900108616e+04   2.3125312057692e+05  -7.7262842201505e+04  -4.3810936573942e+05  -3.7927568135554e+05  -1.6244410505047e+05  -6.8516956516479e+05   3.9170725222582e+04   2.3151214827855e+06  -6.3895876766484e+05   3.8169666063039e+05   2.7130554133556e+05  -7.1394171769358e+03   3.8377533102165e+03  -9.6210597544956e+05  -4.2445019144459e+05   3.3633518685734e+05   8.1788783467151e+05  -4.0702932504501e+05   2.3853894412056e+05   3.3318306291236e+05  -4.4748382684544e+05  -1.3456721973774e+05   4.2806433405409e+05  -6.6770441761861e+05   2.4132660211695e+05   1.9645788118920e+05   7.7967529478022e+05   3.3215261996662e+04  -3.5169957125080e+05   1.0993019068060e+05  -1.3896197401021e+05   5.8043282551079e+05   1.6555871388813e+04   3.9992813727861e+05  -1.5992639231855e+05  -4.8772913005072e+05   9.7828079637787e+05  -2.9154116061792e+05   8.4822009610200e+05   3.7341881758596e+05  -2.5228794574655e+04  -2.5145593047369e+04  -3.9104562680121e+05  -2.5129610335816e+04  -2.4951127101034e+05  -3.4011761974906e+05  -2.3810507621689e+05  -9.9080870072177e+04   1.7079094418473e+05  -6.2521815445471e+04   4.3045969851721e+05   5.2004855579496e+05   3.4747008467878e+05   4.6360548542047e+05   8.3520978523014e+05   8.3508437977872e+05   2.3348796842504e+05  -5.0238835099699e+05   5.2987594442367e+04   2.3444072369167e+05   4.6083117091080e+05   4.3898235359792e+05   8.5964479128876e+05  -6.6406141021570e+05  -4.2033925918922e+05   1.4892132047951e+05   1.4149261112676e+05  -2.2977124469627e+05   6.6565499820513e+05  -8.8341403089689e+05  -1.7038012811897e+05  -1.5420472860507e+05   6.2603897293267e+05   2.0766104648335e+05   9.0143823626334e+04  -2.4101223491835e+05  -6.1193213036938e+05  -2.9158874245214e+04  -3.9452227975194e+05   2.3983076287045e+05  -2.7430762591990e+05   3.1026259673489e+05   8.9999851584096e+04  -6.1422107328385e+04   2.6507231726734e+05  -3.7796251738415e+05   2.4301021588178e+05  -2.7040047442190e+05   8.5586454750721e+04   3.9008481031896e+04   2.9936348448386e+05  -4.2703449483593e+04  -5.7193781644430e+05  -4.1717099441323e+05  -4.3533366273287e+03   2.8328652960631e+05   1.8664164260085e+05   2.0274376053147e+05   8.5889821385669e+05  -3.9024963648944e+05  -6.1299376876732e+05  -1.9679264838111e+05   2.7947903393853e+04   2.3882698285514e+05   1.2792907056788e+05  -1.4007122898643e+05  -1.8885238201654e+05  -2.6438834504918e+05  -4.8492650840106e+05   2.7725768528315e+05   7.6974988180520e+05   2.5202727120888e+05   4.4792553198795e+05  -2.4383168224909e+04  -2.6778130472447e+05  -1.9947362512745e+04   4.7047946859532e+05  -6.8506893292770e+05  -9.8397276697984e+04  -9.4951411679562e+05   3.2482926819559e+05  -8.2303976091281e+04   2.4483362467551e+05  -2.4596909564176e+05  -1.0969887254877e+05   1.2191623585282e+05  -3.5823648179001e+04   1.1530947798136e+05  -6.7840412243153e+04  -1.0706109420283e+05  -6.1599822895488e+04   2.9135612083293e+04   1.4603001163529e+05  -1.1254762372468e+04   2.1492461771343e+03   2.3441422257818e+04  -3.2783930663696e+03  -3.2466051340769e+04 
  8.6086375231329e+04   2.5664543415618e+05   1.3491180470490e+05  -1.2540075640217e+05   2.2790725817643e+05   4.9728151186759e+04  -4.7895205819251e+04  -3.2342718621961e+05  -5.6698481481520e+05   6.8683522018882e+05  -4.2331888045229e+05   3.9839081477783e+05   1.4246948589298e+05  -6.3895182287199e+05  -4.5673242047563e+05  -3.0499740509102e+04   4.4131070498754e+05   8.4676102955266e+04  -4.8417129872400e+05  -6.3895876766484e+05   2.1661988044725e+06   7.2367450897217e+04  -1.3837558707804e+05   4.8302191356233e+05   7.5888451098690e+05   7.2054855064973e+04  -4.9416626601632e+05  -1.6178313047977e+06  -6.6652517140454e+05   4.7726122290914e+05  -5.0129651256828e+05   8.4391467935867e+05  -1.8213782767540e+05  -1.6152923151395e+05  -4.3653143177307e+05   2.5961176849078e+05   1.7652155538777e+05   6.4788883815380e+03  -4.6846106464016e+05   2.2131989028740e+05   5.0072229217321e+05  -2.6831622418966e+05  -7.4757777905770e+05  -1.4764624235119e+05  -1.9100858009999e+04  -3.1618617144464e+05  -1.8225540106167e+05   2.6167587182272e+04  -2.2553336650955e+05  -2.3684937051562e+05   8.9441579471694e+03  -2.5960996039446e+05   2.7832021202114e+05   1.4606735662700e+05  -5.2172684775661e+05  -5.7303661375221e+05   4.1483764273719e+05   5.5241229680061e+05   5.8088654654962e+05   4.7516393982625e+05   3.0543481881204e+05   3.1963733282447e+05   1.9166516067939e+05  -7.0612467112679e+05  -3.7546502713503e+04  -2.6168724271707e+05  -2.1998251034938e+05  -2.1957406863287e+05  -4.9065874868405e+05   8.4767887156848e+04  -2.7036052019076e+05   2.1952071819371e+05  -1.9057827896899e+05   4.3052605607683e+04  -2.8203439866870e+05   1.2912592745334e+05   2.6827554686147e+05  -1.1687810434577e+05   9.8901201152287e+04   1.3925339772549e+05   5.0231676562950e+05   7.3999669041771e+03   7.6712566945840e+04   4.3242591691715e+04  -1.4831758160580e+05  -1.7104680527414e+04   7.4677139654111e+04   6.8816875121170e+04   1.9861330877572e+05  -4.2644859023552e+05  -4.2885665535503e+05  -6.6347219442326e+04   7.1014580141652e+04  -3.7167420590469e+05   1.8964961594398e+05  -2.3771734731449e+05   1.7976403099400e+05   1.3308488325539e+05  -5.3785645068924e+05   2.3439823985021e+05  -2.8537615931424e+05  -1.3661766624521e+05   1.5569943053790e+05   2.4586255139738e+05   4.4221434301891e+05   6.7872175591846e+04  -2.8867525814640e+04   1.8646062410493e+05   3.5199166016038e+05  -3.7121941621245e+04  -2.0704447485037e+05  -1.7603357387587e+05   5.3599687024217e+05  -3.7959069837597e+04  -1.6067708956631e+05  -1.3946100794025e+05  -4.4245657952670e+05  -2.7803427148642e+05  -1.3354228217552e+04   2.6702910017625e+04  -3.0188464450906e+05   2.3186207209241e+05  -4.1553211846588e+05  -3.4567347596470e+04  -1.1670822663155e+05  -1.8790769121369e+05   3.3482713060932e+05   3.2821825824460e+05  -1.9178892284298e+05   7.0299423352130e+05  -5.0241582322038e+05   7.1145011096750e+05  -1.7628944662239e+05   2.8138256959650e+05  -4.0981960263189e+05   3.0041741233034e+05  -2.1158265654690e+05   1.1580312384760e+05   2.3050561140982e+05  -3.0981031876352e+05   5.1235987186155e+04   2.1520032971399e+05   1.1482490910605e+05  -7.0838502497323e+04  -2.0771003063059e+05   8.6400348800358e+04   1.7521737778595e+04   5.9246677198366e+04  -1.9999784907883e+05   9.6805343525310e+04 
 -2.2694714323538e+05   7.8837852164402e+04   1.4178305049364e+05  -4.8152880180932e+03  -7.4162570073619e+04   1.3789214528745e+05  -2.1402026337318e+05   4.7503693235859e+04   2.7429086433870e+05  -5.7951688446535e+05  -2.3876669879418e+05  -7.0301964053036e+04   2.4184710938170e+05   5.3785701109116e+04   3.1551013871384e+05  -9.8129325047692e+05   2.0201445407747e+04   3.3536872072122e+05   2.3023801512003e+05   3.8169666063040e+05   7.2367450897217e+04   3.8040923337233e+06  -5.4791120006465e+05  -7.8457222322574e+05   2.1531106130173e+05  -1.5165120178692e+06  -6.6523486935066e+04  -1.7586601475639e+05   3.0235605155285e+05  -3.4965156068717e+05  -9.7645005179723e+05   2.1855632678685e+05  -4.5880243339485e+05  -2.8068812559680e+05  -5.1913086387129e+05  -2.6562434979644e+05   5.6986131916018e+04  -2.9549620954913e+05  -1.8867304768200e+05   1.6590536309768e+05   6.3626981398579e+05  -6.3798077517607e+05   4.1654950733041e+05  -9.2793128103933e+04  -1.6355275323387e+05   3.5783278362270e+05   4.7481496736418e+05   3.2738036738690e+05  -2.1479166116787e+05   2.2308192093534e+05   4.0899217644911e+05  -1.0948074032391e+06  -4.4154033991990e+05  -6.6618082148102e+05  -7.5260667337474e+05  -5.0997859979351e+05  -1.3596492675257e+05  -1.9038467087884e+05  -7.3700496439435e+04  -2.0091802026611e+05  -1.0030659795988e+05  -3.0169002309551e+05  -1.3480497652261e+04  -9.5998789082429e+04   1.0320778348934e+05  -3.5728255503359e+05   3.9110813195240e+05   3.9133040341131e+05  -3.9082241946500e+05  -1.2010818789252e+05  -1.1111508038398e+05   2.7092110474780e+05   2.8193762434370e+05   2.4581044580180e+05   1.8985089361922e+05  -3.5687591281751e+05  -1.5447313499435e+05   1.9842840194163e+04  -2.3222300475253e+05  -6.4680861879319e+05  -2.2397919437827e+05  -4.9952349747294e+05  -5.6082468344328e+05  -1.4806031313870e+05  -3.4386617928898e+05  -6.1613778500143e+05   6.0865524690529e+05   9.0262149003231e+04  -1.0021790394263e+05   5.1626156079164e+05   2.3823978481528e+05   1.2182051897934e+06   7.4664872793731e+05   4.5759051202404e+05  -1.0521580300553e+05   6.5276040292264e+05   5.9415770426324e+05   8.1443274859325e+05  -5.7370814728073e+04  -5.5052717371908e+05  -6.2677206165806e+05  -4.3254514949067e+05  -2.3664859690132e+05   2.4337223075602e+05  -3.2643902830251e+05  -4.1740886362600e+05   7.1164721205668e+04  -1.1232903285189e+04  -1.2966807874146e+05  -7.3990794535950e+05   2.8587266835328e+05  -5.0407832757946e+05  -3.8546864640111e+05   1.2554631731246e+05   1.3534896204638e+05   8.7838367103086e+05   1.0650169201476e+05  -2.6506375223463e+05  -2.9699739800551e+05  -7.1988137955083e+05   3.8093184229528e+05   1.0914137440587e+06   4.8363224542270e+04  -4.1548497616386e+05   8.4958056013257e+05  -1.4558487721407e+05  -3.8570826867765e+05  -4.8916076030869e+05   6.4047046659766e+05  -4.9028552959883e+04  -3.9693040228984e+05  -3.9139362434167e+04  -1.1389154917216e+06   1.9141716748940e+05   4.3199764693541e+05   6.8592363091374e+05  -1.3202348828455e+05  -3.8673467438183e+05  -1.2361190113161e+05  -3.0533707523342e+05  -2.4626132007348e+04   3.4667139907552e+04   1.0166307574345e+05   3.8001680600414e+04   6.5617636067571e+04   7.7720622183600e+04   1.0450784066120e+05   2.7880799199166e+05  -1.2204049367673e+05  -1.1092441144533e+04 
 -4.7204734279241e+05   4.2672269666427e+05  -1.7462440982395e+05  -2.9288656377374e+05   3.5271844999378e+05   2.3064611107752e+05  -5.7739653379245e+04  -1.3618910058532e+05   3.8461523560610e+05   5.1699487719830e+05   1.8860921591792e+05  -5.1145027167074e+05   4.6536660223646e+04  -6.9818852769695e+04  -1.6645906210160e+05   9.0068316019389e+05  -2.8620502983342e+05   4.7021758614025e+05  -1.4628451746686e+06   2.7130554133556e+05  -1.3837558707804e+05  -5.4791120006465e+05   1.8490464548667e+06  -4.1139654960599e+05   4.4369991593244e+05   2.6026871371958e+05  -6.1086831435090e+05   7.4652485935515e+04  -1.0233019790776e+06   1.5486747213348e+05   7.2052675005847e+04  -3.1765820962639e+05   6.4248639461234e+05  -3.9226881340938e+05  -1.2834057193482e+05   5.9365605133394e+04   4.1814010258664e+04   4.9175091532931e+05  -3.5649388066037e+05   2.5536894968749e+05   2.4212797075530e+05   1.6295789883252e+05   3.3005028208538e+05   1.2761470295481e+05   4.6804346986759e+04  -4.2786521809209e+05  -2.7529012973304e+05  -1.9093714289177e+05   5.0732724532805e+05   9.7567482163384e+04  -1.0140051649849e+05   8.6747543051809e+04   3.2511065426207e+05  -2.3534735137951e+05   8.9653500150685e+04   6.8261591537339e+04  -4.8831623537351e+04   2.2642846652716e+04  -5.9104691501427e+04  -2.5679553077980e+04   7.9938176608812e+04  -3.4730312074993e+05   8.2994804194226e+04  -2.4610418294350e+04   5.6774238979334e+04   5.6635972699177e+05   2.3302511323352e+05   2.3270260650411e+05  -1.9322212518007e+04  -6.0595111930449e+04  -2.0480169603660e+05   1.7487627582892e+05  -4.8298210689883e+03   2.8705681108082e+05   2.5220662111109e+05   4.1864829159093e+04   2.0796648048465e+05   1.8934245761835e+05   4.3983257701085e+05   1.0693001438489e+05   2.5179295623447e+05   1.4911993857775e+05  -1.4746854552808e+05   1.3847859697260e+04   4.2986493521519e+05   3.2573619863645e+05  -1.7536574849404e+05  -4.9414560860384e+03   5.5933567949495e+04  -1.7215047314617e+05  -1.1894999752492e+05  -2.1381550181106e+05  -1.7790574306655e+05   6.5849929985749e+05  -6.5648851882257e+03  -3.7198998508803e+05  -3.9462577228808e+05  -2.0245858069457e+04  -7.4008850696001e+04  -1.2321160091459e+05   1.2626481702037e+05  -4.8697968450738e+05  -4.7423628365742e+05   2.6030697978362e+05  -2.1857395772780e+03   1.0653612513175e+05   2.1416547958461e+05   3.4413735436483e+05   2.7829813163464e+05  -1.1247446459940e+04   8.9993414162240e+05   1.5547392638266e+05  -3.7218974070099e+05  -4.7955059111317e+05  -4.3401890846647e+05  -9.1859455221403e+04  -5.0474881023586e+05  -2.8882263484872e+04  -2.9001075113360e+05   2.6043598009394e+05  -5.1054794187514e+04  -2.7560614132748e+05  -1.6675287067819e+05  -2.6218158200924e+05  -1.1522751876735e+04   3.1747894089459e+05  -3.3147916582245e+05  -2.3735172200031e+05  -5.1918265970759e+03   4.6140707518211e+05   9.9341498322982e+05  -2.1173039875683e+05   1.2435728216348e+05  -3.1798476295196e+05   2.0861997922359e+05  -4.9399543626233e+05   1.4211186324315e+05  -1.0523321121764e+05   4.4547358893959e+04   2.1929116871988e+05  -2.1849637082578e+05  -1.4608693160539e+05  -1.9091335773100e+05   1.8755010530548e+05   7.3653629832528e+04   4.9481076611807e+02  -2.3996204992607e+05   1.3276742183865e+05  -1.4285678882006e+05   8.2279388442829e+04 
  5.7471345053871e+05   1.0802994572063e+04   9.2389681535465e+04   2.0285498077178e+05   2.9754532170673e+04  -2.1490533582149e+05  -2.1134691939366e+05  -3.8491104675163e+05  -2.7812537503089e+05   5.0101549973323e+04  -8.6054890269116e+05   1.4747877465744e+06   2.2919042953912e+05  -5.5915383784246e+05   1.1274297373234e+05  -3.8719418150660e+05   4.7937664977138e+05  -4.3358634173528e+04   8.4388851928605e+04  -7.1394171769364e+03   4.8302191356233e+05  -7.8457222322574e+05  -4.1139654960599e+05   4.0536275964699e+06   3.3916652193766e+05  -1.2049543994519e+06  -4.7608643794422e+05  -5.9766867532967e+05   1.8618816704805e+05  -3.9544031387551e+05  -1.5517091331599e+06   4.2953639267695e+05   1.3032972324662e+05   2.8543170760874e+05  -4.4498447812917e+05  -1.5613791505649e+05  -1.8709355782314e+05   2.4230867239240e+05  -2.1907568655095e+05  -1.4061070152743e+05  -9.4679143431991e+04   3.8726112555483e+05   5.7808177303206e+04  -1.8402756812767e+05  -6.8205996028244e+04  -2.5798426397324e+05   3.6622476848566e+05  -5.8182532002898e+05   2.7736536505325e+05  -1.0371779617290e+06   2.4721392668970e+05   2.1413009459212e+06   3.1229128214942e+05  -5.2255715507635e+05  -1.6057342242551e+05   9.4600737165781e+04   6.2802989479856e+05   5.3699645999447e+05   2.8139432773422e+05   7.6391441520565e+04   2.3352661189509e+03   2.5682842071374e+05   2.2280264421543e+05  -1.4657394809444e+06  -1.6750864309026e+05  -5.4472529369000e+05   5.7674303637432e+04   5.7899360305693e+04  -7.1548466930133e+05   1.4471693621779e+05  -4.7453185336344e+05  -3.8111419064208e+04  -7.9936909424299e+05  -3.9072967347387e+05   4.8162546255051e+05   5.9786704764981e+05   6.6982554527797e+04  -1.7946129781360e+05  -4.5882424288335e+05  -1.4074204115440e+04  -3.4965275301547e+04  -8.8386281038450e+04   3.0939068666823e+05  -5.5361886422363e+04   8.3733614862661e+05   2.7231586004852e+05   1.0732449820952e+05   3.1677394798394e+05  -2.1960035348953e+05  -2.3183440476907e+05  -7.2255547219927e+05  -4.1012273317357e+04  -6.8266067371671e+03  -4.9309475347567e+04  -7.4732493043886e+05  -1.3972832497338e+05  -2.9933425744499e+05   2.5127286663852e+05  -6.3571047748239e+05  -1.4852903571470e+05   4.8079384419738e+05   9.4670994797883e+04  -1.6504938222447e+05  -4.7080903063131e+05  -1.3191382103036e+05  -5.1869449671008e+04   1.6276608958184e+05   5.8281469772689e+05  -5.9719058202126e+04   3.8592466253238e+04  -8.0021717700353e+05  -1.0460463945292e+05   5.5663018897608e+05   5.1175104451440e+05   5.1703637183152e+05  -1.9447926737192e+05  -2.9254260507840e+05  -1.7779764301913e+05   3.8293604835781e+05  -2.9120352636509e+05  -2.3575960285631e+05   2.6710514673998e+05   7.7371917487943e+05   5.3650651140720e+05   1.8005559058643e+04  -6.4721347655645e+05  -1.6196818205855e+05   4.3102385464120e+05  -1.4627594296881e+05  -5.7145056678553e+05  -2.9458983260411e+05  -3.5694196361797e+05   1.2614378973123e+06   8.4871867127734e+04   8.7108464747882e+04  -8.2990400395870e+05   1.6281064775532e+05  -1.3666693487206e+05   1.2801125530584e+05  -1.4664616983382e+05   2.3592894506507e+05   3.0881748555558e+04   1.6655230327697e+05  -9.0049713572377e+04  -6.9824631301795e+04  -1.0881891105515e+05   1.7816468617857e+05  -1.7596216394101e+05  -7.1994703272912e+04   3.2862540901264e+04 
 -5.6937529235162e+04   3.0438278328242e+05  -2.9143977027339e+04   7.4698581725187e+03   1.1311989645457e+05  -8.7486820878427e+04  -9.2583448752187e+04   5.2078360404749e+05   5.1769714101253e+04  -1.0759802175744e+05  -4.9450567066733e+05   1.9675593348368e+05   3.1093630469041e+05  -2.0379932434901e+05  -6.0106155388312e+04  -1.3446056766959e+05   1.8574626031307e+05  -1.5007303259761e+05  -1.3588719310445e+06   3.8377533102177e+03   7.5888451098690e+05   2.1531106130174e+05   4.4369991593243e+05   3.3916652193766e+05   3.5091703912930e+06  -2.3425957154963e+05  -1.7239755882729e+06  -7.0439008116041e+05  -1.2450674012073e+06   1.1799023467453e+06  -1.3704479069421e+06   8.1524733220315e+05   2.3818179427157e+05  -8.1299550289500e+05  -5.8247352831312e+05  -5.4370100703315e+05  -7.8448099400661e+03   3.0248192424857e+05  -3.1188303714231e+05   7.0126149482086e+05   7.7016256217349e+05   2.9566204179968e+05  -9.9226507720495e+05   9.2187538304570e+04  -1.6362807424581e+05  -2.9293704587358e+05   1.9678896704242e+05  -8.2417832558613e+05   2.5095228550399e+05   1.0059076719318e+06   4.5442816114935e+05  -5.1003170776767e+05   3.3971794631060e+05   1.3238192189837e+04  -5.6953039693066e+05  -3.4180184892984e+05   1.5814897537135e+05   2.5613212364827e+05   6.0941533279084e+04  -1.4142184234023e+05  -1.3385886143663e+05  -7.0032597900657e+05   8.7508591087742e+04  -8.1032516653631e+05   2.2268620113638e+05  -4.2946050648331e+04   3.6245048526683e+05   3.6235942522066e+05  -3.4587895252885e+05  -1.1586925698320e+05  -6.2416396183035e+05   3.9918389251818e+05  -8.0251335386548e+04   3.7481225376209e+05   3.6861653968350e+05  -2.2089966247514e+05   1.3607888849903e+05   3.3906008406467e+05   2.7466020539868e+05   2.9800892476701e+05   9.7118433398171e+05  -2.4063061014097e+05  -2.4057537429872e+05   3.3000281226945e+05   5.2419550188207e+05   3.8463650891485e+05   1.0031570899464e+05   1.0607145241686e+05  -2.2635715397393e+05  -2.6327504478963e+05  -6.2249971458126e+05   3.1896133217427e+04  -9.1805140622887e+04  -1.4535701415689e+04  -1.7952274939775e+05  -1.8817761404910e+05  -3.0398263641441e+05  -3.4243804845251e+05  -1.3835686022163e+05  -3.0923247648155e+05  -4.6613000389239e+05  -7.0680121883941e+05  -3.5658154452171e+05  -1.2765832910342e+05   1.5147582874026e+05   6.7644458099666e+04   4.1399847666997e+05   5.7837290421623e+05   3.3426307656967e+05   2.2388360285836e+05   7.6865796507346e+05   1.2581097165484e+06  -2.5143639757865e+04  -3.3991416192201e+05  -2.4710061759224e+05  -1.4787531396708e+05  -5.7697080631166e+05  -4.6124757503922e+05  -1.1151518715270e+05  -2.1930361417323e+05  -3.2475377572114e+05   1.3478550217177e+05   3.6073937237033e+05   2.0303634872767e+05  -8.3502515671657e+05  -2.3151771179992e+05   9.5356683187211e+04  -1.6716386305232e+05  -2.4781550925582e+03  -1.5152980769907e+05   5.6442356513981e+05  -1.0993290166349e+05   2.2630455516697e+05  -8.3907917938361e+04   3.5940614076895e+04  -3.1003994451667e+05   2.0665139463468e+05  -3.2042864517522e+05   7.3121650094960e+04   1.6631338672567e+05   1.5897838955744e+05  -1.8785991688619e+05   3.8967800797522e+04   1.9464862920293e+05  -8.1148704797558e+04  -2.6419227989627e+04  -4.2336932213607e+04   2.7381938213562e+04  -2.2633717734130e+05   9.0470511823208e+04 
 -2.9379098149143e+05   1.3421143106338e+05  -4.4225204647471e+04  -3.4048918137534e+05  -9.5844030000148e+04   7.3821799329168e+04   7.9779084595637e+05  -1.9681195090121e+05  -4.8091449220689e+04   5.6135679235891e+05   3.5936656548695e+05  -6.3206798355897e+05  -2.7161201833423e+05  -1.1484979812630e+05  -1.3922384682348e+05   1.1337675316913e+06  -2.7026000365615e+05  -5.1728120362059e+03  -3.9689565964067e+05  -9.6210597544955e+05   7.2054855064974e+04  -1.5165120178692e+06   2.6026871371958e+05  -1.2049543994519e+06  -2.3425957154963e+05   3.7206806668132e+06   1.7968419430117e+05   3.2757068054148e+05  -1.9089527701999e+05   1.3508583252242e+05  -2.6338572705695e+04  -2.0568805029217e+04   4.1967752664588e+05   1.7899971981214e+05   2.1155700991939e+05   8.1177122214833e+04  -1.4852550546275e+05  -5.4782487715143e+05  -7.7448361655804e+05  -4.0478131621323e+04   1.4657498221094e+05  -7.7581018972871e+04  -5.9732661896163e+05  -3.8921144042008e+05   1.2290678821446e+05  -6.4985759391216e+05  -4.6373301066399e+05   6.6480548985589e+05  -9.9114781866049e+05   4.6919465789473e+04  -1.0747167363667e+06  -6.1530245854940e+05  -2.3692881149352e+05   1.1116222903192e+05   8.3557289309155e+05   4.0079568381859e+05  -1.4229449685436e+05  -6.4570875072301e+04  -9.2277223352468e+04   4.3134508120309e+04  -2.5861528138340e+04   2.4612410459483e+05   1.9790331823998e+05   2.4562620445388e+05   1.2441829569450e+05   5.5269598152870e+05  -4.0316789674971e+05  -4.0330605761046e+05   4.7700275191697e+05   3.2567288788969e+05   3.3777044360928e+05  -1.4863019835926e+05  -1.3089376972194e+04  -2.1039212982981e+05  -3.4474057348768e+05   2.0164124198072e+05   2.6863440250633e+05  -3.5438726405685e+05   1.5715844240106e+05   3.1512622475311e+05  -5.3105339766447e+04   4.7311822214050e+05  -2.0742439338142e+05   1.5060128626185e+05  -3.8735588415818e+05  -2.6058655539115e+05  -8.7606928194555e+04   5.0378465822210e+04   3.6024920022320e+05  -4.2735266423642e+05   6.5831497910090e+05  -2.0829303661519e+05   3.1767491031990e+04  -9.7192871342024e+05   2.5900434427966e+05  -4.8317754164499e+05  -5.5089375643919e+05   3.6509906968213e+05   7.6736586239558e+05   3.9458942882531e+05   1.7778512651995e+05   1.7900663295177e+05   9.9632165658654e+04   1.9712154065804e+05   3.8255705341549e+05   3.0806576891034e+05   9.9460197364449e+03  -2.6624028122271e+05  -2.1842347532947e+05   8.1394333607307e+05  -1.9878717526298e+05   3.1553157199972e+05  -1.7632726150808e+05   3.8174752587471e+05   3.1069805301395e+05  -7.0231143707358e+05  -1.4950088162451e+05   4.3526267407971e+05  -9.1911241689205e+04   5.6502518495616e+05   4.3644241307859e+05  -9.0398739344431e+05  -4.0047820266214e+05   5.5668896666652e+04  -9.9569601281385e+05   3.9789011740277e+04   2.5370066383833e+05  -4.3327680873929e+05  -1.4048867025457e+05   3.9659187318922e+05   5.8713770147103e+05   4.8130472398235e+05  -4.6222517842002e+04  -2.0118918144034e+05  -7.8999924815547e+04   3.0740923729534e+04  -1.0955582017351e+05   1.4843597316926e+05   2.3406236221379e+05  -1.1728299866843e+05  -1.0476452636649e+05   1.3324146876798e+05   7.1203468566335e+04   3.2628359396900e+04  -2.1228693093864e+05   8.3850751435897e+04  -1.8877676540727e+05  -2.4706007654829e+04  -4.5311601557585e+04   1.1868690548596e+05 
  9.7824690235304e+04  -7.2959136334574e+05  -4.2445236780895e+05   1.0107028499142e+05   3.3139451677144e+04   3.3325425772304e+05   2.3596239675412e+05   8.6132501947156e+05  -4.7793477729047e+05  -6.7186083286680e+05   5.1950443635194e+05  -9.4920987301228e+04  -3.1045455086797e+05   2.3029963962167e+05   4.1348760436690e+05  -4.5068888043042e+05   9.2477031743834e+04  -7.7988813119079e+05   9.2198424768547e+05  -4.2445019144459e+05  -4.9416626601632e+05  -6.6523486935067e+04  -6.1086831435090e+05  -4.7608643794422e+05  -1.7239755882729e+06   1.7968419430117e+05   3.2808279225461e+06   6.1842673129774e+05   3.0738776894124e+05  -7.9446908207612e+05   5.8108985969866e+05  -4.4933077717285e+05  -8.6166352149283e+05   6.0494536038930e+05   6.3417314732724e+05   1.6002404685922e+04   1.4221710022532e+05   5.4518093912478e+05   7.2166224925893e+05  -7.4542458790190e+05  -2.9842191188999e+05  -1.6980394094083e+05   1.7372305142044e+05   7.3673894465272e+04  -8.3632404500531e+02   2.7957873927875e+05  -5.8192269915321e+05   3.9207349356626e+05  -2.1044321071179e+05  -3.6931080233275e+05   1.1912680236397e+05  -8.0603772273553e+03  -3.2901481768646e+05  -1.3029320802609e+06   6.4636178298554e+05   5.8366597803168e+05   6.4834271124752e+05   5.1556057018518e+05   4.0672237191044e+05   3.0718043194634e+05  -6.2109048367718e+04   3.6205668723826e+05  -4.4765901770631e+05   8.8764660156301e+05  -3.0022279125701e+05  -6.4376476848576e+05  -8.5616743299158e+05  -8.5605064115703e+05   2.3931780432446e+05   2.4033794285086e+05   1.7866981756935e+05  -5.0302659965778e+05  -3.0779314463016e+05  -7.1920952797291e+05  -1.0136598526683e+06  -7.5058247683941e+04  -2.0055322371461e+05  -2.9310739744576e+04  -6.3009586266845e+05  -9.3500725769966e+04  -5.9551039403422e+05   1.7091451189150e+05  -1.9150735659329e+05  -8.8470005297902e+04  -9.1372546587795e+05  -6.3481050707325e+05   8.6625502182104e+03   1.1884165848842e+05   3.2909747346576e+05  -1.4543372894670e+05   4.0220322428607e+05  -2.2358379350373e+05   2.6826294513823e+04   3.9518225829915e+05   4.5715968039379e+04   9.8377234360291e+04  -6.4228256256282e+04   4.2520686145818e+04   1.5718145527963e+05   5.8825503719338e+05   3.5923806300960e+05   4.9703108272942e+05  -4.8234841735067e+04  -6.7917430964974e+05  -2.0243192925849e+05   1.1715124061964e+05  -1.4414014253833e+05  -5.3836719624195e+05  -1.7426607824464e+05   8.2667825266581e+04  -4.9972488933943e+05   4.2741606831052e+05   4.0117123924300e+05   3.8874020867577e+05   2.8802692199705e+05  -2.7836685472418e+05   8.7283331119713e+05   8.4876058181063e+05   6.2449983945258e+05   4.7359482295662e+05  -1.7133034777405e+05   5.6115167083889e+05  -5.4356551320681e+05   6.4618414533671e+05  -6.8336007648680e+05  -1.6042791179139e+05   5.6351274765484e+05   1.6017090315370e+04  -4.0071291948310e+05   8.3607198362687e+04  -3.0731090092355e+05   2.4357133977379e+05  -1.8119380145659e+05   3.9761473020198e+05  -6.7041047220651e+05   4.0777916072537e+05  -2.3518710695133e+05   5.1231868891303e+05  -3.3376215680419e+04  -1.6445263572459e+05  -1.2096641887416e+05   1.2103920156258e+05   7.0524469955271e+04  -3.4870475082634e+04  -1.6284145434076e+05   4.3346682869798e+04   2.1141720736452e+05  -1.8702314165007e+05   3.1492258685553e+05  -9.7717717690786e+04 
 -1.7025385908311e+05  -1.5104673567362e+05  -3.2043226367337e+05  -4.5072134194912e+04  -6.7182595375843e+04   5.0722600100091e+04   1.0958552511657e+04   3.6809125303151e+05   4.8270084224673e+05  -4.3070719686754e+05   2.6651234686196e+05  -2.0640485907147e+05  -1.8611884130692e+05   2.1055232540436e+05   1.8917718215165e+05   3.7013654154708e+04  -4.0591021549978e+05  -3.1130413182648e+04   3.6696568673680e+05   3.3633518685734e+05  -1.6178313047977e+06  -1.7586601475639e+05   7.4652485935516e+04  -5.9766867532967e+05  -7.0439008116042e+05   3.2757068054148e+05   6.1842673129774e+05   2.0067102253786e+06   3.8431174119846e+05  -2.0935090806974e+05   5.5299241731992e+05  -6.2983773517151e+05  -1.2015141111475e+05   2.4485090612682e+05   5.1810742822980e+05  -2.2910199899276e+05  -1.0195242111671e+05  -3.4425368265388e+05   4.0629268764332e+05  -4.3571670708265e+05  -1.2079157631267e+05   1.1668395450850e+05   2.4884837249612e+05   4.0938848575834e+05  -2.9504471295990e+04   2.1307540300341e+05  -4.6790942178742e+05   1.8739349702614e+04   2.6695588028570e+05   1.4099396977605e+05   1.9298303265875e+05   9.8851040206529e+04  -1.5800637546117e+05  -5.9402383179397e+05   3.6551443772092e+05   3.3977985924568e+05  -1.7857883126759e+05  -2.5212631556042e+05  -2.8867997014209e+05  -2.1807054907191e+05  -1.5348418652995e+05  -3.0077898141124e+04  -8.1873909482801e+04   6.1148625910305e+05   8.0058093020390e+03   1.3130216120889e+05   3.8106352175583e+04   3.7824944332295e+04   4.9749450316254e+05  -2.9631069015516e+04   3.0030696228710e+05  -2.1102710930472e+05   1.6037115145384e+05  -7.3691198957938e+04   1.2027274973982e+04  -1.7657497144801e+05  -2.0292400660658e+05  -3.4170305264315e+04  -4.6080537419443e+04  -1.7558171134633e+04  -4.7125825620864e+05  -6.6061127226032e+04  -3.6670364689076e+05  -4.3829808603812e+04  -1.9167288474790e+05   7.5188876828538e+03  -7.5270622496261e+04  -5.6075399406119e+04  -7.1007568368778e+03   6.3508006147904e+04   5.6565826422745e+05   2.6291893924395e+04  -9.4250738596508e+04   1.7725283290180e+05  -1.1382881069169e+05   6.9848304120245e+03  -9.0370201595023e+04   8.1416659107614e+04   4.0878061747031e+05  -4.8104151326269e+04   5.8233261340796e+04   2.3376377387063e+05  -4.7867642237492e+03  -7.8917324144258e+04  -2.1965293011850e+05   4.0426860687115e+03  -8.3401513510317e+04  -3.4152513736057e+05  -1.3663747683429e+05   1.1093171606116e+05   1.0554089788762e+05  -4.9180379477880e+04  -3.8913738205946e+05   2.0397661469814e+05   2.6126174498206e+05  -2.4511790737439e+05   4.5417756204080e+05   4.4266543083989e+05   5.7570652406471e+04   2.2016465789472e+05   8.8410804777385e+04  -2.0701231090077e+04   1.7943221386715e+05   4.5053296028099e+04  -4.2417073210069e+05   3.2410309899705e+05  -9.6185948709889e+04  -7.3228564217060e+04   4.1033668018936e+04  -4.8194581218525e+05   6.6725220709418e+05  -5.1253645043436e+05  -1.0397261628849e+05  -2.4740939818286e+05  -2.9482390683528e+04  -1.7755778282340e+05   2.2651330583146e+05  -3.4017531321900e+03  -6.6565654423988e+04   2.5114458358680e+05  -3.0725144880930e+05  -2.9536793604094e+04  -1.3598366805528e+05   1.5716970792235e+05   1.4156009889144e+05  -8.0679298350055e+04  -8.7827752549907e+04   5.1352270624019e+04   1.8612658720391e+05  -9.4100383629943e+04 
  4.7322727463894e+05  -9.0029250580474e+05   5.3008695855177e+05   4.5179538027709e+05  -7.9895985462570e+05  -4.2624283015203e+05   1.6394320448234e+05   8.6641461310232e+04   9.8194103460148e+04   3.7819768035343e+05  -1.8883749011505e+05  -7.9940525670887e+04  -3.6838171294008e+04   2.6595391843699e+05   3.6012896681374e+05  -9.2070344269153e+05  -4.4047121185741e+05  -8.6727228597341e+03   1.1559536907936e+06   8.1788783467151e+05  -6.6652517140454e+05   3.0235605155285e+05  -1.0233019790776e+06   1.8618816704804e+05  -1.2450674012073e+06  -1.9089527701999e+05   3.0738776894124e+05   3.8431174119846e+05   4.4443128661186e+06  -1.6223119411271e+06  -4.9142883204526e+04  -1.0370782876020e+06  -2.6105224530406e+05   2.9661729111229e+05   7.8714175685840e+05  -1.0256767530289e+06   1.8276764608786e+04  -2.0522565034954e+05   6.6033951419574e+05  -1.2542836282927e+04  -8.1927769590176e+05  -3.1580147562255e+05  -8.5094174438683e+05  -3.0683631118406e+05   1.1214459698152e+05   9.3435500982618e+04   3.5159740047475e+05   5.5616845879913e+05  -2.6896148320264e+05  -6.9377436481745e+05  -1.3327691383750e+05   1.3315161142169e+06  -4.3227969139707e+05   1.4213493723433e+05   2.2547915739127e+05   7.3251994599640e+05  -2.2944641961179e+05  -3.4207440349184e+05  -1.2995830475278e+05   2.1263938412796e+05   5.0602381975412e+05   1.0936726054568e+06   9.1360447416210e+05   8.7343551062558e+05   3.6658245883389e+04  -4.7374678927929e+04   6.7629036323322e+05   6.7612682347490e+05   2.7399173459745e+05  -4.6394979867951e+05   4.0835608422779e+05  -2.9434907965707e+05   7.8159601845219e+04  -4.0784060696406e+05   9.0879833242035e+05  -2.6105359718772e+05  -6.5327828645353e+05  -4.0492988711867e+05  -7.8806448562434e+05  -7.5472594402520e+05   7.4160494517647e+05  -1.0279684533018e+06   6.3148731693808e+05  -4.9393981631268e+05   2.2985830646217e+05   2.1860181046799e+05   5.2347588964396e+05  -1.5866792837378e+05  -9.6937639160325e+05   1.4873954910956e+05   5.9622485421931e+05   4.0639974165967e+05  -1.6441217718119e+05  -4.7022707293998e+05  -3.2234414168552e+05  -1.9836187301527e+05   1.3609307707440e+05  -4.1989642239063e+05   1.7671884159029e+05  -8.1708397175367e+04   4.9785334080217e+05   8.1545061530707e+05   1.6255489082047e+05  -4.0156072066447e+05  -7.4967500544775e+05  -3.5871641042833e+05   1.5659384825058e+05   2.3686535580457e+05  -1.1543690818864e+06   2.9642075991462e+05   2.6543673696856e+05  -7.6615818796560e+04  -1.8895352448211e+05   4.9865997277914e+05   7.9912985122927e+05   1.8479898573175e+05   6.5370109061073e+03  -3.4654175115562e+05  -3.9067558487068e+05  -7.8522784187068e+05  -2.8884651235947e+05  -2.0680627474737e+04   1.2575425394319e+06   1.3204531259887e+06   9.0569632162249e+05  -5.4736016603640e+05  -4.6812857142699e+05  -6.0783277049366e+04  -6.9307151787042e+05  -7.3473471060794e+05  -1.4166592504372e+06  -6.3737984611564e+05   8.4829141718373e+05   1.4171045368975e+05   7.9591903196959e+05   2.8366257321749e+05   3.8838992563206e+04  -5.2748758271928e+04  -2.6479892322726e+05  -4.8831325312329e+04  -2.7234427263506e+05  -3.8335858925519e+05  -1.4822233926784e+04  -1.4351809032201e+05   3.4345403931361e+05  -1.3323103753021e+05   4.0559589487378e+05   1.0861623830501e+05   2.1378589743895e+05  -1.6464274563111e+05 
 -1.3733628511036e+05   2.1345159253346e+05  -7.0480706967834e+04  -1.3321287461110e+05   4.7565691826273e+04  -1.6780156986683e+05  -8.7921033344377e+04   2.9279893914872e+05   2.0341722574130e+04  -5.6470436957396e+05   1.6498701913392e+05   2.2526674670433e+05   1.0769181425409e+04  -4.5489661028178e+03  -4.5096909613251e+05   2.0172767169161e+05   1.7279464196436e+05  -3.0121069654603e+04  -7.1248332750217e+05  -4.0702932504501e+05   4.7726122290914e+05  -3.4965156068717e+05   1.5486747213348e+05  -3.9544031387551e+05   1.1799023467453e+06   1.3508583252242e+05  -7.9446908207612e+05  -2.0935090806974e+05  -1.6223119411271e+06   2.0939518552040e+06   1.3764178978902e+05   3.7890673641609e+05  -1.0144439344170e+05  -1.5368098902672e+05  -1.0752558458185e+06   4.3336847778987e+05  -1.5548867423107e+05   1.1352005563542e+05   2.7508860075377e+05  -4.2068104065979e+05   4.5872052676722e+05   4.1554448095826e+05  -6.0672387596048e+05   3.5229220732190e+05  -7.8542890384854e+04   6.5861579478146e+05  -5.3905622647442e+05  -1.1500039233762e+06   1.9125675317416e+05   4.1642953312066e+05   5.1397369759736e+05  -8.0696003099182e+05   6.0399689156156e+05   3.3677360279473e+05  -3.9088075714914e+05  -7.6818133264247e+05  -2.0011346904254e+04   1.2411262104009e+05   8.4511484663814e+04  -5.2086161980096e+04  -1.7384012648412e+05  -1.1056237539399e+05  -2.0174411280554e+05  -2.7125952768725e+05   1.5659451055274e+05  -2.1919167036676e+05  -5.4201260736455e+05  -5.4197911231439e+05   2.1738405212492e+05   3.7502993563507e+05   8.8508982973060e+04   4.8793719819860e+05   2.8146178786849e+05   5.6508238115491e+05  -8.1112595399444e+05   1.4053815475024e+05   4.7132077568378e+05   5.4678526348709e+05   6.8906537870537e+05   6.7349015593179e+05  -3.5447494760523e+05   2.9733945821902e+05  -3.5574805253913e+04   4.2792025079988e+05  -4.2706452563822e+05  -7.5192604258931e+04  -4.9964431883214e+05  -4.6921400903406e+04   5.6916223677739e+05  -8.0478901117118e+04  -4.6736492251181e+05  -5.6636737322329e+05  -2.5933142974607e+05  -1.6336378759735e+05   3.4556968487038e+05   6.9833701344800e+04   2.6346809785905e+05   3.3353018765398e+05  -2.0535458269593e+05   2.6866360308873e+05  -5.0461337680260e+05  -1.6540605265221e+05   4.3703737919313e+05   3.8733695738515e+05   5.7161245925537e+05   7.9709116213173e+04  -5.3875222056995e+05  -3.2504590869117e+05   7.0356123331294e+05  -1.0794028021884e+04   3.8743567336975e+05  -4.4458746176442e+05   4.1874148068496e+05  -3.8023990187301e+05  -5.1768810898320e+05  -3.3761301151811e+05   2.5257176286726e+05   1.6696537317791e+05   1.5886983398820e+05   5.7304865103366e+05  -2.2144027112019e+05  -4.9707936824524e+04  -6.8946694354336e+05  -8.6677311580382e+05  -8.9426514037009e+05   3.0524426963274e+05   3.8393250351040e+04   7.8184318657870e+04   2.4834712380152e+05   4.1533367069651e+05   8.9278610402239e+05   4.2269137752735e+05  -5.0674851122362e+05  -9.0368733188868e+04  -3.5079831546908e+05  -1.3026793884413e+05   1.7821004719765e+05  -3.8354339439364e+05   4.1776515720442e+04   2.1116357189523e+05   2.3972478364153e+05   2.7680165473466e+05  -4.8640303651027e+04   8.5834083075057e+04   1.2350653947704e+04  -5.4092294620329e+04  -1.8809546017872e+05  -4.3579675505933e+04  -1.6771540906613e+05   7.3822426592323e+04 
 -1.2627806774829e+05  -1.5668702777325e+05  -1.9885691710185e+05  -1.1500433350660e+05   3.2587121894064e+05   2.2094618457763e+05  -1.2699856887810e+05  -1.2310302184598e+05  -5.8840934764105e+05   4.4803596274018e+05   5.8664955951170e+05  -7.2980341799060e+05  -2.0328425840981e+05   3.0247273694438e+05  -2.6977282157662e+05   5.0327136988725e+05  -6.9915846531033e+05   1.1820278453960e+05   7.1863185548902e+05   2.3853894412056e+05  -5.0129651256827e+05  -9.7645005179724e+05   7.2052675005848e+04  -1.5517091331599e+06  -1.3704479069421e+06  -2.6338572705695e+04   5.8108985969866e+05   5.5299241731992e+05  -4.9142883204524e+04   1.3764178978902e+05   4.3184355876521e+06  -8.5720420588491e+05  -6.9536340082561e+05   3.5802921345034e+05   1.1169854262957e+06   2.0549849459581e+05   5.7847832207411e+05  -6.0272393219594e+05   4.6471801218476e+05  -3.2855582570150e+05  -8.4175559444533e+05   1.8379904765050e+05  -2.4539779794965e+05   5.9901007119695e+05   2.6637154419043e+05   1.1848239120903e+05  -2.3881973005933e+05   1.6446948329786e+05   3.4150763836823e+05  -4.2463749828476e+05   6.6695000799163e+04  -6.5549366733759e+05  -3.5996509839754e+05   9.7991716574746e+05   4.7186014666426e+05   1.3925461672204e+05  -6.4147693976308e+05  -4.4939098656893e+05  -1.0992711220441e+05   2.0534562910763e+05   2.1995043974574e+05   7.9616002662970e+04  -2.7627722134834e+05   9.7760829077386e+05  -5.8929668464962e+04   7.1782648365630e+05  -2.7673597675477e+05  -2.7684486975437e+05   1.7652868493634e+05   1.5100006635186e+04  -4.1614446636128e+03   3.1074318489410e+04   7.1817096103128e+04   4.1389598541040e+05  -4.8717239276773e+05  -2.8938257907183e+04   1.3633083036592e+05   2.5257379288185e+05   7.0425485940671e+05  -6.8646650636440e+03   1.4447088134680e+05   4.0476491469003e+05   4.2399588314457e+05  -2.3545458868652e+05  -4.7393552562018e+05  -4.8620777474991e+05  -2.1237793399745e+05  -4.0716955600957e+05   1.0370418265111e+05  -4.0911851314238e+04   6.6516630334562e+05  -3.7509134926692e+05  -3.9306839128508e+05  -2.6503904587265e+04   4.1190363586641e+05  -2.0783505425685e+05   4.5034058034131e+05  -5.7017164216971e+05  -3.3983994939646e+05   2.7049769793056e+05  -2.5542689384660e+04   6.7320432326008e+05   7.9877248709248e+05   4.2829835307645e+05   2.7001144218757e+05   1.2582309248081e+05  -3.4847994649468e+05  -4.4867815579997e+05   2.6076545349550e+05  -3.0986520116484e+05   1.8949840279493e+05  -4.3678426620991e+05  -1.2683469679291e+05  -4.1022762249614e+05  -4.4367624647449e+05  -2.1601245853145e+05   6.2903120159832e+05   1.7864683485627e+05   3.1387845125344e+05   2.4449225328475e+05  -3.7429811716959e+04  -5.0390112980461e+05  -3.6695261043458e+05  -1.5896899170400e+05  -4.1335256128807e+05   6.1233971031077e+05   3.7753262892553e+05   6.6530305974796e+05  -1.6577733836126e+05  -1.6294819304515e+04   2.0663221069446e+04   6.7781548432052e+04  -4.6646662909239e+05  -1.4296603828723e+05  -6.6439112438662e+05  -3.5550242966220e+04  -1.2322749314745e+05   4.0177633037718e+05  -5.2657627918203e+04   3.5506316214315e+05  -5.2470470650931e+04   2.3931685676477e+05  -9.2553255108101e+04  -2.8808547466465e+04   4.1094315276170e+04   5.7351155658719e+04  -2.3953359295591e+05   1.0497828407853e+04   8.8507843651181e+04  -1.6145282074361e+04 
  2.2923416610275e+05   6.1499854217274e+05   3.2260746206755e+05   7.1977466597153e+04  -9.5091765146760e+04  -3.2262383577668e+05  -5.5492888720282e+05  -5.7452123353949e+05   3.6444278755626e+05  -6.9870167956830e+04  -6.3372360955628e+05   9.1295357144918e+05  -3.1209202905994e+04  -3.7167427796533e+05  -1.5784375932251e+05  -2.5669077441810e+05   5.1521337614418e+05  -8.1754910819064e+05  -2.3842814469311e+05   3.3318306291236e+05   8.4391467935867e+05   2.1855632678685e+05  -3.1765820962639e+05   4.2953639267695e+05   8.1524733220315e+05  -2.0568805029216e+04  -4.4933077717285e+05  -6.2983773517151e+05  -1.0370782876020e+06   3.7890673641609e+05  -8.5720420588491e+05   2.6562498253558e+06  -1.5023696908944e+03   4.8745210893608e+04  -3.8196630862258e+05   1.8483255514850e+05  -4.7118986323129e+05  -2.3306464587571e+05  -5.0093854214103e+05   1.8557986895925e+05   2.2408473534089e+05   4.5201916846840e+05  -7.0816968137271e+04  -1.1899167712607e+05  -1.7432364399553e+05  -3.0939807060844e+04   3.3275868644329e+05   3.1583233880639e+04  -2.3199315166348e+05  -2.1697845510718e+05  -9.0535343412594e+04  -1.1345983209702e+05  -5.0857620766027e+05   3.4468058990490e+05  -1.2781667243495e+06  -1.1516851522092e+06   1.6666401682758e+05  -1.0568915122156e+04  -7.4026944258407e+03  -1.5487376731724e+04   1.0489934099365e+05   5.8279496252850e+04   2.1189570342685e+05  -7.0106736612855e+05   8.1340886669158e+04   1.7903332113298e+05   4.9851895078707e+05   4.9918669887848e+05   5.2757746752204e+03  -5.3486499336206e+05   1.2149098162310e+05  -1.1910540891775e+04   3.5804049736734e+05   8.8774999052224e+04   6.3939184655833e+05  -6.2739855470582e+05  -3.2342474256284e+05  -5.8371522308258e+05  -6.8994396298633e+04   3.5426813795264e+05   2.9035169882110e+05  -5.6040915887747e+05  -6.3450924631474e+05   3.3011709602015e+05   6.2390036245550e+05   5.8219222215353e+05  -7.5508737865218e+04  -1.6160391487786e+05  -2.0522919139547e+05  -4.0106097438816e+04  -4.1408143872531e+05   1.3585362296986e+05   1.0297238026465e+05  -5.4507813557200e+05   1.8158009086747e+05   4.0601411413911e+05  -4.5678093678464e+04   5.7335897384044e+05   3.9641429093920e+05  -4.2835554895078e+05  -9.2062461239906e+04  -6.2252826672702e+05  -1.6579780072074e+05   5.3841290808542e+05   7.0034866596703e+04  -6.1297559131953e+05  -3.0585515769711e+05  -1.5082604763114e+05   3.6150763736624e+05   3.8149812782862e+05  -8.2090042107103e+05  -6.6148255091055e+05   1.8814585316862e+05   2.5394732081812e+05   1.8121485571021e+05   4.7239460062468e+05  -8.9619643452512e+04  -1.6273360247349e+05   1.5667633028045e+04   2.3770670745138e+04   2.8178637854062e+05   5.3167748685602e+04   3.0342620117591e+05   4.0579682239709e+04   2.8757682240317e+05  -3.8759967916816e+05   6.4408682676086e+05   2.4387663509314e+05   3.3348267304723e+05   4.0475798784144e+05  -6.3416039242967e+05   1.7709902376757e+04  -6.1023514198604e+05   5.6980841182385e+03  -3.7874195615187e+05   3.8131080346165e+05  -6.7737602607522e+05   2.4022547869955e+05   3.1553306883322e+05  -2.8929387535401e+05   1.3889052253548e+05   5.7354993239388e+04   2.8187907687164e+05   1.3719251426420e+04  -3.9531995335212e+05   1.2502098536279e+05   2.2493242120787e+04  -6.5847280505922e+04  -7.3301970722399e+04   5.6980476229010e+04 
 -1.4907015550204e+05   3.0036906542127e+05   3.2016048443476e+05   3.1171170067718e+04  -6.7385341194854e+04  -2.1798994215925e+05   5.0061444959677e+05  -4.4055770729788e+05   5.0321543155734e+05  -2.4131797972945e+05   1.1073886012253e+05   4.6508995569511e+05  -2.5565485856031e+05   1.2925600045766e+04  -2.6665156558779e+05   1.3531616749198e+06  -4.0271421640886e+05   1.0602354698324e+06  -8.6981073478728e+05  -4.4748382684544e+05  -1.8213782767540e+05  -4.5880243339485e+05   6.4248639461234e+05   1.3032972324662e+05   2.3818179427157e+05   4.1967752664588e+05  -8.6166352149283e+05  -1.2015141111476e+05  -2.6105224530406e+05  -1.0144439344170e+05  -6.9536340082561e+05  -1.5023696908961e+03   2.7255675365027e+06  -5.4650206350717e+05   6.7244557678134e+04   4.0704567096967e+05  -1.2572181813932e+06   3.6406158303970e+05  -1.5269517090129e+06   7.5949354456547e+05   1.0804796112119e+05   3.6864592317334e+05   6.7367952508449e+05  -4.4707921983289e+05  -9.0792589747918e+04  -1.7670802332600e+05   1.3979421049556e+05  -2.2107393076366e+05  -2.3424017555928e+05   1.8846933767968e+05  -9.9211903997266e+05   2.2989035247634e+05  -8.7619543855241e+04   2.9045443963673e+05  -4.2332919944166e+05  -4.3330629620441e+05  -2.1223772923288e+05  -2.8033698423949e+05  -3.3174426721046e+05  -2.2593651922562e+05  -2.0812988527569e+04   3.1004334601888e+05   4.0509602167825e+05  -4.1131373398041e+05   4.3265313543853e+04   7.7314132420681e+05   9.3509720032015e+04   9.3438328606447e+04   5.0275537851004e+04  -1.5507154947547e+05   7.4322748085785e+03  -7.8241881996967e+04  -1.0366921667476e+05   1.4987784088379e+05   3.3435322352947e+05   2.1407841157934e+05   5.4000685586240e+04  -2.1373996931757e+05   2.1605413435142e+05   2.3932637988344e+05  -2.4037262336922e+05   3.4371038972472e+05   2.3244137860990e+05   1.2652985907196e+05   8.3451845078159e+05   5.2151736500089e+05  -4.0382949033114e+04   1.5118303415061e+05   7.0646098545613e+04   2.7647717571683e+05  -2.9951967935087e+05   2.3378031733060e+05   3.9551832232543e+05  -6.3402114870983e+04  -2.2634210386411e+05   1.7129587146082e+05  -9.6465917761405e+05  -2.3307987052961e+05   1.5691315584174e+05  -5.5506957627596e+05   4.9315694345029e+05  -5.8722520193006e+05  -3.0224378107690e+05   3.2442184204192e+05  -7.5908307050712e+04  -1.1300571432388e+05   2.4803130087472e+05   2.8604568802099e+05   3.3740522506030e+05   4.1094736742921e+04  -7.8307177978243e+04   3.6566403334464e+04   1.5115691770785e+05  -2.7553658159904e+05  -3.3573502237102e+05   2.8597290487112e+05  -5.4734053501197e+05  -2.8447425474249e+05  -5.5469544076944e+05   1.3891257639923e+05   4.1787816342401e+05  -6.1887861019262e+05   5.6277931514933e+04  -6.3395234508357e+05   5.3066580040630e+05  -4.2596777758703e+05  -1.5650302119181e+05  -1.9922194429289e+05   4.2555974450354e+05   6.0757200889167e+05   8.3074163151410e+04  -1.9403503304037e+05   1.1021099200948e+05  -2.6880530833207e+05   3.7359532205537e+05  -2.5719826624174e+05  -3.4826197381608e+05   9.6371683437584e+04   7.9282534003371e+04   3.5192509731341e+04   1.9409612892569e+04  -2.9496318448459e+05  -1.3319589386928e+05   6.6525763270015e+03   2.3185757047628e+04   2.0547994877291e+04  -1.6726296767848e+04   1.1742281909385e+05  -1.8403395288033e+05   9.1940392441206e+04 
 -4.3769961757490e+04   9.0837326853016e+04  -4.3623882559155e+04  -1.8658096757846e+05   1.1856462671094e+05   2.6024786128523e+05  -1.0197179384457e+05  -2.9791399112536e+05  -2.0619924191054e+05  -3.1684540179811e+05   2.1295344782697e+05   2.0324862985712e+05  -1.9676187776884e+04   6.1436189363469e+04   4.2915302574379e+05  -5.0357491870439e+05   2.4089798906747e+05  -2.1265960895875e+05   4.2980896213563e+05  -1.3456721973774e+05  -1.6152923151395e+05  -2.8068812559680e+05  -3.9226881340938e+05   2.8543170760874e+05  -8.1299550289500e+05   1.7899971981214e+05   6.0494536038930e+05   2.4485090612682e+05   2.9661729111229e+05  -1.5368098902672e+05   3.5802921345034e+05   4.8745210893609e+04  -5.4650206350717e+05   1.5148682747272e+06   8.8740176256330e+04  -7.3503574931070e+04  -1.2039258168817e+05  -5.5027503551278e+05   4.5667251936725e+05  -1.4279306383385e+06  -4.8955145843603e+05   1.3675051838922e+05   2.2555479098345e+05  -7.3507197264163e+04   1.6905123523506e+05  -2.3916603166096e+04   2.3360760711233e+05   2.4436129377415e+05  -2.5188201642602e+05  -4.1227505271610e+05  -2.3433809611599e+04   3.2373573821854e+05  -1.3666743040954e+04   2.0483555372726e+04   3.0438825426689e+05   2.1980186258220e+05   1.9855771424977e+05   8.0168103155785e+04   1.9893740746308e+04   3.7204520886101e+04  -2.4739523465943e+03   1.9171600802613e+05   2.4180983283763e+04  -2.6147142787779e+05  -2.0595053647489e+04   2.1970137840483e+05  -3.9844176764140e+04  -3.9692028378369e+04  -2.4131694441334e+05   3.9375779130793e+04  -1.1856159678276e+05  -6.1201371028260e+04  -4.4236602129944e+05  -2.1685053341786e+05  -1.0870818952669e+05   5.4806169999615e+04  -5.8630172192927e+04  -1.4364589816683e+05  -2.5212824599904e+05  -2.1582435130792e+05  -4.9459505366518e+05  -2.5210276679182e+04  -7.7017916099356e+04  -6.1763897145627e+04  -3.4380151205252e+05  -5.0987518713438e+05  -1.1225854677148e+04   1.2292132750257e+04   4.3554292307327e+04  -1.3492141143495e+05   2.4978228192519e+04   1.1800962604143e+04   1.3040551510765e+04  -2.3335772693926e+04   2.5776207202178e+05  -2.7151429856637e+04   3.5919866426939e+05   5.0615219600214e+05   3.2812439604552e+05   4.0724868752813e+05  -1.2583712702389e+04   2.2442161690472e+05   1.8652376509573e+04   2.3723218661484e+05   7.8854163932651e+04  -2.5286573710581e+05  -6.1849769882448e+05  -5.6574102864680e+05  -4.9197120033615e+05  -8.8310005948855e+03  -5.4545690540815e+05  -8.2353664144405e+04  -2.9173202925783e+05   4.9171205174191e+05   4.5233645161076e+05  -1.5009584016253e+04   3.4472287340656e+05   2.3565065245983e+05   2.8323438588652e+05  -1.7450483857001e+04   5.1438882232726e+05   6.8522962540408e+04   1.0106667580724e+05   1.0070233589601e+04  -5.2783613163159e+04  -2.0581593213201e+05   1.7867773675851e+05   1.2135840857117e+05  -9.2740778861610e+04  -1.1040313644070e+05  -2.2838786823171e+05  -7.5680275506147e+03   3.5274079430267e+05  -1.0466071288103e+05  -1.0479813358002e+05  -1.0454137343843e+05  -6.2416818108591e+04   1.9342471955471e+05   5.4390051419727e+04  -2.4417238866970e+04   9.2759340457925e+04  -6.0048007862727e+04   1.7803943784904e+05  -5.6006271288437e+04  -1.8815260223424e+05  -7.0263031002208e+04   1.0306569935301e+05  -2.2181962920432e+05   1.4404914801136e+05  -1.4809147312463e+04 
  3.8011911592252e+05  -3.6782458108467e+05  -3.9634347006546e+05   4.3666406708228e+05   5.7226526472602e+05   5.3703326690565e+05  -3.4166328411492e+05  -3.0304419220129e+05  -2.5887467446034e+05   2.1463773046649e+04   3.9206382855623e+05   8.0615209808154e+04  -4.9494241551093e+05   2.4057871133021e+05   1.3324396092461e+05   3.5717915696328e+04  -2.8390978289066e+05  -9.6966752826118e+05   5.1635668628566e+05   4.2806433405408e+05  -4.3653143177307e+05  -5.1913086387128e+05  -1.2834057193482e+05  -4.4498447812918e+05  -5.8247352831312e+05   2.1155700991939e+05   6.3417314732724e+05   5.1810742822980e+05   7.8714175685840e+05  -1.0752558458185e+06   1.1169854262957e+06  -3.8196630862258e+05   6.7244557678132e+04   8.8740176256329e+04   3.9552677141762e+06  -3.8503706963624e+05   2.0684087538272e+05  -7.2227032586241e+04   8.0974596283010e+04   3.8941445634844e+05  -7.5085987311520e+05  -1.6852814801459e+05  -9.3726046020270e+04   1.1707062506387e+06   1.1928035948908e+05  -2.4559541992586e+05  -3.6701084625726e+05   9.9692221308775e+05   9.0499568646447e+05   1.0784356742141e+05   4.6687343192765e+05   3.2999042810262e+04  -6.0311241906642e+05  -3.0071301700305e+05   1.9954967940858e+05   5.3608569845826e+05   9.1073047841414e+04  -2.3854600462837e+05  -2.8399744747458e+05  -1.0841090403595e+05  -2.2328827428857e+05  -1.4813396245805e+04  -1.4342570782611e+05   4.7286695207882e+05   3.8266077071959e+05   1.9051906814034e+06  -5.0111144536401e+04  -5.0263865413207e+04  -1.0323658610857e+04  -4.2337715555063e+05  -4.5667231682555e+03  -2.0364138593779e+05  -1.5313496212929e+05  -8.0186326755561e+03  -1.0074439473182e+05  -3.3973368864255e+05  -4.4239482230538e+05  -4.4733235057131e+05  -2.2517239467041e+05  -2.1358236474591e+05  -1.8388715095015e+05   2.1552312693637e+05   1.7450107847231e+04  -3.1868044264775e+05  -4.1770616711753e+04   3.2170784091367e+05  -9.1841707207014e+04  -1.6315041639766e+05  -1.9689225667602e+05  -3.8868070955707e+05  -2.3715376160288e+05  -7.5284412979117e+04  -3.7938216775612e+05   4.7927731283666e+05   3.2341202130431e+05  -2.3481704979767e+05  -5.4606026102800e+05  -1.1990656042973e+06   4.9570601017894e+05  -2.8359611069318e+05   2.0954614449092e+05   2.3966327629493e+05   6.5109275549607e+05  -3.9200360811720e+05  -2.6810534975964e+05   2.7657970988650e+05   4.5744919186625e+05  -1.5820435999380e+05   1.6498299624005e+05   3.6400457182591e+05  -8.6699771366920e+05   1.9084252472365e+06  -1.2957756784853e+06  -1.6467654775244e+05  -1.5884189217273e+05   7.4571065282331e+04   1.0628237411312e+05   1.0605058627456e+05   1.6636826932806e+05   5.1433019629548e+05   3.2124251560212e+05   4.1421368444302e+04  -4.4582027615773e+04   9.3646104876208e+04   4.1704348871498e+05  -1.0640932760711e+05   8.2357921299496e+05   4.1770926673439e+05  -3.0106138222431e+04   2.6587700567662e+05  -1.1411523615910e+06  -2.7724115222403e+05   6.4553759552995e+04   3.6194571505781e+05  -7.8803373291569e+05   3.3937441970663e+05  -6.3711199196272e+05   5.8121353281879e+05  -2.0831465878552e+05   2.7874976619323e+05  -2.5980963989969e+05  -5.8526129439210e+04  -1.3200107278278e+05  -4.4129663238963e+04  -3.4828439157808e+04   1.9174625066535e+05  -8.0828286032051e+04   7.8939775762374e+04   1.7712444383934e+05  -7.8014402552452e+04 
 -4.0949767436888e+04   3.4304391978019e+05   1.5783347958359e+05  -8.3175531311588e+04   1.2676839123971e+05   5.0888141994892e+04   4.3595870616075e+05  -1.4776314876461e+05  -8.2453576330312e+05  -2.1599976812653e+05   3.9945288879042e+05   2.8143503765266e+05  -2.0978665631376e+05   7.5918152007216e+04  -5.9043528523431e+05   7.6990333531001e+05   7.8015480796854e+04   3.0399106645119e+05  -1.7475350208326e+05  -6.6770441761861e+05   2.5961176849078e+05  -2.6562434979644e+05   5.9365605133394e+04  -1.5613791505649e+05  -5.4370100703315e+05   8.1177122214834e+04   1.6002404685922e+04  -2.2910199899276e+05  -1.0256767530289e+06   4.3336847778987e+05   2.0549849459580e+05   1.8483255514850e+05   4.0704567096967e+05  -7.3503574931071e+04  -3.8503706963624e+05   1.6496198849211e+06  -1.2352408493512e+05   1.1158646828656e+05  -3.9109077902178e+05   3.4388344223072e+05   8.4341950822660e+04   1.6319389029297e+05   1.1028011602006e+06  -3.5248372566486e+05  -7.3898928463833e+04  -3.0072507840754e+05   3.8081422975979e+05   2.6526649408552e+05  -4.2520389759139e+05   2.7528069394757e+05  -5.9786139865583e+05  -7.8068338416077e+05  -1.1399165287128e+05   7.3143823375757e+05  -1.0135294424727e+05  -3.9679733610660e+05  -1.3929370155128e+05  -2.6254474037263e+04   1.0821445891283e+05   7.4107987804681e+04  -8.2347519276222e+03  -4.6843043613582e+05  -5.4431223737536e+05   4.7459958229573e+04  -1.1806932464653e+05   2.3226571719259e+05  -2.5635159475135e+05  -2.5607639106854e+05   2.0650756614957e+05   3.1097746102542e+05   2.5445469645767e+05  -1.4948958136400e+03   4.8729771351167e+04  -2.5539762264426e+04  -2.8719998389639e+05   3.2289534385640e+04   1.4815211838867e+05  -2.1401912490238e+05   1.8652531288759e+05   3.0917400567201e+05  -1.8359482254648e+05   3.6971897620205e+05  -7.3384254124460e+04   1.8008116192962e+05  -1.2324389108096e+05   1.3113922799353e+05  -1.4693846163198e+05  -6.2359589347034e+04   3.0113325846040e+05   9.4514220964941e+04  -8.0366936773214e+04  -1.6877686568937e+05   1.9033841919392e+05  -2.9174035029478e+05   2.1257151345116e+05   1.4292863323158e+05  -3.5550585512523e+04   1.9738945349143e+05  -2.6962824009910e+05   4.5521811095578e+04  -1.9357866214969e+05  -2.1661751507793e+05  -8.9378922840616e+04   2.7941208134279e+05   3.4625244444017e+05   1.8058346649464e+05   1.2101526987480e+05  -3.3452580168147e+04   3.0282670970049e+05  -3.9473851533748e+05  -2.9715841722832e+04  -4.4444038478957e+05   7.3084505722351e+05  -2.4374887092519e+05  -3.4609221646752e+05   5.2316634094981e+05  -1.3130474522662e+05   1.4298626067135e+05   8.6250420614534e+04   1.0451050427654e+05   2.6160232242368e+05  -2.6971171445650e+05  -8.0375441906594e+05  -2.2906172271825e+05  -4.2420498163520e+05   3.5796081262757e+05   2.0823670749807e+05  -1.9410702577913e+05   4.9888805788594e+05  -6.4587063244912e+04  -4.9986967724046e+04   1.7383793410357e+05  -3.4875690523842e+05   8.4495325504169e+04  -1.4195256294548e+05   3.6715979821090e+05  -5.3538487722025e+05   4.3373130024748e+05  -5.5568640430930e+03  -4.4589681998268e+04   1.2485498218187e+05  -5.4730958601701e+04   5.1184881917195e+04  -3.6535582856220e+04  -1.4994618180183e+05   7.9965560276149e+04  -8.9754980521504e+03  -8.2919939826349e+04   4.6783255025226e+04  -5.1892609089392e+03 
 -1.1089591198362e+05  -1.2131833844131e+05  -2.9865216974178e+05  -1.2591533330081e+05   3.3967445767123e+05   4.5122220024060e+05  -1.5683004402924e+05  -2.5991451662235e+04  -3.9026813166723e+05   8.3760676196399e+05  -1.6188263137245e+05  -8.4491870275289e+05   3.1277095086668e+05   9.0781350330529e+04   1.2617379223913e+05  -2.7108221688475e+05   2.2860088256444e+04  -3.5684826753245e+04  -4.2699056930133e+04   2.4132660211695e+05   1.7652155538777e+05   5.6986131916016e+04   4.1814010258664e+04  -1.8709355782314e+05  -7.8448099400629e+03  -1.4852550546275e+05   1.4221710022532e+05  -1.0195242111671e+05   1.8276764608785e+04  -1.5548867423107e+05   5.7847832207411e+05  -4.7118986323128e+05  -1.2572181813932e+06  -1.2039258168816e+05   2.0684087538271e+05  -1.2352408493512e+05   2.1420051433026e+06  -2.5455633369790e+05   2.6592196454381e+05   8.1140941886117e+04  -1.6139589833588e+05  -7.9337541785500e+05  -1.7511826640981e+05   2.2473709386255e+05   8.5563591692728e+04  -3.7399528191739e+05  -5.4832723449987e+04   3.5887516993818e+05   9.9936597282367e+04   2.1764756398227e+05   3.2681931762079e+05  -2.7951353968814e+05   1.4130161454515e+05   5.7993428004638e+03   5.9445269094069e+05   6.0264431548099e+05   6.7801945904010e+04   2.0378614119135e+05   2.3399479010585e+05   1.4024605369960e+05   9.7702186936995e+03  -3.8478377631426e+05  -1.8374623301903e+05   3.1076002253651e+05  -3.1061540695537e+04   1.5949562119157e+05   7.8601406616428e+04   7.8476562774639e+04  -2.9656798633245e+05  -7.3987435428122e+04  -3.0068622043077e+05   1.1102906124063e+05  -6.2987920717186e+04   9.9181498149638e+04  -7.6681739006002e+04  -1.1130172224669e+05   1.2152564271285e+05   1.2660862571082e+05   1.4741498790208e+05  -4.3585818577572e+05   4.1256786048080e+05   4.3720661535843e+04  -8.4670535782043e+04  -2.6707683497713e+05  -3.9355205490394e+05  -4.7860553247870e+05   1.4139373614503e+05  -1.5795946078918e+04  -6.0992785425428e+03  -2.9817497364699e+05   9.9861724270225e+04  -9.2187617890361e+04  -1.6485900782986e+05   5.8224993670376e+05   1.0364445441176e+05  -3.3495094620496e+05   3.9523372195325e+05  -2.1390241052617e+05  -3.5531618855385e+05   2.3336818397739e+05  -7.4925800483449e+04   6.2041413243108e+05   3.8196931956592e+05  -8.2403557940694e+04   5.9942860201146e+04   3.1507447955916e+05   1.8757783161990e+05   4.3238509838109e+04  -1.3456812154074e+05  -2.3158780961339e+05   7.6632470535180e+04   1.8686664187472e+05  -6.0047854761852e+05  -1.8240671776192e+05  -1.5366979032512e+05  -1.2684880065209e+05  -7.6000020109411e+04   1.6736506805270e+05   1.4402967605080e+05   8.7418619015086e+03  -6.1940768283570e+04   1.9370788729046e+05  -4.2289927257271e+05   1.8596860896700e+05  -2.4951255433084e+05   5.2136983534614e+05   6.4834767677006e+04  -8.3461492670033e+04  -1.3221109122643e+05  -6.6725450167744e+04   4.8004154261141e+05   2.8347648371113e+05  -4.0607651067186e+05   2.7767078630372e+05  -2.5864545882625e+05   1.2606731593982e+05   8.0540180670420e+04   2.2231627812202e+04  -1.6247782661387e+05   9.4243613490224e+04  -1.0548187796699e+05   1.9728040931251e+05   8.7680270178353e+04   7.9174712061267e+04  -5.0168037703294e+04  -1.5555889774841e+04  -1.6552816932050e+05  -1.5428206807242e+04   5.6775704997360e+04  -1.8138645076253e+04 
 -4.2521697602279e+04  -4.0751687217012e+04  -9.5349284736670e+04   9.5866862598897e+04   3.5934266480322e+05   1.1853517649532e+05  -9.9792258844082e+04   2.2632046219996e+05  -2.0580394505160e+05   2.1544006830904e+05  -2.5199121405680e+05   1.0211966970499e+05   1.5989742587136e+05  -1.9495871356962e+05  -3.1111967311231e+05   2.1491862895436e+05  -1.0326904611279e+05  -7.2974221613352e+05  -2.8187938370791e+05   1.9645788118920e+05   6.4788883815374e+03  -2.9549620954913e+05   4.9175091532931e+05   2.4230867239240e+05   3.0248192424857e+05  -5.4782487715143e+05   5.4518093912478e+05  -3.4425368265388e+05  -2.0522565034953e+05   1.1352005563542e+05  -6.0272393219594e+05  -2.3306464587571e+05   3.6406158303970e+05  -5.5027503551278e+05  -7.2227032586241e+04   1.1158646828656e+05  -2.5455633369790e+05   2.3909290593134e+06  -1.1464490796336e+03   2.1671700797797e+05   3.8784947372418e+05   1.1987539269721e+05  -2.4732667640307e+04   1.2411121512103e+05  -1.5339077941675e+05   1.4415303792151e+05   1.0619711423850e+04  -2.7155397130042e+05   6.7684888805094e+05  -6.8069743982031e+04   3.7696006276675e+05   3.3598388086172e+05   6.7353561181927e+05  -6.1969195500845e+05  -4.8385382925210e+05  -4.1554860155423e+05   4.2432264233869e+05   3.8074048377134e+05   3.1084856491007e+05   2.0413980641843e+05   9.3527851008171e+04  -1.9369156785588e+05  -3.2659195310206e+05   5.4371916446643e+05   4.2644204078095e+04  -5.0326242403769e+05  -3.0628602591795e+05  -3.0644559893108e+05   3.5291183682630e+05   1.6340501681607e+05   2.1609564216931e+05   1.2421142157008e+05   1.6326046926271e+05   7.3888508548829e+04  -5.8885230566048e+05   5.0476003755555e+04   6.9900629682579e+04   6.2570231413133e+05   4.6384707405185e+04   3.8793374116051e+05   4.3919647373670e+05   2.2061658474405e+04   2.3600655648516e+05   5.9058884727601e+04  -1.8262136530652e+04   1.2220106868225e+04  -2.0160232688656e+05   6.7607612042020e+04   2.7977033444482e+04   9.9983009794310e+03  -7.6564179889101e+05  -5.5803880257539e+05  -3.2475298510501e+05   4.3411476711433e+05  -5.1164911411938e+04   4.0793448281347e+04  -2.4363651276047e+05  -3.9051532122031e+05  -4.5402379192560e+05   1.1932924078864e+05   2.0128883600560e+05  -2.8722394272456e+05  -3.5561129506827e+05  -5.6665637961124e+05  -3.1218859973164e+05   8.1309942660906e+04   3.2778719190798e+05   6.2348551707588e+05   6.9811536104856e+05   3.0158317722820e+05   5.2642371149647e+05   5.0429379271861e+05   9.2895757508545e+05  -4.6604871669454e+05  -4.4660279368335e+05  -3.8034382386539e+05  -7.7311841967984e+02   1.0680025467151e+05   1.3446951539053e+05   2.4066007124110e+05  -1.0004125561045e+06   5.6212566683724e+05  -2.3054345901141e+05   3.2787832988482e+05  -2.8017721696373e+05  -2.9289155271729e+04   4.4614639479196e+03  -1.3122654412782e+05   1.3975831777476e+04   8.7628175836402e+04   2.2104726815493e+05  -2.0112771056216e+05   6.3923414763201e+04   4.6593393752978e+04  -1.2031649824416e+04   3.9526962493334e+04  -9.0424178481421e+04  -2.3630530651882e+04   1.1508658203026e+04  -2.6666659179973e+04  -1.0319434584579e+05  -4.8335523556364e+04  -1.1152710774944e+05   1.4812043107378e+04   9.4550963717628e+04   3.1357590807902e+04   9.4319642301662e+04   2.7978504854787e+04   2.5388927166741e+04  -3.9517094094361e+04 
  3.4952021174504e+05  -4.0566364342478e+05  -3.6400938711603e+05   1.8228420867573e+05  -1.7744089170618e+05   1.1283878308440e+04  -4.8547697857454e+05   8.4614007292443e+05  -5.2769886103647e+04  -4.0956197623748e+05   1.7517946784675e+05  -1.7476474441887e+05   2.9373441958827e+04   4.4365429731074e+05   2.6008182387151e+05  -1.4256779149260e+06   1.6710566667777e+05  -8.3121802668323e+05   5.2529383482948e+05   7.7967529478022e+05  -4.6846106464016e+05  -1.8867304768200e+05  -3.5649388066037e+05  -2.1907568655095e+05  -3.1188303714231e+05  -7.7448361655805e+05   7.2166224925893e+05   4.0629268764332e+05   6.6033951419574e+05   2.7508860075377e+05   4.6471801218476e+05  -5.0093854214102e+05  -1.5269517090129e+06   4.5667251936725e+05   8.0974596283011e+04  -3.9109077902178e+05   2.6592196454381e+05  -1.1464490796340e+03   3.1532406532025e+06  -6.1704152526356e+05  -7.3608065101481e+05  -6.5415155742435e+05  -2.5522285826804e+05   7.2790678625773e+05   4.7149661831077e+04   8.7440008991702e+05  -1.2536791495133e+05  -6.8654261926692e+05   9.2319570647208e+05   2.8109097120483e+05   1.3258400359055e+06   2.0481268899000e+05   5.5203544264326e+05   3.1847544897355e+05   6.4806953871202e+05   7.4762935400466e+05   1.3094105355444e+05   1.0294711112327e+05   1.1490053060857e+05   8.4744870454580e+04  -6.6145481227016e+03  -1.8600083413335e+04  -2.8124542214515e+04   4.6366717594322e+05   6.5367726408407e+04  -6.8812815574124e+05   2.2734992508184e+05   2.2711017944542e+05   3.5196025384546e+05   2.0653496498145e+05   3.0036759226889e+05   4.7113758335328e+04   3.7606396071825e+05  -1.8145656229995e+05   9.0630578613468e+04  -1.0492789135682e+05  -2.0174640976579e+05   4.1428747995278e+05  -2.3622025399322e+05   3.1549354243946e+04  -3.5802781316852e+05  -3.3090169646662e+05   9.0778203273881e+04   1.4933398481533e+04  -3.6728639074081e+05   4.0297649473503e+05  -4.9900052825000e+05  -3.4379223738741e+05  -1.7837312297950e+05  -1.1548518457644e+05  -2.2214659044329e+05  -6.9198305423983e+05  -8.0748450812333e+05   2.2412635478507e+05   2.6848000641871e+05  -1.8501645874758e+05   8.9336053083657e+05  -3.4666132984733e+05  -1.4228179168179e+05   6.1657143563842e+05  -3.3448848891698e+05   4.7922656844650e+05   2.5043197860588e+05  -6.3927272492193e+05  -7.1773523839526e+04   2.6908925203603e+05  -2.9936082547221e+05  -3.5756318912658e+05  -3.4994599520927e+05  -1.5982321249747e+05   3.3712284307610e+05   1.6527354855779e+05  -9.9473967877863e+04  -1.1462498888124e+05   2.3550853168895e+04  -3.8895840525265e+05   7.9304486506695e+05   1.7358792743281e+05   4.8350646987818e+05   6.7824523267083e+04  -5.0829026834473e+05   4.2119142267749e+05   4.4137693789480e+05   4.0535058336336e+05  -6.0407115994704e+04   7.5346913355053e+05   4.3049487016712e+04   3.5027774645120e+05  -6.8366706114757e+05  -9.4923184956877e+05  -2.8430211795903e+05  -3.0899009636395e+05   6.0805303731710e+05  -8.5765236717550e+04   2.8401142505386e+04  -1.3022469516756e+05   8.3765783679082e+05  -3.7383537689066e+05  -1.4653510061282e+05   4.2723347096191e+05   1.0399741709624e+05  -6.4585719085635e+04  -3.9384550294392e+04  -8.1864606470357e+04   2.3754638941356e+05  -2.0003230382170e+05   4.7356161648730e+04  -3.3067987964331e+05   3.3767672598658e+05  -1.6825165610007e+05 
  2.0838623518922e+05  -1.8923990386834e+05   1.1652700172107e+05   2.6960682818026e+05  -3.4376528545872e+05  -3.2717655030717e+05   3.7448725636669e+05   3.3300478589878e+05  -1.2129417742153e+05   5.4705847368367e+05   3.3553134104756e+04  -3.1652246643935e+05  -2.0004480373373e+05   2.3981923015254e+05  -8.2389787687252e+05   8.2780863525960e+05  -3.8648158226327e+05   4.0787560019526e+05  -4.6316901849077e+05   3.3215261996660e+04   2.2131989028740e+05   1.6590536309767e+05   2.5536894968749e+05  -1.4061070152743e+05   7.0126149482086e+05  -4.0478131621320e+04  -7.4542458790190e+05  -4.3571670708265e+05  -1.2542836282929e+04  -4.2068104065979e+05  -3.2855582570150e+05   1.8557986895924e+05   7.5949354456547e+05  -1.4279306383385e+06   3.8941445634844e+05   3.4388344223073e+05   8.1140941886117e+04   2.1671700797797e+05  -6.1704152526356e+05   2.6899418568032e+06  -3.1133708531202e+05  -2.5963667987839e+05  -2.1993947672573e+05  -1.1997844363020e+05  -8.8536745548085e+04  -9.6240232693545e+05   1.9418413614132e+05   4.7852369081001e+05  -3.8963186975812e+04   7.0379822722089e+05  -4.0705172291569e+05  -3.9687997586573e+05  -5.2817520424388e+05   5.7345298732876e+05  -1.1301654102969e+05   4.6426347028582e+04  -3.7439804711020e+05  -2.1506969310744e+05  -6.8863482958708e+04  -1.3189359576419e+04   6.9394201423487e+04  -2.4873276810272e+05   1.4991954733914e+05   1.9348606076178e+05  -3.9025501205579e+04   5.5514718191482e+05   3.6230718851591e+05   3.6225034600322e+05   2.0566340369113e+05  -2.7725812220627e+03   1.0947818097340e+05  -7.4149661324335e+04   3.4210406620252e+05  -5.0217635165353e+04   6.5220508205928e+05  -1.1088922492392e+05  -9.3023121660931e+04  -3.3173211642466e+05   8.2444625413421e+04   2.7020645956869e+04   8.8544718524239e+05   6.2310844541934e+03   3.7916302077781e+04   2.0996588803986e+04   5.9380533759656e+05   1.1254541255991e+06   9.8239606037850e+04  -1.6412170000868e+05  -3.4243975281295e+05   6.6449569095305e+04  -3.2180463334650e+03   1.4502738000930e+05  -1.5510538244934e+04  -4.6399414632825e+05  -3.0563624854524e+05  -9.0315269437033e+04  -5.6752773983524e+05  -4.6213879928040e+05  -3.1426787606843e+05  -6.4497434229173e+05   2.5853501381640e+04  -2.5896233900144e+05  -9.0613594722045e+04  -1.9924558396218e+05  -9.0238705330766e+04   2.9873319240453e+05   8.8011357870529e+05   5.9296671322122e+05   2.3400567778344e+05  -2.5878446057920e+05   4.5744617295540e+05   4.0645410306601e+04   1.6364720407848e+05  -4.6594332913253e+05  -3.7024732942460e+05   3.5846753242129e+05  -5.0382029118870e+05  -1.3407943783027e+05  -3.6058753701529e+05   1.2973263500332e+05  -6.0981375698595e+04  -1.5908779923675e+05  -9.1934089956459e+03   2.8292844639980e+05   1.6363954379485e+05   3.2610532327092e+05  -7.9728466676710e+04  -7.1205775440241e+04   4.8053469851237e+03  -2.6744367955153e+05   1.2628575335645e+05  -1.0177857194156e+05  -3.3113123945743e+05   1.9352854613559e+04   3.2285862879421e+05   1.1769631070793e+05   2.1861356606058e+05  -2.2781598614236e+05   7.0147901632614e+03  -1.1888470758420e+05  -1.1380272458182e+05  -2.3548066720856e+05  -1.6545867412944e+05  -2.9331316661764e+04   2.0760691959323e+05   1.3273387800997e+05   1.3472109688034e+04   1.6617159930328e+05  -7.7486817090705e+04   2.3914852399193e+04 
 -1.4189899245008e+05   5.3660664687227e+05   5.2115828329523e+04  -1.6725650245994e+05   1.8973843953181e+05  -1.4671250909125e+05  -2.5757606669985e+05  -2.1618948095820e+05   1.1622294780329e+05   3.1109709053975e+05  -4.4035138487553e+05   4.0098037141573e+05   1.2401378678490e+05  -6.2489358252228e+05  -1.6667273540832e+05   3.6059766098568e+05   1.6944825087845e+04   2.7384040602820e+05  -3.5134845138802e+05  -3.5169957125081e+05   5.0072229217321e+05   6.3626981398579e+05   2.4212797075530e+05  -9.4679143431990e+04   7.7016256217349e+05   1.4657498221094e+05  -2.9842191188999e+05  -1.2079157631267e+05  -8.1927769590176e+05   4.5872052676722e+05  -8.4175559444533e+05   2.2408473534090e+05   1.0804796112119e+05  -4.8955145843603e+05  -7.5085987311520e+05   8.4341950822661e+04  -1.6139589833588e+05   3.8784947372418e+05  -7.3608065101481e+05  -3.1133708531202e+05   2.4155140942012e+06  -2.6211495462240e+05  -4.0551569178727e+05  -1.0388261148797e+05  -2.0164642540510e+05  -5.4795602959576e+05  -3.7602844002734e+05  -4.3876057537593e+05  -4.8542743849255e+04   7.2212281686009e+04   1.8065160552256e+03  -2.9998082016374e+05   4.1024619251101e+05  -1.0248645679280e+06  -5.0704138896875e+05  -5.7782040854505e+05   1.1908373296945e+05   2.6314235232103e+05   2.3724931171278e+05   1.1593846022139e+05   1.0660795398921e+05  -6.4679111611567e+04  -1.5865432018404e+05  -3.2422539391372e+05  -1.1060468707260e+05  -1.0374057109454e+06  -3.1109054048065e+05  -3.1106119016040e+05  -1.2362465762749e+04   1.1785798826267e+05   4.7188978980224e+04   1.1530381249641e+05   1.4832003440261e+05   7.1749011875026e+04  -3.4265625228373e+05   1.2454133013164e+05   2.5378759138041e+05  -7.8663102294999e+04   1.3693683216784e+05   2.6103646938468e+05   5.6205745378117e+04  -3.4087240979975e+04  -1.5140828260989e+05   3.2153285271331e+04  -4.5051640659958e+04  -2.1537615926768e+05   2.4810631130700e+05   2.2047510057752e+05   1.9014405258604e+05  -2.9303984761745e+04   4.2902210683976e+05   3.5331774075160e+05   3.7063704040129e+05   7.8643731560619e+04  -3.5793335511889e+05  -7.0874697503875e+04  -7.5677388478305e+04   2.9271030540489e+05  -4.5846602795280e+05  -1.7930382426376e+05  -1.2437404921986e+05  -3.5981370020277e+05  -5.3583668516110e+05  -4.9147305295809e+03   7.2736182933988e+04   2.7330086260647e+04   2.1177313137339e+05   3.5554337376586e+05   3.2515262394178e+05  -1.5262037310076e+04   4.1651213099172e+05  -4.1185753224757e+05   3.8650532711344e+05   1.3100954865493e+05   7.8870352806074e+04  -4.4711747166417e+05  -3.7476260374192e+05   1.7706638758226e+04  -1.4308346938643e+05  -1.6151004521514e+05  -1.7262251921837e+05   2.9458459122320e+05  -6.3522182058584e+04   3.2908611842874e+04  -4.7248009428917e+05  -1.0285525131584e+05   9.2317418838268e+04  -5.9470588186017e+04   5.9262740472180e+04   3.4792937005994e+05   4.4922031286183e+05  -2.9034938943758e+05  -2.6280808946157e+05  -3.9028879398948e+04  -1.1798993405744e+05  -9.7791750597995e+04  -5.1654432613229e+04  -4.7137154922631e+04   1.4107586995613e+05  -1.1621337622877e+05  -1.0331177871972e+05   2.3388823002979e+05  -2.6164966386956e+04   1.8243186620531e+05  -1.0810831909129e+05  -5.1388145093035e+04  -1.0029901754884e+05   2.1355613978997e+05  -1.8136246556756e+05   5.8683536969965e+04 
 -2.1074174294479e+05   1.0979969471375e+05   2.3939254577469e+05  -6.8327036853996e+04  -1.7788264709046e+05  -2.8422442658700e+05   3.1541848882960e+05   3.0402814907683e+05  -3.1924701886500e+05  -8.5246201177626e+05   2.7722266313339e+05   4.2014537363110e+05  -3.6914608471417e+04  -9.4199078383081e+03  -1.7587654595750e+05   2.4661363510292e+05  -5.5577114114342e+04  -5.2698875461207e+05   5.2930576723580e+04   1.0993019068060e+05  -2.6831622418966e+05  -6.3798077517607e+05   1.6295789883252e+05   3.8726112555483e+05   2.9566204179968e+05  -7.7581018972867e+04  -1.6980394094083e+05   1.1668395450850e+05  -3.1580147562255e+05   4.1554448095826e+05   1.8379904765050e+05   4.5201916846840e+05   3.6864592317334e+05   1.3675051838922e+05  -1.6852814801459e+05   1.6319389029297e+05  -7.9337541785500e+05   1.1987539269721e+05  -6.5415155742435e+05  -2.5963667987839e+05  -2.6211495462240e+05   2.2669027770108e+06   2.1675423697955e+05  -2.0614020540986e+05   9.0144529181231e+04  -2.1069525050238e+05  -1.3063915049911e+05  -9.2034704362123e+05  -3.2170928412559e+04  -2.6840962274592e+05  -3.2084802592595e+05   1.9094455442381e+05  -1.2336430702669e+05   3.7079301433335e+05  -9.4128222680024e+04  -1.4284598855419e+05  -2.8401688083349e+05  -2.8082641789740e+05  -2.8570085350374e+05  -1.6346236759199e+05  -3.1559642784932e+04   2.3944657067261e+04  -8.2038902928043e+03   4.4738316417566e+05   4.9492446066102e+04  -2.5280181605097e+05  -1.3632274700597e+05  -1.3632032912419e+05   4.9249334986095e+05   7.4855319307039e+04   2.0110404502365e+05   4.9160975070022e+04   1.5141533737883e+05   2.4816722335358e+05   1.3656678703278e+05   5.2883916240717e+04   5.0687998236376e+04   2.9731538315736e+05   2.7025641283827e+05   4.6597238736959e+05   5.8584131148100e+05  -2.4881794478845e+04   1.7465433921805e+05   2.1287148921085e+05   5.3661252564619e+05  -5.7389626588070e+05  -7.8023488991235e+04  -6.2013740081792e+04  -1.2358519958845e+05   2.2799807687762e+05   3.9882612786613e+04  -3.5191642003333e+05  -1.4182944496495e+05  -2.1952291389899e+05   2.3836789777785e+04   2.3084698429641e+05  -3.3861781114692e+05   2.0626292860927e+05   6.9051822577121e+05  -3.3866473758062e+04   4.1612366199086e+05  -5.7936260395677e+05  -4.4941173259238e+05   2.4399153334864e+04  -5.1065809396977e+03  -2.2220537766887e+05  -3.9922933175096e+04   2.4904372335801e+05   1.4158913676446e+05   5.0319709529950e+05   1.0751774353813e+05   3.7599394258804e+04   3.6943221801283e+05  -2.0516355652179e+05  -1.9666781755131e+05   3.7600003609253e+05  -2.5757222476058e+05  -3.2241828050913e+05  -4.7066456239825e+04  -3.9166571949538e+05  -5.5332616244507e+05  -4.9142024029788e+05  -1.6690784058433e+05   5.5290878250186e+03  -2.6938428812508e+05  -6.6560405081093e+04  -1.6894320715228e+05  -2.9215927714894e+05   4.9184852634592e+05   4.7343911752912e+05   2.7701781064781e+05   3.8242497979297e+05   1.4408082544429e+05   2.2392366448502e+04  -5.7643115744995e+04  -1.5783375425090e+05  -9.0115050032213e+05   2.0746075868227e+05   8.8273127515963e+04  -1.4558033097193e+03   1.7993213146036e+05  -3.1245310354898e+05   3.5455784135932e+04   9.5820560241715e+04  -1.0904233613025e+05   1.1133048233833e+04   1.2776303963904e+05  -8.1539757516540e+04  -4.3834423078777e+04  -2.0543373496330e+04 
 -3.4587972982430e+05   8.5444735710406e+05  -1.4713636299593e+05  -2.4547052638507e+05   5.1105854827589e+05   4.6735620533234e+05   1.1551206255587e+05  -6.2281491253514e+05   2.8134594581728e+04  -6.6138460507032e+05   1.4786600999739e+05  -2.7246801968329e+05   2.2241582154779e+05   2.3444481884261e+05   5.7096198053544e+05  -2.7413581398738e+04   2.3346640942138e+05   1.4341008428673e+04   1.7820903318123e+05  -1.3896197401021e+05  -7.4757777905770e+05   4.1654950733041e+05   3.3005028208538e+05   5.7808177303208e+04  -9.9226507720495e+05  -5.9732661896163e+05   1.7372305142044e+05   2.4884837249611e+05  -8.5094174438684e+05  -6.0672387596048e+05  -2.4539779794965e+05  -7.0816968137272e+04   6.7367952508449e+05   2.2555479098345e+05  -9.3726046020273e+04   1.1028011602006e+06  -1.7511826640981e+05  -2.4732667640307e+04  -2.5522285826805e+05  -2.1993947672573e+05  -4.0551569178727e+05   2.1675423697955e+05   3.3216620904803e+06  -4.4118557318112e+05  -4.5377686636621e+04   2.3213387866353e+05   9.9154411472058e+05   2.9795075690980e+05   1.9334662100610e+05   2.2166418569921e+05  -6.0431256526160e+05   5.9214905762384e+04   1.7635883310982e+05   5.0666654551418e+05   4.7094879175792e+05   3.2439245090262e+05  -3.3334033940283e+05  -5.4603152141074e+05  -6.0518351999553e+05  -6.4756408197252e+05  -5.4146291260738e+05  -1.0103918035220e+06  -7.3804710016372e+05   1.3055374580184e+05  -1.9003565710539e+05  -4.6187982158635e+05   2.2027281722444e+05   2.2015523326763e+05   1.2198617220414e+05   6.5587329186974e+04   1.9459284689619e+05  -3.6280134617757e+05   1.9572962663752e+05  -2.3077882799273e+05   4.2599780170729e+05   2.9183050482222e+05  -6.7659271642038e+04   4.4085723453178e+03  -1.7904493342773e+05   1.2331063469710e+05  -9.7950709592082e+05   5.6934444711276e+05  -2.1896662141898e+05   6.2198701406622e+04   4.6047347949241e+05  -4.7927913478389e+05  -1.6860344473089e+05   1.1821542104062e+05   2.4838280858681e+05   6.8727163636428e+05   1.0877550119136e+05  -1.5336428559080e+04   3.4024429842482e+05   8.9423887957310e+05   6.3801217615689e+04   5.9746092094775e+05   1.3759908463109e+05   2.3653044977337e+05   4.1525146525933e+05  -8.2744054421421e+04   3.7063465694076e+05  -4.8597376338085e+05  -8.3228658444876e+05  -3.6367328169243e+05  -3.1618618432802e+05   8.6352767822122e+04   2.2330581505396e+05   1.1081563179725e+05  -2.9323089782704e+05  -3.4873203727162e+05  -9.8222271853906e+05   1.9878307284204e+05  -9.1490528042234e+01  -3.0836401345751e+05  -3.8122999153087e+05   6.7631449792210e+05  -1.0784803997054e+05  -5.0398877826629e+05   8.6775476149236e+04  -7.7911544410740e+05   4.1105761604446e+05  -4.9409834179474e+05  -8.2659761182930e+03  -5.5813496205760e+05   1.1495163802863e+06   8.8054905304172e+05  -4.6361865477522e+05  -2.2306448351972e+05   7.3021991411031e+05  -9.6704988511100e+04  -1.6901591181385e+05   2.0567493983111e+05   3.2210831203735e+05  -1.2041164991851e+05   3.3970312931753e+05  -1.8619388572882e+05  -3.7807634019830e+05  -2.2287493774476e+05  -1.1994362470241e+05   9.0431021165061e+04   1.7063244453124e+05  -1.4386105919453e+05   9.4572908643109e+04  -9.0641586933345e+03  -4.3684427695197e+04  -8.7480141572702e+03  -9.4508329274369e+04  -2.3197933126253e+05   2.7990701618584e+05  -1.6079101155723e+05 
  6.7962819118908e+04  -2.1067899789942e+05  -4.6388559999947e+05   6.0869687015479e+04   2.1646503476751e+05   1.6861252868207e+05  -5.1714165868198e+05   2.9513267339052e+05   2.3452170606166e+05   1.0089209522651e+05  -6.8445159596869e+04   8.5534635979867e+03  -4.7479008265571e+04  -1.5650161846131e+04  -1.6330459912144e+05  -3.5869371199906e+05  -1.6797023527272e+05  -3.6963735655418e+05  -1.5947980468435e+04   5.8043282551079e+05  -1.4764624235119e+05  -9.2793128103933e+04   1.2761470295481e+05  -1.8402756812767e+05   9.2187538304569e+04  -3.8921144042008e+05   7.3673894465273e+04   4.0938848575834e+05  -3.0683631118407e+05   3.5229220732190e+05   5.9901007119695e+05  -1.1899167712607e+05  -4.4707921983289e+05  -7.3507197264163e+04   1.1707062506387e+06  -3.5248372566486e+05   2.2473709386256e+05   1.2411121512103e+05   7.2790678625773e+05  -1.1997844363020e+05  -1.0388261148797e+05  -2.0614020540986e+05  -4.4118557318112e+05   1.2469823232643e+06   5.7419666214928e+03   5.1420275635122e+05  -6.9174132747679e+05  -3.7041869548907e+05   1.2077772637085e+06  -4.5163185567283e+04   1.2781628358530e+06  -6.6420208066810e+04   2.6718314765366e+05  -2.2517576085643e+05  -5.4445771106923e+04  -4.2169691565366e+04   8.3630450920308e+04   2.7014573906564e+04  -1.2182786314045e+04  -2.4886400561544e+04  -1.1492810311504e+05  -5.8430036625618e+04  -4.1689840506987e+04   1.2659208486146e+05   2.1620682913624e+05   4.2778477864336e+05  -4.4081612484706e+04  -4.4238703650842e+04   1.3006503055064e+05   3.5389944451967e+04   7.1900045324156e+04   2.2670010009678e+05   2.1819844540333e+05   2.7503078129534e+05  -2.5683555659249e+05  -1.1054537100371e+05   2.5128755655170e+03   2.9303594338086e+05   2.1917534060061e+05   1.2866010278107e+05  -3.4611969768390e+05  -3.5191134059214e+04  -2.8078648959784e+05  -1.9808407660606e+03  -2.7576570414356e+05   3.0653610372079e+05  -3.8374903291343e+05  -1.9658190790246e+05   1.3137504251625e+05  -4.1145558348973e+05  -5.2262664395225e+05  -3.5102812426928e+05  -5.0590091294218e+05   3.3860513041561e+05   3.6353712780098e+05  -2.7417499376762e+05   4.0932435303513e+05  -8.8907004145783e+04   3.1023709795514e+04   2.7405659825396e+05  -3.3874818392301e+05   1.2014940920101e+05   5.6782441596457e+05  -1.2665707431745e+05   2.4572013483485e+03   7.2028300097596e+04  -2.4742509801006e+05  -2.5335590710200e+05   4.9441675309059e+05   4.0841698248871e+04   4.2213985066065e+05   1.0601915414692e+05  -4.3135061049156e+05  -1.6334532660200e+05  -1.6691721076956e+05  -4.2031844865912e+05   3.4705661757086e+05   2.4237435821593e+05   1.8404768313812e+05   5.9500197766729e+05  -4.0881579164588e+05   4.8892818522430e+05  -1.6159369562599e+05  -3.4983517341933e+05  -3.5998594939635e+05   3.6023182617262e+05   4.8512298533405e+04   4.0133404849892e+05  -2.5010481297098e+05  -1.8507334014203e+04   4.3356289127447e+05  -1.9737290554905e+05  -1.2860600869051e+05   2.0997561425242e+04  -3.2466821976052e+05  -2.1890177614744e+05   4.4959656643871e+05  -2.7511053561117e+05  -8.2704507577351e+04   2.7932975478555e+05  -7.6207757080834e+04   1.9041299408494e+05  -1.4313132671331e+05   4.1448572013181e+04   1.7236217564126e+05  -7.7684171538601e+04  -1.3229057390311e+05   9.5288343849660e+03   2.4858343133533e+04  -3.4879423906996e+04 
 -3.5063628051142e+04  -5.2914707858589e+04  -3.4390431960090e+04  -4.3319277175370e+04  -3.2615227537332e+04   5.0762319109715e+04   4.3729690294883e+04   4.2295801821722e+04  -1.1580499806928e+04  -3.4740502700088e+04   3.5482141741583e+04  -7.8056851022325e+04   5.6956940713539e+04  -4.2190364495315e+04   1.2811120252551e+04   8.3791209586504e+04  -5.6665938681262e+04   1.9130288751453e+04   3.2932458998842e+04   1.6555871388813e+04  -1.9100858009999e+04  -1.6355275323386e+05   4.6804346986758e+04  -6.8205996028244e+04  -1.6362807424581e+05   1.2290678821446e+05  -8.3632404500422e+02  -2.9504471295990e+04   1.1214459698152e+05  -7.8542890384855e+04   2.6637154419043e+05  -1.7432364399553e+05  -9.0792589747919e+04   1.6905123523506e+05   1.1928035948908e+05  -7.3898928463833e+04   8.5563591692728e+04  -1.5339077941675e+05   4.7149661831077e+04  -8.8536745548086e+04  -2.0164642540510e+05   9.0144529181231e+04  -4.5377686636619e+04   5.7419666214929e+03   2.0752130209657e+05  -2.8204023307177e+05  -5.7783111788607e+04   6.9192730552907e+04   2.9892561429199e+04  -6.4789556978756e+04  -4.7802252385181e+04   1.7092872151756e+05   8.9636117831043e+03   5.5801657935642e+04   2.3670617611581e+05   2.0721394270866e+05  -5.8783049033896e+04  -4.6881425335898e+04  -4.7294385407508e+04  -9.4317419801312e+03  -2.0299399509710e+03   8.4646172282047e+04   8.9681303862161e+04   1.9327841118860e+04  -1.4704921608577e+04   1.2490093019777e+05  -2.1246574370352e+04  -2.1302697689766e+04  -3.9118676198731e+04   7.9883431816005e+04  -2.8910453894670e+04   2.1353124683178e+03  -6.6111855801286e+04  -2.8097966218851e+04   4.6197723559595e+04   1.0827415276813e+05   3.3823546785076e+04   8.3795629867604e+04   8.2483785042986e+03  -8.1910897636870e+04   5.0079424600750e+04   3.9872749250418e+04   1.2030943434328e+05  -7.4381522143041e+04  -8.3058753253032e+03  -4.4797326757639e+04  -2.0746618561276e+02  -3.7713256058903e+04  -4.6405051673703e+04  -1.9709618830156e+04   9.3335053783136e+04  -2.1825064074493e+04  -6.8883963707049e+04  -1.4207292302618e+04   2.0595766223160e+04  -9.1405052244027e+04   5.9120177913465e+04   1.6685962419892e+04   9.4824870380274e+04   8.1013732848161e+04   8.5243530774245e+04  -7.3564636246463e+02  -7.1108436722473e+04   8.3993088039482e+03   2.7698676698773e+04   2.8389752464063e+04  -6.1179828843977e+04  -7.7670239684426e+04  -2.0650676149886e+05  -3.1781771152906e+04  -4.4021364541958e+04  -7.7886689776357e+04  -1.7840741384514e+05   8.8348794805172e+04   9.3174270621603e+04  -5.9165072521953e+04   1.3995866816970e+03   8.5305412151459e+03  -3.7763466744502e+04   1.2935185638556e+04   6.0096302290495e+04  -4.1573934132727e+04  -8.4667366017420e+03  -4.1449984115847e+04  -2.1132621217997e+03   1.6211269823679e+05  -6.5343391086850e+03   6.0853934782336e+04  -2.4125320056607e+04   9.4080643495213e+04   1.0715943441481e+05   8.1131751015946e+04   1.4682145220991e+05   1.9438713212466e+04  -2.8049993024243e+04  -1.9209219696049e+05   6.9501439746487e+04  -1.3288078273132e+05   2.6260892497129e+03  -1.5082150948129e+04   5.2299600104467e+03   4.1880879499281e+04  -5.2061496465494e+03  -5.0439667637915e+04   2.8640666708148e+04  -2.6063456312012e+04   3.3719692474208e+03  -6.8095744302007e+03  -3.0425170735044e+04   2.2450972198578e+04 
  1.2076026170288e+05  -2.9372223838206e+05  -1.4087961638948e+04   1.7024806735467e+05  -1.6765637062909e+04  -9.1638256749817e+04  -2.5628782927210e+05   1.1298417817663e+05   4.1841999237952e+05  -5.9555608408338e+05   1.8853117929903e+05  -2.2847955968068e+04  -9.8127607694594e+04   3.6000630838828e+05   3.7831698533742e+05  -1.0190308189920e+06   3.9333512664117e+05  -2.7819535792539e+05   5.0152945061726e+05   3.9992813727861e+05  -3.1618617144464e+05   3.5783278362270e+05  -4.2786521809209e+05  -2.5798426397324e+05  -2.9293704587359e+05  -6.4985759391216e+05   2.7957873927875e+05   2.1307540300341e+05   9.3435500982619e+04   6.5861579478146e+05   1.1848239120903e+05  -3.0939807060844e+04  -1.7670802332600e+05  -2.3916603166095e+04  -2.4559541992586e+05  -3.0072507840754e+05  -3.7399528191739e+05   1.4415303792151e+05   8.7440008991702e+05  -9.6240232693545e+05  -5.4795602959576e+05  -2.1069525050238e+05   2.3213387866353e+05   5.1420275635122e+05  -2.8204023307177e+05   3.0196978531141e+06  -1.0187727854408e+05  -8.3892214808208e+05   3.5550227717009e+05  -3.1390774101435e+05   9.1370459901329e+05  -5.9444605220447e+05   1.5607596488348e+05   4.8587695070746e+05  -4.6335906825015e+05  -4.9330909590520e+05   1.5105586429684e+05  -4.9468276776456e+04  -6.2893923975710e+04  -1.1016653832177e+05  -1.8066703783831e+05   5.2442229827347e+04  -2.6247203432211e+05   2.0220500736921e+05   2.5858167015621e+05  -2.0773337946673e+05  -1.5977541860880e+05  -1.5971104024990e+05   1.6749838856530e+05  -2.2042834043513e+05   1.5015143772229e+05   1.0979636061342e+05   3.1500596479489e+05   3.0824978778447e+05  -6.8235133641376e+05  -2.6205123309896e+05  -1.3307377439578e+05   2.8384647467323e+05   6.2602144241336e+03   2.7974222693864e+05  -1.0511258743787e+06  -6.0655500113666e+04  -6.1441872460887e+04   3.1516133834797e+05  -5.3424403410090e+05  -3.7096318614441e+05  -4.3612718276818e+05   1.5569224240492e+04   4.9963620091682e+05   2.0665949675324e+05  -7.0616499926423e+05  -3.2476585048791e+05  -8.7628440337825e+04   1.4676527544284e+05   6.4007848295765e+05   5.2566418990461e+05   5.7246123730826e+05  -2.1515712185159e+05   3.4065409615806e+05   4.5664803943618e+05  -4.2435986710435e+05   3.4041200116035e+05   9.8017798493251e+05  -4.9039856997019e+04  -8.9157696664121e+04  -3.0915928411555e+05  -7.3240618254051e+05  -4.8834620501453e+05   5.7735311425747e+05   3.1755747658884e+05  -1.3139953480601e+05   2.0969338000943e+05   3.2235820157715e+05  -2.4678525772397e+05  -3.2011821519647e+05   6.9206027680319e+04   8.3955516024754e+05  -2.5691811071093e+05   2.3808695855181e+05   5.2029222102885e+04  -4.5843643964660e+05   8.4750078636189e+04   5.9203046958712e+04  -6.3844617812486e+05   5.9578887283944e+05  -5.3563362371928e+05  -1.9155820487272e+05   2.4755527250808e+05  -2.7833382376661e+04  -6.5284706653517e+03  -7.8510760664678e+05   1.5939833918918e+05  -1.8356230519725e+05   1.8765974826494e+05  -2.8425625026945e+04   4.9073121899403e+05   1.4414452944944e+05   1.4544357867767e+05  -2.7014079341332e+05   6.1722347870793e+04   1.4885365923862e+05   3.1266159723837e+05  -7.4318976202386e+04  -1.3068397162738e+05   1.4199585067246e+05   3.6036104850587e+04  -5.0490567405280e+04  -2.1407387893625e+04   7.5427862281120e+04  -7.7357895315029e+04 
  2.1222641619842e+05   1.7650663023200e+05   4.6190511304017e+05   1.6770557938860e+05  -2.5205786845501e+05  -7.8813233620253e+04   3.4260122663269e+05  -2.2162787492463e+05  -4.8218751263832e+05  -4.4327437989441e+05  -3.2345224906884e+04   1.2656778287998e+05   6.0826804490828e+04   3.0254835478583e+05   5.1523424626333e+05  -4.8818694318710e+05   1.6679370597441e+05   2.0335380178522e+05   2.2283922131653e+05  -1.5992639231855e+05  -1.8225540106167e+05   4.7481496736418e+05  -2.7529012973304e+05   3.6622476848566e+05   1.9678896704241e+05  -4.6373301066399e+05  -5.8192269915321e+05  -4.6790942178742e+05   3.5159740047475e+05  -5.3905622647443e+05  -2.3881973005933e+05   3.3275868644329e+05   1.3979421049556e+05   2.3360760711233e+05  -3.6701084625726e+05   3.8081422975979e+05  -5.4832723449989e+04   1.0619711423852e+04  -1.2536791495133e+05   1.9418413614133e+05  -3.7602844002734e+05  -1.3063915049911e+05   9.9154411472058e+05  -6.9174132747680e+05  -5.7783111788607e+04  -1.0187727854408e+05   2.3250781718724e+06   5.0462222261650e+05  -6.6187599302048e+05  -1.0856906656617e+04  -5.7616655775121e+05   2.2788319151462e+05  -5.7042694779252e+05   1.3641201981004e+06   1.3421568884732e+05   2.6268142955034e+05  -3.9674136609881e+05  -4.4740361054721e+05  -3.4506389502207e+05  -3.0064090580999e+05  -9.8413928755427e+04  -8.2325969308513e+05  -2.5060296709849e+05  -7.2828127799332e+05  -1.2327021557756e+05  -9.6079159148697e+04   6.6916936848864e+05   6.6930850687171e+05  -5.3413467951313e+05  -1.1431850770895e+05  -3.5029019185711e+05  -1.1755889727103e+05  -2.9309990124061e+05  -2.2550490274589e+05   9.0459715596187e+05   6.9242186537139e+04  -9.3379018549059e+04  -2.4983426736525e+05  -3.1173631345503e+05  -3.7792792951621e+05  -2.1993083791121e+04   7.2122137476291e+04   2.3817578566464e+05   3.0670982721448e+04   6.5726592772448e+05   1.3227714920203e+05   2.8325491996095e+05  -1.6553587550589e+04  -4.5331107358358e+05   6.4359429702270e+05   1.9605037727374e+05   4.8569040079510e+05   3.8266262929700e+05  -4.3856241454371e+05  -3.6232519320836e+05   4.3628147665888e+05   1.3874022234718e+05   4.2245266199655e+05  -2.0699349407745e+05  -4.1535657436919e+05  -1.8274799870039e+05  -4.1130743319708e+05  -6.4726942342708e+05  -6.4339480504047e+04  -2.0516056320813e+05  -3.0814319240161e+05   1.5469809129590e+05   1.1679446322819e+05  -6.5489056096766e+05  -4.1930846235748e+05   9.7535250466139e+03   4.4302516545928e+05   2.8593671511896e+04   3.5474981121078e+05   4.5617156287187e+05   8.9781443454049e+05  -2.7798571165530e+05  -4.7069911021680e+05   6.9979349420256e+04  -9.1056223191980e+05   8.3678364753064e+05  -3.9081343338695e+05   6.5500543829064e+05   3.4649985252005e+05   5.7351929524466e+05  -2.7922634155363e+05  -2.0340816961796e+05  -3.8652153059487e+05   4.4033631772202e+03  -8.5131456877359e+05  -6.7223162119537e+05  -4.5820942656830e+05   7.7876797585927e+04  -2.2261589611716e+05   8.4183595893878e+05   4.2941030770780e+05  -6.7340568748222e+04   2.0189570968819e+04  -1.7699579693116e+05  -4.3740447842367e+04   1.6779452662822e+05  -4.2974647222677e+05   2.6898972225760e+05  -7.7973198713426e+04  -9.9576716107407e+04  -4.2548621962166e+04   2.3135812780108e+05  -1.5315544656442e+05   2.2106572506378e+05  -8.3981179282958e+04 
  4.1856473055243e+04  -1.5831444182512e+05   1.9474549453444e+04   9.0259433401109e+04   2.0930686854237e+05   4.4038430544963e+05  -1.9034281411376e+04  -8.2122556941921e+05  -9.2096677895205e+04   8.1656341623851e+05   1.8366908223168e+05  -5.5512666191580e+05  -1.0223407942284e+05   5.1050117170802e+04   3.2623933543533e+05   1.8881732179041e+05  -1.7375526099446e+05   6.6077843630132e+04   4.9192811832083e+05  -4.8772913005071e+05   2.6167587182273e+04   3.2738036738690e+05  -1.9093714289177e+05  -5.8182532002898e+05  -8.2417832558614e+05   6.6480548985589e+05   3.9207349356626e+05   1.8739349702614e+04   5.5616845879913e+05  -1.1500039233762e+06   1.6446948329786e+05   3.1583233880639e+04  -2.2107393076366e+05   2.4436129377415e+05   9.9692221308775e+05   2.6526649408552e+05   3.5887516993818e+05  -2.7155397130042e+05  -6.8654261926692e+05   4.7852369081001e+05  -4.3876057537593e+05  -9.2034704362123e+05   2.9795075690980e+05  -3.7041869548907e+05   6.9192730552907e+04  -8.3892214808208e+05   5.0462222261650e+05   2.8893654768261e+06  -7.1488743754801e+05   5.3694606404363e+04  -8.0854351906438e+05  -1.7776737118323e+05  -8.7632772329865e+05  -3.3660030197536e+05  -3.1873294200100e+05  -2.2709529130205e+05   9.4878451051879e+04  -5.6285787593146e+04   1.0208321608116e+04   5.1899434654961e+04   1.2105401832393e+04  -3.9469479870706e+05  -3.5794545403234e+05   7.2136250166095e+03  -1.5591374352293e+05   1.4934720173703e+06   3.2117879152362e+05   3.2146502237577e+05  -3.6832292951302e+05  -3.8259691028055e+05  -1.0937620445618e+05  -2.9293797011880e+05  -4.3606231097538e+05  -3.6044928605396e+05   1.3637476741296e+05  -4.5461943734039e+05  -3.4551122583172e+05  -5.7340556675919e+05  -4.3492719136062e+05  -7.5562781786719e+05   2.0511770802332e+05  -5.6570075796243e+04  -2.9987798888465e+05  -3.6360225562534e+05  -3.7557496901594e+05   7.9481628148505e+05   3.7025943440211e+05  -5.9473612564148e+04  -3.3252473490047e+05  -4.6343976472818e+04   1.7442347548441e+05   4.9792525713847e+05   2.5512216869180e+05   9.9773284652747e+04   7.0134386583952e+04   4.2081254571684e+04  -2.7894214317940e+05  -4.4164703931442e+05  -3.6661620568093e+04  -3.8066841747278e+05  -1.9530103245797e+05   3.7981519329273e+05   2.0337388697101e+05   4.8195574318646e+05  -4.4807214674427e+04  -1.1953725076111e+05   2.2855499774838e+05  -1.9688403447293e+05  -4.8953841200773e+05  -2.0070091949214e+05  -5.2322670778553e+05   2.8248221372553e+05  -4.0898217568277e+05   2.6708039313538e+05   2.9606556457093e+05   4.2993108950896e+05   8.6183008785896e+03   4.7642604735893e+05  -7.0402452724098e+04   3.3996619854068e+05   9.6627820995401e+05   1.8688838413275e+05  -3.7444659356579e+04   6.2198457160402e+05   7.2690354638963e+04  -5.1809142199296e+05   3.3506006569315e+05  -1.6337460359090e+05  -2.4761587767891e+04  -5.2616715973041e+05  -4.6530968445746e+05   7.1364355446671e+04  -1.5426188324037e+05   1.0531894875995e+05   1.7925708154023e+05   4.7141474957277e+05  -1.0569272183025e+05   6.1683572104222e+05  -1.6842137587449e+04  -2.7694073261214e+05  -1.9393711449615e+05  -2.0485250458074e+05   3.3646911571083e+04  -7.5201402700183e+04  -8.0890758446379e+04   1.5865763757218e+05   3.0866818532612e+04   4.9365168482486e+04   1.0388749326921e+05  -5.0594565443935e+03 
 -3.3061375836912e+04   1.9147540734101e+05  -5.9485259786879e+05  -5.9247046143753e+04   4.9059248572364e+05   2.5270741427561e+05  -7.6489015324509e+05   7.6540502081663e+04   4.2008542034465e+05   2.4863938291070e+05  -4.0241291302970e+05  -8.5913217268283e+03   2.7798490276785e+05  -2.3562743472738e+05  -1.4326260398857e+05  -3.1309524216985e+05  -1.7479431120756e+05  -8.0504428112349e+05  -9.2270437730368e+04   9.7828079637787e+05  -2.2553336650955e+05  -2.1479166116787e+05   5.0732724532805e+05   2.7736536505325e+05   2.5095228550399e+05  -9.9114781866049e+05  -2.1044321071179e+05   2.6695588028570e+05  -2.6896148320265e+05   1.9125675317416e+05   3.4150763836824e+05  -2.3199315166347e+05  -2.3424017555928e+05  -2.5188201642602e+05   9.0499568646447e+05  -4.2520389759139e+05   9.9936597282368e+04   6.7684888805094e+05   9.2319570647208e+05  -3.8963186975811e+04  -4.8542743849255e+04  -3.2170928412555e+04   1.9334662100610e+05   1.2077772637085e+06   2.9892561429199e+04   3.5550227717009e+05  -6.6187599302048e+05  -7.1488743754801e+05   1.9106052768394e+06  -1.7051077301953e+05   1.4237210646383e+06   7.6669787733718e+05   8.7381493600944e+05  -4.9030112257953e+05   1.4000206656026e+04   9.6133659195516e+04   7.1161385829698e+04  -3.1655051851476e+04  -1.1680380562900e+05  -1.1942300894935e+05  -1.1383389410434e+05  -1.9963385718073e+05   4.8768714279516e+02   2.1928436619216e+05   2.3088004980313e+05   2.8931364576556e+04   1.5938565074296e+05   1.5897908972921e+05   2.4140857795447e+05   2.0434364794628e+05   1.6733950869383e+05   2.6326333182098e+05   3.4653410574682e+05   2.3940159694290e+05   5.9208333331873e+04   1.9949935346247e+05   3.0232120159387e+04   6.1480175542874e+05   1.6642163547845e+05   2.8086422585517e+05  -2.1911895328432e+05  -7.5075106447822e+04  -1.1426083734522e+05  -6.8493948179680e+04   1.3847360107594e+05   4.2837065338400e+05  -5.3014873612228e+05  -1.8114268020805e+05   2.4458202696998e+04  -3.5830575794781e+05  -6.7292094665356e+05  -6.3596583445547e+05  -7.7485450847748e+05   7.4099143208669e+05   2.5713907826665e+05  -3.9587681861140e+05   4.5901751445063e+05  -1.2278327249793e+05  -9.1828002317478e+04   2.7737268847787e+05  -1.4001928354437e+04  -1.0299979847004e+05   1.0362704733123e+05  -6.4191379347727e+05  -3.3227645808453e+05   1.8015042410173e+05   6.8157846318544e+04   2.8157131698208e+05   4.0940565639515e+05   6.9406349308566e+03   5.4112113029364e+05   1.1622048917325e+05  -2.6656135023670e+05  -4.9971928942770e+05  -4.3680887732007e+05  -6.2490306391697e+05   1.8284808846649e+05  -1.5059465500234e+05   1.5619833032701e+05   2.1446525190608e+05  -9.0626372461957e+05   5.0173914688630e+05   2.8455723919239e+05  -1.7948302701020e+05   1.9935372155812e+05   8.4975585627009e+05  -3.2520160973395e+05   5.7031913947492e+05  -2.9135936135568e+05  -2.1868610833437e+05   4.7826467592863e+05  -2.4248012232003e+05   5.0345987441195e+05  -9.2811806001779e+04  -1.2472989013872e+05  -7.4207803029248e+05   7.5361488424785e+05  -7.6913305951493e+05  -5.0647589033788e+04   3.6985813598647e+05  -1.0297891070945e+05   1.5790356246457e+05  -2.0819144319214e+05   4.6669888789483e+04   3.2667058531455e+05  -1.6217633259711e+05  -1.7058768537955e+05  -1.1188380799388e+04   6.8427831935287e+04  -1.0413694282126e+05 
 -8.2912604453546e+04   1.7835373909133e+05  -1.7930135317671e+05  -8.4383426149843e+02   8.3448169947440e+04   8.0452591743818e+04  -3.6806977189757e+04   5.6892078955728e+05  -1.8584614429688e+05  -6.5970758094554e+05   5.7998250229385e+05  -3.8281855535592e+05  -1.0132549111971e+05   4.9684133869464e+05  -5.5740611291909e+04   1.3017839092163e+05   5.7564121656206e+04  -1.3403442621239e+05  -1.3386735816025e+05  -2.9154116061792e+05  -2.3684937051562e+05   2.2308192093534e+05   9.7567482163384e+04  -1.0371779617290e+06   1.0059076719318e+06   4.6919465789475e+04  -3.6931080233275e+05   1.4099396977605e+05  -6.9377436481745e+05   4.1642953312066e+05  -4.2463749828476e+05  -2.1697845510718e+05   1.8846933767967e+05  -4.1227505271610e+05   1.0784356742141e+05   2.7528069394757e+05   2.1764756398227e+05  -6.8069743982032e+04   2.8109097120483e+05   7.0379822722089e+05   7.2212281686007e+04  -2.6840962274592e+05   2.2166418569921e+05  -4.5163185567285e+04  -6.4789556978755e+04  -3.1390774101435e+05  -1.0856906656612e+04   5.3694606404362e+04  -1.7051077301953e+05   2.8764408348002e+06   4.0575860992748e+04  -1.6812959413245e+06   6.3719639928641e+05   7.7495369023977e+05   2.7994787578244e+05   3.6921735968681e+05   1.0124204489945e+05   1.4840495841184e+05   5.1795744744039e+04  -1.0104004161092e+05  -2.1277766739205e+05  -5.7609611820209e+05  -3.3312081828838e+05   4.7918540627543e+05   4.4755475987828e+04  -2.5230057340021e+04   1.0684173172846e+05   1.0659124053386e+05   2.9366743894767e+05  -2.6935956610162e+05   2.8205976769366e+03  -2.1295373730714e+05   2.2679155576572e+05  -4.3796706459356e+04  -1.4208124563771e+05  -5.3255271853067e+05  -2.6935437851611e+05   3.3405326331738e+05   2.9531421075341e+04   1.4638219374862e+05  -8.3387155655034e+04   1.4845219473208e+05  -2.2668545304979e+05   2.1004627339777e+05  -2.3181129988133e+05  -2.3090428258759e+05  -2.6256358570826e+05  -9.6649027838016e+04   2.7247005616202e+04   3.2576618523214e+03  -3.8407373320563e+05  -2.4983331167906e+05  -2.0008943779858e+04   5.8186326759759e+05   3.7211172298831e+05   1.1152164154685e+05   3.1090395675562e+04  -1.0643432589973e+06   3.1334443574856e+05   2.1244869379184e+05  -1.8620936829368e+05   1.0153677301259e+05  -1.9882897865230e+04  -3.0041772550755e+04   2.2640797289794e+05   2.3625267098171e+05  -4.2473953448603e+04  -5.2684345336802e+05  -3.6022881779387e+04  -2.5821668659276e+05  -1.5016786874085e+05   1.4250240866231e+06  -3.1621579246579e+05  -4.6496702234495e+05  -4.5165061939993e+05   1.9897392303081e+05   4.6446014376591e+04   3.1403047018501e+05  -4.0849866309030e+04   3.5825313730708e+05   5.0007796646962e+05   1.5697550739259e+05  -3.9044485579747e+05  -2.1437441471683e+05  -3.0783013058737e+05   2.2156845149662e+05   3.8333036065483e+05  -2.9345703699385e+05  -3.7073315598666e+05   3.5773406001329e+04   8.6405380029591e+04  -1.2660860165600e+05  -4.0934296584498e+05  -3.7845109917704e+04  -1.6023950353114e+05   5.2806233770241e+05   3.6412826162026e+05   2.1008172709821e+05  -1.1023065611880e+04   2.6784758221322e+05   2.8201358673820e+04  -3.4471683295327e+05  -9.2204352819990e+04   5.8634258778175e+04  -9.2930798931613e+04   1.0774948216834e+04  -3.6659579780700e+04  -5.0633088707944e+04   1.0476159039494e+05  -3.2425294686631e+04 
  1.9409894760796e+05  -3.0205237339297e+05  -4.6407541700444e+05   1.0967005943970e+05   1.3306590338388e+05   8.8901892072640e+04  -7.8403906808268e+05   5.9785168139944e+05   1.5224764987180e+05   1.8272441428426e+04  -3.4774004161218e+05   2.3870036734923e+05   1.4089098035868e+05  -1.1603890306970e+05  -1.6292989150631e+04  -1.0885091861667e+06   9.2184072418538e+04  -7.2714442167481e+05   1.5255469250760e+05   8.4822009610200e+05   8.9441579471675e+03   4.0899217644911e+05  -1.0140051649849e+05   2.4721392668969e+05   4.5442816114935e+05  -1.0747167363667e+06   1.1912680236397e+05   1.9298303265875e+05  -1.3327691383750e+05   5.1397369759736e+05   6.6695000799165e+04  -9.0535343412593e+04  -9.9211903997266e+05  -2.3433809611598e+04   4.6687343192765e+05  -5.9786139865583e+05   3.2681931762079e+05   3.7696006276674e+05   1.3258400359055e+06  -4.0705172291569e+05   1.8065160552273e+03  -3.2084802592595e+05  -6.0431256526160e+05   1.2781628358530e+06  -4.7802252385182e+04   9.1370459901329e+05  -5.7616655775121e+05  -8.0854351906438e+05   1.4237210646383e+06   4.0575860992752e+04   1.8955665657251e+06  -5.9191056833175e+04   6.1231450993202e+05  -3.1666387400255e+05  -9.6771838152575e+04   2.8474285726938e+04   3.0430107253173e+05   2.6363849958966e+05   1.8923698707727e+05   7.1878423651759e+04  -6.5361754643174e+04  -2.1304613723944e+05  -1.0470176496847e+05   8.3518053986509e+03   2.6530542926671e+05  -2.4633309080148e+05   4.8400322108184e+04   4.8222851720209e+04  -1.1637767316187e+02   1.7532028254082e+05  -2.4451414456643e+04   3.7369503146378e+05   1.9989111992366e+05   2.3105988767288e+05  -2.8355654502042e+05  -8.3860200601363e+04  -1.1342342661525e+03   6.3750728962616e+05   3.5317478208933e+04   8.8600627007790e+04  -3.1285111952936e+05  -3.2236088934798e+05  -2.7359061654980e+05   3.2753448710160e+04  -3.9452364038961e+05   2.5076573206967e+04  -3.8001043322209e+05  -1.6730533105781e+05   6.7644210323565e+04  -4.9237419951266e+05  -8.7599129444591e+05  -4.0090554114555e+05  -5.8618888133953e+05   4.7371294054598e+05   3.7727910659346e+05  -3.3083214411842e+05   8.9115576025411e+05  -1.2502914402331e+05  -1.2385913296567e+05   5.9089565044882e+05  -5.2924955576110e+05   1.7553863123877e+05   4.9377048621660e+05  -4.3868188583250e+05  -8.8571241176004e+04  -7.4418662934983e+03  -3.7949929316730e+05  -2.0645094448305e+05   3.8121496995628e+05  -3.5287138825817e+04   7.8524987503079e+05   1.5847272010059e+05  -2.3663344714227e+05  -3.0067238644714e+04   2.3653079839986e+04  -5.4795933387745e+05   4.9174609438696e+05   1.1954442351541e+05   3.4207239880886e+05   3.1244404572543e+05  -7.4424797666923e+05   9.7216871179212e+05   1.2961552057292e+05  -4.7136115286464e+04  -4.1105339599552e+05   3.3303445643890e+05  -7.2566032727634e+04   4.0042583659484e+05  -6.7210045933802e+05  -3.2181844683583e+05   3.0332856337468e+05  -2.9081048529363e+05   6.8983956424156e+04   8.0186232516508e+04  -2.0981705981192e+05  -1.7795562937367e+05   9.8258923177516e+05  -5.7412610001949e+05  -1.0112835082670e+05   2.4692456089150e+05  -3.4319731051690e+04   1.9318104575899e+05  -1.0508518946823e+05   1.8072996768410e+04   2.2776408263490e+05  -1.5913441427760e+05  -2.3409023636984e+04  -3.4024813731206e+04   6.2900878098047e+04  -6.9273073485202e+04 
  4.5162079972091e+05  -4.5112041723111e+05   3.9819057103991e+03   3.4467708267273e+05  -4.5363262620397e+05  -2.5383563581828e+05  -1.3461711692184e+05  -2.2833773196389e+05   1.2317274606925e+06  -3.4107970724133e+05  -1.0516752386917e+06   7.0118212802464e+05   4.1676488822122e+05  -4.4875688064139e+05   7.0039534118138e+05  -4.2183778167812e+05   1.3759864021528e+05  -3.1895883150924e+05   1.1298615716396e+03   3.7341881758596e+05  -2.5960996039446e+05  -1.0948074032391e+06   8.6747543051809e+04   2.1413009459212e+06  -5.1003170776767e+05  -6.1530245854940e+05  -8.0603772273572e+03   9.8851040206527e+04   1.3315161142169e+06  -8.0696003099182e+05  -6.5549366733759e+05  -1.1345983209702e+05   2.2989035247634e+05   3.2373573821854e+05   3.2999042810268e+04  -7.8068338416077e+05  -2.7951353968814e+05   3.3598388086172e+05   2.0481268899000e+05  -3.9687997586573e+05  -2.9998082016374e+05   1.9094455442381e+05   5.9214905762383e+04  -6.6420208066806e+04   1.7092872151756e+05  -5.9444605220448e+05   2.2788319151462e+05  -1.7776737118322e+05   7.6669787733718e+05  -1.6812959413245e+06  -5.9191056833172e+04   4.7389705417064e+06   6.4291564916529e+05  -1.5199383334897e+06   3.9294031427452e+05   5.7457708186678e+05   9.0234637601670e+03  -2.3878343911682e+05  -4.6678396743913e+05  -4.0104508928364e+05  -1.7711876568538e+05   8.5584564694520e+05   8.6582988190135e+05  -1.1468116382000e+06  -2.7109062872539e+05  -7.2968503935642e+05   2.0920425990534e+05   2.0901050883655e+05  -4.5652431315037e+05   1.4604026000254e+05  -8.2057462256524e+04  -1.4954923757869e+05  -4.7960886080513e+05  -3.9557804537484e+05   1.0466399236710e+06   8.9534886452926e+05   7.6118735180686e+04   1.5571761233701e+05  -4.5359747043674e+05  -4.1232081433200e+05  -2.8777618950918e+05  -1.0933401009534e+05   5.9963300845666e+05  -4.3767056085663e+05   1.1806277482789e+06   1.3244331298487e+06   7.0729553187266e+04   1.8009473132921e+05  -5.6014027498136e+05   2.1827599759117e+05   3.2277377292224e+05  -4.4573082469398e+04  -3.8890240097541e+05  -2.5353866621226e+04  -1.2535021387283e+06  -2.1545726574154e+05  -5.1012978726127e+05   8.2781483588667e+05  -5.3014965201057e+05  -6.8442786908653e+05   9.1404649922261e+05  -1.0192932245664e+05  -5.3152209251690e+05  -6.7804695321415e+05  -5.6692674662818e+05   2.5606439825551e+04   3.3714526900107e+05   5.2750590682772e+05  -9.8574636633301e+05   3.1630174828336e+04  -1.5127925597830e+05  -9.3526601860140e+05  -5.7322057422386e+05   7.2224520495627e+05   8.2930486802670e+05  -4.0931917341065e+05  -3.0544509035809e+05  -1.0701494243579e+05  -1.6633529776152e+04  -1.7955408388276e+05  -9.9156808719033e+04  -3.7019243709318e+05   1.2505026759450e+06   4.8086398088537e+05   5.8995173637832e+05   2.3503032860241e+05  -6.1208292610182e+05   2.5520321035738e+05   3.3551132067162e+05  -7.4167611528562e+05   2.9981690690786e+05  -3.6521395489008e+05   1.4141963369117e+06  -9.6609847509305e+04   3.5983001452248e+05  -1.1552897162260e+06   1.3880738437402e+05  -7.9523978086250e+05  -5.0262744327673e+04   1.4082633666862e+05  -1.1437796941053e+05   1.0810072898413e+05   3.6067786967363e+04   8.5327169607986e+03   2.9451318140864e+05  -3.4081018543705e+05   2.3968835525588e+04  -1.1087990018860e+05   1.5303060933213e+05  -1.0572890965584e+05 
 -2.6248161380499e+05   6.4341595005943e+05  -3.7163922608448e+05  -4.0816040652024e+05   5.8932664468480e+05   2.0511947708977e+05  -4.2540644857134e+05  -3.7505990304774e+05  -2.6948541879365e+04   4.1505330773438e+05  -2.8991785483788e+05  -3.2127127744830e+05   4.8365088883531e+05  -2.8956589898966e+05  -1.6651853091294e+05   2.7795572686252e+03   1.1653133703573e+05  -1.2488877391518e+05  -1.3417235659473e+05  -2.5228794574656e+04   2.7832021202114e+05  -4.4154033991990e+05   3.2511065426207e+05   3.1229128214941e+05   3.3971794631060e+05  -2.3692881149352e+05  -3.2901481768646e+05  -1.5800637546117e+05  -4.3227969139707e+05   6.0399689156156e+05  -3.5996509839754e+05  -5.0857620766027e+05  -8.7619543855240e+04  -1.3666743040955e+04  -6.0311241906642e+05  -1.1399165287128e+05   1.4130161454515e+05   6.7353561181927e+05   5.5203544264326e+05  -5.2817520424388e+05   4.1024619251101e+05  -1.2336430702669e+05   1.7635883310982e+05   2.6718314765366e+05   8.9636117831038e+03   1.5607596488348e+05  -5.7042694779252e+05  -8.7632772329864e+05   8.7381493600944e+05   6.3719639928641e+05   6.1231450993202e+05   6.4291564916529e+05   2.0257062435337e+06  -3.2460886633801e+05   4.6697348163083e+05   2.7232394196386e+05   2.3280426783074e+05   3.0938303787030e+05   1.9196132467904e+05   6.4025457432238e+04  -1.0347181190526e+04   1.2134986679499e+05   4.7903177917362e+04   2.1749339235395e+04   6.2504509170151e+04  -1.2162048444382e+06  -3.1394515915990e+05  -3.1434990698761e+05   1.2137027091336e+05   3.9404816411744e+05   1.0028801900785e+05   2.0456425131758e+05   1.5528288962639e+05   1.4503745157601e+05  -5.1032846261509e+05   5.6321216086978e+05   3.8294767768702e+05   8.4366714200958e+05   2.9970973928719e+05   3.7946541806071e+05  -4.2181237004639e+05   2.5795906520329e+05  -3.7266002199253e+04  -1.2162188176422e+04  -2.8078805027250e+05  -7.7999536737000e+05  -4.4616383711662e+05   1.1761336194250e+05   4.4729652960750e+05  -4.6030713441746e+05  -3.5039473113013e+05  -7.2793143572242e+05  -4.3014595048459e+05   5.2788043757909e+05   1.4567047043920e+05  -5.3389636964768e+05   5.1573517783939e+05   3.9329861121315e+05  -4.2775148322107e+05   6.7287404790056e+05   7.0389115896323e+04   2.1671405842458e+05   2.7652583588197e+04  -4.1950755655325e+05   7.5330131413012e+04   4.3008962492104e+05  -7.2911826664327e+04   2.5043429804171e+05   3.0862566572200e+05   3.4443961472989e+04   2.5499368587391e+05  -1.1345679787730e+05   1.4293939811463e+05  -3.9238517933308e+05  -4.4521940319809e+05  -9.0880533504039e+05  -1.3371060619060e+05  -1.4833708197837e+05   1.9499953524413e+05  -1.2819304531296e+04  -7.7789741066790e+05   1.5444084492800e+05  -5.3045064230455e+04  -3.2142548542482e+05   1.3400646081299e+05   7.8760826125666e+05  -4.2971796468431e+05   4.2516429804606e+05  -2.1730233093172e+05   3.1292186848593e+05   6.0962014842489e+05   1.1647334479550e+05   3.2749145000198e+05  -1.3904080390984e+05  -2.3970700168829e+05  -4.8690269847329e+05   4.5577148191809e+05  -5.8920864443794e+05   1.0030391843456e+05   2.6049260295746e+05   2.6854635057849e+04   3.0333214606655e+05  -6.1556144713614e+04   3.4129355693745e+04   5.7346728140917e+04  -1.9398427392252e+05  -1.9794168717085e+05  -3.7596349831877e+04   1.4759673126842e+04  -6.2368417634783e+04 
  1.6721369482164e+05   1.3026085896103e+05   6.2968456798230e+05   7.2088230630691e+04  -5.5537699128303e+05  -4.6407479128627e+05   3.4905605940431e+05   1.5543099322136e+04  -8.3551780389411e+05   9.1659853036383e+04   5.9534433947512e+05  -2.7152880288854e+05  -2.3257265662743e+05   6.7965681430553e+05  -4.0650329502854e+05  -3.1143316088529e+05  -4.2225489397187e+04   7.6118911872001e+05   2.7635435745050e+05  -2.5145593047370e+04   1.4606735662700e+05  -6.6618082148102e+05  -2.3534735137951e+05  -5.2255715507635e+05   1.3238192189835e+04   1.1116222903192e+05  -1.3029320802609e+06  -5.9402383179397e+05   1.4213493723433e+05   3.3677360279473e+05   9.7991716574746e+05   3.4468058990489e+05   2.9045443963673e+05   2.0483555372726e+04  -3.0071301700305e+05   7.3143823375757e+05   5.7993428004635e+03  -6.1969195500845e+05   3.1847544897355e+05   5.7345298732876e+05  -1.0248645679280e+06   3.7079301433335e+05   5.0666654551418e+05  -2.2517576085643e+05   5.5801657935643e+04   4.8587695070746e+05   1.3641201981004e+06  -3.3660030197536e+05  -4.9030112257953e+05   7.7495369023976e+05  -3.1666387400255e+05  -1.5199383334897e+06  -3.2460886633801e+05   3.7109558608372e+06   2.3888104179938e+05   1.1579445714372e+05  -8.0491241601095e+05  -6.0563097228941e+05  -2.5747176529457e+05  -8.7389767595905e+03   2.4845664309546e+05  -3.0382914730400e+05   1.0203228817624e+05   4.0927220841125e+05   8.6326048597413e+03   3.2941383439147e+05   8.2757154414393e+05   8.2766747797199e+05   4.7700667359689e+05  -2.8320430489015e+05   3.2511211653735e+05  -4.6045876245340e+03   6.8271773321291e+05   2.6124600430341e+05   8.6830888515429e+05  -3.3825951137758e+05  -1.5041176875878e+05  -1.2293039233763e+04   4.2046864978498e+05   2.6824711794320e+05   4.8012952614127e+05  -5.6513253873304e+04   4.8651914702611e+05   2.9171388692477e+05   4.7090959185365e+05  -8.0314900036357e+04  -3.9613560712346e+05  -6.0090457807924e+05  -3.8615326153906e+05   4.3312969175333e+05  -3.5053817219648e+05  -4.2445184339073e+05  -2.1127914293342e+05  -9.1059917429600e+05   7.3478281066806e+05   3.0439394093366e+05   7.8898345275688e+05  -5.9016085127270e+05   4.7502412977166e+05   4.3842978417161e+05  -2.9133681063125e+05  -5.5751080634147e+04   1.7155816691836e+05   4.7725677514330e+05   3.6897698093421e+05  -2.0179411955570e+05  -4.5054286908706e+05  -2.4693292440126e+05  -2.2169388886709e+04   8.6527966439319e+03   2.2555072955025e+03  -2.2269095292064e+05   3.8856394323231e+05  -3.4374517278702e+05  -2.6820814797648e+05   6.9658528340315e+05  -1.5726683387399e+05  -6.4628725545354e+05  -2.5594253473445e+05  -5.2566864512437e+05   5.2800926508776e+04  -7.3925666442366e+05  -4.2779828184766e+04  -3.8042888934026e+05   2.8143028746306e+05   2.6241827141819e+05  -1.1335593394554e+05   1.3027896146336e+05  -2.3882538216147e+05  -2.5696495126754e+05  -4.5876014098661e+05  -5.4341219132539e+03   1.7909514427022e+04  -1.5142974579129e+05   4.7570707683014e+05   3.3358821005060e+05  -1.1598834150363e+05   3.1566139338482e+05  -1.0347759551283e+05   1.2729404797221e+05   3.5404090494415e+05  -3.9734271376090e+05   8.6720459636755e+04  -2.1438551537634e+05  -3.0953606662920e+04  -2.0570147543980e+04   9.7492241720370e+04  -2.3738261259166e+05   1.0283164729349e+05  -3.4857151530068e+04 
 -3.9910090478796e+04  -3.6880516367778e+05  -5.3582964878642e+05  -2.1074151343793e+05  -2.4473210321545e+05   1.0211568248271e+05   4.7039076739704e+05   8.8287868291679e+05  -6.0597893044008e+04  -3.2291430242321e+05   3.0774556954637e+05  -6.9862273653072e+05   1.9271708946438e+05   2.0352260556626e+05   1.5603571139316e+05   2.6676379182964e+03   2.1482285201189e+05  -1.7130953156681e+05   3.7963272608072e+05  -3.9104562680121e+05  -5.2172684775662e+05  -7.5260667337474e+05   8.9653500150685e+04  -1.6057342242551e+05  -5.6953039693066e+05   8.3557289309155e+05   6.4636178298553e+05   3.6551443772092e+05   2.2547915739127e+05  -3.9088075714914e+05   4.7186014666426e+05  -1.2781667243495e+06  -4.2332919944166e+05   3.0438825426689e+05   1.9954967940857e+05  -1.0135294424727e+05   5.9445269094069e+05  -4.8385382925210e+05   6.4806953871202e+05  -1.1301654102969e+05  -5.0704138896875e+05  -9.4128222680023e+04   4.7094879175792e+05  -5.4445771106924e+04   2.3670617611581e+05  -4.6335906825015e+05   1.3421568884732e+05  -3.1873294200100e+05   1.4000206656025e+04   2.7994787578244e+05  -9.6771838152577e+04   3.9294031427452e+05   4.6697348163083e+05   2.3888104179938e+05   2.5057183756249e+06   2.2272686202179e+06  -5.3224011741241e+04   4.9586794247816e+04  -1.4118311402834e+05  -2.0687098765497e+05  -4.1517203071846e+05   5.4323384356054e+04   8.4530684591183e+04  -1.1094117457345e+05  -1.1058476721264e+05  -8.5147003652635e+05  -5.0127001518446e+05  -5.0178748084185e+05  -1.2846343062046e+05   7.4991457298606e+05  -3.1172239823040e+05  -2.6428040167156e+05  -4.2377727056086e+05  -5.1957206147369e+05  -8.1838412895404e+03   8.7700401762134e+05   3.4548389738181e+05   2.0739842352538e+05  -1.2556120155451e+05   1.9558411549829e+04  -9.5108669340718e+05   7.8285542037134e+05  -7.5408891433256e+04   1.1625861374536e+04  -8.1141742588456e+04  -6.3447270165707e+05  -1.9394274352420e+05   1.5512869593128e+05   3.5284667220018e+05  -4.9743819298256e+05   5.3427989519616e+05  -1.9598211375437e+05  -8.0967653606966e+04  -6.4972559072937e+04  -3.3089594539170e+05  -8.0366239389481e+05   4.4875133524949e+04   6.1191540162343e+05   8.7034680909670e+03   6.2772125656371e+05   4.3034210255202e+05   4.6623601939616e+05  -5.0373082167250e+04  -7.5830107969341e+05   2.9278752433506e+05   9.1842566228311e+05   2.9012529948204e+05  -1.9339171060279e+05  -6.8385714455897e+05  -3.4162389110682e+05   2.8674531143802e+04   4.7585317477252e+05  -6.4534969762614e+05   3.1881678786932e+05   3.2236402886130e+05  -6.5825882573100e+05   2.7386659868089e+04   3.2126079275993e+05   5.1273896870466e+05   1.0959697309018e+05   3.2329776826259e+05  -4.3552493952869e+05  -1.0553542972733e+05  -9.8797738637421e+04  -2.6639649417220e+05   7.7321753595366e+05  -5.1706689909224e+05   3.1029789618163e+05  -6.7887065449400e+05  -1.1116352319257e+05   5.8505468943763e+05   1.6593196306187e+05   1.0145665099819e+06  -1.6765070405476e+05   1.2648970731378e+05  -9.1279548315108e+05   6.7855084455819e+05  -4.3641428355339e+05  -6.1512430699951e+04   2.1914702294674e+05   5.5540651501610e+04   1.9801393189389e+05   3.8610628811718e+04  -7.8810112362688e+04   2.3801476997631e+04  -1.6126027801215e+05  -1.0771653408535e+05  -2.3741266816440e+05   1.6126296752496e+05  -3.9183120663242e+04 
  7.9088797189957e+04  -4.6855216949497e+05  -4.3879831593203e+05  -4.6560146425006e+04  -2.6139083078092e+05   9.7249101947774e+04   3.3162496170686e+05   9.2670930772748e+05  -4.9233321163389e+04  -3.4381267523128e+05   2.0953778355980e+05  -4.9694590852472e+05   1.5531926927570e+05   2.0191481272014e+05   3.0972793594666e+05  -2.5888201667092e+05   2.5732976799648e+05  -3.6505011892325e+05   3.8621108052230e+05  -2.5129610335815e+04  -5.7303661375221e+05  -5.0997859979352e+05   6.8261591537339e+04   9.4600737165782e+04  -3.4180184892984e+05   4.0079568381859e+05   5.8366597803168e+05   3.3977985924568e+05   7.3251994599640e+05  -7.6818133264247e+05   1.3925461672204e+05  -1.1516851522092e+06  -4.3330629620442e+05   2.1980186258220e+05   5.3608569845826e+05  -3.9679733610660e+05   6.0264431548099e+05  -4.1554860155423e+05   7.4762935400466e+05   4.6426347028582e+04  -5.7782040854505e+05  -1.4284598855419e+05   3.2439245090262e+05  -4.2169691565366e+04   2.0721394270866e+05  -4.9330909590520e+05   2.6268142955034e+05  -2.2709529130205e+05   9.6133659195516e+04   3.6921735968681e+05   2.8474285726937e+04   5.7457708186679e+05   2.7232394196386e+05   1.1579445714372e+05   2.2272686202179e+06   2.2595090692595e+06   9.6365179210222e+04   1.2957497266136e+05  -7.6210472817440e+04  -1.2097251946863e+05  -2.6977823898515e+05   7.2759932302059e+04   2.2941426245938e+05  -1.2923038706703e+05  -6.1004979996744e+04  -6.4232325788980e+05  -1.4745814542068e+05  -1.4796491631559e+05  -2.9895314203080e+05   4.4112389655302e+05  -4.7559754723296e+05  -3.0588131310094e+05  -5.0455724424104e+05  -5.5630429386764e+05   3.5838736817322e+05   6.3714097003250e+05   1.2264258417111e+05   1.7584395824235e+05  -3.2686370553215e+05  -2.1861599913098e+05  -5.8877717755407e+05   4.9033833348140e+05   5.5194865995856e+04  -1.0334703852763e+05   2.0715537733996e+05  -4.5560233116258e+05  -3.7388845900910e+04   1.3516483964061e+05   1.2795336385084e+04  -4.1752661119362e+05   4.1935252113625e+05  -4.0541600952849e+04  -8.3224266283506e+04   1.3891735248963e+05  -4.6400563119421e+05  -7.3508130657592e+05  -9.5158486570837e+04   5.9463797682861e+04   2.8981092395550e+04   4.0707727111756e+05   4.7770686314270e+05   3.4870238728022e+05  -2.5703478731257e+05  -8.2657526243487e+05   9.5083366270118e+04   7.7673442751604e+05   4.3706506126518e+05  -6.1865128209525e+04  -8.0373164502582e+05  -2.6782146377401e+05   3.3037481554282e+04   9.6151780880003e+05  -8.2522319397386e+05   3.8243314897419e+05   4.6781032065388e+05  -4.5526736370840e+05  -7.0084244321779e+04   1.4331992876415e+05   3.9873064013618e+05  -1.1727362103207e+05   2.5172781506297e+05  -2.7982285517496e+05   2.6895934648559e+05   2.6497083964009e+05   6.9482277272434e+04   3.9209508732872e+05  -3.7833318022737e+05   2.5015095552118e+05  -8.6720000144262e+05  -1.4696527551316e+05   1.6080714901277e+05  -1.1844012748413e+05   1.0454154128614e+06  -8.0267226807949e+04   1.6850985811917e+05  -6.9722484098538e+05   6.3107689138052e+05  -2.9051474535538e+05  -1.1742868867966e+05   2.2825177131286e+05  -4.3826784821497e+04   1.6711166893610e+04   2.5434457459677e+04  -7.2561670860066e+04   3.3492682637588e+04  -1.3660137228172e+05  -9.6715611151490e+03  -1.6885117330052e+05   1.7416112691926e+05  -4.8195293147243e+04 
  2.7814680924214e+04  -5.8910880491580e+04  -2.9822943638625e+05  -7.0204663406794e+04   3.2501567896083e+05   2.6435407333392e+05  -1.6182718499585e+05   2.6107530875695e+05  -1.5158321376758e+05  -1.1561930910675e+05  -9.4321871405165e+04   3.4002139048295e+05   4.3024453995371e+04  -3.0610896337637e+05   4.3563119102405e+04  -8.5412665176679e+04   3.9368008129695e+05  -5.4812884245131e+05  -4.6141640528384e+04  -2.4951127101034e+05   4.1483764273719e+05  -1.3596492675257e+05  -4.8831623537352e+04   6.2802989479856e+05   1.5814897537135e+05  -1.4229449685436e+05   6.4834271124752e+05  -1.7857883126759e+05  -2.2944641961179e+05  -2.0011346904253e+04  -6.4147693976308e+05   1.6666401682758e+05  -2.1223772923288e+05   1.9855771424977e+05   9.1073047841414e+04  -1.3929370155128e+05   6.7801945904010e+04   4.2432264233869e+05   1.3094105355444e+05  -3.7439804711020e+05   1.1908373296945e+05  -2.8401688083349e+05  -3.3334033940283e+05   8.3630450920308e+04  -5.8783049033896e+04   1.5105586429684e+05  -3.9674136609881e+05   9.4878451051879e+04   7.1161385829700e+04   1.0124204489945e+05   3.0430107253173e+05   9.0234637601687e+03   2.3280426783074e+05  -8.0491241601095e+05  -5.3224011741241e+04   9.6365179210222e+04   9.4641370112116e+05   8.5910752648682e+05   6.3406112941302e+05   4.3533480968698e+05   1.5562470812527e+05   3.5263618410965e+05   6.4248300720383e+04  -3.6958759011637e+05  -3.1869914716430e+04  -1.5127202873160e+05  -2.5607684168087e+05  -2.5594085381575e+05  -3.9162087128336e+05  -5.1302722305865e+04  -4.0837491753921e+05  -1.3957711427809e+05  -5.2361528068035e+05  -3.1810461180120e+05  -4.3803598769712e+05  -6.0383193844054e+04  -6.3155894303210e+04   9.9313099320722e+04  -3.2294711828035e+05   2.1398230017212e+04  -2.0568933052112e+05   3.3552380471583e+04  -2.3268500138882e+05   3.7194991918015e+04  -2.8360771805333e+05  -6.9514981143112e+04  -6.8799585917498e+04   1.9872099513547e+05   2.2837558245172e+05  -4.8590500880207e+05  -4.9121364281707e+05  -1.4438259886072e+05   1.1621284586879e+04   2.9378597703322e+05  -3.2549361667774e+04  -1.9957260335858e+05  -2.0164148675257e+05  -1.8735514473081e+05  -2.5092524458769e+05   2.7872051638211e+05  -1.7695095587975e+04   4.3365254432672e+04  -1.0032840670662e+05  -8.1498098772812e+04   1.4600597656043e+05   8.4641230852607e+04  -1.1597149129319e+05  -2.1166576315297e+05   2.4940639108680e+05   3.3537221137071e+04  -4.8500982558211e+05   7.6724874110431e+05   3.5062657071739e+05   2.0409723288755e+05   1.3092569542991e+05  -3.8431806936174e+05   2.3082256982693e+05   3.6813687760216e+05   3.4850801343994e+05   4.6371419223497e+05  -1.4321414205492e+05   6.0579184535338e+05  -1.1249446799858e+05   2.1969864023594e+05  -1.3905275768370e+05  -5.8239434350308e+05   4.2540671983697e+05   2.3638601118487e+05  -6.2737058078882e+05   4.4185997165924e+05  -2.8035257419961e+05   7.0095045246812e+04   8.3225896813290e+04   2.0325375478043e+05  -4.9066040472177e+05   8.1295475051587e+04   1.7699822189202e+05   2.6458928568674e+05   1.0082534851910e+05  -8.9890000134738e+04  -9.7329995245991e+04   1.2466770521420e+05   2.2141378725234e+04  -4.0074705426722e+04  -1.5537487487518e+05   5.6282760958119e+04   5.6181190478538e+04  -5.5407929058655e+03  -2.5215742699988e+04   4.7351387052279e+04 
 -5.4186138387356e+04  -7.0730532370738e+04  -2.5620506584379e+05  -1.5559722210645e+05   2.7582076157124e+05   2.1223004090496e+05  -1.0047625664265e+04   3.9293762094354e+05  -4.1428783358503e+05   1.6726524651267e+05  -5.5424230969429e+04   1.6346493309556e+05   6.7029842168479e+04  -3.2045204603271e+05  -2.1165336378316e+05   5.9141135300068e+04   2.9606252144251e+05  -2.0488824799153e+05  -1.4883508995372e+05  -3.4011761974906e+05   5.5241229680061e+05  -1.9038467087884e+05   2.2642846652716e+04   5.3699645999447e+05   2.5613212364828e+05  -6.4570875072300e+04   5.1556057018518e+05  -2.5212631556042e+05  -3.4207440349184e+05   1.2411262104009e+05  -4.4939098656893e+05  -1.0568915122155e+04  -2.8033698423949e+05   8.0168103155785e+04  -2.3854600462837e+05  -2.6254474037263e+04   2.0378614119135e+05   3.8074048377134e+05   1.0294711112326e+05  -2.1506969310744e+05   2.6314235232103e+05  -2.8082641789740e+05  -5.4603152141074e+05   2.7014573906564e+04  -4.6881425335898e+04  -4.9468276776457e+04  -4.4740361054721e+05  -5.6285787593145e+04  -3.1655051851475e+04   1.4840495841184e+05   2.6363849958965e+05  -2.3878343911682e+05   3.0938303787030e+05  -6.0563097228941e+05   4.9586794247817e+04   1.2957497266137e+05   8.5910752648682e+05   9.2626345857676e+05   7.7060917838035e+05   5.7298197934764e+05   2.9213953344657e+05   3.4623701718323e+05   9.3341764618582e+04  -2.8706131637056e+05  -9.5758427276760e+04  -3.8128938572822e+05  -2.7669440024040e+05  -2.7658730543156e+05  -3.8601628045341e+05   6.7017386738412e+04  -4.5493078464357e+05  -7.2239785620032e+04  -5.0521643090229e+05  -2.6440499315945e+05  -4.8455511734081e+05   1.0173656240367e+04   8.0220560325459e+04   1.9000730983911e+05  -1.5083485743166e+05   1.8182740215550e+04   6.9156875733480e+04   7.8915292100983e+04  -1.5233100374375e+05   1.9906301227520e+04  -3.6082196555402e+05  -2.1509053691060e+05  -1.5420728876872e+04   1.8018692990669e+05   2.4496728952177e+05  -5.0862296817482e+05  -3.7490274534456e+05  -1.5610721099023e+05   3.1418027519175e+04   1.0850759949187e+05  -6.4126175840978e+04  -3.0225192570626e+05  -1.0049921987418e+05  -1.8322031121646e+05  -4.5938513954856e+05   3.7838422473313e+05  -1.5570893079323e+05   5.5751022376917e+04  -1.2572788699512e+05  -7.7515548863362e+03   2.7389410097374e+05   1.7736280933014e+05  -6.6672026954157e+04  -9.1497242946936e+04   3.5578713897109e+05  -5.1781512969694e+04  -1.0603772382502e+05   5.7679194536340e+05   5.7527708502076e+05   1.3806547194501e+05   7.7192432940583e+04  -4.6672740336693e+05   1.2116740646623e+05   3.5557215898631e+05   2.9519452918354e+05   3.9015576200155e+05  -3.5230542955251e+05   5.8498867920484e+05  -2.6273685146530e+05   2.2882124033507e+05  -3.6867436281378e+05  -4.7628380389770e+05   3.2028981731997e+05   1.8860750390511e+05  -6.6647900524002e+05   3.5560144851595e+05   4.1010037462827e+04   1.1628623469905e+05  -5.0335439347691e+04   1.5701145949804e+05  -4.2054640997534e+05   7.0606949307605e+04   2.6635692325836e+05   2.8675735780413e+05   1.2640589230882e+05  -9.5047214894849e+04  -8.9562797919164e+04   9.3128550683425e+04   8.6200109364880e+03  -1.6520172676594e+04  -1.4370371888206e+05   4.0071334490297e+04   7.0123757084950e+04   1.5776685413498e+04  -6.8041772754067e+04   6.7258820012491e+04 
 -8.8983147787706e+04  -1.1158017866542e+04  -1.2646787098700e+05  -1.8182510705019e+05   2.6178441605409e+05   1.8261117497650e+05   7.1824711587861e+04   2.3974921021027e+05  -6.5161951562823e+05   3.9130817583244e+05   2.2224565217321e+04   5.4257551838152e+04   2.5159461728324e+04  -2.7744184596545e+05  -3.7096012163793e+05   1.1651200759159e+05   1.0233082401368e+05  -3.5371245223058e+03  -3.3157753454815e+04  -2.3810507621689e+05   5.8088654654962e+05  -7.3700496439437e+04  -5.9104691501428e+04   2.8139432773422e+05   6.0941533279085e+04  -9.2277223352468e+04   4.0672237191044e+05  -2.8867997014209e+05  -1.2995830475278e+05   8.4511484663815e+04  -1.0992711220441e+05  -7.4026944258388e+03  -3.3174426721046e+05   1.9893740746308e+04  -2.8399744747458e+05   1.0821445891284e+05   2.3399479010585e+05   3.1084856491007e+05   1.1490053060857e+05  -6.8863482958707e+04   2.3724931171278e+05  -2.8570085350374e+05  -6.0518351999553e+05  -1.2182786314045e+04  -4.7294385407508e+04  -6.2893923975711e+04  -3.4506389502207e+05   1.0208321608116e+04  -1.1680380562900e+05   5.1795744744039e+04   1.8923698707726e+05  -4.6678396743913e+05   1.9196132467904e+05  -2.5747176529456e+05  -1.4118311402834e+05  -7.6210472817442e+04   6.3406112941302e+05   7.7060917838035e+05   7.6933433869344e+05   6.5741162215473e+05   4.5647449696511e+05   3.1823812642250e+05   9.2240049395572e+04  -1.4847378355548e+04  -7.0717146615120e+04  -2.6481504606781e+05  -1.2930021117318e+05  -1.2915143207499e+05  -2.3286424784663e+05   4.8744048655775e+04  -2.6700756950807e+05   7.5003209072580e+03  -3.0831479580423e+05  -1.4339452065546e+05  -4.2320814561536e+05  -8.7906686832009e+04   6.4351624774411e+04   1.5311298002198e+05  -4.7392937472337e+04  -2.3773283205956e+04   3.8422173043867e+05  -5.6282359063513e+04  -5.9327649995413e+04  -3.3825414218100e+04  -4.2155567137725e+05  -2.5293933162311e+05   4.4259117562616e+04   6.3321465841918e+04   1.3622292407591e+05  -4.1398658331078e+05  -2.6710921068179e+05  -1.3439986179423e+05   5.8883188139180e+03  -9.8961625699035e+04   4.9173688766534e+04  -2.5908886381888e+05   4.7812237433159e+04  -2.2839309029319e+05  -5.0626348827978e+05   3.4476599760321e+05  -2.6826308461337e+05   1.1770791354850e+05  -2.4324474588652e+04   1.1996560939609e+05   2.4029893773319e+05   1.0535467920973e+05  -3.2903481197908e+04   2.0816156149803e+04   3.9539423739956e+05  -4.3093469878972e+04   1.0031049040083e+05   2.2663115154523e+05   6.8894734882235e+05   3.9926966617269e+04   7.6384418993773e+03  -3.1101621447604e+05   7.6186474781522e+04   2.2268261287606e+05   1.6576967212615e+05   2.0382988303451e+05  -4.8842341307946e+05   5.2833104743426e+05  -2.6872047807266e+05   3.3114853067414e+05  -2.6846140414186e+05  -3.7824815107857e+05   3.0371206303994e+05   1.2104432053212e+05  -5.4556266110991e+05   1.4879647852892e+05  -8.1178113492229e+04   9.4943832824843e+04  -2.8520521252165e+05   1.6794798518352e+05  -3.4082223373420e+05   3.0873332129623e+05   1.5778505018569e+05   3.8374014544739e+05   1.0767047060585e+05  -1.2803029885695e+05  -1.0059824636156e+05   2.8549650679452e+04   1.1091379604528e+04  -2.4892557627948e+04  -1.2255819890833e+05   6.2639838176711e+04   9.6182033304493e+04   5.2367253422767e+04  -6.0981759015849e+04   5.3352837630383e+04 
 -9.5459086597340e+04   3.8972885927796e+04  -9.3633830430293e+03  -1.7546900278499e+05   2.1687585502000e+05   1.2687827750976e+05   9.8950445386443e+04   7.0513847871133e+04  -6.8254103643299e+05   5.1324234438869e+05   1.1525650403072e+05  -3.5398716878095e+03  -5.3539017201708e+04  -2.2711522240199e+05  -3.9486685532006e+05   2.2297830370961e+05  -5.6078457670826e+04   5.7248376271779e+04   3.0466275077569e+04  -9.9080870072176e+04   4.7516393982625e+05  -2.0091802026611e+05  -2.5679553077981e+04   7.6391441520566e+04  -1.4142184234022e+05   4.3134508120309e+04   3.0718043194634e+05  -2.1807054907191e+05   2.1263938412796e+05  -5.2086161980097e+04   2.0534562910762e+05  -1.5487376731723e+04  -2.2593651922562e+05   3.7204520886100e+04  -1.0841090403595e+05   7.4107987804681e+04   1.4024605369960e+05   2.0413980641843e+05   8.4744870454580e+04  -1.3189359576418e+04   1.1593846022138e+05  -1.6346236759199e+05  -6.4756408197252e+05  -2.4886400561545e+04  -9.4317419801312e+03  -1.1016653832178e+05  -3.0064090580999e+05   5.1899434654961e+04  -1.1942300894935e+05  -1.0104004161092e+05   7.1878423651758e+04  -4.0104508928364e+05   6.4025457432237e+04  -8.7389767595890e+03  -2.0687098765497e+05  -1.2097251946863e+05   4.3533480968698e+05   5.7298197934764e+05   6.5741162215473e+05   6.6551873522310e+05   5.7119709671944e+05   4.0196581319387e+05   2.1286126674220e+05   1.8945341783870e+05  -1.9211136257630e+04   4.2633801464222e+04   3.9008644755381e+04   3.9130840160121e+04  -9.1830446208478e+04  -5.0808351397642e+03  -1.2165391710409e+05   3.6894099314191e+04  -1.8156444709138e+05  -7.0774115708781e+04  -2.2913500169634e+05  -1.1918223197081e+05   2.1920916323770e+04   6.7164394107079e+04   4.1319575473264e+03  -4.7341955860443e+04   5.7007511872586e+05  -1.5828416052920e+05   8.4284533898473e+04  -9.0442854417731e+04  -3.0112050356670e+05  -1.9899719918357e+05   4.8351950791771e+04  -4.4697735234210e+04  -8.1846441993938e+03  -3.4184203483419e+05  -1.1232482845598e+05  -1.5578211443376e+05  -7.9545229547623e+04  -2.2209286695294e+05   1.1824126790990e+05  -2.6941930828395e+05   5.0944042195151e+04  -2.8912100652406e+05  -3.7951899784857e+05   2.9138891581213e+05  -1.8540335273310e+05   1.0768895674095e+05  -3.9961466560129e+04   1.6221665949919e+05   1.3870652662429e+05   1.1658506000643e+04  -1.5072590910807e+04   8.9089704344853e+04   3.0895466644179e+05   5.9566074538048e+04   1.9163769819335e+05   7.8270297212459e+04   6.1394439474471e+05   7.3567191673523e+03   1.1715919712271e+04  -2.3586577500592e+05   1.3361707740345e+04   6.8934547226369e+04   3.0009015565005e+04   5.9587273143535e+04  -5.2604040633498e+05   3.4411573412526e+05  -1.3611230530330e+05   4.2383452555218e+05  -1.2646296909813e+05  -3.4349965428239e+05   2.9826596927382e+05   1.2975645775809e+05  -5.4478612208280e+05   1.4418546464744e+05  -2.0685289182549e+05   1.3946315794784e+03  -2.8007619572557e+05   1.2797127726805e+05  -2.8149221089599e+05   3.4938273769089e+05   5.4323681649689e+04   4.0278649331056e+05   9.5985477777309e+04  -1.0455181797418e+05  -1.4336369246298e+05  -3.0861619164352e+04  -8.6022786550105e+03  -2.8269002163742e+04  -8.8513111501485e+04   6.3891947450943e+04   9.3151987520345e+04   8.7740770627988e+04  -5.3594394734888e+04   4.5867825679045e+04 
 -1.3571118905296e+05   1.7150647516397e+05   1.8769998706533e+05  -1.6554447840838e+05   1.0844303602917e+05   1.3953530448095e+04   8.0445206848305e+04  -1.6166771951147e+05  -5.4027872348041e+05   6.1561767487895e+05   5.5399244007079e+04  -3.9469870472831e+04  -4.5334851328999e+04  -1.6908526575963e+05  -3.4469585749348e+05   2.3500482217898e+05  -2.0932607144826e+05   2.9054932178249e+05  -5.6642753767279e+04   1.7079094418473e+05   3.0543481881204e+05  -1.0030659795988e+05   7.9938176608812e+04   2.3352661189526e+03  -1.3385886143663e+05  -2.5861528138341e+04  -6.2109048367719e+04  -1.5348418652996e+05   5.0602381975412e+05  -1.7384012648412e+05   2.1995043974574e+05   1.0489934099365e+05  -2.0812988527568e+04  -2.4739523465946e+03  -2.2328827428857e+05  -8.2347519276212e+03   9.7702186936994e+03   9.3527851008171e+04  -6.6145481227035e+03   6.9394201423489e+04   1.0660795398921e+05  -3.1559642784931e+04  -5.4146291260738e+05  -1.1492810311504e+05  -2.0299399509709e+03  -1.8066703783831e+05  -9.8413928755427e+04   1.2105401832394e+04  -1.1383389410434e+05  -2.1277766739205e+05  -6.5361754643174e+04  -1.7711876568538e+05  -1.0347181190527e+04   2.4845664309546e+05  -4.1517203071846e+05  -2.6977823898515e+05   1.5562470812527e+05   2.9213953344657e+05   4.5647449696511e+05   5.7119709671944e+05   6.6573758819582e+05   4.1070407835694e+05   4.0588161147354e+05   2.6475346014318e+05  -1.8139001210218e+03   2.0723602749190e+05   4.0287938902946e+05   4.0297368601004e+05   6.6722436653938e+03  -1.5019698706604e+05  -8.9341318013908e+03   8.9871033823839e+04   1.0152210463553e+04   5.8441718754215e+04   2.1070810252463e+05  -1.9100907845145e+05  -3.4945904015589e+04   2.3745481387609e+04   8.3693824346253e+04  -1.3697761784616e+05   8.1157772378084e+05  -3.5895418353123e+05   1.9170376367329e+05  -1.5503196642736e+05   1.8177264844974e+04  -7.9083792607307e+04   1.0760778435111e+05  -1.4605653074444e+05  -2.5547381443906e+05  -1.2349576181310e+05   4.0455657861124e+04  -6.1515570794424e+04  -9.8257606515012e+04  -2.6552133939877e+05   8.5040099865316e+04  -1.6620627555060e+05   8.9331338595671e+04  -2.5459750832663e+05  -2.6562922744992e+05   9.8204946746473e+04  -1.1227259888071e+05  -3.1003767826914e+04  -2.0095528697548e+05   2.6878041735382e+05  -3.6022965363462e+04  -1.8817604341500e+05   1.2301819426130e+03   2.3822212126484e+05   1.7867143975825e+05   1.0687141833689e+05   3.8812983020483e+05  -2.4173807195570e+05   5.0418457498035e+05  -3.6375084698107e+04   2.8805006363905e+04  -5.4902507356127e+04  -1.3846042944124e+05  -1.7905249627126e+05  -2.0896444436067e+05  -2.3774749979060e+05  -5.3789455430708e+05   1.4963622351779e+05   1.5042976147681e+05   4.6380378001390e+05   1.2369723839522e+05  -3.0774075180250e+05   1.4255448304307e+05   5.0071588402109e+04  -3.6183372946301e+05   2.3878357110106e+04  -1.3160784351927e+05  -2.1612957979293e+05  -3.1336185011050e+05   1.6034587558876e+02  -4.3976239439474e+04   3.1087909207487e+05  -6.6883692433963e+04   3.4422568664779e+05   8.3395102228097e+04  -5.6576403587080e+04  -1.4796351115284e+05  -1.5225110107192e+05  -1.1330150999716e+04   5.8710105634264e+03  -3.8607906919056e+04   2.2116483535382e+04   9.5324141752643e+04   1.1937790406467e+05  -6.1852946755089e+04   3.6522846992807e+04 
  1.5188795106744e+05  -3.5538435382749e+05   1.2264962159485e+05   5.8425585149188e+04  -4.0619937116234e+05  -3.1354189073585e+05   8.3527366677519e+04   1.2983053510325e+05   4.6646243008215e+05  -1.9862389093198e+05  -2.0780409191745e+05   5.7115963466871e+05  -8.9960470225879e+04  -2.9898296659156e+05  -2.8845325557014e+05   1.8633688544446e+05   7.2110914484091e+04   3.8764450516989e+05   4.0870978446409e+04  -6.2521815445471e+04   3.1963733282447e+05  -3.0169002309551e+05  -3.4730312074993e+05   2.5682842071374e+05  -7.0032597900656e+05   2.4612410459482e+05   3.6205668723826e+05  -3.0077898141127e+04   1.0936726054568e+06  -1.1056237539399e+05   7.9616002662967e+04   5.8279496252852e+04   3.1004334601888e+05   1.9171600802613e+05  -1.4813396245806e+04  -4.6843043613582e+05  -3.8478377631426e+05  -1.9369156785588e+05  -1.8600083413337e+04  -2.4873276810272e+05  -6.4679111611565e+04   2.3944657067261e+04  -1.0103918035220e+06  -5.8430036625617e+04   8.4646172282047e+04   5.2442229827345e+04  -8.2325969308513e+05  -3.9469479870706e+05  -1.9963385718073e+05  -5.7609611820209e+05  -2.1304613723943e+05   8.5584564694520e+05   1.2134986679499e+05  -3.0382914730400e+05   5.4323384356052e+04   7.2759932302058e+04   3.5263618410965e+05   3.4623701718323e+05   3.1823812642250e+05   4.0196581319387e+05   4.1070407835694e+05   1.8817457047830e+06   1.2754453349108e+06  -1.7337071082341e+05  -4.2002111036510e+04  -3.6065404496983e+05  -1.4904402167888e+05  -1.4890626051283e+05   6.1442890508295e+04  -1.2125806784760e+05   1.2320211000351e+05  -1.4063878106819e+05   3.5745895220428e+04  -6.7762625832363e+04   8.4076657064200e+04   1.2180435127445e+05  -6.8001182668427e+04  -1.1953539727725e+05  -1.4161614821192e+04   6.2611002288335e+04  -1.6857495545246e+05  -2.0568955441020e+05   1.3895543109092e+05  -9.3282922302601e+04   8.1394211290294e+04   3.2148591362834e+04  -3.3808175555874e+04   1.2793913208876e+04   2.3072946830301e+04  -2.4549765005989e+05   1.2779967025649e+05   5.4478083633674e+04   2.6464172135091e+03  -4.7270154600494e+05  -2.7865043500977e+05  -1.5823527686027e+05  -2.5822938585890e+05   3.3021639184520e+05  -1.7576608935021e+05  -4.5217644653701e+04   4.8952122266722e+05   2.9299067983191e+05   2.6972756665412e+05   3.2098826103477e+05   1.4584549275697e+05   2.7919279849617e+03  -2.9521021885216e+05  -2.5793434122350e+05   1.0297104989315e+05   1.4110701967611e+05  -8.2651330827074e+05  -9.2488243474336e+05   2.7715204679128e+05   3.4666248971192e+05   2.5274519156357e+05  -5.2317173718503e+05   1.8233356675986e+05   1.6372965557553e+05  -1.7351216096668e+05   4.3602068354613e+05  -1.6159359135871e+05   6.5595454681519e+04   4.4295000243077e+04  -4.6261361974669e+05   4.1910277900449e+05  -1.5060502643234e+05   1.3871351665068e+05   6.1870997614393e+05   8.8417580469526e+04   7.3277575317351e+05  -2.2426331104578e+05  -7.8562439169530e+04   3.6581685102779e+04   1.2588004400048e+04  -4.2904146648979e+05  -3.1191200852990e+05  -2.6121761735026e+05  -1.0683566669708e+05   1.8988283052731e+05  -3.0400793653864e+04  -8.7241587890945e+04   2.8141134297411e+05  -3.7033097599577e+04  -8.3717209596095e+04   2.2694489066584e+04  -1.8964470174599e+04   1.2570053067606e+04   1.0057059033644e+05  -1.6025574547677e+05   8.6481470044879e+04 
 -1.5925878050755e+04  -2.0036852790235e+05   1.6154394949271e+05  -2.6439472874671e+04  -4.3072588139001e+05  -2.0063568310086e+05   1.8594171338611e+05   1.5477315338486e+05   4.8056041746571e+05   2.9437612902424e+04  -3.6842823826224e+05   3.0639359814762e+05   7.1723210541762e+04  -1.8560744599464e+05  -3.1405047063391e+05   9.8840551575342e+04  -7.1328338697630e+04   4.9944539504309e+05  -5.1588150277122e+05   4.3045969851721e+05   1.9166516067939e+05  -1.3480497652260e+04   8.2994804194226e+04   2.2280264421544e+05   8.7508591087745e+04   1.9790331823997e+05  -4.4765901770631e+05  -8.1873909482804e+04   9.1360447416210e+05  -2.0174411280555e+05  -2.7627722134834e+05   2.1189570342685e+05   4.0509602167826e+05   2.4180983283762e+04  -1.4342570782611e+05  -5.4431223737536e+05  -1.8374623301903e+05  -3.2659195310206e+05  -2.8124542214517e+04   1.4991954733914e+05  -1.5865432018404e+05  -8.2038902928025e+03  -7.3804710016372e+05  -4.1689840506987e+04   8.9681303862162e+04  -2.6247203432212e+05  -2.5060296709849e+05  -3.5794545403234e+05   4.8768714279566e+02  -3.3312081828838e+05  -1.0470176496847e+05   8.6582988190136e+05   4.7903177917360e+04   1.0203228817624e+05   8.4530684591181e+04   2.2941426245938e+05   6.4248300720383e+04   9.3341764618582e+04   9.2240049395572e+04   2.1286126674220e+05   4.0588161147354e+05   1.2754453349108e+06   1.4568365525976e+06  -3.8469305141256e+05   1.0790358444262e+05   3.2859988361011e+05   6.0888471055132e+05   6.0888786902464e+05  -1.1584180816454e+05  -1.3592943342246e+05  -1.3320818721115e+05   1.3113322953122e+05   9.3965464498754e+02   1.4246503114432e+05   9.1560185458862e+05   1.1429324547802e+04  -3.2358264163419e+04  -4.9025437218075e+03   1.3174554787946e+05  -2.1631118543519e+05   2.9900902348565e+05  -4.1472403526121e+05   4.2821857280384e+03  -1.3725361524450e+05   5.8969291479201e+05   3.9756693408905e+05   7.4920073332231e+04  -8.6717839723508e+04  -3.4158230674691e+05  -2.3728093297391e+05  -8.3751540627759e+04   2.4215677314530e+05  -5.0398335086525e+04  -3.5089270770314e+05  -2.5299597327517e+05  -2.9800782566344e+05  -1.6092873083193e+05   3.1503464169770e+05  -7.0301322025459e+04  -2.1480858575846e+05   3.0343351679560e+05  -4.1255815132845e+03   6.0631945415667e+04   3.0657882410581e+05  -5.4564346958410e+04  -1.0810512961028e+05  -3.4027008733405e+04   6.0783168662921e+04  -1.1989587871853e+05  -9.1022614866991e+03   5.4300260331558e+04  -7.1886789047578e+05  -1.8609089357848e+05   1.8850898065346e+05   2.4588123777355e+05  -2.6838010732406e+05  -1.3779394365170e+05  -1.0096717159544e+05  -3.8266631086467e+05   4.4461876136529e+04  -8.0719781890409e+04  -6.5113096124879e+03   4.1637480732480e+05  -2.5179341700201e+05   1.9953016025658e+05  -2.1295835060273e+04  -1.1456959376707e+05   2.2417264597153e+05   2.9196109594106e+05   6.1953850812751e+04   2.9872911565187e+05  -3.6850251545570e+05   1.2245884228889e+05  -2.2621806002192e+05   1.1905955795637e+05  -4.1689253949739e+05  -8.8643492474046e+04  -2.3550692141086e+05   1.5678500717661e+05   7.8959220175296e+04  -6.9962691402334e+04  -3.3877822370798e+04  -1.9285411446937e+02   9.3199916432215e+03   7.8669523760940e+04  -9.2493416809911e+04  -1.7849315666383e+03   6.1913236226020e+04  -1.4751370849446e+05   8.2860365848496e+04 
 -4.1545646129390e+05  -3.8207356402518e+04  -5.5505161599517e+04  -1.7235655108837e+05   1.8241288315286e+05   1.3489658766685e+05   2.0079275985043e+05   2.9222442612384e+05  -5.2298807008605e+05   4.4457892907395e+05   6.8914023165231e+05  -1.2528597556858e+06  -7.9773071930462e+04   5.6629991969674e+05  -3.9633131309630e+05  -7.8215222561992e+04  -5.9806326168638e+05  -5.1673892535376e+05   6.5224110811110e+05   5.2004855579495e+05  -7.0612467112679e+05  -9.5998789082429e+04  -2.4610418294348e+04  -1.4657394809444e+06  -8.1032516653631e+05   2.4562620445388e+05   8.8764660156301e+05   6.1148625910305e+05   8.7343551062558e+05  -2.7125952768725e+05   9.7760829077386e+05  -7.0106736612855e+05  -4.1131373398041e+05  -2.6147142787779e+05   4.7286695207882e+05   4.7459958229575e+04   3.1076002253651e+05   5.4371916446643e+05   4.6366717594322e+05   1.9348606076178e+05  -3.2422539391372e+05   4.4738316417566e+05   1.3055374580184e+05   1.2659208486146e+05   1.9327841118860e+04   2.0220500736921e+05  -7.2828127799332e+05   7.2136250166074e+03   2.1928436619216e+05   4.7918540627543e+05   8.3518053986489e+03  -1.1468116382000e+06   2.1749339235395e+04   4.0927220841125e+05  -1.1094117457345e+05  -1.2923038706703e+05  -3.6958759011637e+05  -2.8706131637056e+05  -1.4847378355549e+04   1.8945341783870e+05   2.6475346014318e+05  -1.7337071082340e+05  -3.8469305141256e+05   2.5548947202762e+06   2.1973963880412e+04   6.2914709536541e+03   5.8259126750184e+04   5.7965910056835e+04   1.4803121076322e+06  -1.5467122363805e+05   1.0761053965825e+06  -1.3275223000849e+05   1.0348442690204e+06   1.2651561166982e+05  -3.5682140359303e+05  -6.0658184883495e+05  -3.3514545406176e+05   1.9350859540657e+05   1.4343789896669e+05   2.8946736801315e+05   1.0672262162532e+06  -3.3705654648244e+05   2.7093521482275e+05  -7.1298761209757e+04  -5.4386865211507e+05  -6.4411092284504e+05  -1.8775615868018e+05  -4.0659635119646e+05  -2.4815072440636e+05   3.7250887632677e+05   3.7694023668411e+05  -7.5695877645699e+05  -5.7264096849220e+05   2.7206389689927e+05   6.6504740311938e+05   2.9971620560822e+05   1.5203739014782e+05  -9.1740068830600e+05   6.6287652012396e+05   3.5916189520601e+05   1.9228428616694e+05   3.5380546478113e+05   8.1161766655029e+04  -3.6724273140423e+05  -4.3792905446806e+05  -5.9522918915465e+04   1.4494928841299e+05   3.1117331262902e+05   2.0487888750761e+05   6.6191518402507e+05   4.5506047414739e+05   2.5104867446210e+05   5.7816164059559e+05  -8.9058318673284e+05  -7.6080321653599e+05   1.6104082984759e+05   3.2340692124376e+05   6.5168358614090e+04  -2.1028983703679e+05  -1.7038172409677e+05  -1.2399057843947e+06   3.0651504966148e+04  -3.8885023392656e+05   6.2326175775544e+05  -2.1468258413416e+05   3.2936453850374e+05  -1.5825290026585e+05  -3.8275599357949e+05   1.6351288434806e+05  -3.5946540865271e+05  -1.0511554371862e+05   4.1146257939110e+05  -1.6428022493366e+05   2.5748840395261e+05   3.2830805089165e+04   4.7306316536430e+05  -4.2123465012603e+05   4.6463339371525e+05  -1.3402888086822e+05  -1.4908527934145e+04  -1.4766395568198e+05  -2.4443752421636e+05  -1.6619027203847e+05   2.7016017986015e+04   1.6494134210221e+05   1.1923724422095e+05   4.5332221391107e+04   8.9337615911153e+02   1.8968351370294e+05  -1.5001969609495e+05 
  1.9538590987482e+04   1.3405799101127e+05  -2.7847790225708e+04   7.6457116957131e+03   1.9723058512937e+05   1.0036986174893e+05  -1.5902734052603e+05  -2.9416019142044e+05   4.5831423867696e+04   1.3471019057215e+04   3.0490496457161e+03   1.4924512224743e+05  -5.1965797854119e+04  -2.5240694663895e+04  -4.8527644271368e+04   1.2330857452534e+05   1.6706311701512e+03  -3.5224799462241e+05  -1.2932271837633e+05   3.4747008467878e+05  -3.7546502713503e+04   1.0320778348934e+05   5.6774238979332e+04  -1.6750864309026e+05   2.2268620113638e+05   1.2441829569450e+05  -3.0022279125701e+05   8.0058093020391e+03   3.6658245883389e+04   1.5659451055274e+05  -5.8929668464963e+04   8.1340886669158e+04   4.3265313543852e+04  -2.0595053647489e+04   3.8266077071959e+05  -1.1806932464653e+05  -3.1061540695537e+04   4.2644204078094e+04   6.5367726408407e+04  -3.9025501205579e+04  -1.1060468707260e+05   4.9492446066101e+04  -1.9003565710539e+05   2.1620682913624e+05  -1.4704921608577e+04   2.5858167015621e+05  -1.2327021557756e+05  -1.5591374352293e+05   2.3088004980313e+05   4.4755475987828e+04   2.6530542926671e+05  -2.7109062872539e+05   6.2504509170149e+04   8.6326048597424e+03  -1.1058476721264e+05  -6.1004979996743e+04  -3.1869914716430e+04  -9.5758427276760e+04  -7.0717146615120e+04  -1.9211136257630e+04  -1.8139001210215e+03  -4.2002111036510e+04   1.0790358444262e+05   2.1973963880412e+04   4.8354422318583e+05   8.5756019024900e+05   7.1739879353154e+04   7.1652743140677e+04   7.9214726186526e+04   1.5383903738176e+05   1.2718696782589e+05   3.7193995557294e+05   1.1264381034675e+05   3.5604732239542e+05  -9.1208098468281e+04   3.5326571747934e+04   5.3166524624461e+04   4.3215721767301e+03   1.3199396712931e+05   9.7389743582354e+04  -8.2728743168947e+04  -8.0622928538254e+04  -2.9546068196638e+04   3.3385686904270e+04  -1.0092964457550e+05  -2.1621090062911e+05  -8.3772774974351e+04  -2.0147418642944e+04   4.9542696456347e+04  -2.6875014298003e+05  -4.0156148650541e+05  -2.8521835183849e+04  -1.4165977266866e+05  -4.0954518900017e+04   2.7665523006085e+05  -2.1608336884594e+05  -4.0767604177584e+04  -9.6645373922122e+04   1.8385205056696e+05  -3.2706747064934e+04  -6.3397722779457e+04   6.7633442034092e+04   4.1885799161386e+05  -4.2675885333262e+04  -6.7091844124092e+04   7.8754829028927e+04   1.4741197912854e+05   1.2364678971659e+05   1.4886613026892e+05   1.8688267582536e+05   6.1177326401848e+04   2.2489373106335e+05  -4.8822367023431e+05  -1.3524319314761e+05  -1.2288376343384e+05  -8.0005237797734e+02  -4.9605868341455e+04  -1.6742210941372e+05  -3.2279847102193e+04   3.1866594142672e+04   9.2616365765954e+04   6.1108633014574e+03   1.4981364420458e+04  -1.8731853692997e+05   2.3599913910586e+05   1.3852577707614e+05   2.0419642410978e+05   2.6219541777019e+04   1.8213818476439e+05  -5.9020023439451e+03  -5.0058871605255e+05  -2.1654081715538e+05  -3.8646156637835e+02  -3.9338133183775e+04  -1.1225343073416e+05   2.1844610176406e+05   2.8050673290883e+04  -1.7814857952248e+05  -1.1945823324547e+03   8.6082334896601e+04  -2.4673374781295e+04   2.0006340666902e+04  -2.3769655158793e+04  -4.2995677787190e+03  -3.9283480098251e+02   7.5362330836168e+04  -8.1833212491147e+04   7.6630325016841e+04  -6.0918854497203e+04   3.0633366881798e+04 
 -2.6957324356283e+05   9.6412010844658e+04  -4.8694429162430e+04  -1.3004718858516e+05   5.8267312901338e+05   6.8483926216040e+05   1.6062039420927e+05  -1.1147490343023e+06  -4.6026780268505e+04   5.4628490256008e+05   9.7983230728606e+05  -5.4807265215631e+05  -4.9387818890925e+05   6.4176244408493e+05  -5.2657587439660e+05   1.4351443562676e+06  -6.0555208618460e+05   4.0692944233545e+03  -7.2086029741489e+05   4.6360548542048e+05  -2.6168724271707e+05  -3.5728255503359e+05   5.6635972699177e+05  -5.4472529369000e+05  -4.2946050648331e+04   5.5269598152870e+05  -6.4376476848576e+05   1.3130216120889e+05  -4.7374678927930e+04  -2.1919167036676e+05   7.1782648365630e+05   1.7903332113298e+05   7.7314132420680e+05   2.1970137840483e+05   1.9051906814034e+06   2.3226571719259e+05   1.5949562119157e+05  -5.0326242403769e+05  -6.8812815574124e+05   5.5514718191482e+05  -1.0374057109454e+06  -2.5280181605097e+05  -4.6187982158635e+05   4.2778477864336e+05   1.2490093019777e+05  -2.0773337946673e+05  -9.6079159148696e+04   1.4934720173703e+06   2.8931364576556e+04  -2.5230057340022e+04  -2.4633309080147e+05  -7.2968503935642e+05  -1.2162048444382e+06   3.2941383439147e+05  -8.5147003652635e+05  -6.4232325788980e+05  -1.5127202873160e+05  -3.8128938572822e+05  -2.6481504606781e+05   4.2633801464223e+04   2.0723602749190e+05  -3.6065404496983e+05   3.2859988361011e+05   6.2914709536562e+03   8.5756019024900e+05   6.1432741788548e+06   8.3814187967141e+05   8.3827132517615e+05  -2.9289651249358e+05  -1.3604142797038e+05  -2.6810731546740e+05   8.5306775365473e+05  -6.6277764267262e+05   7.5335332021973e+05   3.5852183977305e+05  -4.7971804028152e+05  -3.4464772877764e+04  -8.4966033641511e+05   3.8339452540841e+05  -6.6606546621511e+05   2.6116478161869e+05  -1.2196863852142e+05   1.9086567195341e+05  -2.2430711500443e+05   5.3264727350812e+04   1.6782923061686e+06  -1.3476722830514e+05  -3.5827265011106e+05  -2.8600963524614e+05  -4.9995269140338e+05  -8.7532485833828e+05   6.6540420296444e+04  -4.0660910434768e+05   3.9825948989798e+05   1.1597059030711e+06  -3.7634756493605e+05  -7.5100566119967e+05  -7.2180680358839e+05   7.0461237656905e+05  -4.9596792179125e+05  -7.9304516188548e+03   2.6389504800399e+05   1.2756964500536e+06   7.4287509524625e+05  -3.1225997018033e+05  -3.9197984929345e+05   2.5331019706734e+05  -5.8526695028741e+04  -4.5189482722974e+02  -1.2148447204427e+05   5.9715052516780e+05   4.3308517685719e+05  -1.7355262993284e+06  -7.2353346457835e+05  -6.1835780800395e+05   7.3167139676731e+05  -6.5879180851944e+04   2.2089549493078e+05  -4.8210922517271e+05   8.1505394493648e+05   1.2365666502247e+06  -2.0649842292896e+05  -3.4423428444168e+05   6.7362261606130e+04  -4.8642738888645e+05  -9.3552747723896e+05   9.4681670593825e+05  -1.9844419018443e+05   2.5792666294210e+05  -2.0192682496055e+05  -3.6403086973994e+05  -4.6046327606978e+05  -3.0770014516850e+05  -3.2428269687622e+04  -5.5785089501553e+04   4.6463214584498e+05  -4.5621228226455e+05   8.8467286867997e+05  -1.2253645183596e+05   1.0673791746375e+05  -8.5536663624036e+04  -2.9689673514029e+05  -1.5593704264374e+05  -4.9424055441951e+04   5.7170041676407e+03   2.3287696951426e+05  -2.3541608873704e+05   9.1168311617926e+04  -1.7871589632620e+05   1.8155007244765e+05 
 -9.6586571960773e+04   1.6349991782287e+05   2.6730514954714e+05  -4.6502456402374e+03  -1.5529199841952e+05   1.9906285979012e+04  -6.5770281081880e+04  -2.1873595528883e+05   8.5644191358239e+04   3.8287372748476e+05  -1.7513330136566e+05  -1.9496427166571e+05   1.0178691740238e+05   1.5276187091160e+05   1.8562280689702e+05  -4.2515986098910e+05  -2.6150844904632e+05   2.2718419515287e+05  -2.2989015042625e+05   8.3520978523014e+05  -2.1998251034937e+05   3.9110813195240e+05   2.3302511323352e+05   5.7674303637435e+04   3.6245048526683e+05  -4.0316789674971e+05  -8.5616743299158e+05   3.8106352175582e+04   6.7629036323322e+05  -5.4201260736455e+05  -2.7673597675478e+05   4.9851895078707e+05   9.3509720032015e+04  -3.9844176764139e+04  -5.0111144536400e+04  -2.5635159475135e+05   7.8601406616429e+04  -3.0628602591795e+05   2.2734992508184e+05   3.6230718851591e+05  -3.1109054048065e+05  -1.3632274700597e+05   2.2027281722444e+05  -4.4081612484705e+04  -2.1246574370351e+04  -1.5977541860880e+05   6.6916936848864e+05   3.2117879152362e+05   1.5938565074296e+05   1.0684173172846e+05   4.8400322108185e+04   2.0920425990534e+05  -3.1394515915990e+05   8.2757154414393e+05  -5.0127001518446e+05  -1.4745814542068e+05  -2.5607684168087e+05  -2.7669440024040e+05  -1.2930021117318e+05   3.9008644755378e+04   4.0287938902946e+05  -1.4904402167888e+05   6.0888471055132e+05   5.8259126750183e+04   7.1739879353154e+04   8.3814187967141e+05   1.4450912355981e+06   1.4451088838413e+06   5.6089049341237e+02  -5.3304714539695e+05  -2.0141262649339e+04   1.2683787230903e+05   2.3716784274119e+05   1.8965162522404e+05   1.4697242548527e+06  -5.7112734684137e+05  -3.4405140282429e+05   6.4844302800769e+03   1.1969429390919e+04  -4.7749043234416e+05   9.1370653087881e+05  -7.5823643240441e+05  -9.1117222896049e+04  -1.9677938050428e+05   7.7893797335944e+05   7.2546121773893e+05   1.0827106604679e+05  -3.6264387237484e+05  -8.4795336397051e+05   1.6633303123308e+05  -2.5419507849099e+05   1.5743563174423e+05  -1.9882761414411e+05   1.1052879673449e+05   9.4068433785450e+04   5.9777580292826e+04   2.3483488331913e+05  -4.3272621710449e+05   1.9132526186761e+05  -3.0609860275351e+05  -1.0320518534286e+05  -1.9449455631952e+05  -2.7985156298246e+05   3.1535995159764e+05  -3.4893384398494e+05  -4.3365334758711e+05   1.2150303045423e+05   3.0448167152797e+05  -3.2856467234556e+05   1.2335083618353e+03   5.3994825466062e+05  -1.7188858915157e+05  -2.6581929635721e+05  -1.2216356716371e+05   1.0390597557241e+05   4.3518647391450e+05  -2.4724331016184e+05  -4.2523335027332e+05  -4.4022362767556e+05  -5.9887156362691e+05  -1.2967925494649e+05   4.7129739372755e+04   8.0394204384249e+05   5.3849308160531e+05   2.8634290720905e+05  -9.9347832834238e+04  -1.5198627541351e+05  -3.2238755464855e+05   6.4331537830129e+04  -8.8138031981178e+05   1.3892631867593e+05  -5.5526450674037e+05  -1.9421620379896e+04  -2.1320034722799e+05   6.1136452788946e+05   1.2312398396817e+05  -1.6842724172994e+04   2.0860034909838e+05  -1.8810249434285e+04   1.1200575929602e+05  -5.5775658762690e+04  -5.2636706623688e+05   5.6958721741985e+04   6.9512534812483e+04   5.3837376419969e+04  -9.0808007823454e+04   7.8615048239382e+04  -3.2542594551874e+04   6.7945582760199e+04  -3.6773451878314e+04 
 -9.6448253589423e+04   1.6345325796370e+05   2.6750503044423e+05  -4.5665073285949e+03  -1.5541328432676e+05   1.9814660672203e+04  -6.5769446613055e+04  -2.1883954098917e+05   8.5502448044790e+04   3.8279231504185e+05  -1.7525555363572e+05  -1.9446399182192e+05   1.0169182588927e+05   1.5264133498364e+05   1.8553902068654e+05  -4.2524113056186e+05  -2.6136708504489e+05   2.2725563007737e+05  -2.2984014319301e+05   8.3508437977872e+05  -2.1957406863287e+05   3.9133040341131e+05   2.3270260650411e+05   5.7899360305697e+04   3.6235942522066e+05  -4.0330605761046e+05  -8.5605064115703e+05   3.7824944332294e+04   6.7612682347489e+05  -5.4197911231439e+05  -2.7684486975438e+05   4.9918669887848e+05   9.3438328606447e+04  -3.9692028378369e+04  -5.0263865413205e+04  -2.5607639106854e+05   7.8476562774640e+04  -3.0644559893108e+05   2.2711017944541e+05   3.6225034600322e+05  -3.1106119016040e+05  -1.3632032912419e+05   2.2015523326763e+05  -4.4238703650841e+04  -2.1302697689765e+04  -1.5971104024990e+05   6.6930850687171e+05   3.2146502237578e+05   1.5897908972921e+05   1.0659124053386e+05   4.8222851720210e+04   2.0901050883655e+05  -3.1434990698761e+05   8.2766747797199e+05  -5.0178748084185e+05  -1.4796491631559e+05  -2.5594085381575e+05  -2.7658730543156e+05  -1.2915143207499e+05   3.9130840160119e+04   4.0297368601003e+05  -1.4890626051283e+05   6.0888786902464e+05   5.7965910056834e+04   7.1652743140677e+04   8.3827132517615e+05   1.4451088838413e+06   1.4451269492779e+06   4.1820721228154e+02  -5.3326825230065e+05  -2.0183749330709e+04   1.2678653971582e+05   2.3707837542053e+05   1.8961532291024e+05   1.4697391920710e+06  -5.7145824770621e+05  -3.4420008115945e+05   6.1968396369342e+03   1.1878515860456e+04  -4.7752889218417e+05   9.1382739015191e+05  -7.5847012346872e+05  -9.1336717463897e+04  -1.9670976539893e+05   7.7892506631765e+05   7.2567596850589e+05   1.0841482857148e+05  -3.6265966000214e+05  -8.4798846817850e+05   1.6630052898575e+05  -2.5431689304803e+05   1.5768118007537e+05  -1.9859566192603e+05   1.1023429237454e+05   9.4139202244707e+04   5.9964628318085e+04   2.3485103424835e+05  -4.3253847394380e+05   1.9130698055901e+05  -3.0619570416632e+05  -1.0334586431873e+05  -1.9454965883649e+05  -2.7972940300919e+05   3.1577008725629e+05  -3.4878475685718e+05  -4.3391067837648e+05   1.2129501788053e+05   3.0427257264478e+05  -3.2845952938725e+05   1.1796205669538e+03   5.3965125095564e+05  -1.7232699015652e+05  -2.6555035854948e+05  -1.2196192822554e+05   1.0405536815868e+05   4.3550838837510e+05  -2.4717702951936e+05  -4.2511340849162e+05  -4.4019163902610e+05  -5.9877927826387e+05  -1.2945397431641e+05   4.7271908946227e+04   8.0382940049148e+05   5.3857284615015e+05   2.8614236008756e+05  -9.9749438103829e+04  -1.5165006262111e+05  -3.2235126593665e+05   6.4567949727005e+04  -8.8129384280172e+05   1.3857518379860e+05  -5.5521849539880e+05  -1.9688428406804e+04  -2.1306260190537e+05   6.1116590815596e+05   1.2340246883398e+05  -1.7359282253538e+04   2.0909628547660e+05  -1.8731542336324e+04   1.1181292032483e+05  -5.5682732600449e+04  -5.2631370881928e+05   5.7081126644828e+04   6.9465472857245e+04   5.3655351408155e+04  -9.0738121560106e+04   7.8680406502224e+04  -3.2572234328146e+04   6.7893712719113e+04  -3.6730306913858e+04 
 -9.8803996282171e+04   1.4832953234230e+05  -1.6209546128162e+04  -6.6108127104266e+04  -1.5730295231917e+05  -2.2459070762938e+05   1.0652559292546e+05   2.6102961451516e+05   8.4759163219047e+04  -1.8345117735383e+05   3.0460315128013e+05  -2.1205633000499e+05  -1.2931032261671e+05   2.0817168195594e+05  -2.6747233931467e+05   5.8685766889987e+04  -3.1336441394620e+05  -3.6887871110146e+05   2.5887530155005e+05   2.3348796842504e+05  -4.9065874868405e+05  -3.9082241946501e+05  -1.9322212518007e+04  -7.1548466930133e+05  -3.4587895252885e+05   4.7700275191697e+05   2.3931780432446e+05   4.9749450316254e+05   2.7399173459745e+05   2.1738405212492e+05   1.7652868493634e+05   5.2757746752188e+03   5.0275537851003e+04  -2.4131694441334e+05  -1.0323658610856e+04   2.0650756614957e+05  -2.9656798633245e+05   3.5291183682630e+05   3.5196025384546e+05   2.0566340369113e+05  -1.2362465762749e+04   4.9249334986094e+05   1.2198617220414e+05   1.3006503055064e+05  -3.9118676198731e+04   1.6749838856530e+05  -5.3413467951313e+05  -3.6832292951302e+05   2.4140857795447e+05   2.9366743894767e+05  -1.1637767316158e+02  -4.5652431315037e+05   1.2137027091336e+05   4.7700667359689e+05  -1.2846343062046e+05  -2.9895314203080e+05  -3.9162087128336e+05  -3.8601628045341e+05  -2.3286424784664e+05  -9.1830446208477e+04   6.6722436653941e+03   6.1442890508296e+04  -1.1584180816454e+05   1.4803121076322e+06   7.9214726186526e+04  -2.9289651249358e+05   5.6089049341252e+02   4.1820721228096e+02   1.5213961196184e+06   6.5726616269026e+04   1.3027113287599e+06  -9.3505469042156e+04   1.1407900425004e+06   6.8647600183707e+04  -5.5214968812289e+04  -3.5141442576884e+05  -2.9317233447554e+05  -9.2470349652985e+04   8.7328717837889e+04   7.4114286177476e+05   3.4379542432392e+05  -3.6932018115840e+05  -1.0361202742062e+05   2.2967532252159e+05  -1.6220776658545e+05  -2.8668752185624e+03  -4.1369160728261e+05  -3.9117408533450e+05  -1.5841633167987e+05   1.5827037741559e+05   1.5601511631559e+05  -6.9661895823123e+05  -5.4637977462372e+05  -3.1793452148332e+05   3.9399164067096e+05   1.7675257817895e+05   3.3789649430061e+04   7.2754579452871e+04   6.2392039467599e+05   1.5390354212623e+05   2.5087633587548e+05   1.4963217675064e+05   7.8131113167831e+04  -2.5582346080523e+05  -1.9991807948340e+05  -1.5164842233964e+03   2.3106476730388e+04   1.4373929788588e+05   1.4088199963333e+05   6.5046009920268e+05  -2.9929731870273e+04  -5.5191077976427e+05   5.5931902867940e+05  -4.0492942919523e+05  -3.5291514510082e+05   3.4467711422276e+02   2.0895444728687e+05   1.6178525789580e+05  -1.4633286264664e+05   1.8091592594042e+05  -6.7370123074756e+05  -9.8484448671530e+04  -1.8401854157121e+05   1.6042515255386e+05  -4.0453331295833e+05   6.6931335877520e+05  -1.6700554625717e+05  -8.1832810369468e+04   3.5628670352275e+05  -4.9177160079541e+05  -3.3271365746632e+04  -1.9193674951732e+03   3.5794157114226e+05   3.1872073363964e+04   7.7950985829216e+04  -1.0527596690121e+05  -1.9058702638120e+05  -2.1268495963423e+04   9.8826759117049e+03   2.3028753911119e+04  -6.2657129345312e+03  -6.5733627039936e+04  -8.3495611457846e+04   1.0094656553289e+04   1.1511123836769e+05   1.3473315331645e+04  -3.3905974330269e+04  -7.5743945049805e+04   1.0692703053593e+05  -9.3816262034947e+04 
 -4.6279134592252e+04   5.1985546741128e+04  -2.6068830439244e+05  -1.8557852997393e+05   7.5287434676064e+04   7.6165590113167e+04   3.1527280996148e+05   2.6383729114047e+05  -3.9949756829587e+05  -2.1970451301590e+05   1.7785927892824e+05  -2.8863013822833e+04   5.3205756150121e+04  -1.2493796760175e+05  -2.6348457697439e+05   3.1186249725768e+05   6.4286637822974e+04  -1.8951734731874e+05   1.0950265043613e+05  -5.0238835099699e+05   8.4767887156849e+04  -1.2010818789252e+05  -6.0595111930448e+04   1.4471693621779e+05  -1.1586925698320e+05   3.2567288788968e+05   2.4033794285085e+05  -2.9631069015518e+04  -4.6394979867951e+05   3.7502993563507e+05   1.5100006635184e+04  -5.3486499336206e+05  -1.5507154947547e+05   3.9375779130792e+04  -4.2337715555064e+05   3.1097746102542e+05  -7.3987435428122e+04   1.6340501681607e+05   2.0653496498145e+05  -2.7725812220617e+03   1.1785798826267e+05   7.4855319307039e+04   6.5587329186974e+04   3.5389944451965e+04   7.9883431816005e+04  -2.2042834043514e+05  -1.1431850770895e+05  -3.8259691028055e+05   2.0434364794628e+05  -2.6935956610161e+05   1.7532028254082e+05   1.4604026000254e+05   3.9404816411744e+05  -2.8320430489014e+05   7.4991457298606e+05   4.4112389655302e+05  -5.1302722305865e+04   6.7017386738413e+04   4.8744048655775e+04  -5.0808351397639e+03  -1.5019698706604e+05  -1.2125806784761e+05  -1.3592943342246e+05  -1.5467122363805e+05   1.5383903738176e+05  -1.3604142797038e+05  -5.3304714539695e+05  -5.3326825230065e+05   6.5726616269024e+04   1.0915691241412e+06   1.3037445817897e+05   3.3034327588081e+05  -1.2810979055721e+05  -6.7900977982017e+04  -5.0498173927207e+05   9.1858947247866e+05   5.4871376987636e+05   1.5179838680988e+05   7.4858362961260e+04   2.7822364159662e+05  -5.2618653334286e+05   5.2671703258589e+05   1.5295986148178e+05   7.6735256274430e+04  -4.1331726083391e+05  -3.6040887402982e+05  -1.8284469698597e+05   1.1556448892407e+05   4.3596775533644e+05  -2.4564113205484e+05   7.6036739570958e+04  -2.4894030839921e+05  -1.4100122893151e+05  -4.2033824027923e+05  -2.7880229014311e+04  -4.0041687250131e+05   1.5494650500401e+05   7.5814528648836e+05  -2.6023671347584e+05   3.6609408696387e+05  -9.8146683384110e+04  -3.3440362078175e+04  -4.6238869105871e+04  -6.3782249481067e+05   4.3596126121764e+04   4.4091186410991e+05   2.1885019727286e+05   1.8009763100084e+05  -6.1490484249238e+04  -2.5304276873431e+05   3.9035463597743e+05  -1.9926677024082e+05   2.4929496146103e+05   5.4928695844287e+04   7.3952776845879e+03  -4.9731787695411e+05   8.5306153447340e+04   5.2086800469340e+04   2.8749107052961e+05   4.1821609060249e+04  -1.4323975467940e+05   4.9902932581731e+04  -2.6339836963199e+05  -1.8304742984281e+05  -3.9969496817386e+05   7.2889759739332e+05  -2.6027615629106e+05   1.8688754168664e+05  -7.6678579214098e+04  -3.0010247770827e+05   3.9657356489955e+05   1.9104125637699e+05   2.9894386417169e+05  -1.0584166445281e+05   6.7191369224281e+04  -4.1322164747476e+05   6.8778239088265e+05  -8.0977369687923e+05   4.3905176715897e+04  -3.0952833836844e+04   3.9030678186568e+04   2.0921220054696e+05  -4.9103552669307e+04  -3.7398141702148e+04   1.3707243453509e+05  -6.2557715134009e+04  -4.9397363817316e+04  -1.7546290221132e+04  -1.6951437472202e+04   6.2564751531330e+03 
  6.1598539537327e+04   2.2159975183687e+05   6.1109610590093e+04   2.0842428289397e+04  -1.2170956321653e+05  -1.9268180775627e+05  -1.4134397741160e+04  -1.6199358770817e+05   1.4635627407165e+05  -2.2800496018199e+05   1.9123367077903e+05   7.4046237530778e+04  -1.5717981039133e+05   6.2800331391692e+04   2.0973401738150e+04  -2.7731046232895e+04  -2.5110575406653e+05  -2.2053598692001e+05   3.5410881059044e+05   5.2987594442365e+04  -2.7036052019076e+05  -1.1111508038398e+05  -2.0480169603659e+05  -4.7453185336344e+05  -6.2416396183036e+05   3.3777044360928e+05   1.7866981756935e+05   3.0030696228710e+05   4.0835608422779e+05   8.8508982973060e+04  -4.1614446636102e+03   1.2149098162310e+05   7.4322748085781e+03  -1.1856159678276e+05  -4.5667231682534e+03   2.5445469645767e+05  -3.0068622043077e+05   2.1609564216931e+05   3.0036759226889e+05   1.0947818097340e+05   4.7188978980223e+04   2.0110404502365e+05   1.9459284689619e+05   7.1900045324157e+04  -2.8910453894670e+04   1.5015143772229e+05  -3.5029019185711e+05  -1.0937620445619e+05   1.6733950869383e+05   2.8205976769384e+03  -2.4451414456642e+04  -8.2057462256526e+04   1.0028801900785e+05   3.2511211653735e+05  -3.1172239823040e+05  -4.7559754723296e+05  -4.0837491753921e+05  -4.5493078464357e+05  -2.6700756950807e+05  -1.2165391710409e+05  -8.9341318013901e+03   1.2320211000351e+05  -1.3320818721115e+05   1.0761053965825e+06   1.2718696782589e+05  -2.6810731546740e+05  -2.0141262649338e+04  -2.0183749330710e+04   1.3027113287599e+06   1.3037445817897e+05   1.3820725663876e+06  -2.4920989052342e+04   1.1068066105737e+06   5.6375941762882e+04  -9.3938736592348e+04  -1.8554526882962e+05  -2.6674159891489e+05  -2.0889213800550e+05  -5.0060077613421e+04   6.0165797923071e+05   7.2171202133007e+04  -3.9173870877472e+05  -4.6977020905243e+04   1.3133539501762e+05  -2.6539028380727e+05   3.1995313345192e+04  -3.4896527784598e+05  -3.5428186470897e+05  -1.3951117154674e+05   1.8859323268844e+05   1.4167406955609e+05  -5.3807932251681e+05  -4.6561084504220e+05  -4.0817124765241e+05   3.4309219940517e+05   2.0380134362509e+05   1.5998266424421e+05   2.8003650886660e+05   4.7948862275081e+05   3.1856101559274e+04   1.9277856692110e+05   1.9825879002336e+05   1.4701374424339e+05  -1.8054692946049e+05  -1.9610251064969e+05  -3.4561547472542e+03   2.5214738194703e+04   1.2037552649206e+05  -4.0358102724963e+04   5.5090655982792e+05  -4.0630290534742e+05  -9.2158886469385e+05   3.4498424397067e+05  -1.5923063439781e+05  -1.5144234363817e+05   6.5944072284554e+04   1.3846836455330e+05   1.3888440811597e+04  -1.9242745026087e+05   8.8453119919551e+04  -3.6238558196034e+05  -4.8929960976942e+04  -9.1899588355045e+04   5.4804750431793e+04   9.2418282437736e+04   8.4653534118927e+05  -6.8487051819672e+04  -2.1516408736855e+04   4.0528633500594e+05  -4.7180768366015e+05  -4.3790072451065e+05  -4.3541533211719e+04   2.2469908709982e+05   1.0410162284046e+05   2.4165657968492e+04   8.8483573355165e+04  -1.0321136827726e+05  -2.7893714334787e+05  -1.1352045955959e+04  -3.3550324060243e+04  -3.4828808688575e+04   2.6029111448831e+04  -3.8792351003431e+04  -3.0878400599317e+04   1.1240620298757e+05   1.1059236503631e+04  -3.1246760972329e+04  -1.6032834600090e+04   1.0325388177816e+05  -9.2671213972731e+04 
 -1.3366399754946e+05   1.1163002048755e+05   2.7554704507059e+04  -9.4138328263412e+04   1.8024516158673e+05   1.2098169502663e+05  -5.1909291287991e+04  -2.6001137462034e+05  -1.4655674271757e+05   2.1211633546604e+05  -3.9789488231748e+04   3.0931927648250e+04   7.1853177293969e+04  -6.2892262890301e+04  -1.9827222302796e+05   9.6350428271209e+04  -1.4404500280381e+05   1.2470265295520e+05  -3.6688733440684e+05   2.3444072369167e+05   2.1952071819371e+05   2.7092110474780e+05   1.7487627582892e+05  -3.8111419064207e+04   3.9918389251818e+05  -1.4863019835926e+05  -5.0302659965778e+05  -2.1102710930472e+05  -2.9434907965707e+05   4.8793719819860e+05   3.1074318489412e+04  -1.1910540891774e+04  -7.8241881996968e+04  -6.1201371028259e+04  -2.0364138593779e+05  -1.4948958136391e+03   1.1102906124063e+05   1.2421142157008e+05   4.7113758335330e+04  -7.4149661324334e+04   1.1530381249641e+05   4.9160975070022e+04  -3.6280134617757e+05   2.2670010009678e+05   2.1353124683185e+03   1.0979636061342e+05  -1.1755889727103e+05  -2.9293797011880e+05   2.6326333182098e+05  -2.1295373730714e+05   3.7369503146378e+05  -1.4954923757869e+05   2.0456425131758e+05  -4.6045876245321e+03  -2.6428040167156e+05  -3.0588131310094e+05  -1.3957711427809e+05  -7.2239785620032e+04   7.5003209072576e+03   3.6894099314192e+04   8.9871033823840e+04  -1.4063878106819e+05   1.3113322953122e+05  -1.3275223000849e+05   3.7193995557294e+05   8.5306775365473e+05   1.2683787230903e+05   1.2678653971582e+05  -9.3505469042155e+04   3.3034327588081e+05  -2.4920989052342e+04   6.4537814535308e+05   3.4217036479670e+04   5.6800977527679e+05  -5.8096229099896e+04   1.9943173499897e+05   3.5141640485972e+05   2.3094137350570e+05   4.2362494257282e+05  -5.2997424710221e+04   1.6859020868699e+05  -5.5465369577774e+04   8.1409630910674e+04  -3.8334132918347e+04  -8.7525214322479e+04  -1.1862899363494e+05  -1.0718055655191e+04  -4.4615566448127e+04   3.8185671122266e+04  -2.2155554411398e+05  -4.1562188086462e+05  -1.0645157618828e+04  -1.5015112363107e+05   6.8766542190003e+04   2.0788298441215e+05  -2.5796555066459e+05   1.6950810844340e+05   9.0016536764700e+04  -1.7689162789431e+05  -3.7766335201207e+03  -2.3303652968580e+05  -1.1707768437594e+04   3.7728993081725e+05   1.5735388520981e+05   1.9953865481842e+04   6.8861344210101e+03   7.0385054770892e+04   2.5314938387400e+05   2.2220752998267e+05  -5.9622956545134e+04   7.4404946111225e+05  -3.9488878090279e+05  -3.2852298218841e+05  -2.2785528089951e+05  -2.0480276380388e+05  -3.7982903304989e+04  -1.5582247621158e+05  -1.6120925099880e+05  -9.1410154372127e+04  -4.5664930747582e+04  -1.4652389125346e+05   1.0650818228571e+05  -1.5603641648723e+05  -1.8795553466881e+05  -2.5490564949176e+05   1.6279190467460e+05  -2.2848801732519e+04  -9.5634307980421e+04   3.0859093353736e+05  -2.1797479197298e+04   2.7839936869469e+05  -7.8274559855307e+04  -2.3664170192403e+05  -1.0915829018481e+05   9.4074024375616e+04   6.0921281300925e+04   1.5246204159957e+04  -2.4852818495727e+05   1.1755519095894e+04   5.0897908248058e+04   4.3369901196852e+04   2.7327352572070e+02  -2.4017544282493e+04   5.5938858127605e+04   5.1900531922885e+04  -8.5833929519585e+03  -7.6228499190839e+04   7.4276125697377e+04  -1.4246353729537e+05   6.0952366237012e+04 
  4.2915455234348e+04   2.5342243257511e+05   1.7939261989097e+05   1.0259264433117e+05  -1.9199315113133e+05  -3.1869031828781e+05  -2.9512579703517e+05  -8.5951579935844e+04   3.5747976130435e+05   5.9247753321610e+04  -8.3422194300485e+04  -1.5131047435419e+05  -3.4832083068098e+04   1.3272141083042e+05  -5.7957213919152e+04  -3.1575253412154e+05  -1.0640919878795e+05  -4.0931747686712e+04   7.6370177492978e+04   4.6083117091079e+05  -1.9057827896899e+05   2.8193762434370e+05  -4.8298210689868e+03  -7.9936909424299e+05  -8.0251335386550e+04  -1.3089376972192e+04  -3.0779314463015e+05   1.6037115145384e+05   7.8159601845216e+04   2.8146178786848e+05   7.1817096103129e+04   3.5804049736734e+05  -1.0366921667476e+05  -4.4236602129944e+05  -1.5313496212929e+05   4.8729771351167e+04  -6.2987920717186e+04   1.6326046926270e+05   3.7606396071825e+05   3.4210406620252e+05   1.4832003440261e+05   1.5141533737882e+05   1.9572962663752e+05   2.1819844540333e+05  -6.6111855801287e+04   3.1500596479489e+05  -2.9309990124061e+05  -4.3606231097538e+05   3.4653410574682e+05   2.2679155576572e+05   1.9989111992367e+05  -4.7960886080513e+05   1.5528288962639e+05   6.8271773321291e+05  -4.2377727056086e+05  -5.0455724424104e+05  -5.2361528068035e+05  -5.0521643090229e+05  -3.0831479580423e+05  -1.8156444709138e+05   1.0152210463553e+04   3.5745895220428e+04   9.3965464498706e+02   1.0348442690204e+06   1.1264381034675e+05  -6.6277764267262e+05   2.3716784274119e+05   2.3707837542053e+05   1.1407900425004e+06  -1.2810979055721e+05   1.1068066105737e+06   3.4217036479670e+04   1.3543239895300e+06   3.1046939539310e+05   2.0297371625124e+05  -3.1465013170432e+05  -2.2118929076878e+05  -1.8962190294877e+04   2.2944610501342e+05   5.5967850038659e+05   2.9602199103893e+05  -4.0108370705883e+05  -3.1233207904246e+04   1.4007983729390e+05   2.1730681382965e+04  -1.7384709966812e+05  -3.0752473961109e+05  -3.8109648427445e+05  -2.0407949722462e+05   3.9108422976850e+05   1.1598377024313e+05  -3.9522376355674e+05  -3.7188609020929e+05  -2.1778650960755e+05   2.8180911485440e+05   3.6871499269917e+05   3.6373221650975e+05  -4.6292433788482e+04   4.2367638202106e+05  -7.2676138950299e+04   2.8048799211950e+04  -1.0868917935382e+05  -2.2279089685318e+04  -6.1793138903276e+04  -1.5413542646052e+05  -5.4062824045148e+04  -2.7250919564591e+04   1.7642286689699e+05   2.3704684219733e+05   4.8742812904265e+05  -2.1695827144697e+05  -8.1254493679846e+05   2.5525342822312e+05  -3.4121182780845e+05  -3.1721225863781e+05   1.0185060995170e+05   3.3633039994882e+04  -2.7548168611198e+05  -3.0675425209660e+05  -1.4014039032436e+05  -5.7444399238313e+05  -7.9913493312922e+04  -3.2328552213850e+04  -3.3451116799899e+05   4.1563514995593e+05   9.2332489948261e+05  -1.7214650538425e+05   9.1485797615244e+04   5.4058976593313e+05  -9.6941495069167e+04  -1.2039389355409e+05  -1.0723933998263e+05  -1.4523050522189e+05  -4.0123939331154e+02   1.4628539948049e+04   1.2071270201485e+04  -1.5631790358332e+05  -4.2065838787313e+05  -1.1841929232157e+04   6.9437323378163e+04   1.0305616572423e+04   8.2228281236258e+04  -6.5534121642615e+04   2.0562079311944e+04   1.3102053950364e+05   2.0362224884862e+04  -1.1240869230821e+05   4.3038533562654e+04   1.5767459749249e+04  -6.3957893238750e+04 
 -2.1229205112502e+05   1.4942694242113e+05   1.2239794313037e+05  -4.5349328417667e+04   1.9791801905618e+05   7.1319731392790e+04  -1.5571154427874e+05  -4.3021483839792e+05   1.0763261349923e+05   2.2075647417208e+05  -1.0976068286860e+05  -1.5225910255560e+04   7.7528022040317e+04  -1.6563779784215e+04  -1.7225298712152e+05   1.5305963860885e+05  -2.8440114707130e+05   3.4996844363188e+05  -4.1091700117280e+05   4.3898235359792e+05   4.3052605607684e+04   2.4581044580180e+05   2.8705681108081e+05  -3.9072967347387e+05   3.7481225376210e+05  -2.1039212982981e+05  -7.1920952797291e+05  -7.3691198957939e+04  -4.0784060696406e+05   5.6508238115491e+05   4.1389598541039e+05   8.8774999052227e+04   1.4987784088379e+05  -2.1685053341786e+05  -8.0186326755570e+03  -2.5539762264425e+04   9.9181498149638e+04   7.3888508548829e+04  -1.8145656229995e+05  -5.0217635165352e+04   7.1749011875026e+04   2.4816722335358e+05  -2.3077882799273e+05   2.7503078129534e+05  -2.8097966218851e+04   3.0824978778447e+05  -2.2550490274588e+05  -3.6044928605396e+05   2.3940159694289e+05  -4.3796706459355e+04   2.3105988767288e+05  -3.9557804537484e+05   1.4503745157601e+05   2.6124600430341e+05  -5.1957206147369e+05  -5.5630429386764e+05  -3.1810461180120e+05  -2.6440499315946e+05  -1.4339452065546e+05  -7.0774115708781e+04   5.8441718754214e+04  -6.7762625832365e+04   1.4246503114432e+05   1.2651561166982e+05   3.5604732239542e+05   7.5335332021973e+05   1.8965162522405e+05   1.8961532291025e+05   6.8647600183706e+04  -6.7900977982018e+04   5.6375941762881e+04   5.6800977527679e+05   3.1046939539310e+05   8.3619272823100e+05   3.1381646910619e+03  -8.6166216638376e+04   2.4456564669953e+05   3.3435914319096e+05   6.8308228016587e+05   7.3861388784750e+03   2.9514186501890e+05  -7.0587186740744e+04   7.1262178738480e+04  -3.4505658290107e+04   8.0425370708313e+04  -2.6751242860678e+05  -5.3117660446161e+03  -9.8838488021742e+04  -1.4068628255715e+04   1.8115822157095e+03  -3.8132582801209e+05   2.7909423767539e+04  -7.7604133739218e+04   2.8643106695879e+05   2.0319669572522e+05   8.3154155867098e+03   5.0114120564009e+04  -2.5901292465134e+05  -6.8996975053530e+04  -2.3646219135815e+05  -1.2306412130175e+05   7.2376781515128e+03   5.3916148402166e+05   5.1201001995608e+05   9.3245319754040e+04  -6.3325045925749e+04  -6.6333924629990e+03   2.0173187502740e+05   4.8749957445223e+05   9.5623286409555e+04   4.5778351982190e+05  -4.7964433981120e+05  -4.5117732107789e+05  -4.2760054154083e+05  -4.3232617286519e+05   1.4323700160716e+05  -2.0946296528677e+05  -2.1349047577634e+05  -2.3860374859079e+05  -1.6407839143257e+04  -1.6415304246052e+05  -9.5825455585730e+04  -3.0071250112055e+05  -5.3795881068223e+05  -5.6157789710588e+04   1.3835614780135e+05   3.7325295199575e+04  -1.6880441705518e+05   7.0396993973332e+05   2.9042132879752e+05   2.8563622403150e+05  -3.9535933391271e+04  -5.1393359641140e+05  -1.2052408666772e+05  -3.6829319900818e+04   1.9796283692978e+05  -4.7028507918660e+05   3.1640336751542e+04   8.9138435252215e+03   1.3195490376445e+05   6.9727456471489e+04  -2.4850730685401e+04  -4.0327582116061e+04   9.9379827781130e+04   4.5255328543006e+03   4.7955800698919e+04  -1.4022387611739e+05   9.7954793877526e+04  -1.7050983832324e+05   6.2840217945780e+04 
  1.1746009800142e+05   1.7971751631249e+04   4.1025393529966e+05   1.6844354125686e+05  -6.2386187847799e+05  -3.2002598783897e+05   3.0780589454534e+04   7.0561831628634e+04   4.6142667824242e+05   2.2077255247226e+04  -4.9681031051020e+05   3.1741247298946e+05   1.2722138139468e+05   4.4503605753912e+03   2.5959703772411e+05  -4.4742236218711e+05  -1.3961560820911e+05   3.1802227260582e+05  -2.9970610435831e+05   8.5964479128876e+05  -2.8203439866870e+05   1.8985089361922e+05   2.5220662111109e+05   4.8162546255051e+05   3.6861653968350e+05  -3.4474057348768e+05  -1.0136598526683e+06   1.2027274973981e+04   9.0879833242035e+05  -8.1112595399444e+05  -4.8717239276773e+05   6.3939184655833e+05   3.3435322352948e+05  -1.0870818952669e+05  -1.0074439473182e+05  -2.8719998389639e+05  -7.6681739006002e+04  -5.8885230566048e+05   9.0630578613467e+04   6.5220508205928e+05  -3.4265625228373e+05   1.3656678703278e+05   4.2599780170729e+05  -2.5683555659249e+05   4.6197723559596e+04  -6.8235133641376e+05   9.0459715596186e+05   1.3637476741296e+05   5.9208333331873e+04  -1.4208124563771e+05  -2.8355654502042e+05   1.0466399236710e+06  -5.1032846261509e+05   8.6830888515429e+05  -8.1838412895416e+03   3.5838736817322e+05  -4.3803598769712e+05  -4.8455511734082e+05  -4.2320814561536e+05  -2.2913500169634e+05   2.1070810252463e+05   8.4076657064199e+04   9.1560185458861e+05  -3.5682140359303e+05  -9.1208098468282e+04   3.5852183977305e+05   1.4697242548527e+06   1.4697391920710e+06  -5.5214968812289e+04  -5.0498173927208e+05  -9.3938736592347e+04  -5.8096229099897e+04   2.0297371625124e+05   3.1381646910593e+03   2.1491040966666e+06  -3.2864167250402e+05  -3.4637051203371e+05  -2.4920708412445e+05  -7.9020721003476e+04  -4.2420983131279e+05   7.7583835508856e+05  -7.1426319749367e+05  -4.0046988262726e+04  -1.5886153793597e+05   1.5278904906367e+06   1.0812856497682e+06   2.1686306904777e+05  -3.3084489709679e+05  -1.0551711336966e+06   2.7165057498865e+05   1.5332869157686e+05   4.0676094925625e+05  -5.7830739636249e+04  -6.4271378973031e+04  -4.8213595028674e+05   3.1963181555842e+03  -6.8842831607371e+04  -5.0787148722678e+04   2.1470066851691e+05  -6.1085860038876e+05   3.4616389182180e+05  -4.8441274906108e+05  -7.4919793596777e+05   1.9627609360273e+05  -3.0176108966096e+05  -3.3131227939307e+05   3.0226486754394e+05   3.6229513518809e+05  -7.2165041826908e+05  -1.1875580894637e+05   3.9613379680694e+05  -4.7192329382131e+05  -4.4863769646280e+05   2.1394779098708e+05   4.6230998461682e+05   5.4539151397948e+05  -5.2911628971239e+05  -4.4049602840888e+05  -4.5497568387054e+05  -7.1008082461528e+05   1.5459970997221e+05  -2.9936995857644e+05   1.0404679379242e+06   5.0191216441661e+05   1.5106766789850e+05   5.1983543996546e+02  -3.7181358569502e+05  -2.3131954472054e+05   1.8147925554602e+05  -6.0511751076606e+05   2.2173369315920e+05  -7.0243897868328e+05   6.7266569452567e+05  -3.0334088329590e+05   8.3509344813030e+05  -4.7792523939663e+05  -2.5756501293057e+05  -4.0031911374812e+04   3.0069736593028e+04   7.7086017659598e+04  -9.6557796367521e+03  -5.2010952806164e+05   9.9496723228678e+04   6.4156837593087e+04   6.9227552268634e+04  -1.6508475109104e+05   9.6448993165232e+04  -8.4043052115026e+04   4.7900625960647e+04  -2.9293548003627e+04 
 -4.8735233686982e+03   2.0066962487418e+05  -1.6164670766735e+05  -1.3800811307517e+05   1.5586452473308e+05   1.4206574906124e+04   1.3424289163654e+05  -2.3282941083993e+05  -6.1689691979488e+04  -4.7156893791958e+04  -2.6450268234392e+04  -8.3604486717436e+04   1.5358886891983e+05  -1.9391062351926e+05   5.1637465878303e+04   3.0444931184608e+05   1.9110164455066e+05   1.3957333924298e+05   1.0208195692679e+05  -6.6406141021570e+05   1.2912592745334e+05  -3.5687591281751e+05   4.1864829159094e+04   5.9786704764981e+05  -2.2089966247514e+05   2.0164124198072e+05  -7.5058247683943e+04  -1.7657497144802e+05  -2.6105359718772e+05   1.4053815475024e+05  -2.8938257907181e+04  -6.2739855470582e+05   2.1407841157935e+05   5.4806169999615e+04  -3.3973368864255e+05   3.2289534385641e+04  -1.1130172224669e+05   5.0476003755555e+04  -1.0492789135682e+05  -1.1088922492392e+05   1.2454133013164e+05   5.2883916240719e+04   2.9183050482222e+05  -1.1054537100371e+05   1.0827415276813e+05  -2.6205123309896e+05   6.9242186537139e+04  -4.5461943734039e+05   1.9949935346247e+05  -5.3255271853067e+05  -8.3860200601366e+04   8.9534886452926e+05   5.6321216086978e+05  -3.3825951137758e+05   8.7700401762134e+05   6.3714097003250e+05  -6.0383193844055e+04   1.0173656240366e+04  -8.7906686832009e+04  -1.1918223197081e+05  -1.9100907845144e+05   1.2180435127445e+05   1.1429324547803e+04  -6.0658184883495e+05   3.5326571747933e+04  -4.7971804028152e+05  -5.7112734684137e+05  -5.7145824770621e+05  -3.5141442576884e+05   9.1858947247866e+05  -1.8554526882962e+05   1.9943173499897e+05  -3.1465013170432e+05  -8.6166216638375e+04  -3.2864167250402e+05   1.3418662446909e+06   7.0897954806672e+05   1.2823630471293e+05   1.1050817511502e+05   1.5578499530666e+05  -8.1151509335284e+05   8.9627172069050e+05   5.8618050347673e+05  -5.0109426814600e+04  -1.7310322475243e+03  -5.2264000044497e+05  -1.1738553399588e+05   2.9306837940344e+05   4.7844000032063e+05   4.8100564397112e+04   3.6207709364117e+05  -1.3713170138996e+05   1.9522751584793e+04  -1.4587984699500e+05  -4.3519261615087e+05  -2.7551278072677e+05  -5.3367805590551e+04   6.2152778823596e+05  -4.5673305702568e+05   1.1540628798727e+05   2.2086074461801e+05  -1.5383416958545e+05  -3.3646190758875e+05  -6.6615561874388e+05   2.9243787866433e+03   4.5165839055065e+05   2.1903347332720e+05   2.6864977648392e+05  -1.4632167849880e+05  -2.4830971522505e+05  -1.6062279837284e+05  -1.9218738238729e+04  -1.7086611740447e+04   1.6930266949521e+05   7.3925492790136e+04  -6.0564746893203e+05  -2.0762434717877e+05  -2.9641317188253e+05   2.1203472636570e+05  -2.0791625051510e+05   1.7702025454264e+02  -3.3397384591228e+05  -3.0195889351938e+04  -5.3161470764137e+05   4.7903024637309e+05   5.7218614676418e+05  -4.0575457833936e+05   4.3640509440084e+05  -3.0242378891324e+05   4.0849526390736e+05   2.9717910454744e+05   2.6339696098828e+05   3.5201498672904e+05  -2.3521960941042e+05   1.1553694413742e+05  -6.0548632690232e+05   7.0263676695113e+05  -1.0895607583085e+06   3.0209478763706e+04   3.6787518853845e+04   1.8686672037703e+04   2.6801911239291e+05  -6.6722163695361e+04  -3.6311704774883e+04   1.6211349568063e+05  -9.0982291806793e+04  -8.9910483817622e+04   4.1027041198055e+04  -4.8061271659444e+04   1.4846034563635e+04 
 -2.1586020424081e+05   1.4809595152674e+05  -8.8245078278268e+04  -2.1157443869324e+05   1.9840733788011e+05   1.0419996964933e+05   1.7735210916037e+05  -1.4580039337097e+05  -2.1893989701148e+05   2.2981044914365e+05   4.4133350603959e+04  -2.9457268060350e+05   1.2530516841631e+05  -9.0264462792769e+04  -1.9355036635334e+05   3.3174913431112e+05  -1.0076740734522e+04   3.4167621472710e+05  -2.4964456402564e+05  -4.2033925918923e+05   2.6827554686147e+05  -1.5447313499435e+05   2.0796648048465e+05   6.6982554527797e+04   1.3607888849903e+05   2.6863440250633e+05  -2.0055322371461e+05  -2.0292400660658e+05  -6.5327828645353e+05   4.7132077568378e+05   1.3633083036592e+05  -3.2342474256284e+05   5.4000685586240e+04  -5.8630172192928e+04  -4.4239482230538e+05   1.4815211838867e+05   1.2152564271285e+05   6.9900629682580e+04  -2.0174640976579e+05  -9.3023121660931e+04   2.5378759138041e+05   5.0687998236376e+04  -6.7659271642038e+04   2.5128755655160e+03   3.3823546785076e+04  -1.3307377439578e+05  -9.3379018549057e+04  -3.4551122583172e+05   3.0232120159386e+04  -2.6935437851610e+05  -1.1342342661529e+03   7.6118735180684e+04   3.8294767768702e+05  -1.5041176875878e+05   3.4548389738181e+05   1.2264258417111e+05  -6.3155894303211e+04   8.0220560325459e+04   6.4351624774412e+04   2.1920916323771e+04  -3.4945904015588e+04  -6.8001182668428e+04  -3.2358264163420e+04  -3.3514545406176e+05   5.3166524624461e+04  -3.4464772877766e+04  -3.4405140282429e+05  -3.4420008115945e+05  -2.9317233447554e+05   5.4871376987636e+05  -2.6674159891489e+05   3.5141640485972e+05  -2.2118929076878e+05   2.4456564669953e+05  -3.4637051203371e+05   7.0897954806672e+05   6.3046558379744e+05   2.4057201484994e+05   4.1934461124561e+05   4.1985326337753e+04  -2.3503975437258e+05   5.8886193444391e+05   2.5414841028490e+05  -1.3848567486515e+04  -1.1787558832714e+05  -4.2269642751950e+05  -2.1183363743834e+04   1.7417827698498e+05   3.8934732918641e+05  -6.4037736318815e+04   1.1039836735948e+05  -6.8146421158567e+04   5.7457083997140e+04   1.3365722649100e+04  -1.4724507634055e+05  -2.1785649492492e+05   6.7271935732111e+03   3.5790660902119e+05  -4.1660668329926e+05   1.0299511498972e+05  -8.8336506394903e+04  -1.0171202326817e+05  -1.2695216274764e+04  -5.9655568443656e+04   1.7668938869581e+05   2.4073680348725e+05   5.9580408902563e+04   1.7192599073267e+05   2.1788162047773e+05  -1.8009766174247e+05   4.1345226208604e+05  -1.8360273184018e+05  -7.2809425209718e+03  -7.8603129247576e+04  -1.4950490216939e+05  -3.5571427484723e+05  -2.0021028242598e+05  -7.2802203821202e+04   1.0068529377486e+05  -2.1688671498076e+04  -1.2884996032393e+05  -1.8826026513241e+05  -3.6194599621705e+05  -4.0934522926262e+05  -1.9792149113968e+05   2.1471299301406e+05  -2.1178122667160e+05   2.9107891846307e+04   4.9590744651953e+03   4.2437423428927e+05   7.0367422361341e+05   3.0663491173181e+05  -2.5343567636364e+05  -1.7334610372204e+05   4.4654203183482e+04  -1.8972018269315e+05   1.8369005771538e+05  -4.1240134127164e+05   4.8205128000947e+04   1.7010773249242e+04   5.0037093537774e+04   1.4042748434172e+05  -2.9102511554610e+04   5.4729739584718e+04   3.3230450044413e+04  -3.3513551176253e+04  -9.9777043401632e+04   3.9100769242321e+04  -1.1197344785668e+05   5.8436440964285e+04 
 -3.4333333991327e+05  -2.1521607631359e+05  -2.6872035804504e+05  -1.5280988549280e+05   1.2794300072552e+05   2.5006425723599e+05   5.0231240533878e+04   5.0128135742942e+05  -1.6033874652415e+05  -4.0216262535904e+05  -3.6193743070614e+04  -1.4668090039379e+05   3.2485614607195e+05  -1.1919581952628e+05   1.5510776471809e+05  -2.3403433558231e+05  -4.1720122010946e+05  -1.4963424742483e+05   2.6822720130384e+04   1.4892132047951e+05  -1.1687810434577e+05   1.9842840194163e+04   1.8934245761835e+05  -1.7946129781360e+05   3.3906008406467e+05  -3.5438726405685e+05  -2.9310739744577e+04  -3.4170305264315e+04  -4.0492988711867e+05   5.4678526348709e+05   2.5257379288184e+05  -5.8371522308257e+05  -2.1373996931757e+05  -1.4364589816683e+05  -4.4733235057131e+05  -2.1401912490238e+05   1.2660862571082e+05   6.2570231413133e+05   4.1428747995277e+05  -3.3173211642466e+05  -7.8663102294999e+04   2.9731538315736e+05   4.4085723453190e+03   2.9303594338086e+05   8.3795629867603e+04   2.8384647467323e+05  -2.4983426736525e+05  -5.7340556675919e+05   6.1480175542874e+05   3.3405326331738e+05   6.3750728962616e+05   1.5571761233701e+05   8.4366714200958e+05  -1.2293039233762e+04   2.0739842352538e+05   1.7584395824235e+05   9.9313099320721e+04   1.9000730983911e+05   1.5311298002198e+05   6.7164394107078e+04   2.3745481387608e+04  -1.1953539727725e+05  -4.9025437218069e+03   1.9350859540657e+05   4.3215721767308e+03  -8.4966033641511e+05   6.4844302800778e+03   6.1968396369349e+03  -9.2470349652985e+04   1.5179838680988e+05  -2.0889213800550e+05   2.3094137350570e+05  -1.8962190294876e+04   3.3435914319096e+05  -2.4920708412445e+05   1.2823630471293e+05   2.4057201484994e+05   1.9733012288253e+06   3.7066578471205e+05  -1.2833075625270e+05   2.7665994973434e+05   1.0276202592686e+05   2.3318857000959e+05  -1.1046398549138e+05  -1.3343035787122e+05  -4.8042539984316e+05  -1.4991697801531e+05  -3.7580002575378e+04   3.9276321429833e+03   6.7509274181556e+04  -5.5729912661178e+05  -3.6342159088830e+05  -2.5514406019402e+05   5.6875490031666e+05   4.9782384273048e+04  -2.2081207138584e+04   4.4701643568433e+05  -6.0751013941270e+05  -1.7236234146406e+05   4.2698408019740e+05  -1.4693264754217e+05  -8.6610356667377e+04  -1.2316677652761e+05  -3.7070408524266e+03   1.5050036516929e+05   1.3698154103562e+05  -2.0101277128494e+05  -7.0354075551961e+03   1.4953748078000e+05  -5.8266398590207e+04   5.2930298114323e+05   7.9649593209086e+04   1.3961064809723e+04  -2.0697251924235e+05  -1.8651742576132e+05  -5.0503679115130e+05   2.1046136666802e+05  -1.3794053372592e+04   3.7156300129464e+04  -3.3440134172239e+04  -7.8083018750618e+05   3.7345824656758e+05  -9.3443867635233e+04  -1.1445783679429e+05  -3.5167534807093e+05   2.6070292470917e+05  -2.2191029740877e+05  -2.7443841724207e+05  -1.0882212033222e+05  -4.3155677071088e+04   8.7986487780962e+05   3.0408074942114e+05  -2.2322397482931e+05  -6.3879908227548e+04   3.1511436819990e+04   3.3495510900648e+04   3.0379287571439e+05  -1.7117875987105e+05  -1.8390179183772e+04   2.5215304012627e+05   1.0875978478794e+05  -6.2685307715446e+04  -3.1059723135528e+04   8.2760544526367e+03   1.0543050684767e+05  -1.7882030038104e+05   2.7890919541010e+03  -1.0285800212173e+05   1.0498985984422e+04  -2.2518382018742e+04 
 -3.2726434760696e+05   2.0581421816296e+05   3.4125878419813e+04  -1.9783212107290e+05   1.8395340085630e+05   3.9223436656558e+04   2.4020175836358e+04  -2.5610560010822e+05  -4.9222468326605e+04   4.4395013203321e+05  -3.8191115004364e+03  -3.2838659344145e+05   9.7762371311513e+04  -1.1683585579996e+03  -4.6901456490378e+05   4.6838973053523e+05  -3.1015349557373e+05   5.7166705487814e+05  -4.6685443990644e+05   1.4149261112676e+05   9.8901201152289e+04  -2.3222300475252e+05   4.3983257701085e+05  -4.5882424288335e+05   2.7466020539869e+05   1.5715844240106e+05  -6.3009586266845e+05  -4.6080537419444e+04  -7.8806448562434e+05   6.8906537870537e+05   7.0425485940671e+05  -6.8994396298632e+04   2.1605413435142e+05  -2.5212824599904e+05  -2.2517239467041e+05   1.8652531288759e+05   1.4741498790208e+05   4.6384707405186e+04  -2.3622025399321e+05   8.2444625413420e+04   1.3693683216784e+05   2.7025641283827e+05  -1.7904493342773e+05   2.1917534060061e+05   8.2483785042986e+03   6.2602144241358e+03  -3.1173631345503e+05  -4.3492719136062e+05   1.6642163547845e+05   2.9531421075343e+04   3.5317478208935e+04  -4.5359747043675e+05   2.9970973928719e+05   4.2046864978498e+05  -1.2556120155451e+05  -3.2686370553215e+05  -3.2294711828035e+05  -1.5083485743166e+05  -4.7392937472338e+04   4.1319575473270e+03   8.3693824346253e+04  -1.4161614821196e+04   1.3174554787946e+05   1.4343789896668e+05   1.3199396712931e+05   3.8339452540841e+05   1.1969429390920e+04   1.1878515860457e+04   8.7328717837887e+04   7.4858362961260e+04  -5.0060077613423e+04   4.2362494257282e+05   2.2944610501342e+05   6.8308228016587e+05  -7.9020721003476e+04   1.1050817511502e+05   4.1934461124561e+05   3.7066578471206e+05   8.2886311546318e+05   1.2695448793561e+05   2.5482188617431e+05   2.5561631842428e+05   9.9196854020934e+04   4.4402899731875e+03   8.7158991828060e+04  -2.8676807255034e+05  -9.7809397621650e+04  -8.3243370977890e+04   1.4953828093251e+05  -1.2604658186573e+04  -1.0716926841709e+05  -1.3143283823559e+05  -7.1610607558717e+04   1.5453967560944e+05   1.0277413863901e+05  -7.7541003930974e+04   2.1959084887299e+04  -6.5618748800981e+04  -2.4493986223129e+05  -6.8791638570754e+04  -8.4532819966106e+04  -2.2803657380295e+04   3.5294026195517e+05   4.8969012630688e+05   2.5933470441318e+05   8.5089370672726e+04  -4.9833969066649e+04   1.5603657208671e+05   6.0701904349209e+05  -5.8608138286366e+03   5.3344230555181e+05  -5.5853711895841e+05  -1.0988325523329e+05  -4.5773599616065e+05  -4.9636674538140e+05  -1.3282128374641e+05  -2.1197711684077e+05  -3.7110173170173e+04  -1.3722182171678e+05   1.2992489914186e+05  -2.7732166288485e+05  -2.5840027498032e+05  -5.0922052919538e+05  -6.1961982174382e+05  -3.9696049482009e+05   2.5456943161845e+05  -9.7855785813008e+04  -6.8561030464572e+04   5.1616130507675e+05   4.0922175889027e+05   8.9768578547895e+05   1.0683249574573e+05  -5.1503346537433e+05  -2.2554341124773e+05  -6.0291707860317e+04  -9.3875528684657e+04  -3.6773269288330e+05   7.1531907040380e+04   8.0377070800574e+04   1.4972125987941e+05   9.6424724100381e+04   2.1515765787261e+04  -5.8660814568900e+04   1.1160350586113e+05  -1.0283665569698e+04   9.3162865384894e+03  -1.7409186303197e+05   3.4168940110464e+04  -1.6385730512787e+05   7.5687429856466e+04 
  4.2123650185939e+04   4.4764182081451e+05  -1.3103016438617e+05  -1.0298878185849e+05   1.3077699259712e+05  -2.0879424481980e+05  -1.2621560487829e+05   7.6295652390129e+04   2.6108073096689e+04  -2.7173892576034e+05   2.0137231566099e+04   3.8331868769935e+05  -7.2103891852550e+04  -1.8500339956582e+05  -2.9259598508253e+05   3.0440352163529e+05   2.3353972704321e+05  -4.5683171291061e+05  -8.7066886886566e+04  -2.2977124469627e+05   1.3925339772549e+05  -6.4680861879319e+05   1.0693001438489e+05  -1.4074204115442e+04   2.9800892476701e+05   3.1512622475312e+05  -9.3500725769965e+04  -1.7558171134633e+04  -7.5472594402520e+05   6.7349015593179e+05  -6.8646650636429e+03   3.5426813795264e+05   2.3932637988344e+05  -2.1582435130792e+05  -2.1358236474591e+05   3.0917400567201e+05  -4.3585818577572e+05   3.8793374116050e+05   3.1549354243946e+04   2.7020645956868e+04   2.6103646938468e+05   4.6597238736959e+05   1.2331063469710e+05   1.2866010278107e+05  -8.1910897636870e+04   2.7974222693864e+05  -3.7792792951621e+05  -7.5562781786719e+05   2.8086422585517e+05   1.4638219374862e+05   8.8600627007790e+04  -4.1232081433200e+05   3.7946541806071e+05   2.6824711794320e+05   1.9558411549830e+04  -2.1861599913098e+05   2.1398230017212e+04   1.8182740215551e+04  -2.3773283205957e+04  -4.7341955860443e+04  -1.3697761784616e+05   6.2611002288333e+04  -2.1631118543519e+05   2.8946736801315e+05   9.7389743582353e+04  -6.6606546621511e+05  -4.7749043234416e+05  -4.7752889218417e+05   7.4114286177476e+05   2.7822364159662e+05   6.0165797923071e+05  -5.2997424710221e+04   5.5967850038659e+05   7.3861388784753e+03  -4.2420983131279e+05   1.5578499530666e+05   4.1985326337752e+04  -1.2833075625270e+05   1.2695448793561e+05   9.9498613580672e+05  -2.8379337039452e+05   1.6636457896990e+05  -1.6964978430945e+05   4.3544432131613e+05  -6.1275847014722e+04  -2.1201361775843e+05  -4.3816627856063e+05  -3.1514425858907e+04   3.7446837488059e+05  -1.7091518929324e+05  -7.5256610005975e+04  -5.6535041967947e+05  -2.4255178256791e+05  -3.4352896637860e+05   1.7487567079172e+05  -4.0286931515381e+04  -8.8823575148226e+04   4.0837631562483e+05   1.7858113876361e+05   2.2816647181476e+05   1.6402685070586e+05  -1.3877172430612e+05  -4.8360219289619e+04  -3.1719313106663e+05   1.3458106634059e+05   2.0058699220067e+05  -4.8125589262166e+04   4.3418144295072e+04   4.7943138691694e+05   4.2043281971477e+05  -5.1301410065129e+05  -7.2353517626247e+04   6.6609508959572e+05  -1.8902488187616e+05  -2.8959687759863e+05  -3.4334819726782e+05   5.7769105913519e+04  -1.5321036177649e+04   2.0641487353295e+05   2.7119711536110e+05  -3.7098140828848e+05  -1.6855648750481e+05  -2.6080987922999e+05  -3.4527970258855e+05  -2.1783182771781e+05   5.0242422019439e+05   6.9074454799916e+04   4.1152961827694e+05  -1.3986291845615e+04   3.5070974257551e+05  -2.3076330386726e+05   7.8394895337186e+04   4.3769690495751e+05  -3.7389007409904e+04  -3.4129065755280e+05  -3.5332700100485e+05   4.5783104891755e+04  -3.0530919844849e+05   1.2592656728979e+05   2.8366901950240e+04   7.5974463250145e+04   2.6919511472412e+05  -3.7756618685689e+04  -2.8076815440808e+04  -3.2863140377616e+04   5.4677997164659e+04  -1.3341938246156e+05  -3.9856829202020e+04  -3.4763706372711e+04  -3.3758402237281e+02 
 -3.2809817263046e+05  -7.9311168669385e+04   3.7802236750010e+05  -1.1169349181958e+05  -1.0805346241236e+04   3.6178430671156e+04   4.7355863474921e+05   2.2459234965923e+05  -9.7891356522001e+05   1.1065900468959e+06  -1.8382328176769e+05  -3.0898034613176e+05   1.6536205687235e+05  -1.9009610834217e+05  -5.9058367898020e+05   1.1165996752380e+05  -6.9407826657981e+05   1.5926271716093e+05  -3.9697727334385e+05   6.6565499820513e+05   5.0231676562950e+05  -2.2397919437827e+05   2.5179295623447e+05  -3.4965275301549e+04   9.7118433398172e+05  -5.3105339766446e+04  -5.9551039403422e+05  -4.7125825620864e+05   7.4160494517647e+05  -3.5447494760523e+05   1.4447088134680e+05   2.9035169882110e+05  -2.4037262336921e+05  -4.9459505366518e+05  -1.8388715095015e+05  -1.8359482254648e+05   4.1256786048080e+05   4.3919647373670e+05  -3.5802781316852e+05   8.8544718524240e+05   5.6205745378116e+04   5.8584131148100e+05  -9.7950709592082e+05  -3.4611969768390e+05   5.0079424600751e+04  -1.0511258743787e+06  -2.1993083791121e+04   2.0511770802332e+05  -2.1911895328432e+05  -8.3387155655032e+04  -3.1285111952936e+05  -2.8777618950919e+05  -4.2181237004640e+05   4.8012952614127e+05  -9.5108669340719e+05  -5.8877717755407e+05  -2.0568933052112e+05   6.9156875733479e+04   3.8422173043866e+05   5.7007511872586e+05   8.1157772378084e+05  -1.6857495545247e+05   2.9900902348564e+05   1.0672262162532e+06  -8.2728743168946e+04   2.6116478161870e+05   9.1370653087881e+05   9.1382739015191e+05   3.4379542432392e+05  -5.2618653334286e+05   7.2171202133007e+04   1.6859020868699e+05   2.9602199103893e+05   2.9514186501890e+05   7.7583835508856e+05  -8.1151509335285e+05  -2.3503975437259e+05   2.7665994973434e+05   2.5482188617431e+05  -2.8379337039452e+05   2.9587363368169e+06  -9.4787362872461e+05   3.5917517722972e+05  -2.2911967781973e+05   4.5053506213224e+05   2.2942638285905e+05   6.3661217450313e+05  -2.5799192921921e+05  -9.6278804032716e+05   1.1274212845071e+05  -2.7558662983435e+04   5.9613012901786e+04  -1.8364175170819e+05  -3.0295893689399e+05   6.9228535248860e+04  -3.1930561822983e+04  -1.2231804214022e+05  -1.3093656903332e+06   1.2117332926215e+03  -1.9915561579539e+05  -1.0985708630354e+05  -2.4081588061542e+05  -4.5257814425024e+05   2.7184657046763e+05  -2.5179396579494e+05  -3.7737016510074e+05   4.7109804469772e+05   9.2672017080565e+05   8.1412235279078e+04   5.5695849713862e+05   1.1188611677341e+06  -5.1049987350750e+04   6.1937932455667e+05  -4.1751241061278e+05  -1.5619439933944e+05   3.2457827703869e+05  -6.0948316526986e+05  -4.6099305430900e+05  -6.1388427351552e+05  -7.8269065496459e+05  -1.3636730567244e+06   9.9411059506065e+04   2.7747163389097e+05   1.4532082235459e+06  -6.5659079711718e+05  -3.8727437583931e+05   2.2099282939003e+05  -6.5486589783511e+05   3.0311301093655e+05  -6.2514993353133e+05   2.7918748243789e+05   9.7532789384388e+04  -2.7945134610514e+05   1.5480770241981e+05   2.0685848922069e+05   4.5946787599221e+05  -8.1217254814909e+05   9.0885084012633e+05   1.1245079169800e+05  -1.8956372657226e+05  -1.1139617799703e+05  -5.9890480859267e+05   2.7065169860989e+04   1.2051710829111e+05  -3.8440285489283e+04   9.6977979314915e+04   2.2630932719308e+05   8.6767111595230e+04  -1.1409711252231e+05   3.8669916640692e+04 
 -1.2456329033811e+05   1.2790425093155e+05  -2.4881402323377e+05  -1.1820685950251e+05   3.3552816481790e+05   1.9374442293751e+05   2.1073125365562e+05  -1.5057794318444e+05  -1.6101082378318e+05  -1.3407526816871e+05   3.6985311745103e+05  -5.2686753377467e+05  -1.3219527066530e+04   1.7158731206783e+05  -7.8085843984419e+04   5.1748302224889e+05   1.9617087818128e+05   7.1796611487743e+04   6.7882380498350e+04  -8.8341403089690e+05   7.3999669041796e+03  -4.9952349747294e+05   1.4911993857775e+05  -8.8386281038450e+04  -2.4063061014097e+05   4.7311822214049e+05   1.7091451189150e+05  -6.6061127226034e+04  -1.0279684533018e+06   2.9733945821902e+05   4.0476491469003e+05  -5.6040915887747e+05   3.4371038972472e+05  -2.5210276679182e+04   2.1552312693637e+05   3.6971897620206e+05   4.3720661535843e+04   2.2061658474405e+04  -3.3090169646662e+05   6.2310844541929e+03  -3.4087240979974e+04  -2.4881794478847e+04   5.6934444711276e+05  -3.5191134059218e+04   3.9872749250418e+04  -6.0655500113667e+04   7.2122137476296e+04  -5.6570075796245e+04  -7.5075106447824e+04   1.4845219473208e+05  -3.2236088934798e+05  -1.0933401009534e+05   2.5795906520329e+05  -5.6513253873301e+04   7.8285542037134e+05   4.9033833348140e+05   3.3552380471583e+04   7.8915292100984e+04  -5.6282359063511e+04  -1.5828416052919e+05  -3.5895418353123e+05  -2.0568955441020e+05  -4.1472403526120e+05  -3.3705654648244e+05  -8.0622928538255e+04  -1.2196863852142e+05  -7.5823643240440e+05  -7.5847012346872e+05  -3.6932018115841e+05   5.2671703258589e+05  -3.9173870877473e+05  -5.5465369577774e+04  -4.0108370705884e+05  -7.0587186740744e+04  -7.1426319749367e+05   8.9627172069050e+05   5.8886193444391e+05   1.0276202592686e+05   2.5561631842428e+05   1.6636457896990e+05  -9.4787362872461e+05   1.2734611020076e+06   4.4021873759577e+05   5.8029763145359e+04  -2.0993498855102e+05  -5.1341407223264e+05  -1.9569963296399e+05   3.0811390179416e+05   6.9472256898668e+05   2.4671333624101e+05   2.9908316161407e+05  -1.7986966092989e+05   2.0012341905200e+05   1.4472286476164e+05  -2.0498198286817e+05   1.1793959344647e+05  -3.2433235099240e+05   9.2642805949591e+04  -3.0165125137375e+05   3.7379301121767e+04   5.9642289670576e+04  -1.3871450460148e+05  -9.2383009935119e+04  -3.4004659089035e+05   2.1861494065949e+05   4.5170215608102e+05   7.7158965908180e+04  -1.2509895348702e+05   2.6781878427750e+05  -2.8095831191031e+05  -5.2977362826327e+05   8.0604013395273e+05  -2.5181427281422e+04  -1.5762391344549e+05  -3.3158373395283e+05  -3.0987798581897e+05   7.8126968470173e+02   8.8226599091580e+04   3.2721073093532e+05   2.4948367489160e+05   3.3182315611426e+05  -4.3283960933886e+05  -6.2129667816158e+05  -8.6841045565677e+05   2.7890427957968e+05   1.6913650916975e+05  -7.7624483596564e+04   1.7218726086296e+05  -1.3319260406225e+05   6.4988282437869e+05   3.4860951627535e+05   5.8994367408233e+05  -2.2058919665103e+05  -1.3120067442981e+05  -1.5230671066306e+05  -1.3595795461755e+05   2.5951026499134e+05  -3.1646385862029e+05  -1.9750653233868e+04   7.5047310507730e+04   7.6627863967762e+04   1.8761491367057e+05  -7.2711781097123e+04  -2.0332627844749e+04   3.3932575325622e+02   5.5927684137622e+04  -1.4042073464296e+05  -3.4117186676350e+04   1.2267450394591e+04   1.7884848631065e+04 
  2.8801815896960e+05  -2.4857108492729e+05   5.0439109191933e+05   3.5664827338436e+05  -1.5939113158639e+05  -2.6940931540139e+05   4.9463246022190e+04  -2.1396578428265e+05  -3.3205641556075e+05   1.1917070643270e+05   1.2827979689956e+05   4.6290870313570e+04  -1.3105469503031e+05   1.9808723884202e+05  -3.4634921742503e+04  -8.1548688690395e+04   7.5091484092823e+04   1.2583438303558e+05   2.7447662606421e+05  -1.7038012811897e+05   7.6712566945841e+04  -5.6082468344328e+05  -1.4746854552808e+05   3.0939068666823e+05  -2.4057537429872e+05  -2.0742439338142e+05  -1.9150735659329e+05  -3.6670364689076e+05   6.3148731693808e+05  -3.5574805253913e+04   4.2399588314457e+05  -6.3450924631474e+05   2.3244137860990e+05  -7.7017916099356e+04   1.7450107847229e+04  -7.3384254124459e+04  -8.4670535782042e+04   2.3600655648516e+05   9.0778203273880e+04   3.7916302077780e+04  -1.5140828260988e+05   1.7465433921805e+05  -2.1896662141898e+05  -2.8078648959784e+05   1.2030943434328e+05  -6.1441872460888e+04   2.3817578566464e+05  -2.9987798888465e+05  -1.1426083734522e+05  -2.2668545304979e+05  -2.7359061654980e+05   5.9963300845665e+05  -3.7266002199250e+04   4.8651914702611e+05  -7.5408891433257e+04   5.5194865995854e+04  -2.3268500138882e+05  -1.5233100374375e+05  -5.9327649995413e+04   8.4284533898474e+04   1.9170376367329e+05   1.3895543109092e+05   4.2821857280366e+03   2.7093521482275e+05  -2.9546068196638e+04   1.9086567195341e+05  -9.1117222896050e+04  -9.1336717463896e+04  -1.0361202742062e+05   1.5295986148178e+05  -4.6977020905244e+04   8.1409630910675e+04  -3.1233207904245e+04   7.1262178738481e+04  -4.0046988262729e+04   5.8618050347673e+05   2.5414841028490e+05   2.3318857000960e+05   9.9196854020935e+04  -1.6964978430944e+05   3.5917517722972e+05   4.4021873759577e+05   1.7614033881643e+06  -2.7701566573477e+05   2.9948101622795e+05  -3.0802101590199e+05   3.1408268647945e+04  -3.9195695940969e+04  -3.0459901703774e+05   1.0130545281233e+06   3.5220304212757e+05  -2.3940328366265e+05  -1.2937777298359e+05  -1.3029008640923e+05  -2.5177941740597e+05   5.5347309855255e+05  -1.5602428779740e+05  -1.2812209470633e+06  -1.6141553018084e+05  -1.5727630078383e+05   2.8299382674421e+05  -3.2690615267965e+05  -5.2462226705647e+05  -4.8343677728018e+05  -2.2772598144010e+05  -1.9945299501403e+04   1.4197708159956e+05   3.7417105516221e+05  -2.3303404105928e+05   9.4925941185597e+04  -1.9624356890182e+05   6.6361970720745e+05   1.5579808895034e+05  -1.1067126847012e+05  -6.2476593374088e+04   3.9188426511845e+04  -1.2547318549745e+05  -5.5127700490941e+05  -2.7550387917074e+05  -5.3851131557549e+05  -2.8193773019844e+05  -3.8715903207993e+05   1.4813692887994e+05  -9.8043973022875e+04   6.0276453978049e+05  -3.1051105971161e+05   8.9963644831687e+04   6.0972091665274e+04  -2.1680975530881e+05   1.6537906799233e+05  -5.3848221249932e+05   5.1159785139399e+04   2.7394210743478e+05   8.7347355776393e+04   9.8593699384555e+04   1.2732973296635e+05   1.1345171554350e+05  -1.8144219007275e+05  -1.5915239581946e+05   4.3310465502794e+04   1.1696977121083e+04  -9.5367670350865e+04  -1.5649418388541e+05  -1.1562868439638e+05   2.0765978700101e+05   2.0412580758109e+04   9.1172492802750e+04   7.4072181009759e+04  -6.7889641292945e+03   5.3053627919867e+03 
  5.3352343223491e+03   8.9402569092780e+04  -5.4901709922231e+04  -4.6843273836344e+04  -1.1094660252848e+05  -1.5021634100966e+05   7.0310176240587e+04   2.7708365267198e+05   9.2522988178481e+04  -3.9319866399714e+05   1.1787601384038e+05   1.7812743832787e+05  -6.9977206957193e+04   5.7409993633791e+04  -1.3746508903086e+05   5.0690078050218e+04   1.6277473593005e+05  -1.5019491183751e+05  -1.4915961452767e+05  -1.5420472860507e+05   4.3242591691717e+04  -1.4806031313870e+05   1.3847859697258e+04  -5.5361886422364e+04   3.3000281226945e+05   1.5060128626185e+05  -8.8470005297902e+04  -4.3829808603813e+04  -4.9393981631268e+05   4.2792025079988e+05  -2.3545458868652e+05   3.3011709602015e+05   1.2652985907196e+05  -6.1763897145628e+04  -3.1868044264775e+05   1.8008116192962e+05  -2.6707683497713e+05   5.9058884727599e+04   1.4933398481531e+04   2.0996588803986e+04   3.2153285271331e+04   2.1287148921085e+05   6.2198701406622e+04  -1.9808407660617e+03  -7.4381522143041e+04   3.1516133834797e+05   3.0670982721449e+04  -3.6360225562533e+05  -6.8493948179682e+04   2.1004627339777e+05   3.2753448710158e+04  -4.3767056085664e+05  -1.2162188176424e+04   2.9171388692477e+05   1.1625861374536e+04  -1.0334703852763e+05   3.7194991918015e+04   1.9906301227519e+04  -3.3825414218100e+04  -9.0442854417731e+04  -1.5503196642736e+05  -9.3282922302601e+04  -1.3725361524450e+05  -7.1298761209757e+04   3.3385686904270e+04  -2.2430711500443e+05  -1.9677938050428e+05  -1.9670976539893e+05   2.2967532252159e+05   7.6735256274431e+04   1.3133539501762e+05  -3.8334132918347e+04   1.4007983729390e+05  -3.4505658290108e+04  -1.5886153793597e+05  -5.0109426814599e+04  -1.3848567486515e+04  -1.1046398549138e+05   4.4402899731872e+03   4.3544432131613e+05  -2.2911967781973e+05   5.8029763145360e+04  -2.7701566573477e+05   3.5975733937337e+05  -2.7407366245755e+04   1.1101285657461e+05  -1.4512007830622e+05   5.1432593705313e+04   2.5625975435443e+05  -9.5518333180448e+04  -1.6004619900265e+05  -8.5805023898185e+04   5.5403306516435e+04  -2.4532682818396e+05   1.4737427734980e+05   4.0046064741790e+04  -2.3317797808884e+04   3.6338871577983e+05   2.2224644370363e+05   1.2728388866412e+05  -8.2461907941131e+04  -1.2642304922283e+05   2.9832691576344e+04  -1.9725575295027e+04   1.1955390617869e+05  -4.0269379230011e+04  -2.0082413825889e+05  -2.1065775703340e+05   1.7392278978102e+05   8.2360057396023e+04  -7.8656201351839e+04  -1.4847499571636e+04   2.5106370771228e+05  -1.6431794673712e+04  -6.4586013358899e+04   2.9646959722565e+04   9.4085914748215e+04   1.1245832014480e+05   1.2446747252715e+05   2.2792512289745e+05   7.2249085452992e+04  -7.9002535206839e+04  -1.5711099997744e+05  -2.1427389484013e+05  -2.3825854293993e+05  -9.5751997571475e+03   7.5276682760928e+03   3.1266197551995e+04  -4.4567375385292e+04   1.5334435162446e+05  -7.0771247644052e+04   7.7733367217896e+04   1.3227705103087e+05  -5.7340980408682e+04   1.0449851678702e+04  -7.1148993409153e+04   7.5104587972244e+04  -8.2306632266176e+04   4.3940218356073e+04  -2.9202308594069e+04   1.1782014626016e+05   5.7924725681997e+04   1.6643615842528e+04  -2.1197614335920e+04  -3.0253394116077e+04   2.4623803960327e+04  -2.4159056077419e+04  -7.7229517729464e+04  -2.1362859655563e+04   1.6755613753396e+04 
  1.8834574776541e+05   1.1267958189673e+05   4.1340066864120e+05   2.5407381696081e+05  -4.1640753403025e+05  -4.1610379801781e+05  -6.2979898290025e+04  -4.8096917042913e+04   5.0728326792064e+05  -1.5317005345599e+05  -5.9640991066840e+05   7.3308461524478e+05   8.2616989559446e+04  -1.6858362328174e+05   5.8367612124425e+04   2.4425320904665e+04   2.8469570641113e+04   9.9474932143417e+04  -4.4591681262240e+05   6.2603897293267e+05  -1.4831758160580e+05  -3.4386617928898e+05   4.2986493521519e+05   8.3733614862661e+05   5.2419550188207e+05  -3.8735588415818e+05  -9.1372546587795e+05  -1.9167288474790e+05   2.2985830646217e+05  -4.2706452563822e+05  -4.7393552562018e+05   6.2390036245549e+05   8.3451845078159e+05  -3.4380151205252e+05  -4.1770616711750e+04  -1.2324389108096e+05  -3.9355205490394e+05  -1.8262136530652e+04  -3.6728639074081e+05   5.9380533759656e+05  -4.5051640659959e+04   5.3661252564619e+05   4.6047347949241e+05  -2.7576570414356e+05  -8.3058753253026e+03  -5.3424403410090e+05   6.5726592772448e+05  -3.7557496901594e+05   1.3847360107595e+05  -2.3181129988134e+05  -3.9452364038960e+05   1.1806277482789e+06  -2.8078805027249e+05   4.7090959185365e+05  -8.1141742588457e+04   2.0715537733996e+05  -2.8360771805333e+05  -3.6082196555402e+05  -4.2155567137725e+05  -3.0112050356670e+05   1.8177264844972e+04   8.1394211290292e+04   5.8969291479201e+05  -5.4386865211507e+05  -1.0092964457550e+05   5.3264727350815e+04   7.7893797335944e+05   7.7892506631765e+05  -1.6220776658545e+05  -4.1331726083391e+05  -2.6539028380727e+05  -8.7525214322478e+04   2.1730681382964e+04   8.0425370708312e+04   1.5278904906367e+06  -1.7310322475247e+03  -1.1787558832714e+05  -1.3343035787122e+05   8.7158991828061e+04  -6.1275847014721e+04   4.5053506213224e+05  -2.0993498855102e+05   2.9948101622795e+05  -2.7407366245754e+04   1.6494031041090e+06   7.8746257200500e+05   1.3910170053113e+05  -8.4901027316750e+04  -6.7943715854987e+05   3.8498161927590e+05   1.0004277959957e+05   2.7583012071884e+05   7.5925622516792e+04   1.5760205867065e+05  -6.9724196222546e+05   1.3404491882915e+05  -5.3245605033866e+05  -2.4053239896702e+05   2.7592351015861e+04  -7.0983114101424e+05   6.5786261842482e+05  -6.7298412084554e+05  -8.0505753345577e+05   2.4948245607050e+04  -2.0480458539915e+05  -2.0562456180311e+05   3.4369727649928e+05   4.4724163165351e+05  -2.7021386468500e+05   2.9480901771218e+03   1.0072320886675e+05  -8.8929151277850e+04  -2.5239850845341e+05   8.3271813081434e+04   2.1486455146407e+05   3.9897080013167e+05  -6.0710437696845e+05  -4.2954816332474e+05  -2.8290574275653e+05  -4.9771517246996e+05   1.0498666119571e+05  -5.3065793269195e+05   7.4287363112563e+05   1.7114478992545e+05   1.6681540721624e+05  -2.9594726662560e+05  -2.1629813526623e+05  -1.0512194904194e+05   2.1586166162249e+05   2.1824702133283e+05   1.2532318927125e+05  -5.5689494340880e+05   7.1504095188107e+05  -2.3800492523980e+05   4.7338218137899e+05  -5.7408421980178e+05  -5.4057929732675e+05   2.4435307940208e+04   5.9447444799416e+04   6.5782667189787e+04   5.3403161056167e+04  -2.9616993597429e+05   3.6016639049821e+04   5.4450726874666e+04   4.3869286639968e+03  -8.1767190542323e+04   2.8998397456296e+04  -4.5675927330588e+04  -4.4687432860281e+04   1.6540287350067e+04 
  2.8945086822751e+05  -6.1031544504206e+05  -1.2528079347402e+05   3.1755021500695e+05  -6.6560206514362e+05  -2.5580338600656e+05   1.5257615810151e+05   5.3194037992790e+05   1.0595359634693e+06  -1.9384554501751e+05  -3.8447751624166e+04   1.3926489991589e+05  -1.2805408020337e+05   1.8639173887970e+05  -3.3435340372957e+05   2.5889062627897e+05  -2.5123696752607e+05  -5.3698221426341e+04  -4.9177680703971e+05   2.0766104648335e+05  -1.7104680527413e+04  -6.1613778500143e+05   3.2573619863645e+05   2.7231586004852e+05   3.8463650891485e+05  -2.6058655539116e+05  -6.3481050707325e+05   7.5188876828518e+03   2.1860181046799e+05  -7.5192604258932e+04  -4.8620777474991e+05   5.8219222215353e+05   5.2151736500089e+05  -5.0987518713438e+05   3.2170784091368e+05   1.3113922799353e+05  -4.7860553247870e+05   1.2220106868224e+04   4.0297649473503e+05   1.1254541255991e+06  -2.1537615926768e+05  -5.7389626588070e+05  -4.7927913478390e+05   3.0653610372079e+05  -4.4797326757638e+04  -3.7096318614441e+05   1.3227714920203e+05   7.9481628148505e+05   4.2837065338400e+05  -2.3090428258759e+05   2.5076573206970e+04   1.3244331298487e+06  -7.7999536737000e+05  -8.0314900036358e+04  -6.3447270165707e+05  -4.5560233116259e+05  -6.9514981143112e+04  -2.1509053691060e+05  -2.5293933162311e+05  -1.9899719918357e+05  -7.9083792607309e+04   3.2148591362834e+04   3.9756693408905e+05  -6.4411092284504e+05  -2.1621090062911e+05   1.6782923061686e+06   7.2546121773893e+05   7.2567596850589e+05  -2.8668752185630e+03  -3.6040887402982e+05   3.1995313345192e+04  -1.1862899363495e+05  -1.7384709966812e+05  -2.6751242860679e+05   1.0812856497682e+06  -5.2264000044497e+05  -4.2269642751950e+05  -4.8042539984316e+05  -2.8676807255034e+05  -2.1201361775843e+05   2.2942638285905e+05  -5.1341407223264e+05  -3.0802101590198e+05   1.1101285657461e+05   7.8746257200500e+05   3.8597969473290e+06  -2.0726148802139e+05  -2.9239850559032e+05  -5.1660458354875e+05  -1.4104272270950e+05  -4.7787871064185e+05  -1.1976535157775e+04  -4.1432222296602e+05  -1.1033284401994e+05  -6.6825999964528e+04  -1.6540358274904e+05  -5.1231060796887e+05  -1.0569785633930e+05  -8.5677185819444e+04  -6.5430587894233e+05  -1.0422013478198e+05  -5.4214505961178e+04   3.4273816486541e+05   3.2723803698894e+05  -2.8691908662573e+04  -1.1293770583586e+05   2.3349195530069e+05  -5.5042189872305e+04  -3.5828621763170e+05  -4.3743620670282e+05   8.6268224982016e+05  -7.3778609237357e+05  -2.2765083781483e+05  -2.0548924771518e+05  -3.9565597200231e+04   3.6325517929129e+05  -6.5588349446064e+04   4.8826442787803e+05  -3.7133726899052e+05   9.1667468862073e+05   3.5379718342212e+05  -3.8142150276856e+04   3.0712472096149e+05   4.7044160243789e+05  -5.8119637507484e+05  -3.1567604558815e+05  -1.6680015104607e+05  -1.6273964429062e+05  -1.8872118617103e+05  -1.0401216468857e+06   3.2789383730806e+05  -9.2596535766809e+04   5.7843913144638e+05  -8.6905880771811e+04   7.8229669895912e+05  -3.6661332729583e+05   4.8739135513040e+05   1.0842177796002e+05  -1.1809267952964e+05   5.9239419641855e+04  -3.1034955877636e+04  -3.4630092350169e+05  -1.5953440497862e+05  -5.2218399696398e+04   3.7032800383022e+05  -1.4134018855599e+05   6.8415660662506e+04  -1.3692522998872e+05   6.4429310385851e+04  -4.4399093528549e+04 
 -5.3858443804623e+04  -1.6217844689616e+05   2.0929157301372e+05   3.4733441408982e+04  -1.0463657470423e+05   2.6563554071596e+04   2.7870551471135e+05  -2.0814274322947e+04  -1.9564999989092e+05   1.4328389701595e+05  -2.6710087908600e+05   2.2454483668184e+05   6.3093943716054e+04  -1.8988449367633e+05   2.3702231002801e+04  -1.6490880923352e+04  -1.7730796134154e+05   4.8243332899763e+05  -4.3621815762724e+04   9.0143823626332e+04   7.4677139654113e+04   6.0865524690529e+05  -1.7536574849404e+05   1.0732449820952e+05   1.0031570899464e+05  -8.7606928194555e+04   8.6625502182093e+03  -7.5270622496263e+04   5.2347588964396e+05  -4.9964431883213e+05  -2.1237793399745e+05  -7.5508737865217e+04  -4.0382949033115e+04  -1.1225854677147e+04  -9.1841707207014e+04  -1.4693846163198e+05   1.4139373614503e+05  -2.0160232688656e+05  -4.9900052825000e+05   9.8239606037851e+04   2.4810631130700e+05  -7.8023488991234e+04  -1.6860344473089e+05  -3.8374903291343e+05  -2.0746618561266e+02  -4.3612718276818e+05   2.8325491996095e+05   3.7025943440211e+05  -5.3014873612228e+05  -2.6256358570826e+05  -3.8001043322209e+05   7.0729553187260e+04  -4.4616383711662e+05  -3.9613560712346e+05  -1.9394274352420e+05  -3.7388845900912e+04  -6.8799585917499e+04  -1.5420728876872e+04   4.4259117562616e+04   4.8351950791771e+04   1.0760778435111e+05  -3.3808175555877e+04   7.4920073332228e+04  -1.8775615868018e+05  -8.3772774974351e+04  -1.3476722830513e+05   1.0827106604679e+05   1.0841482857148e+05  -4.1369160728261e+05  -1.8284469698597e+05  -3.4896527784598e+05  -1.0718055655190e+04  -3.0752473961109e+05  -5.3117660446157e+03   2.1686306904777e+05  -1.1738553399588e+05  -2.1183363743832e+04  -1.4991697801531e+05  -9.7809397621648e+04  -4.3816627856063e+05   6.3661217450313e+05  -1.9569963296399e+05   3.1408268647945e+04  -1.4512007830622e+05   1.3910170053112e+05  -2.0726148802139e+05   7.0963777690329e+05   2.4562919048765e+05  -1.9518142882965e+05   1.4875748103047e+05   3.6445768551179e+05   8.1478888155725e+05   5.7010118447798e+05  -7.9249366815210e+04  -3.8246896637010e+05   7.9593224921260e+04  -1.7989439755493e+05  -1.0830310424745e+05  -1.4765504088241e+05  -3.5008477729364e+05  -4.6092861706599e+04  -7.0216841309716e+04  -2.1350639361951e+05   1.4771856601209e+05  -1.4860861050637e+05  -2.3059436227487e+05   1.5172173862607e+05   1.4705036561337e+05  -2.3880298315660e+05  -1.0152828607270e+05   2.0652658396003e+05  -8.6078366969578e+04  -1.4762730858412e+05   3.3574334456078e+05   3.8048842824582e+05   3.1319130485875e+05  -2.8052795276919e+05  -1.1599313506222e+05  -1.9812152957027e+05  -4.6515680260305e+05   1.5409408268133e+05   2.5194511786910e+04   1.8070051548490e+05   3.4991750273994e+05  -2.1865681591404e+04  -4.4838677305548e+05   6.4537781726255e+04  -3.6939143129192e+05   3.4135457683062e+05  -5.7539886210781e+04  -1.1505734178794e+05  -1.2709271848292e+05  -1.8996932955865e+05   3.4262985363305e+04   1.7315428149869e+05   2.4553391825607e+05  -4.3280469527861e+05   2.8404541987523e+05   1.2860838554256e+04  -1.8340015716289e+05  -3.1248635278668e+04  -1.4282189448043e+05   7.5858891282658e+04   5.5196647628922e+04  -6.2930722022671e+04   5.1523018110646e+04   1.2737459148836e+05   9.3345658776454e+04  -7.9371394369963e+04   4.6447895279106e+04 
 -5.3731505147826e+04   2.0070858838070e+04  -8.8726588306291e+04  -5.4139175659070e+04   1.3825306152237e+05   8.8694522248089e+04   9.9731316033027e+04  -8.2656631244504e+04   5.9166304835294e+04  -6.1155622904753e+04  -1.2547328020531e+05   6.9122195213832e+04   8.4792019823013e+04  -1.2576263655494e+05   3.1828134666168e+04   1.4997936633867e+05   1.6413524554167e+05   6.9899837349347e+04  -1.1167757912454e+05  -2.4101223491836e+05   6.8816875121171e+04   9.0262149003231e+04  -4.9414560860400e+03   3.1677394798394e+05   1.0607145241686e+05   5.0378465822211e+04   1.1884165848842e+05  -5.6075399406120e+04  -1.5866792837379e+05  -4.6921400903403e+04  -4.0716955600957e+05  -1.6160391487786e+05   1.5118303415061e+05   1.2292132750256e+04  -1.6315041639766e+05  -6.2359589347033e+04  -1.5795946078917e+04   6.7607612042019e+04  -3.4379223738741e+05  -1.6412170000868e+05   2.2047510057752e+05  -6.2013740081793e+04   1.1821542104062e+05  -1.9658190790246e+05  -3.7713256058904e+04   1.5569224240493e+04  -1.6553587550590e+04  -5.9473612564146e+04  -1.8114268020805e+05  -9.6649027838014e+04  -1.6730533105781e+05   1.8009473132921e+05   1.1761336194250e+05  -6.0090457807924e+05   1.5512869593128e+05   1.3516483964061e+05   1.9872099513547e+05   1.8018692990669e+05   6.3321465841918e+04  -4.4697735234210e+04  -1.4605653074444e+05   1.2793913208874e+04  -8.6717839723510e+04  -4.0659635119646e+05  -2.0147418642944e+04  -3.5827265011105e+05  -3.6264387237484e+05  -3.6265966000214e+05  -3.9117408533450e+05   1.1556448892407e+05  -3.5428186470897e+05  -4.4615566448126e+04  -3.8109648427445e+05  -9.8838488021741e+04  -3.3084489709680e+05   2.9306837940344e+05   1.7417827698498e+05  -3.7580002575378e+04  -8.3243370977890e+04  -3.1514425858907e+04  -2.5799192921921e+05   3.0811390179416e+05  -3.9195695940969e+04   5.1432593705314e+04  -8.4901027316752e+04  -2.9239850559032e+05   2.4562919048765e+05   3.8972698496602e+05   3.5084899866724e+05  -4.3463076327251e+04   6.4174891598826e+04   3.2099566388734e+05   3.8805672517545e+05   1.1541273434447e+05  -2.2960838624989e+05  -2.1132383510967e+04  -2.2545931889479e+05   1.6255942604391e+05  -1.4918829317531e+05  -5.2932119138701e+04   3.9409711430744e+04  -7.0905339105458e+03  -3.9289995582396e+04  -1.5942474037465e+05  -2.9130827378533e+04   6.2883854713337e+04   4.2955437041148e+04   4.1664662487720e+03   4.4424361585376e+04  -8.4925307669028e+04  -2.0825918270604e+05   2.9839418882984e+05  -3.8205580912286e+04   1.2647469184322e+05   5.7700743518576e+04  -1.3130206408862e+05  -8.0939067723338e+04  -1.6304461495820e+04   1.0062202267149e+05  -5.2783655664881e+04   1.6126844534315e+05  -5.8754549401565e+04  -4.9235645563805e+04  -1.8036681871699e+05   2.2230753731532e+05  -1.9191635289143e+05  -2.2158125674627e+04  -7.0542403266743e+04   8.2923652094390e+04   2.9605933446672e+05  -2.3245247943451e+04   1.5743950894017e+05  -3.5271017684815e+04  -1.1331891815084e+04  -5.8807975509728e+04  -7.5193232694702e+03   3.4308642387515e+04  -1.2243191857174e+05   2.3601024380598e+04  -6.2747385406049e+04   1.3918616535766e+04   9.8799215158816e+04   7.6525007214398e+03   2.2133747137411e+04  -2.7155037016661e+04   3.8741561534940e+04  -8.8336962403258e+03   3.0660295070702e+04  -4.9340939252973e+04   3.0566054403280e+04 
 -2.2505317759490e+05   2.7183527768837e+05  -3.7952874668759e+05  -3.0320508543451e+05   4.0592224166183e+05   2.2057718171339e+05   6.4588381640701e+04  -1.4669850618081e+05  -3.1139284700902e+04  -9.5777752631939e+04   2.7580462796381e+05  -3.0229938785773e+05   2.6275630710569e+03  -1.8995034585428e+04  -2.3647915402626e+05   4.7948263360293e+05   1.9867621551136e+05   2.9646072719605e+04  -9.1023104755318e+04  -6.1193213036938e+05   1.9861330877572e+05  -1.0021790394263e+05   5.5933567949495e+04  -2.1960035348953e+05  -2.2635715397393e+05   3.6024920022321e+05   3.2909747346576e+05  -7.1007568368788e+03  -9.6937639160325e+05   5.6916223677739e+05   1.0370418265111e+05  -2.0522919139546e+05   7.0646098545611e+04   4.3554292307326e+04  -1.9689225667603e+05   3.0113325846040e+05  -6.0992785425420e+03   2.7977033444482e+04  -1.7837312297950e+05  -3.4243975281295e+05   1.9014405258604e+05  -1.2358519958845e+05   2.4838280858681e+05   1.3137504251625e+05  -4.6405051673704e+04   4.9963620091682e+05  -4.5331107358357e+05  -3.3252473490047e+05   2.4458202696996e+04   2.7247005616204e+04   6.7644210323563e+04  -5.6014027498137e+05   4.4729652960750e+05  -3.8615326153906e+05   3.5284667220018e+05   1.2795336385085e+04   2.2837558245172e+05   2.4496728952177e+05   1.3622292407591e+05  -8.1846441993925e+03  -2.5547381443906e+05   2.3072946830300e+04  -3.4158230674691e+05  -2.4815072440636e+05   4.9542696456347e+04  -2.8600963524614e+05  -8.4795336397051e+05  -8.4798846817850e+05  -1.5841633167988e+05   4.3596775533644e+05  -1.3951117154675e+05   3.8185671122267e+04  -2.0407949722463e+05  -1.4068628255713e+04  -1.0551711336966e+06   4.7844000032063e+05   3.8934732918641e+05   3.9276321429840e+03   1.4953828093251e+05   3.7446837488059e+05  -9.6278804032716e+05   6.9472256898669e+05  -3.0459901703774e+05   2.5625975435443e+05  -6.7943715854987e+05  -5.1660458354875e+05  -1.9518142882965e+05   3.5084899866724e+05   9.7479892451024e+05  -3.1821357895522e+05  -5.2646504543512e+04  -1.1620947294799e+05   2.2200825536509e+05   7.7173471770185e+04   2.7982311162753e+05  -1.4849688076086e+05   7.2404112037804e+04   6.8692342073847e+05  -8.3712143876056e+04   4.0251676825419e+05  -1.6238459573335e+05   1.4336605585723e+05   3.8433615936953e+05  -7.2915267549474e+04   2.5413219298797e+05   2.7066060341292e+05  -2.4878783939141e+05  -3.2463677193029e+05   4.7722612360691e+05  -1.6792345888594e+05  -3.1885123998279e+05   1.3211352722258e+04   1.4551527298332e+05  -1.6898159283648e+05  -3.7742500887352e+05  -4.1117633016478e+05   2.1647965070417e+05   1.6283269741357e+05   3.1389022173071e+05   4.2494139958148e+05   1.2345750685127e+05  -8.4448561567606e+04  -6.4640127075383e+05  -7.8169468813610e+05   1.7983309629093e+05   2.4274734953236e+05  -3.0238221595327e+04   2.3838581338650e+05  -6.3291282429132e+04   7.7007059335505e+05   1.8140762729160e+05   5.6683259424861e+05  -4.2449183656066e+05  -6.1707578733668e+03  -3.8822101129889e+05  -6.7404213502583e+01   2.7093605360391e+05  -3.4850293351021e+05   4.4079579064196e+04  -2.0255802604647e+04   6.2293873597852e+04   4.2700329162456e+05  -4.6493329417193e+04  -1.8277649603775e+04  -2.2168237749397e+04   6.7791692477388e+04  -1.8252162640036e+05   2.0899542012880e+04  -6.8058163128086e+04   3.5927194865578e+04 
  7.3314468172799e+04  -9.2175878625053e+04   5.2124073844983e+05   3.1906896911793e+05  -3.5724091520029e+05  -2.9898300452245e+05   1.1495450777070e+05  -6.1795987726892e+04   2.2330773891477e+05  -5.0978420824023e+05   7.8635007832129e+04  -1.3473156983428e+05  -7.7594057947096e+04   4.0496977109288e+05   2.6848280608252e+05  -4.1370915011397e+05   1.4846155794101e+04   2.9717940736817e+05   2.3175917003136e+05  -2.9158874245214e+04  -4.2644859023552e+05   5.1626156079164e+05  -1.7215047314617e+05  -2.3183440476907e+05  -2.6327504478963e+05  -4.2735266423642e+05  -1.4543372894669e+05   6.3508006147904e+04   1.4873954910956e+05  -8.0478901117118e+04  -4.0911851314236e+04  -4.0106097438819e+04   2.7647717571683e+05  -1.3492141143495e+05  -3.8868070955707e+05   9.4514220964941e+04  -2.9817497364699e+05   9.9983009794321e+03  -1.1548518457644e+05   6.6449569095305e+04  -2.9303984761743e+04   2.2799807687762e+05   6.8727163636428e+05  -4.1145558348973e+05  -1.9709618830157e+04   2.0665949675324e+05   6.4359429702270e+05  -4.6343976472818e+04  -3.5830575794781e+05   3.2576618523204e+03  -4.9237419951266e+05   2.1827599759117e+05  -4.6030713441746e+05   4.3312969175332e+05  -4.9743819298256e+05  -4.1752661119362e+05  -4.8590500880208e+05  -5.0862296817482e+05  -4.1398658331078e+05  -3.4184203483418e+05  -1.2349576181310e+05  -2.4549765005989e+05  -2.3728093297391e+05   3.7250887632678e+05  -2.6875014298003e+05  -4.9995269140338e+05   1.6633303123308e+05   1.6630052898575e+05   1.5827037741559e+05  -2.4564113205484e+05   1.8859323268844e+05  -2.2155554411398e+05   3.9108422976850e+05   1.8115822157101e+03   2.7165057498865e+05   4.8100564397112e+04  -6.4037736318815e+04   6.7509274181556e+04  -1.2604658186572e+04  -1.7091518929324e+05   1.1274212845071e+05   2.4671333624101e+05   1.0130545281233e+06  -9.5518333180449e+04   3.8498161927589e+05  -1.4104272270950e+05   1.4875748103047e+05  -4.3463076327252e+04  -3.1821357895522e+05   1.5483128439818e+06   6.5197990912452e+05   1.7969055089828e+05   2.6105391960964e+05  -3.0013731699625e+04  -3.2379621356895e+05   1.2687990033394e+06  -7.1734150439962e+04  -5.3910211486571e+05   2.1718499809234e+05  -5.6870157581253e+05   6.7285395947258e+04  -6.6613315451548e+05  -8.1505133109443e+05  -1.4684124623950e+05  -3.7534354302863e+05  -4.1846084201530e+05  -1.0152879100220e+05   5.8191036724652e+04  -2.3346743677444e+05  -2.7088711392843e+04  -4.6496427732957e+05   2.2804685305188e+05   2.8801561805503e+05  -7.2408868788241e+04  -5.2126743084610e+04   6.4786895137960e+05   9.0370597676516e+04  -3.6858324164545e+05  -3.6440178914373e+05  -6.0523397887109e+05   8.7675343857076e+04  -3.1085572957711e+05   1.3932888902658e+05  -4.3012231448600e+05   7.7680351027562e+05  -1.7840794592432e+05  -2.1921125983937e+05  -4.3632375654105e+05   5.6941573036505e+05  -1.6011534194023e+05  -1.2745236862530e+05   1.0621052630676e+05  -3.2203193049168e+05  -9.5165275031156e+03   4.4141506998731e+05   3.0191211892045e+05  -2.6254593703825e+05  -1.0219299521265e+05  -1.6796275340284e+05  -5.5922821849387e+04   8.9394051861720e+04  -2.1726953602328e+05  -5.3583441858701e+04  -4.6290169421068e+03   1.6266466890258e+05   3.1241258660540e+04   1.0917894040213e+05   7.1490269839160e+03   8.5803390064702e+04  -6.1726736715017e+04 
 -1.6879026197363e+05   3.1701305887474e+05   1.7034130537704e+05  -1.7851327661823e+05  -1.6022387769549e+05  -2.0567321101351e+05   3.0155758812564e+05  -1.2682197962716e+05  -7.5360096794525e+04   4.3074810808323e+04   2.2687118758530e+05  -5.5922586739423e+05  -6.2933639718982e+04   4.1258219771406e+04   2.1156510538141e+05   3.4767276544330e+05  -1.7622844546201e+05   5.2224075877467e+05   4.0013876446183e+05  -3.9452227975194e+05  -4.2885665535503e+05   2.3823978481528e+05  -1.1894999752492e+05  -7.2255547219927e+05  -6.2249971458126e+05   6.5831497910090e+05   4.0220322428607e+05   5.6565826422745e+05   5.9622485421931e+05  -4.6736492251180e+05   6.6516630334563e+05  -4.1408143872531e+05  -2.9951967935087e+05   2.4978228192521e+04  -2.3715376160288e+05  -8.0366936773215e+04   9.9861724270226e+04  -7.6564179889101e+05  -2.2214659044329e+05  -3.2180463334679e+03   4.2902210683976e+05   3.9882612786612e+04   1.0877550119136e+05  -5.2262664395225e+05   9.3335053783136e+04  -7.0616499926423e+05   1.9605037727373e+05   1.7442347548441e+05  -6.7292094665356e+05  -3.8407373320563e+05  -8.7599129444591e+05   3.2277377292223e+05  -3.5039473113013e+05  -3.5053817219648e+05   5.3427989519617e+05   4.1935252113625e+05  -4.9121364281707e+05  -3.7490274534456e+05  -2.6710921068179e+05  -1.1232482845598e+05   4.0455657861125e+04   1.2779967025649e+05  -8.3751540627759e+04   3.7694023668411e+05  -4.0156148650541e+05  -8.7532485833828e+05  -2.5419507849099e+05  -2.5431689304803e+05   1.5601511631559e+05   7.6036739570960e+04   1.4167406955609e+05  -4.1562188086462e+05   1.1598377024313e+05  -3.8132582801209e+05   1.5332869157686e+05   3.6207709364117e+05   1.1039836735949e+05  -5.5729912661178e+05  -1.0716926841709e+05  -7.5256610005975e+04  -2.7558662983436e+04   2.9908316161407e+05   3.5220304212757e+05  -1.6004619900265e+05   1.0004277959957e+05  -4.7787871064185e+05   3.6445768551179e+05   6.4174891598826e+04  -5.2646504543511e+04   6.5197990912452e+05   2.1123297301383e+06   3.3811555866193e+05   3.0527145483584e+05  -3.8768948354890e+05  -7.0968752870882e+05   2.5560247718487e+05  -2.7678989805800e+05   9.6114185059622e+05  -8.6593353624579e+04  -4.0876390219935e+05   2.9059323238691e+05  -2.3888558807564e+05  -9.6192147123264e+05  -2.6741611376574e+05  -2.1495335852277e+05  -1.3634044701363e+04   2.1805787559866e+05   1.0511453866760e+05  -5.7353741317983e+05  -3.9494942701547e+03  -1.5863159595858e+05  -2.2132513696701e+05   1.1257432419442e+05   4.2139444226039e+05   4.2600675945856e+05   1.0324311664471e+05  -2.2107552043243e+05  -1.4121052060460e+05  -1.1808433431373e+05  -6.4946944647542e+05   1.7098411933885e+05  -6.8020336372908e+05   1.5973445873697e+05   2.0311720480498e+05   1.4426114707744e+05   6.8615068929676e+04  -2.8836579460230e+05   4.0530594404784e+03  -9.5949295740010e+04   3.3878349675872e+05   3.1204734241605e+04  -2.4278533055346e+04  -3.7882349705304e+04  -4.7748393677373e+04   4.5629750570449e+04  -1.2889888674184e+05  -2.7134694993301e+05  -1.9583544446702e+05  -6.9082707224910e+04  -6.1117637586930e+04  -1.8972856448615e+05   1.9593035011160e+05   1.8428745719053e+04   6.7667836254549e+04   1.6617287009391e+04  -7.6203759450663e+03  -4.4069021720032e+04   1.6706896983807e+05   4.2791793008473e+04  -3.5077460157269e+04 
  3.6958022422461e+04  -2.1342955481072e+05   2.5691791653804e+05   1.2045188242034e+05  -3.3107427183562e+05  -1.0205682696074e+05   1.6506999905073e+05  -3.1183190688512e+04   3.4591427717660e+05  -1.2972266621835e+05  -4.4725277521201e+05   5.5203232539223e+05   1.7083249301732e+04  -2.3110777189428e+05   1.4266295738999e+04   3.0281529787431e+04  -1.2104085715343e+05   7.8302994006665e+05  -1.3140418372872e+05   2.3983076287045e+05  -6.6347219442322e+04   1.2182051897934e+06  -2.1381550181106e+05  -4.1012273317356e+04   3.1896133217430e+04  -2.0829303661519e+05  -2.2358379350374e+05   2.6291893924391e+04   4.0639974165966e+05  -5.6636737322328e+05  -3.7509134926692e+05   1.3585362296986e+05   2.3378031733060e+05   1.1800962604143e+04  -7.5284412979119e+04  -1.6877686568937e+05  -9.2187617890358e+04  -5.5803880257539e+05  -6.9198305423983e+05   1.4502738000931e+05   3.5331774075159e+05  -3.5191642003333e+05  -1.5336428559082e+04  -3.5102812426928e+05  -2.1825064074493e+04  -3.2476585048791e+05   4.8569040079510e+05   4.9792525713847e+05  -6.3596583445547e+05  -2.4983331167906e+05  -4.0090554114554e+05  -4.4573082469403e+04  -7.2793143572242e+05  -4.2445184339072e+05  -1.9598211375437e+05  -4.0541600952852e+04  -1.4438259886072e+05  -1.5610721099023e+05  -1.3439986179423e+05  -1.5578211443376e+05  -6.1515570794425e+04   5.4478083633671e+04   2.4215677314530e+05  -7.5695877645699e+05  -2.8521835183848e+04   6.6540420296448e+04   1.5743563174423e+05   1.5768118007537e+05  -6.9661895823123e+05  -2.4894030839921e+05  -5.3807932251681e+05  -1.0645157618825e+04  -3.9522376355674e+05   2.7909423767539e+04   4.0676094925625e+05  -1.3713170138996e+05  -6.8146421158565e+04  -3.6342159088830e+05  -1.3143283823558e+05  -5.6535041967947e+05   5.9613012901788e+04  -1.7986966092989e+05  -2.3940328366265e+05  -8.5805023898184e+04   2.7583012071884e+05  -1.1976535157776e+04   8.1478888155725e+05   3.2099566388734e+05  -1.1620947294799e+05   1.7969055089828e+05   3.3811555866192e+05   1.3757119080398e+06   9.4212179357368e+05  -1.9649045329140e+05  -5.0382839727415e+05   1.5918764114392e+05  -1.7523724038152e+05   2.6748869625818e+05  -9.8838710485811e+04  -5.9975402777199e+05  -1.5195376796079e+05  -2.1471315736433e+05  -1.2569990503620e+05   4.2472449235075e+05  -9.6041416814158e+04  -3.6064588253740e+05  -2.1015070151784e+04  -1.8212894431226e+05  -2.8025553484449e+05  -4.4133213221656e+05   9.9817688531064e+04  -4.5196758670726e+05  -5.5472022942264e+05   6.1795339992608e+05   6.2489170424054e+05   5.0175937999983e+05  -1.9826726124468e+05   9.7975116110614e+03  -2.4840474871216e+05  -2.8942639096987e+05   8.5396023002232e+05   8.9662011795121e+04   2.9105507612121e+05  -1.5536938624778e+05   2.6898438243690e+05  -5.5111574612626e+05   2.8820195287017e+04  -2.3413793384875e+05   5.3176300385294e+05   5.5385808737814e+04  -1.7727689416904e+05  -4.6839928278369e+05  -2.8946157264167e+05  -1.4583791965883e+05   3.3393693817092e+05   9.9837964978046e+04  -3.4574822628452e+05   1.4833407300267e+05   4.5631621933578e+04  -2.2165209840664e+05   6.1571344956636e+03  -3.7110130188126e+04   8.5151008479886e+04   2.5128115114892e+04  -6.6173481325890e+04   5.1468029332669e+04   8.3709950392850e+04   1.4426810071708e+05  -1.6292023912656e+05   1.0083794658970e+05 
 -4.4386609822491e+04  -2.5720799153951e+04   2.2640825406673e+05   1.9684471772293e+04  -1.5057129503721e+05  -7.2832893166626e+04   2.6253886335705e+05  -7.5222960952278e+04   4.5189788686878e+04  -1.9370388078850e+05  -1.7805001619473e+05   3.7180789380317e+05  -2.8044189912694e+04  -1.4291775072886e+05  -1.4639328362395e+04   1.9407439079640e+05   8.4659833505525e+04   6.8379754922833e+05  -7.1573776529854e+04  -2.7430762591990e+05   7.1014580141655e+04   7.4664872793732e+05  -1.7790574306655e+05  -6.8266067371675e+03  -9.1805140622886e+04   3.1767491031991e+04   2.6826294513821e+04  -9.4250738596509e+04  -1.6441217718120e+05  -2.5933142974606e+05  -3.9306839128508e+05   1.0297238026465e+05   3.9551832232543e+05   1.3040551510764e+04  -3.7938216775612e+05   1.9033841919392e+05  -1.6485900782986e+05  -3.2475298510501e+05  -8.0748450812333e+05  -1.5510538244934e+04   3.7063704040129e+05  -1.4182944496495e+05   3.4024429842482e+05  -5.0590091294218e+05  -6.8883963707050e+04  -8.7628440337825e+04   3.8266262929700e+05   2.5512216869180e+05  -7.7485450847748e+05  -2.0008943779857e+04  -5.8618888133953e+05  -3.8890240097541e+05  -4.3014595048458e+05  -2.1127914293342e+05  -8.0967653606967e+04  -8.3224266283508e+04   1.1621284586878e+04   3.1418027519174e+04   5.8883188139187e+03  -7.9545229547624e+04  -9.8257606515013e+04   2.6464172135069e+03  -5.0398335086527e+04  -5.7264096849220e+05  -1.4165977266866e+05  -4.0660910434767e+05  -1.9882761414411e+05  -1.9859566192603e+05  -5.4637977462371e+05  -1.4100122893151e+05  -4.6561084504220e+05  -1.5015112363107e+05  -3.7188609020929e+05  -7.7604133739218e+04  -5.7830739636252e+04   1.9522751584793e+04   5.7457083997142e+04  -2.5514406019402e+05  -7.1610607558716e+04  -2.4255178256791e+05  -1.8364175170819e+05   2.0012341905200e+05  -1.2937777298359e+05   5.5403306516435e+04   7.5925622516790e+04  -4.1432222296602e+05   5.7010118447798e+05   3.8805672517545e+05   2.2200825536509e+05   2.6105391960965e+05   3.0527145483584e+05   9.4212179357368e+05   9.1181986446684e+05  -1.3715455075133e+05  -3.5160329898218e+05   3.0626357068560e+05  -2.0432094222089e+05   2.0278565054970e+05  -7.6574165009141e+04  -3.0088657151802e+05  -9.1338400950430e+04  -2.4614039355436e+05  -2.3271591487490e+05   3.1592829623127e+05   6.9628020934468e+04  -2.1140065386170e+05  -1.0621498337642e+05  -2.2113082125065e+05  -1.3582852112931e+04  -3.1801403092044e+05  -2.7221812725866e+05  -9.6312991127684e+04  -1.6090366553887e+04   4.0066663912536e+05   3.1486494502070e+05   3.6890979991860e+05  -1.4744803258341e+05   4.7527589944325e+03  -9.1553252405461e+04  -2.2314728881720e+05   6.3526140309488e+05  -7.4686788140132e+04  -1.0155373280383e+05  -3.6670960160996e+05   2.5036683402789e+05  -5.1931507982720e+05   6.1859805034330e+04  -2.3612083017035e+05   4.0025247868442e+05   4.2874394747722e+05  -1.4658100998830e+05  -3.9967789066431e+04  -3.9044519614851e+05  -6.5269189356483e+04   1.1482556551381e+05   2.2381472499586e+05  -3.9887160620018e+05   2.4892214118056e+05   6.3373638146422e+04  -2.2476561657491e+05   7.0677949862976e+04   1.6861290431980e+04   8.1887957661526e+04   7.3002067000480e+03  -1.4565748999671e+05   8.6301925697759e+04   6.5266455882107e+04   7.9408345944216e+04  -1.2202319105300e+05   8.3674557856330e+04 
 -4.3504695026864e+05   3.0898875400154e+05  -4.9150401145870e+05  -1.7534286242577e+05   8.5078820351602e+05   7.3609715546716e+05  -5.1807653356464e+05  -3.8208545857426e+05   2.9498076220588e+05  -1.4386919432610e+05   1.8204261945572e+04  -3.4221169123205e+05   2.9282957125423e+05   6.7901615663261e+04   5.8592229256436e+05  -3.0371970393441e+05  -8.0922497944757e+04  -1.7280907366136e+05  -3.3871349649363e+05   3.1026259673489e+05  -3.7167420590469e+05   4.5759051202403e+05   6.5849929985749e+05  -4.9309475347565e+04  -1.4535701415685e+04  -9.7192871342025e+05   3.9518225829915e+05   1.7725283290180e+05  -4.7022707293997e+05  -1.6336378759735e+05  -2.6503904587265e+04  -5.4507813557200e+05  -6.3402114870985e+04  -2.3335772693925e+04   4.7927731283666e+05  -2.9174035029478e+05   5.8224993670376e+05   4.3411476711433e+05   2.2412635478507e+05  -4.6399414632825e+05   7.8643731560619e+04  -2.1952291389899e+05   8.9423887957309e+05   3.3860513041561e+05  -1.4207292302618e+04   1.4676527544284e+05  -4.3856241454371e+05   9.9773284652745e+04   7.4099143208669e+05   5.8186326759759e+05   4.7371294054598e+05  -2.5353866621222e+04   5.2788043757909e+05  -9.1059917429600e+05  -6.4972559072934e+04   1.3891735248963e+05   2.9378597703322e+05   1.0850759949187e+05  -9.8961625699033e+04  -2.2209286695293e+05  -2.6552133939877e+05  -4.7270154600494e+05  -3.5089270770314e+05   2.7206389689927e+05  -4.0954518900016e+04   3.9825948989797e+05   1.1052879673449e+05   1.1023429237454e+05  -3.1793452148333e+05  -4.2033824027923e+05  -4.0817124765241e+05   6.8766542190003e+04  -2.1778650960755e+05   2.8643106695879e+05  -6.4271378973029e+04  -1.4587984699500e+05   1.3365722649101e+04   5.6875490031666e+05   1.5453967560944e+05  -3.4352896637860e+05  -3.0295893689399e+05   1.4472286476164e+05  -1.3029008640924e+05  -2.4532682818396e+05   1.5760205867065e+05  -1.1033284401993e+05  -7.9249366815211e+04   1.1541273434447e+05   7.7173471770184e+04  -3.0013731699630e+04  -3.8768948354890e+05  -1.9649045329140e+05  -1.3715455075133e+05   2.4539377585632e+06   1.5508054605930e+04   8.9467750720773e+03  -1.2088028651586e+05  -9.3353585559828e+05  -1.5614660475296e+05  -8.5387535751475e+04   5.5071190636186e+05   3.9791012709193e+05   1.1375114712376e+05  -9.5928029536233e+03  -2.1734229982352e+05   5.9378037636678e+04   7.7607424199475e+04   3.1883011387894e+04   1.1294918648800e+04  -1.9660592423378e+05  -7.7915817837687e+04   6.7457656865552e+05  -8.7852920157448e+05  -6.3157678804258e+05  -6.4103050613859e+05  -4.4016446067757e+03  -5.5734023461166e+04   2.2723834764415e+04   3.6611860567292e+04   3.4882225644977e+04  -5.6595371769504e+04   2.9301999534557e+05  -2.2022605235656e+05  -3.2610681598436e+04   1.7104866064045e+05  -3.8879503889489e+04  -8.8248982699946e+04  -3.8280562805551e+05  -1.7351447237396e+05   8.1581420570489e+05   6.3771661440192e+05   3.2469140794621e+05  -1.9781301180567e+05   8.7809884565296e+04  -1.1419882467681e+05  -7.3931712915114e+04  -8.6837334738493e+04  -5.5641121191786e+03  -1.5105498726435e+05   2.5422656386145e+05  -8.6186469703203e+04  -1.0993799493129e+05  -9.1634146694257e+04   1.8221286301385e+05   4.1387846000987e+04  -3.0862236707256e+04  -1.4189992262168e+05  -3.6421545194276e+04   8.3707761034352e+04  -6.6155723399068e+04 
 -2.0515999912750e+05   2.2802089969556e+05  -1.2546220561488e+05  -2.2756257672369e+05   3.2886791657607e+05   2.7848152581374e+05  -1.3948345797075e+05  -3.1529110155901e+05  -3.5609376644157e+05   3.5039831616061e+05   5.6266728653035e+05  -5.7111270361679e+05  -1.2351844461756e+05   3.3458675223979e+05  -1.8748538419070e+05   2.6878896703269e+04  -9.4593258433716e+04  -3.8543439333854e+05   8.6964434892083e+04   8.9999851584094e+04   1.8964961594398e+05  -1.0521580300553e+05  -6.5648851882241e+03  -7.4732493043886e+05  -1.7952274939775e+05   2.5900434427967e+05   4.5715968039378e+04  -1.1382881069169e+05  -3.2234414168552e+05   3.4556968487038e+05   4.1190363586641e+05   1.8158009086747e+05  -2.2634210386411e+05   2.5776207202178e+05   3.2341202130431e+05   2.1257151345117e+05   1.0364445441176e+05  -5.1164911411937e+04   2.6848000641870e+05  -3.0563624854524e+05  -3.5793335511889e+05   2.3836789777785e+04   6.3801217615689e+04   3.6353712780098e+05   2.0595766223159e+04   6.4007848295765e+05  -3.6232519320836e+05   7.0134386583952e+04   2.5713907826664e+05   3.7211172298832e+05   3.7727910659346e+05  -1.2535021387283e+06   1.4567047043920e+05   7.3478281066806e+05  -3.3089594539170e+05  -4.6400563119421e+05  -3.2549361667775e+04  -6.4126175840978e+04   4.9173688766534e+04   1.1824126790990e+05   8.5040099865317e+04  -2.7865043500977e+05  -2.5299597327516e+05   6.6504740311938e+05   2.7665523006085e+05   1.1597059030711e+06   9.4068433785450e+04   9.4139202244707e+04   3.9399164067096e+05  -2.7880229014311e+04   3.4309219940517e+05   2.0788298441215e+05   2.8180911485440e+05   2.0319669572522e+05  -4.8213595028674e+05  -4.3519261615088e+05  -1.4724507634055e+05   4.9782384273047e+04   1.0277413863901e+05   1.7487567079172e+05   6.9228535248860e+04  -2.0498198286817e+05  -2.5177941740597e+05   1.4737427734980e+05  -6.9724196222546e+05  -6.6825999964527e+04  -3.8246896637010e+05  -2.2960838624989e+05   2.7982311162753e+05  -3.2379621356895e+05  -7.0968752870882e+05  -5.0382839727416e+05  -3.5160329898218e+05   1.5508054605931e+04   1.3440427648743e+06  -6.3271696130454e+04   7.0329943983287e+05  -1.9099731073547e+05   8.0512118911059e+05   7.9338718400134e+05  -3.7317659297345e+05   2.0823205158117e+05   6.6172233123610e+05   1.8770004929251e+05   3.8486894741624e+04  -1.4347462923111e+05  -3.8803669807737e+05  -2.6995080768583e+05   2.5424586060467e+05   1.4703456938609e+05   1.4707739640496e+05   6.2493809746635e+04  -3.3278318098056e+04  -6.3834679036953e+05  -6.5899948624049e+05   1.9994558707554e+04   3.3588840133055e+05  -1.0624934867875e+05  -7.2315228814247e+04   1.9664132313237e+05  -1.8608705166281e+05   1.5757682975030e+05  -4.0198607130292e+05  -1.5529163370274e+05  -1.8719532744692e+04   2.0668740613218e+05   2.7048025286011e+05   6.4436709839636e+04  -9.2776328467305e+04  -1.5152177758633e+04  -2.0378728339307e+05   3.9622780423068e+05  -3.9205994074242e+05   9.9646849991048e+04  -2.4350674239598e+05   4.1007554651683e+05   2.7074263548052e+04   3.0282375183299e+05  -3.9588481386821e+03   4.2543434600403e+04   1.1425066979905e+05   3.6505454343666e+04  -2.7131912226012e+04  -6.9995710029404e+04  -3.2034783118448e+04   5.2492662021116e+04  -1.0627631001861e+05  -7.4729340678847e+04   1.1018615005003e+04  -1.0064438292008e+04 
  9.6491302738921e+04  -8.3443056357048e+04   4.1085611403248e+05   3.0461424276067e+05  -2.3256674492597e+05  -2.0313113432035e+05  -3.3658139179825e+02  -6.2741319823126e+04   2.0720367608601e+05  -6.7614535690548e+05   7.0790062867383e+04   9.3377907487671e+04  -1.2483873079135e+05   3.4524910354722e+05   2.5364415048362e+05  -4.9555046033431e+05   1.4462697280702e+05   2.1443886904168e+04   2.8577006998426e+05  -6.1422107328386e+04  -2.3771734731449e+05   6.5276040292264e+05  -3.7198998508803e+05  -1.3972832497338e+05  -1.8817761404910e+05  -4.8317754164499e+05   9.8377234360291e+04   6.9848304120242e+03  -1.9836187301528e+05   6.9833701344801e+04  -2.0783505425685e+05   4.0601411413910e+05   1.7129587146082e+05  -2.7151429856639e+04  -2.3481704979767e+05   1.4292863323158e+05  -3.3495094620496e+05   4.0793448281349e+04  -1.8501645874758e+05  -9.0315269437031e+04  -7.0874697503872e+04   2.3084698429640e+05   5.9746092094775e+05  -2.7417499376761e+05  -9.1405052244028e+04   5.2566418990461e+05   4.3628147665888e+05   4.2081254571683e+04  -3.9587681861140e+05   1.1152164154685e+05  -3.3083214411842e+05  -2.1545726574154e+05  -5.3389636964768e+05   3.0439394093366e+05  -8.0366239389481e+05  -7.3508130657592e+05  -1.9957260335858e+05  -3.0225192570626e+05  -2.5908886381888e+05  -2.6941930828395e+05  -1.6620627555060e+05  -1.5823527686027e+05  -2.9800782566344e+05   2.9971620560822e+05  -2.1608336884595e+05  -3.7634756493604e+05   5.9777580292825e+04   5.9964628318085e+04   1.7675257817895e+05  -4.0041687250131e+05   2.0380134362508e+05  -2.5796555066459e+05   3.6871499269917e+05   8.3154155867100e+03   3.1963181555820e+03  -2.7551278072677e+05  -2.1785649492492e+05  -2.2081207138583e+04  -7.7541003930972e+04  -4.0286931515381e+04  -3.1930561822983e+04   1.1793959344647e+05   5.5347309855255e+05   4.0046064741789e+04   1.3404491882915e+05  -1.6540358274904e+05   7.9593224921259e+04  -2.1132383510968e+04  -1.4849688076086e+05   1.2687990033394e+06   2.5560247718487e+05   1.5918764114392e+05   3.0626357068560e+05   8.9467750720836e+03  -6.3271696130454e+04   1.3127808027638e+06  -5.0009463986397e+04  -4.1481579168910e+05   3.4952812443803e+05  -4.6583308517995e+05  -4.0178469966512e+04  -5.1763059573770e+05  -4.4390103200245e+05   5.4266914340131e+04  -2.6021914984665e+05  -5.0758146618727e+05  -3.0811038881791e+05  -2.0399298879364e+05   6.1285571778091e+04   6.5142821244510e+04  -8.8591421152669e+05   2.6763060620642e+05   4.2228987196399e+05  -7.7660521033063e+04  -1.3037208964309e+05   6.6130230022086e+05   3.2018726316365e+05  -1.4281754346783e+05  -1.9828986615548e+05  -2.7713681786492e+05   1.6202517393012e+05  -2.1530488882962e+04  -7.5868440269393e+04  -5.1622789527026e+05   5.7588238576529e+05  -3.5281171495371e+05   8.4421775654107e+04  -3.8398075672904e+05   7.0043738018132e+05  -4.8827364561421e+04  -3.1096311342992e+05   2.2499565649744e+05  -5.5422173825138e+05   1.2746652010793e+05   1.0319058339541e+05   5.0445704769190e+05  -4.9636835688647e+05   1.9981126886818e+05  -9.2536600232087e+04  -1.3777201488846e+05   1.4231005994312e+05  -1.3478597559435e+05   9.8617763814613e+03  -1.6424335772886e+04   1.6208451819953e+04   1.0308867974651e+05   1.0745257569529e+05  -3.6667236740166e+04   7.0203768042010e+04  -4.3932065839684e+04 
  5.8417693547893e+04   4.7008488201272e+04   1.3711788131034e+04  -7.3901483967542e+04  -9.5157203084709e+04  -3.2563689327217e+04  -4.4821837053135e+05   1.1319220499178e+04  -2.7855818402249e+05   3.8647928783469e+05  -1.7190602735181e+05  -2.4520602878503e+05   2.0298748216098e+05   4.0388941626026e+04   1.4932554389034e+05  -9.4732789286962e+05   3.0922818946713e+04   5.8953965184273e+04   5.0452538192586e+05   2.6507231726734e+05   1.7976403099400e+05   5.9415770426325e+05  -3.9462577228807e+05  -2.9933425744500e+05  -3.0398263641441e+05  -5.5089375643919e+05  -6.4228256256281e+04  -9.0370201595023e+04   1.3609307707440e+05   2.6346809785905e+05   4.5034058034131e+05  -4.5678093678464e+04  -9.6465917761405e+05   3.5919866426939e+05  -5.4606026102800e+05  -3.5550585512521e+04   3.9523372195325e+05  -2.4363651276047e+05   8.9336053083657e+05  -5.6752773983523e+05  -7.5677388478302e+04  -3.3861781114692e+05   1.3759908463109e+05   4.0932435303513e+05   5.9120177913464e+04   5.7246123730826e+05   1.3874022234718e+05  -2.7894214317940e+05   4.5901751445063e+05   3.1090395675565e+04   8.9115576025411e+05  -5.1012978726127e+05   5.1573517783939e+05   7.8898345275688e+05   4.4875133524949e+04  -9.5158486570839e+04  -2.0164148675257e+05  -1.0049921987418e+05   4.7812237433159e+04   5.0944042195151e+04   8.9331338595671e+04  -2.5822938585890e+05  -1.6092873083193e+05   1.5203739014782e+05  -4.0767604177585e+04  -7.5100566119967e+05   2.3483488331912e+05   2.3485103424835e+05   3.3789649430060e+04   1.5494650500401e+05   1.5998266424421e+05   1.6950810844340e+05   3.6373221650975e+05   5.0114120564010e+04  -6.8842831607374e+04  -5.3367805590550e+04   6.7271935732120e+03   4.4701643568433e+05   2.1959084887298e+04  -8.8823575148227e+04  -1.2231804214022e+05  -3.2433235099240e+05  -1.5602428779740e+05  -2.3317797808884e+04  -5.3245605033867e+05  -5.1231060796887e+05  -1.7989439755493e+05  -2.2545931889479e+05   7.2404112037806e+04  -7.1734150439962e+04  -2.7678989805800e+05  -1.7523724038152e+05  -2.0432094222089e+05  -1.2088028651586e+05   7.0329943983287e+05  -5.0009463986396e+04   1.5303678475254e+06   3.3111073267700e+05   1.6332405966088e+05   9.1666045819604e+05  -5.8960339243110e+05   1.2860286018088e+05   1.2672468948884e+05  -2.8970508652323e+04   3.7168212022385e+04  -1.9205145449147e+05  -6.3204942180882e+05  -3.2726196454443e+05  -1.2590711323809e+05  -2.9472433670693e+05   4.6099286019566e+05  -7.5022634858282e+05   1.9230784794274e+05   3.3025533653836e+04   5.5182346147739e+04  -2.5865754502026e+05   3.6889545739698e+05  -2.8330213303215e+05   8.0789707196895e+04  -3.8900744215554e+05  -3.7883972898380e+05   4.7888620999780e+05   1.1233885092499e+05  -1.2980756525934e+05   2.5525107607369e+04   7.4169412044459e+05  -2.3623333577220e+05   3.0402498632496e+05  -4.2380948229388e+05  -3.1497346430317e+05   3.2909862516988e+05   2.3220336630446e+04  -2.9223871105864e+05  -5.4378361557635e+04   4.9993870437766e+04  -5.8820377373961e+03   6.3998738835301e+05  -4.5633475822777e+05  -1.9501464073695e+04   8.4533176099602e+04   1.4110292045970e+05   1.6661614403542e+05   5.5880697362240e+04  -5.2148223472974e+04   9.8860745076591e+04  -2.0179388436151e+05   5.4553462559988e+02  -9.4727963404262e+04   8.1056910700621e+04  -7.3796747633214e+04 
 -4.0971233960588e+05   8.1320857031783e+05  -3.0336958068963e+05  -7.3796323395771e+05  -6.6871298633669e+04  -4.7977236927390e+04   2.9971452020815e+05  -1.8625206112941e+05   3.4402008829137e+05  -4.6432435402785e+05  -2.1447671132643e+05  -2.0856358136044e+04   3.3439106932841e+05  -3.5008761711480e+05  -1.8844301558511e+05   4.9881111699853e+05  -1.6205656048487e+04   4.2009392943756e+05  -2.9187888265213e+05  -3.7796251738415e+05   1.3308488325539e+05   8.1443274859325e+05  -2.0245858069456e+04   2.5127286663852e+05  -3.4243804845251e+05   3.6509906968214e+05   4.2520686145818e+04   8.1416659107613e+04  -4.1989642239063e+05   3.3353018765398e+05  -5.7017164216971e+05   5.7335897384044e+05  -2.3307987052961e+05   5.0615219600214e+05  -1.1990656042973e+06   1.9738945349143e+05  -2.1390241052617e+05  -3.9051532122031e+05  -3.4666132984733e+05  -4.6213879928040e+05   2.9271030540489e+05   2.0626292860927e+05   2.3653044977337e+05  -8.8907004145783e+04   1.6685962419892e+04  -2.1515712185159e+05   4.2245266199655e+05  -4.4164703931442e+05  -1.2278327249794e+05  -1.0643432589973e+06  -1.2502914402331e+05   8.2781483588667e+05   3.9329861121315e+05  -5.9016085127270e+05   6.1191540162343e+05   5.9463797682862e+04  -1.8735514473081e+05  -1.8322031121646e+05  -2.2839309029319e+05  -2.8912100652406e+05  -2.5459750832663e+05   3.3021639184520e+05   3.1503464169770e+05  -9.1740068830600e+05  -9.6645373922123e+04  -7.2180680358838e+05  -4.3272621710449e+05  -4.3253847394380e+05   7.2754579452871e+04   7.5814528648836e+05   2.8003650886661e+05   9.0016536764701e+04  -4.6292433788483e+04  -2.5901292465134e+05  -5.0787148722676e+04   6.2152778823596e+05   3.5790660902119e+05  -6.0751013941270e+05  -6.5618748800981e+04   4.0837631562482e+05  -1.3093656903332e+06   9.2642805949591e+04  -1.2812209470633e+06   3.6338871577983e+05  -2.4053239896701e+05  -1.0569785633930e+05  -1.0830310424745e+05   1.6255942604391e+05   6.8692342073847e+05  -5.3910211486571e+05   9.6114185059622e+05   2.6748869625818e+05   2.0278565054970e+05  -9.3353585559828e+05  -1.9099731073547e+05  -4.1481579168910e+05   3.3111073267700e+05   4.4108103748169e+06  -1.3812138712123e+05   8.4681150113237e+04  -8.5810499072705e+04  -2.0608443686550e+05  -1.8290357285304e+05   1.0277874107751e+05  -1.2386553394248e+04  -1.6838238268168e+05  -3.4783793520614e+05  -2.3284445466159e+05  -1.4735570491158e+05  -4.9139564819207e+05   3.5045709568936e+05  -1.9950140097185e+06   2.2233587380270e+05   5.0880328546982e+05   3.6107694616281e+05  -3.3298381577707e+04  -4.6807361906706e+04   4.3979107116975e+05   3.3503467232999e+05   2.4445908080103e+05   6.3416265466499e+05  -2.0270075489017e+04  -2.0725683587147e+05  -5.6820313221834e+05  -3.0947420391179e+05   6.4027056725776e+05  -9.0583876480462e+05   1.5075559967203e+05   2.8667168057687e+05   6.8528251106824e+04   8.3229499784880e+05  -3.5331041549180e+04   2.6696124775807e+04  -3.2548575236220e+05   3.5697541922435e+05  -7.2690984639418e+05   7.5006751288113e+04  -8.8888124571889e+05   1.5899633496353e+05  -2.1268275621281e+05   1.2507909360577e+05   5.1501365881450e+05   2.8115926184597e+05   4.4748854826485e+04  -8.5201172804303e+04  -1.8589705564853e+05  -1.1479683087090e+05  -6.4730839095395e+04  -5.4060774356268e+04  -6.2697290235935e+03 
 -1.0446919097225e+05  -5.3356142069214e+04   6.7405375356455e+04   1.3609733234734e+04  -3.0335676501767e+05  -8.5008408571546e+04   5.8405084743204e+04   1.6211148965576e+05   4.4495473235722e+05  -5.6684709586820e+05   4.6183663226415e+05  -2.0494344558984e+05  -2.0852436186543e+05   3.6894863008737e+05   4.5209995614347e+05  -1.9706197436065e+05  -2.6665455751852e+04  -6.0666342082030e+05   2.4211336765292e+05   2.4301021588177e+05  -5.3785645068924e+05  -5.7370814728069e+04  -7.4008850696001e+04  -6.3571047748240e+05  -1.3835686022163e+05   7.6736586239558e+05   1.5718145527963e+05   4.0878061747031e+05   1.7671884159029e+05  -2.0535458269593e+05  -3.3983994939646e+05   3.9641429093920e+05   1.5691315584174e+05   3.2812439604552e+05   4.9570601017894e+05  -2.6962824009909e+05  -3.5531618855385e+05  -4.5402379192560e+05  -1.4228179168179e+05  -3.1426787606843e+05  -4.5846602795280e+05   6.9051822577121e+05   4.1525146525933e+05   3.1023709795513e+04   9.4824870380274e+04   3.4065409615806e+05  -2.0699349407745e+05  -3.6661620568093e+04  -9.1828002317482e+04   3.1334443574856e+05  -1.2385913296567e+05  -5.3014965201058e+05  -4.2775148322107e+05   4.7502412977167e+05   8.7034680909656e+03   2.8981092395548e+04  -2.5092524458769e+05  -4.5938513954856e+05  -5.0626348827978e+05  -3.7951899784857e+05  -2.6562922744992e+05  -1.7576608935021e+05  -7.0301322025460e+04   6.6287652012396e+05   1.8385205056696e+05   7.0461237656905e+05   1.9132526186761e+05   1.9130698055901e+05   6.2392039467599e+05  -2.6023671347584e+05   4.7948862275082e+05  -1.7689162789431e+05   4.2367638202106e+05  -6.8996975053528e+04   2.1470066851691e+05  -4.5673305702568e+05  -4.1660668329926e+05  -1.7236234146406e+05  -2.4493986223129e+05   1.7858113876361e+05   1.2117332926203e+03  -3.0165125137374e+05  -1.6141553018084e+05   2.2224644370363e+05   2.7592351015858e+04  -8.5677185819446e+04  -1.4765504088241e+05  -1.4918829317531e+05  -8.3712143876054e+04   2.1718499809234e+05  -8.6593353624577e+04  -9.8838710485811e+04  -7.6574165009139e+04  -1.5614660475296e+05   8.0512118911060e+05   3.4952812443804e+05   1.6332405966088e+05  -1.3812138712123e+05   1.7190899758138e+06   3.5515815649415e+05   1.7493201363344e+05  -3.7731211488756e+05  -2.0627133422523e+05  -2.2971668031514e+04  -1.7317989786751e+05  -3.2031907526909e+05  -3.1877880461820e+05  -3.7717770708075e+05  -4.2000395695258e+05   5.6169006730372e+05  -4.0125290365603e+05   3.4675921925347e+05  -5.5886179198736e+05  -2.3343396587989e+04   8.4718820615346e+03   3.3172555190386e+05   1.8659680438518e+05  -1.5282131737138e+05  -2.9599381296559e+05  -7.6169992801451e+04   1.8085150187146e+05  -2.3415834600074e+05   4.6119102703391e+04  -1.6122315559824e+05   8.6328125979129e+04  -7.2822487384869e+04   1.7806143655024e+05  -2.5005903710573e+05   1.7745539888605e+05   3.0601225159382e+05  -2.9056665410423e+05   2.1419163982603e+05   2.5419345347048e+05   7.1557125066759e+04   2.6194591539348e+04   2.7124790430000e+04  -3.3897621838203e+05   1.2079759618839e+05  -5.6380835394875e+03  -4.6652711187493e+04   1.0334490043909e+05  -6.3594211659048e+04   7.4454722176475e+03  -5.0001459399324e+04  -3.3963485886424e+04   3.1632519028286e+04  -4.8709787640732e+04  -8.6719483469618e+04   1.8736680012412e+03   5.5639123865925e+03 
 -8.1979356529321e+04  -5.7031827205506e+04  -2.4929394204820e+05  -2.4954068012624e+05   9.0274874224684e+04   1.1451304514966e+05  -4.5894120611114e+04   3.7914973948999e+05  -5.8631198704566e+05   3.5577714055944e+05   2.6012026318307e+05  -3.2794737310167e+05   4.5514206227874e+04   5.9706631378682e+03  -4.4687832561560e+04  -2.9285298784304e+05   1.1367164495561e+05  -2.9418426492884e+05   3.3649268119344e+05  -2.7040047442190e+05   2.3439823985021e+05  -5.5052717371908e+05  -1.2321160091458e+05  -1.4852903571471e+05  -3.0923247648154e+05   3.9458942882531e+05   5.8825503719338e+05  -4.8104151326269e+04  -8.1708397175367e+04   2.6866360308873e+05   2.7049769793056e+05  -4.2835554895078e+05  -5.5506957627596e+05   4.0724868752813e+05  -2.8359611069318e+05   4.5521811095579e+04   2.3336818397739e+05   1.1932924078864e+05   6.1657143563842e+05  -6.4497434229173e+05  -1.7930382426376e+05  -3.3866473758063e+04  -8.2744054421421e+04   2.7405659825396e+05   8.1013732848160e+04   4.5664803943618e+05  -4.1535657436918e+05  -3.8066841747279e+05   2.7737268847787e+05   2.1244869379184e+05   5.9089565044882e+05  -6.8442786908653e+05   6.7287404790056e+05   4.3842978417161e+05   6.2772125656371e+05   4.0707727111756e+05   2.7872051638211e+05   3.7838422473313e+05   3.4476599760321e+05   2.9138891581213e+05   9.8204946746474e+04  -4.5217644653702e+04  -2.1480858575846e+05   3.5916189520601e+05  -3.2706747064934e+04  -4.9596792179125e+05  -3.0609860275351e+05  -3.0619570416632e+05   1.5390354212623e+05   3.6609408696387e+05   3.1856101559273e+04  -3.7766335201206e+03  -7.2676138950300e+04  -2.3646219135815e+05  -6.1085860038876e+05   1.1540628798727e+05   1.0299511498972e+05   4.2698408019740e+05  -6.8791638570754e+04   2.2816647181476e+05  -1.9915561579539e+05   3.7379301121767e+04  -1.5727630078383e+05   1.2728388866412e+05  -7.0983114101424e+05  -6.5430587894233e+05  -3.5008477729364e+05  -5.2932119138701e+04   4.0251676825419e+05  -5.6870157581253e+05  -4.0876390219935e+05  -5.9975402777199e+05  -3.0088657151802e+05  -8.5387535751477e+04   7.9338718400134e+05  -4.6583308517995e+05   9.1666045819604e+05   8.4681150113238e+04   3.5515815649415e+05   1.3343604357132e+06  -2.3482812165367e+05   2.6967783908651e+05   1.2858569280379e+05  -2.8886354855623e+05   2.2678325593003e+05   1.4834023747313e+05  -4.7797049563481e+05  -3.2335794429950e+05   2.2000097339275e+04   4.8105383931531e+04   3.9068887402800e+05   1.6422922151427e+05   4.6081507056545e+05  -4.7829391764987e+04  -7.2829031226669e+04  -6.6632198878549e+05   3.3935133138238e+05   6.1095551985695e+04   2.9525183068994e+05   9.4404504725373e+04  -5.7218686375495e+05   3.0912231136023e+05  -2.8385743159100e+05   1.2932357288391e+05  -6.3905886713641e+05   3.0094386608676e+05  -2.9137797357486e+04   3.2659188347478e+05  -9.1748310618368e+05   1.6618985715930e+05   3.4753538841025e+05   3.3712662006351e+05   2.3256117510405e+05   2.5265751192015e+04  -2.0730383501877e+05  -1.7944969776542e+05   5.8717018983117e+05  -3.2269467320347e+04   5.8004523613662e+04   4.9176384787235e+04   8.4911261168864e+04   1.7849816328363e+05   4.4375952929650e+03  -8.1985167338748e+04  -2.0917964952939e+04  -1.3490321261419e+05  -5.1036186971547e+02  -1.4590864723572e+05   5.6152726941522e+04  -2.1805372100241e+04 
  2.8183673265659e+04   1.5477817029413e+05  -1.5268171699850e+04   9.5731555759593e+03   3.2428797334989e+04  -3.5023205409055e+04   1.4138353869862e+04  -2.3402066543976e+05   3.9170715517593e+05  -2.9654317253023e+05  -2.1000264295354e+05   3.7087899899764e+05   7.7089498522724e+04  -1.9581321796000e+05   2.0540348353974e+05   3.5833861661318e+05  -3.0179425429071e+03  -2.9434373398420e+05   6.9345519076266e+04   8.5586454750721e+04  -2.8537615931424e+05  -6.2677206165806e+05   1.2626481702037e+05   4.8079384419738e+05  -4.6613000389239e+05   1.7778512651994e+05   3.5923806300959e+05   5.8233261340796e+04   4.9785334080217e+05  -5.0461337680260e+05  -2.5542689384659e+04  -9.2062461239908e+04   4.9315694345029e+05  -1.2583712702391e+04   2.0954614449092e+05  -1.9357866214969e+05  -7.4925800483449e+04   2.0128883600560e+05  -3.3448848891698e+05   2.5853501381640e+04  -1.2437404921986e+05   4.1612366199086e+05   3.7063465694076e+05  -3.3874818392301e+05   8.5243530774245e+04  -4.2435986710435e+05  -1.8274799870039e+05  -1.9530103245797e+05  -1.4001928354435e+04  -1.8620936829368e+05  -5.2924955576110e+05   9.1404649922261e+05   7.0389115896325e+04  -2.9133681063125e+05   4.3034210255202e+05   4.7770686314270e+05  -1.7695095587975e+04  -1.5570893079323e+05  -2.6826308461337e+05  -1.8540335273310e+05  -1.1227259888071e+05   4.8952122266722e+05   3.0343351679560e+05   1.9228428616694e+05  -6.3397722779457e+04  -7.9304516188524e+03  -1.0320518534285e+05  -1.0334586431873e+05   2.5087633587548e+05  -9.8146683384108e+04   1.9277856692109e+05  -2.3303652968580e+05   2.8048799211949e+04  -1.2306412130175e+05   3.4616389182180e+05   2.2086074461801e+05  -8.8336506394901e+04  -1.4693264754217e+05  -8.4532819966102e+04   1.6402685070586e+05  -1.0985708630354e+05   5.9642289670578e+04   2.8299382674421e+05  -8.2461907941130e+04   6.5786261842482e+05  -1.0422013478197e+05  -4.6092861706597e+04   3.9409711430745e+04  -1.6238459573335e+05   6.7285395947257e+04   2.9059323238691e+05  -1.5195376796079e+05  -9.1338400950429e+04   5.5071190636186e+05  -3.7317659297345e+05  -4.0178469966514e+04  -5.8960339243110e+05  -8.5810499072704e+04   1.7493201363344e+05  -2.3482812165367e+05   1.1852577266338e+06   2.4954803902886e+05  -1.9774662617530e+05  -2.8174997193504e+05  -2.0144322322440e+05   1.4134776548208e+05   2.8909565327827e+05   2.1962930891337e+05  -3.4367852511076e+05   2.7299766673505e+05  -9.2393606554157e+05  -1.5899069123651e+05  -2.9168958826019e+05   3.4751394610807e+04   1.9065382795064e+04  -1.9819462298341e+05  -1.6524227232478e+05  -4.5581917366536e+04  -2.7859165789085e+04  -4.8584910382377e+04   1.4329866153994e+05  -3.8176790737106e+05   2.0952954234805e+05   1.8410268550491e+05   1.6534277770332e+05   1.1018444579665e+05   4.1740056958472e+04   7.7859376700689e+04   2.4544056799232e+03   5.7950916463423e+05  -8.2226955683580e+04  -9.3811004224507e+04   6.7493507115297e+05   3.8496188027471e+04  -1.6344884837114e+05  -5.3294413567094e+05  -4.7101311156606e+05  -3.6500466533702e+04   7.8493093407521e+04  -1.6239327795430e+04  -2.6337152430664e+04   8.4789831868988e+04   2.3658298282152e+04   2.2827039233249e+03  -5.8503953831752e+04   4.4646921822826e+03  -6.9397979890563e+04  -6.2811778244556e+04   1.8162196600852e+04   1.5957646927770e+03 
  7.7436353274543e+04  -2.9429648573628e+05  -3.4938558468334e+05  -9.1444668230274e+04   1.7524726847888e+05   2.2540504657972e+05  -3.7227756541654e+04  -2.6833303520253e+05  -1.2058535299765e+04   4.8713643036270e+05   1.7588745586411e+04  -4.1540909941829e+05   1.0221421781879e+05   1.1261977156133e+05  -5.3731160493101e+04  -1.8000728041985e+05  -1.2144237082855e+05   1.8923772594189e+04   5.6466191317593e+05   3.9008481031899e+04  -1.3661766624521e+05  -4.3254514949067e+05  -4.8697968450738e+05   9.4670994797885e+04  -7.0680121883940e+05   1.7900663295177e+05   4.9703108272942e+05   2.3376377387063e+05   8.1545061530707e+05  -1.6540605265221e+05   6.7320432326008e+05  -6.2252826672702e+05  -5.8722520193007e+05   2.2442161690472e+05   2.3966327629493e+05  -2.1661751507793e+05   6.2041413243108e+05  -2.8722394272455e+05   4.7922656844651e+05  -2.5896233900144e+05  -3.5981370020277e+05  -5.7936260395678e+05  -4.8597376338085e+05   1.2014940920102e+05  -7.3564636246364e+02   3.4041200116035e+05  -4.1130743319708e+05   3.7981519329273e+05  -1.0299979847003e+05   1.0153677301259e+05   1.7553863123877e+05  -1.0192932245663e+05   2.1671405842458e+05  -5.5751080634148e+04   4.6623601939616e+05   3.4870238728022e+05   4.3365254432673e+04   5.5751022376919e+04   1.1770791354850e+05   1.0768895674095e+05  -3.1003767826913e+04   2.9299067983192e+05  -4.1255815132799e+03   3.5380546478113e+05   6.7633442034092e+04   2.6389504800398e+05  -1.9449455631952e+05  -1.9454965883649e+05   1.4963217675064e+05  -3.3440362078172e+04   1.9825879002336e+05  -1.1707768437594e+04  -1.0868917935382e+05   7.2376781515136e+03  -4.8441274906108e+05  -1.5383416958545e+05  -1.0171202326816e+05  -8.6610356667374e+04  -2.2803657380294e+04  -1.3877172430612e+05  -2.4081588061542e+05  -1.3871450460148e+05  -3.2690615267965e+05  -1.2642304922283e+05  -6.7298412084554e+05  -5.4214505961175e+04  -7.0216841309718e+04  -7.0905339105472e+03   1.4336605585722e+05  -6.6613315451548e+05  -2.3888558807565e+05  -2.1471315736433e+05  -2.4614039355437e+05   3.9791012709193e+05   2.0823205158117e+05  -5.1763059573770e+05   1.2860286018088e+05  -2.0608443686550e+05  -3.7731211488757e+05   2.6967783908652e+05   2.4954803902886e+05   1.7430307880726e+06   1.6601640186323e+06   2.3041456289988e+04   5.7729012283455e+04   2.7598703484390e+05  -4.4678864085162e+04  -1.8499696811599e+05  -8.1562517579536e+04   8.0636602760946e+04  -3.2899321109386e+05  -4.8459603497966e+05  -3.6272460266972e+05  -8.9521433291844e+04  -9.6134527516042e+04  -4.4719699398118e+05   3.4869453407135e+05   4.4355512974277e+05   2.8835507951041e+05   4.3200411128588e+05   1.4064414513590e+05   5.7765043145566e+04  -6.7978070542694e+04   4.3507113802761e+05  -2.4525886891844e+05   2.0860344696115e+05   1.5022740095292e+04   1.1491622743308e+05  -2.3587064719839e+05  -8.7074125198305e+05  -1.0616748338969e+05   1.4093818921470e+05   3.6402958263640e+04   1.3551013868356e+05  -2.1539960255692e+05   1.5475185513103e+05   3.5276827736917e+05   3.2030595970250e+05  -6.4383307008427e+04   7.4182213505906e+04   4.8349792071958e+03   1.0705759248671e+05   4.4054166051057e+04  -3.2025665383906e+04  -1.0681420617001e+04   1.2864327623587e+03  -3.6329562906937e+04  -1.5043003110904e+05   1.6899878120526e+05  -7.0394195031741e+04 
  1.8157893279614e+05  -5.5084025853196e+05  -2.6842574737910e+05   8.7943777311403e+04   8.4239509621436e+04   1.2522381262413e+05  -1.5868633223999e+05  -3.9618497945972e+05   3.0017633564475e+05   5.2210824117534e+05  -4.0303186280919e+04  -2.9107470138975e+05  -5.1424476814926e+03   2.6286340028205e+05  -4.7755489440462e+05  -9.9837187056428e+04  -7.4903532571088e+04  -3.1090648030022e+04   2.4468785488452e+05   2.9936348448387e+05   1.5569943053790e+05  -2.3664859690132e+05  -4.7423628365742e+05  -1.6504938222447e+05  -3.5658154452171e+05   9.9632165658654e+04  -4.8234841735068e+04  -4.7867642237491e+03   1.6255489082047e+05   4.3703737919314e+05   7.9877248709248e+05  -1.6579780072074e+05  -3.0224378107690e+05   1.8652376509573e+04   6.5109275549607e+05  -8.9378922840616e+04   3.8196931956591e+05  -3.5561129506826e+05   2.5043197860588e+05  -9.0613594722045e+04  -5.3583668516110e+05  -4.4941173259238e+05  -8.3228658444877e+05   5.6782441596457e+05  -7.1108436722472e+04   9.8017798493251e+05  -6.4726942342707e+05   2.0337388697101e+05   1.0362704733123e+05  -1.9882897865230e+04   4.9377048621660e+05  -5.3152209251690e+05   2.7652583588196e+04   1.7155816691836e+05  -5.0373082167249e+04  -2.5703478731257e+05  -1.0032840670662e+05  -1.2572788699512e+05  -2.4324474588653e+04  -3.9961466560129e+04  -2.0095528697548e+05   2.6972756665412e+05   6.0631945415671e+04   8.1161766655028e+04   4.1885799161386e+05   1.2756964500536e+06  -2.7985156298246e+05  -2.7972940300919e+05   7.8131113167830e+04  -4.6238869105868e+04   1.4701374424339e+05   3.7728993081725e+05  -2.2279089685318e+04   5.3916148402166e+05  -7.4919793596777e+05  -3.3646190758875e+05  -1.2695216274763e+04  -1.2316677652761e+05   3.5294026195517e+05  -4.8360219289618e+04  -4.5257814425025e+05  -9.2383009935117e+04  -5.2462226705647e+05   2.9832691576344e+04  -8.0505753345577e+05   3.4273816486541e+05  -2.1350639361952e+05  -3.9289995582398e+04   3.8433615936953e+05  -8.1505133109443e+05  -9.6192147123265e+05  -1.2569990503620e+05  -2.3271591487490e+05   1.1375114712376e+05   6.6172233123610e+05  -4.4390103200245e+05   1.2672468948884e+05  -1.8290357285304e+05  -2.0627133422523e+05   1.2858569280379e+05  -1.9774662617531e+05   1.6601640186323e+06   2.6101706913798e+06   4.2360379218902e+05   2.4220147270292e+05   2.1405270783657e+05  -1.7157422585349e+05  -3.0712015008655e+05   5.4035688206488e+05   2.3472190356052e+04   4.2466333476057e+04  -6.5049020847205e+05  -6.9813193100267e+05  -4.8480819397058e+05  -5.4896619336215e+05  -1.3258749312539e+05   4.2283123058255e+05   4.8370951148000e+05   2.1860306310756e+05   9.0541090946144e+05   2.9944001334460e+05   5.0949710952456e+04  -4.9032592301984e+05  -3.3863381463402e+05  -2.5286398352332e+05   4.4805713725958e+04   1.5542967809814e+05   1.9229407723822e+05   5.3734673876668e+05  -8.9704919008605e+05  -2.6137567600530e+05   3.8718379526635e+05  -4.3800851898363e+05   1.4736472645745e+05  -3.3970616232620e+05   4.1102609123804e+05   3.7038195218030e+04   5.5738925349751e+05  -8.1765838050243e+04   9.9971139074232e+04   1.6271176958622e+05   2.3784539909971e+05   5.7445928001422e+01  -6.8561655709465e+04  -7.1874814676093e+03   1.1123120486011e+05  -1.5523459503645e+05  -1.0720657701592e+05   1.4851868920859e+04  -1.1224399244782e+04 
 -3.9117677389717e+05   8.6210017213989e+04   2.0488416879604e+05  -2.3016272270587e+05  -5.9217235328355e+04   7.8333266459881e+04   1.5711668879297e+05  -3.4054767526033e+05   2.4943454655581e+05   8.3087152625742e+04   1.6200582765747e+05   8.0322305585863e+04  -6.3156865564422e+04  -1.4108231505663e+05  -9.1543992430285e+04   5.1453484408485e+05  -4.3745477903819e+05   1.1075060419728e+06  -4.9909212869245e+05  -4.2703449483592e+04   2.4586255139738e+05   2.4337223075602e+05   2.6030697978362e+05  -4.7080903063131e+05  -1.2765832910342e+05   1.9712154065804e+05  -6.7917430964974e+05  -7.8917324144258e+04  -4.0156072066447e+05   3.8733695738515e+05   4.2829835307644e+05   5.3841290808542e+05   3.2442184204192e+05   2.3723218661484e+05  -3.9200360811720e+05   2.7941208134279e+05  -8.2403557940695e+04  -5.6665637961123e+05  -6.3927272492193e+05  -1.9924558396218e+05  -4.9147305295808e+03   2.4399153334865e+04  -3.6367328169242e+05  -1.2665707431745e+05   8.3993088039489e+03  -4.9039856997021e+04  -6.4339480504046e+04   4.8195574318646e+05  -6.4191379347727e+05  -3.0041772550755e+04  -4.3868188583250e+05  -6.7804695321415e+05  -4.1950755655326e+05   4.7725677514330e+05  -7.5830107969341e+05  -8.2657526243487e+05  -8.1498098772812e+04  -7.7515548863361e+03   1.1996560939608e+05   1.6221665949919e+05   2.6878041735382e+05   3.2098826103477e+05   3.0657882410581e+05  -3.6724273140423e+05  -4.2675885333261e+04   7.4287509524625e+05   3.1535995159764e+05   3.1577008725629e+05  -2.5582346080523e+05  -6.3782249481067e+05  -1.8054692946049e+05   1.5735388520981e+05  -6.1793138903275e+04   5.1201001995608e+05   1.9627609360273e+05  -6.6615561874388e+05  -5.9655568443655e+04  -3.7070408524264e+03   4.8969012630688e+05  -3.1719313106663e+05   2.7184657046763e+05  -3.4004659089035e+05  -4.8343677728018e+05  -1.9725575295029e+04   2.4948245607051e+04   3.2723803698894e+05   1.4771856601209e+05  -1.5942474037465e+05  -7.2915267549475e+04  -1.4684124623950e+05  -2.6741611376574e+05   4.2472449235075e+05   3.1592829623127e+05  -9.5928029536216e+03   1.8770004929251e+05   5.4266914340131e+04  -2.8970508652324e+04   1.0277874107751e+05  -2.2971668031516e+04  -2.8886354855623e+05  -2.8174997193504e+05   2.3041456289989e+04   4.2360379218902e+05   1.8281948561395e+06   7.5322742911234e+05  -2.2511641758646e+05  -4.1740928942332e+05  -3.8818177816729e+05   3.1025568758530e+05  -1.7772594658257e+05   1.7958493918238e+05  -1.3081518626217e+06  -3.2826739293737e+05   1.7861108027369e+04  -4.6348870625919e+04   5.1801484317927e+05  -1.4571803709842e+05   3.4813587742414e+05  -3.6877558226155e+05   4.7486295040132e+05   5.4362010632589e+05  -7.0501047055669e+04  -4.3911341209580e+05  -4.3693613219596e+05  -1.8210420125026e+05  -5.9949851233985e+05   1.1910435246619e+05  -3.8248068854374e+05   5.0253240741780e+05   7.1481211500487e+05   4.1956788126684e+05  -2.0142467961924e+04  -8.5591909662205e+05  -1.0875441764857e+05   8.2070511877898e+04   4.0177579391871e+05  -7.6984665115879e+05   6.8245124593979e+05   1.2727243863798e+05  -1.0799794640476e+05   5.1019454965178e+04  -1.5958548284578e+05   7.4444778765672e+04   6.8387929033981e+04  -2.0129799709127e+05   7.3432037083081e+04  -3.3328238830016e+04   1.0353300841155e+05  -2.5887742528721e+05   1.5879009183190e+05 
 -3.7378181377430e+04  -1.1034411507782e+05  -7.3801645958112e+04  -8.1054007320202e+04  -8.2291453093489e+04  -1.9741358871075e+04   1.2672972186339e+05   2.6435983637290e+05  -1.0755071628723e+05  -1.1543589041450e+05   1.6381536652271e+05   1.6196306750103e+05  -3.9365926908071e+04  -1.9435315414741e+05  -4.5007931053651e+04   2.2797872416781e+05   1.3687722228345e+05   3.1602987552829e+05  -8.6543869476285e+04  -5.7193781644430e+05   4.4221434301891e+05  -3.2643902830251e+05  -2.1857395772778e+03  -1.3191382103036e+05   1.5147582874027e+05   3.8255705341549e+05  -2.0243192925849e+05  -2.1965293011850e+05  -7.4967500544775e+05   5.7161245925537e+05   2.7001144218757e+05   7.0034866596703e+04  -7.5908307050712e+04   7.8854163932649e+04  -2.6810534975964e+05   3.4625244444017e+05   5.9942860201147e+04  -3.1218859973164e+05  -7.1773523839527e+04  -9.0238705330765e+04   7.2736182933989e+04  -5.1065809396986e+03  -3.1618618432802e+05   2.4572013483470e+03   2.7698676698774e+04  -8.9157696664124e+04  -2.0516056320812e+05  -4.4807214674427e+04  -3.3227645808453e+05   2.2640797289794e+05  -8.8571241176005e+04  -5.6692674662819e+05   7.5330131413012e+04   3.6897698093421e+05   2.9278752433506e+05   9.5083366270118e+04   1.4600597656043e+05   2.7389410097374e+05   2.4029893773318e+05   1.3870652662429e+05  -3.6022965363462e+04   1.4584549275697e+05  -5.4564346958411e+04  -4.3792905446806e+05  -6.7091844124093e+04  -3.1225997018034e+05  -3.4893384398494e+05  -3.4878475685718e+05  -1.9991807948340e+05   4.3596126121763e+04  -1.9610251064969e+05   1.9953865481841e+04  -1.5413542646052e+05   9.3245319754039e+04  -3.0176108966096e+05   2.9243787866432e+03   1.7668938869581e+05   1.5050036516929e+05   2.5933470441318e+05   1.3458106634059e+05  -2.5179396579494e+05   2.1861494065949e+05  -2.2772598144010e+05   1.1955390617869e+05  -2.0480458539915e+05  -2.8691908662574e+04  -1.4860861050637e+05  -2.9130827378534e+04   2.5413219298797e+05  -3.7534354302863e+05  -2.1495335852277e+05  -9.6041416814158e+04   6.9628020934468e+04  -2.1734229982352e+05   3.8486894741622e+04  -2.6021914984665e+05   3.7168212022385e+04  -1.2386553394247e+04  -1.7317989786752e+05   2.2678325593003e+05  -2.0144322322440e+05   5.7729012283454e+04   2.4220147270292e+05   7.5322742911234e+05   9.2747764778485e+05   5.2194671929069e+05  -2.2138948914715e+04  -2.1300423655453e+05   2.4952446024964e+05  -1.2641813592802e+05  -1.2817059820164e+05  -3.1034919399155e+05  -2.0620307063774e+04   1.1212844821972e+05   6.2712257886324e+03  -1.4456929666682e+05  -1.0231588521451e+05   2.7433214157188e+05   1.1020566753789e+05   4.4640125786104e+05   1.6998606282984e+05  -5.4822152303762e+04  -6.0630260068073e+05  -4.2620071569275e+05  -5.2057212425931e+05  -3.8723317219551e+04   1.3866649076313e+05   4.7141942331962e+04  -1.0325123190219e+05   6.2370893172938e+05   1.9700948920472e+05   2.6066628981444e+05  -6.8639063025506e+04   6.6085073405533e+04  -2.4396771058774e+05   2.0444128725075e+04  -1.2262081194146e+05   1.9922895323562e+05   8.3604568507765e+04  -1.8777181967020e+04   1.0075239629568e+05   1.1481790817833e+05   4.5657148961426e+04  -3.1716658879007e+04  -1.6383061356456e+05   2.9666928792907e+04  -5.2320475065831e+04  -9.3559619775577e+03  -1.4549634306330e+05   9.8303441047912e+04 
  2.5992708469100e+04  -4.2885615297081e+04  -3.5214179404718e+05  -4.3000888000010e+04   2.0590588014268e+05   1.8175940798672e+05   1.2447748367051e+05   1.8363566530503e+05  -1.3761532030430e+05   7.3769609275874e+04   1.2698826488099e+05  -2.5252401937676e+05   7.3418777877003e+04  -1.0701476933709e+05   3.7452689947053e+04   3.0866873656425e+05   2.0965448219857e+05  -1.9097799466888e+05   5.9994668770294e+04  -4.1717099441323e+05   6.7872175591845e+04  -4.1740886362600e+05   1.0653612513175e+05  -5.1869449671011e+04   6.7644458099670e+04   3.0806576891034e+05   1.1715124061964e+05   4.0426860687117e+03  -3.5871641042833e+05   7.9709116213176e+04   1.2582309248081e+05  -6.1297559131953e+05  -1.1300571432388e+05  -2.5286573710581e+05   2.7657970988650e+05   1.8058346649464e+05   3.1507447955916e+05   8.1309942660906e+04   2.6908925203602e+05   2.9873319240453e+05   2.7330086260649e+04  -2.2220537766887e+05   8.6352767822124e+04   7.2028300097595e+04   2.8389752464063e+04  -3.0915928411555e+05  -3.0814319240161e+05  -1.1953725076111e+05   1.8015042410173e+05   2.3625267098171e+05  -7.4418662935003e+03   2.5606439825548e+04   4.3008962492104e+05  -2.0179411955570e+05   9.1842566228311e+05   7.7673442751604e+05   8.4641230852607e+04   1.7736280933014e+05   1.0535467920973e+05   1.1658506000642e+04  -1.8817604341500e+05   2.7919279849603e+03  -1.0810512961028e+05  -5.9522918915465e+04   7.8754829028927e+04  -3.9197984929345e+05  -4.3365334758711e+05  -4.3391067837649e+05  -1.5164842233969e+03   4.4091186410991e+05  -3.4561547472549e+03   6.8861344210107e+03  -5.4062824045148e+04  -6.3325045925747e+04  -3.3131227939307e+05   4.5165839055065e+05   2.4073680348725e+05   1.3698154103562e+05   8.5089370672727e+04   2.0058699220067e+05  -3.7737016510074e+05   4.5170215608103e+05  -1.9945299501406e+04  -4.0269379230010e+04  -2.0562456180311e+05  -1.1293770583586e+05  -2.3059436227487e+05   6.2883854713337e+04   2.7066060341292e+05  -4.1846084201530e+05  -1.3634044701363e+04  -3.6064588253740e+05  -2.1140065386170e+05   5.9378037636680e+04  -1.4347462923111e+05  -5.0758146618727e+05  -1.9205145449147e+05  -1.6838238268167e+05  -3.2031907526909e+05   1.4834023747313e+05   1.4134776548208e+05   2.7598703484390e+05   2.1405270783657e+05  -2.2511641758646e+05   5.2194671929069e+05   1.0773812625689e+06   7.7394251346279e+05   4.2480524088776e+05   1.0466446477875e+05  -4.6665523612243e+04  -2.6742980590091e+05   3.6751941215336e+05  -2.1440172150771e+05  -1.9714386369675e+05  -2.4540349840690e+05  -5.0296718504826e+05  -2.2682350295520e+05  -1.6554523398882e+04   1.7813072839248e+05   1.4386947633243e+05  -1.6537739434353e+05  -1.5028019381963e+05  -4.1302030488806e+05  -2.3815992044171e+05  -3.2899378720854e+04   6.9074252758348e+05  -5.7731778039206e+04   1.5031358842712e+05  -3.3300092142405e+04   4.1338551968497e+04  -1.5704655453376e+04   1.8088216269771e+05   4.0300860545610e+05   1.2904230872056e+05  -2.6010832007395e+05  -2.0046962870943e+05   2.2432984585410e+05  -2.6990093511646e+05  -3.9169691234258e+04   1.4573161096204e+05  -2.6981293547135e+04   1.6236008872280e+05  -4.4650998483726e+04  -2.3875166592919e+04   3.2264267371938e+03   3.1600405261512e+04  -1.2358713848622e+05   6.6062932097403e+03  -1.8217681949194e+03  -4.5925394823609e+03 
 -2.3444463967024e+03   1.3627732843509e+05  -6.1219158114376e+04   4.2460512765827e+04   2.6628182950336e+05   1.7781835181714e+05   2.5182857022903e+05  -1.6190766104393e+05  -2.9856515369467e+05   3.5572391727384e+05  -6.7471410024855e+04  -1.8109221988733e+05   8.0330570688942e+04  -1.2151216653212e+05  -7.7944777989663e+03   4.4519280921099e+05   7.1407545801359e+03  -2.6673283882982e+05  -1.0074844581009e+05  -4.3533366273298e+03  -2.8867525814640e+04   7.1164721205669e+04   2.1416547958461e+05   1.6276608958184e+05   4.1399847666997e+05   9.9460197364447e+03  -1.4414014253833e+05  -8.3401513510317e+04   1.5659384825057e+05  -5.3875222056995e+05  -3.4847994649468e+05  -3.0585515769711e+05   2.4803130087472e+05  -6.1849769882448e+05   4.5744919186625e+05   1.2101526987480e+05   1.8757783161989e+05   3.2778719190798e+05  -2.9936082547221e+05   8.8011357870529e+05   2.1177313137340e+05  -3.9922933175095e+04   2.2330581505396e+05  -2.4742509801006e+05  -6.1179828843977e+04  -7.3240618254051e+05   1.5469809129590e+05   2.2855499774839e+05   6.8157846318545e+04  -4.2473953448601e+04  -3.7949929316730e+05   3.3714526900107e+05  -7.2911826664326e+04  -4.5054286908706e+05   2.9012529948204e+05   4.3706506126518e+05  -1.1597149129319e+05  -6.6672026954156e+04  -3.2903481197908e+04  -1.5072590910809e+04   1.2301819426121e+03  -2.9521021885216e+05  -3.4027008733405e+04   1.4494928841298e+05   1.4741197912854e+05   2.5331019706734e+05   1.2150303045423e+05   1.2129501788053e+05   2.3106476730388e+04   2.1885019727286e+05   2.5214738194702e+04   7.0385054770894e+04  -2.7250919564591e+04  -6.6333924629977e+03   3.0226486754394e+05   2.1903347332720e+05   5.9580408902564e+04  -2.0101277128494e+05  -4.9833969066647e+04  -4.8125589262166e+04   4.7109804469772e+05   7.7158965908180e+04   1.4197708159956e+05  -2.0082413825889e+05   3.4369727649928e+05   2.3349195530069e+05   1.5172173862607e+05   4.2955437041149e+04  -2.4878783939141e+05  -1.0152879100220e+05   2.1805787559867e+05  -2.1015070151782e+04  -1.0621498337642e+05   7.7607424199477e+04  -3.8803669807737e+05  -3.0811038881792e+05  -6.3204942180882e+05  -3.4783793520614e+05  -3.1877880461820e+05  -4.7797049563481e+05   2.8909565327827e+05  -4.4678864085161e+04  -1.7157422585349e+05  -4.1740928942331e+05  -2.2138948914714e+04   7.7394251346279e+05   1.3533682726893e+06   1.1044264636590e+06  -2.3166641795911e+04   8.2314676686395e+04   1.3965514145560e+05   6.3098740140363e+05  -1.8108869063935e+05  -3.6345306219854e+05  -2.7170695823108e+05   5.2101892842399e+04  -6.3450725239433e+05  -4.0312648764275e+05  -1.3861113430257e+05  -4.7331019823257e+05  -2.9691785317785e+05  -2.2176895187966e+05   4.8124521166082e+04   4.4458180638005e+05   1.9857570370686e+05   2.9051072107564e+05  -8.8344838052676e+04  -2.3787642387406e+05   3.5328801170862e+05  -4.9393305481356e+05  -3.9595852913167e+05  -1.0195554925429e+05   3.8268130281890e+05   1.6669958202606e+05   1.0844593126578e+05   8.1017439248490e+04  -2.3769996266932e+05   2.1251631758632e+04  -8.9512305524113e+04   1.5561223004532e+04  -1.3515938223775e+05  -1.5689966160005e+05  -1.8542931316706e+04   4.6743723102639e+04   8.8046327155664e+03   1.0907699689714e+05  -1.0459764645073e+04   1.1964604282514e+05   8.1569152359511e+03  -3.6541069926598e+04 
 -1.3107628989067e+05   3.9854790547348e+05   1.4752851136815e+05  -8.8389079177301e+04   3.5100274042617e+05   6.3739774864149e+04   8.2463530836642e+04  -5.3331000663762e+05  -4.0905914455464e+05   9.4666549905172e+05  -2.8652573899746e+05  -2.7475284037509e+05   2.3245471933673e+05  -2.0281497175440e+05  -2.2541327233779e+05   2.6340606939862e+05  -9.5348353785527e+04  -4.9079531189815e+03  -2.5340074544072e+05   2.8328652960630e+05   1.8646062410493e+05  -1.1232903285189e+04   3.4413735436483e+05   5.8281469772689e+05   5.7837290421623e+05  -2.6624028122271e+05  -5.3836719624195e+05  -3.4152513736057e+05   2.3686535580457e+05  -3.2504590869117e+05  -4.4867815579996e+05  -1.5082604763114e+05   2.8604568802099e+05  -5.6574102864680e+05  -1.5820435999379e+05  -3.3452580168146e+04   4.3238509838108e+04   6.2348551707588e+05  -3.5756318912658e+05   5.9296671322122e+05   3.5554337376586e+05   2.4904372335801e+05   1.1081563179725e+05  -2.5335590710200e+05  -7.7670239684426e+04  -4.8834620501453e+05   1.1679446322818e+05  -1.9688403447293e+05   2.8157131698209e+05  -5.2684345336802e+05  -2.0645094448305e+05   5.2750590682772e+05   2.5043429804171e+05  -2.4693292440127e+05  -1.9339171060279e+05  -6.1865128209528e+04  -2.1166576315297e+05  -9.1497242946938e+04   2.0816156149801e+04   8.9089704344851e+04   2.3822212126484e+05  -2.5793434122350e+05   6.0783168662919e+04   3.1117331262902e+05   1.2364678971659e+05  -5.8526695028739e+04   3.0448167152797e+05   3.0427257264478e+05   1.4373929788588e+05   1.8009763100084e+05   1.2037552649206e+05   2.5314938387400e+05   1.7642286689699e+05   2.0173187502741e+05   3.6229513518808e+05   2.6864977648392e+05   1.7192599073266e+05  -7.0354075551975e+03   1.5603657208671e+05   4.3418144295074e+04   9.2672017080565e+05  -1.2509895348702e+05   3.7417105516221e+05  -2.1065775703339e+05   4.4724163165351e+05  -5.5042189872305e+04   1.4705036561337e+05   4.1664662487732e+03  -3.2463677193029e+05   5.8191036724651e+04   1.0511453866760e+05  -1.8212894431226e+05  -2.2113082125065e+05   3.1883011387897e+04  -2.6995080768583e+05  -2.0399298879364e+05  -3.2726196454443e+05  -2.3284445466159e+05  -3.7717770708075e+05  -3.2335794429951e+05   2.1962930891337e+05  -1.8499696811599e+05  -3.0712015008654e+05  -3.8818177816729e+05  -2.1300423655453e+05   4.2480524088776e+05   1.1044264636590e+06   1.4130450413193e+06   2.2584823819996e+05   3.1978510690572e+05   5.6655243411034e+05   1.7651227077577e+05   3.0695859673780e+05  -5.4262102766921e+05  -4.1604780542089e+05  -4.1263372998833e+04  -7.2885107163921e+05  -7.2260851707689e+05  -2.7577090629778e+05  -8.2333032637633e+05  -9.3280263384316e+05  -1.8463764030069e+05   2.5168906011616e+05   4.9387571617700e+05   3.1652759297918e+05   1.7174814784831e+05  -4.3086896288955e+05  -1.9305335993973e+05   4.1413090803140e+05  -5.0678327715750e+05  -1.2636084965329e+05  -5.4286590950195e+04   4.5971175105148e+05   6.1228095306129e+04   3.4540469844792e+05  -1.0991620494750e+05  -2.2404995464484e+05  -1.0735429123796e+05  -3.5751700224712e+04  -3.8993877600483e+04  -6.0939977635369e+04  -1.9702419703754e+05  -2.7457748412255e+04   6.8465639275119e+04   7.8930043106702e+04   5.4858330192702e+04   3.1599983578606e+04   1.1623557352096e+05  -5.3341178062072e+04  -3.8577208119602e+04 
 -1.5028859015956e+05   2.7108559508269e+05  -7.7012387080014e+04  -1.0445533074336e+05   4.9018978300742e+05   3.5521901017456e+04  -2.7635479627774e+05  -2.8435745155263e+05  -2.5006992621579e+05   7.2389226874204e+05  -7.4949847502223e+04  -7.4508153511880e+04  -6.0842331482527e+04  -1.1463255149184e+05  -8.8690856755702e+05   4.9469815722613e+05  -1.3954275415050e+04   5.6338262769111e+04  -3.1434379571958e+05   1.8664164260085e+05   3.5199166016038e+05  -1.2966807874146e+05   2.7829813163464e+05  -5.9719058202125e+04   3.3426307656967e+05  -2.1842347532947e+05  -1.7426607824464e+05  -1.3663747683429e+05  -1.1543690818864e+06   7.0356123331294e+05   2.6076545349550e+05   3.6150763736624e+05   3.3740522506030e+05  -4.9197120033615e+05   1.6498299624005e+05   3.0282670970049e+05  -1.3456812154074e+05   6.9811536104856e+05  -3.4994599520928e+05   2.3400567778344e+05   3.2515262394178e+05   1.4158913676446e+05  -2.9323089782705e+05   4.9441675309059e+05  -2.0650676149886e+05   5.7735311425747e+05  -6.5489056096765e+05  -4.8953841200773e+05   4.0940565639515e+05  -3.6022881779386e+04   3.8121496995628e+05  -9.8574636633301e+05   3.0862566572200e+05  -2.2169388886705e+04  -6.8385714455897e+05  -8.0373164502582e+05   2.4940639108680e+05   3.5578713897110e+05   3.9539423739956e+05   3.0895466644179e+05   1.7867143975825e+05   1.0297104989315e+05  -1.1989587871853e+05   2.0487888750761e+05   1.4886613026892e+05  -4.5189482722919e+02  -3.2856467234556e+05  -3.2845952938725e+05   1.4088199963333e+05  -6.1490484249238e+04  -4.0358102724964e+04   2.2220752998267e+05   2.3704684219733e+05   4.8749957445223e+05  -7.2165041826908e+05  -1.4632167849880e+05   2.1788162047773e+05   1.4953748078000e+05   6.0701904349209e+05   4.7943138691694e+05   8.1412235279080e+04   2.6781878427750e+05  -2.3303404105929e+05   1.7392278978102e+05  -2.7021386468499e+05  -3.5828621763170e+05  -2.3880298315660e+05   4.4424361585375e+04   4.7722612360691e+05  -2.3346743677444e+05  -5.7353741317983e+05  -2.8025553484449e+05  -1.3582852112932e+04   1.1294918648799e+04   2.5424586060467e+05   6.1285571778088e+04  -1.2590711323809e+05  -1.4735570491158e+05  -4.2000395695258e+05   2.2000097339275e+04  -3.4367852511076e+05  -8.1562517579536e+04   5.4035688206488e+05   3.1025568758530e+05   2.4952446024964e+05   1.0466446477875e+05  -2.3166641795911e+04   2.2584823819996e+05   1.4740967702635e+06   2.1651424490436e+05   9.7103578028056e+04   6.5081914547481e+04   7.3102109437416e+05  -6.1018366886854e+05  -7.3936169462025e+05  -2.5419933002877e+05   4.8927939456872e+04   9.9058404079086e+04   1.3346364170860e+05   4.7016983989877e+05  -7.1638980992927e+05   2.5938482435553e+05  -7.0237573056885e+05  -6.9036522435758e+05  -7.0429517739946e+04  -1.6000812677611e+05   1.1609270274076e+05   2.3402556825346e+05   3.9453154986324e+05   5.0643522711906e+05   2.7315786170816e+05   1.3727021118382e+05  -7.3958051752825e+05   2.8891781900087e+04  -4.9072366369731e+05   2.1067786273054e+05  -3.5796353997400e+05   3.9415309215013e+05   1.2209329776594e+05   1.5286134166192e+03   2.9639297423229e+04   1.5976490871487e+05  -1.0221090613473e+05   5.1349245516972e+04  -9.2445092843758e+04   1.7808531867233e+05  -1.0068002428398e+05   1.0373605696089e+05  -1.6308301871563e+05   5.8716555822299e+04 
  1.6061921397533e+03   1.6640580704500e+05   9.0697845821032e+04   1.1437833998794e+04   1.3999234691809e+05  -5.1255410710743e+04  -5.9825974732747e+04  -2.7549240844775e+05   1.8871821617722e+04   2.8761032203576e+05   5.6662096061729e+03  -5.2340275193133e+04  -1.1936245346392e+05  -7.9973293612021e+04   1.4079851007146e+05  -1.1608188970939e+05   5.3961216522278e+04  -5.1730354588235e+05   7.3747129435895e+04   2.0274376053147e+05  -3.7121941621246e+04  -7.3990794535950e+05  -1.1247446459942e+04   3.8592466253236e+04   2.2388360285835e+05   8.1394333607308e+05   8.2667825266584e+04   1.1093171606117e+05   2.9642075991462e+05  -1.0794028021886e+04  -3.0986520116484e+05   3.8149812782862e+05   4.1094736742921e+04  -8.8310005948846e+03   3.6400457182592e+05  -3.9473851533748e+05  -2.3158780961339e+05   3.0158317722820e+05  -1.5982321249747e+05  -2.5878446057920e+05  -1.5262037310078e+04   5.0319709529950e+05  -3.4873203727162e+05   4.0841698248872e+04  -3.1781771152906e+04   3.1755747658884e+05  -4.1930846235748e+05  -2.0070091949214e+05   6.9406349308578e+03  -2.5821668659276e+05  -3.5287138825816e+04   3.1630174828336e+04   3.4443961472989e+04   8.6527966439328e+03  -3.4162389110682e+05  -2.6782146377400e+05   3.3537221137070e+04  -5.1781512969694e+04  -4.3093469878973e+04   5.9566074538048e+04   1.0687141833689e+05   1.4110701967612e+05  -9.1022614866987e+03   6.6191518402507e+05   1.8688267582536e+05  -1.2148447204427e+05   1.2335083618351e+03   1.1796205669529e+03   6.5046009920268e+05  -2.5304276873431e+05   5.5090655982792e+05  -5.9622956545134e+04   4.8742812904266e+05   9.5623286409555e+04  -1.1875580894637e+05  -2.4830971522505e+05  -1.8009766174247e+05  -5.8266398590207e+04  -5.8608138286357e+03   4.2043281971477e+05   5.5695849713862e+05  -2.8095831191031e+05   9.4925941185599e+04   8.2360057396023e+04   2.9480901771210e+03  -4.3743620670282e+05  -1.0152828607270e+05  -8.4925307669028e+04  -1.6792345888594e+05  -2.7088711392844e+04  -3.9494942701534e+03  -4.4133213221656e+05  -3.1801403092044e+05  -1.9660592423378e+05   1.4703456938609e+05   6.5142821244511e+04  -2.9472433670692e+05  -4.9139564819207e+05   5.6169006730372e+05   4.8105383931534e+04   2.7299766673506e+05   8.0636602760948e+04   2.3472190356053e+04  -1.7772594658257e+05  -1.2641813592802e+05  -4.6665523612241e+04   8.2314676686396e+04   3.1978510690572e+05   2.1651424490436e+05   1.2290189881607e+06  -5.5968004760361e+05   3.8743065319182e+05   1.2785934358368e+05   1.4694994802306e+05   1.6245918755428e+05  -2.8850444487370e+05  -1.3640290721628e+05  -2.7697677782097e+05  -1.1892178940536e+05  -1.7809359793448e+05  -6.9503341944491e+05  -2.1658117693527e+05   1.4648939195989e+05   3.3827706756366e+05  -3.7426495341819e+04  -1.3642233347908e+05   2.2561618836284e+05  -6.2677376525906e+04   7.3796435723848e+04   1.8540976939770e+05  -4.4935187496176e+05   2.3725526183586e+04   2.9192446001385e+05   1.6993470202277e+05  -2.8066189481184e+05   1.5454514541567e+05  -3.9879497361535e+05   1.7351461260464e+05   4.7564146504338e+04  -6.3385909490754e+04  -8.0252671705259e+04   1.7709086787257e+04   2.5596158502451e+04   1.4252353356171e+04  -1.0622841965354e+05   1.0865173463402e+05   6.8608662790062e+03   1.1039113827553e+04   9.7476713253156e+03  -2.0500023917429e+03 
 -4.5956144766486e+05  -6.1388572880950e+05   1.1262006388028e+05  -1.9630844551032e+05  -4.9874431157975e+05  -2.1282069321130e+05   4.6303246000145e+05   1.0753652132994e+06  -3.8625876640431e+05   1.0300228767848e+06   1.5117166921283e+05  -9.3681815267277e+05   1.2757352023130e+05   3.5292808510281e+05  -8.8759277842032e+05   8.5735393394247e+04  -8.2663153903681e+05   7.3358292411845e+05  -8.5436158328909e+05   8.5889821385669e+05  -2.0704447485037e+05   2.8587266835328e+05   8.9993414162240e+05  -8.0021717700352e+05   7.6865796507347e+05  -1.9878717526298e+05  -4.9972488933943e+05   1.0554089788762e+05   2.6543673696856e+05   3.8743567336975e+05   1.8949840279493e+05  -8.2090042107103e+05  -7.8307177978244e+04  -5.4545690540815e+05  -8.6699771366920e+05  -2.9715841722834e+04   7.6632470535179e+04   5.2642371149647e+05   3.3712284307611e+05   4.5744617295540e+05   4.1651213099172e+05   1.0751774353813e+05  -9.8222271853906e+05   4.2213985066066e+05  -4.4021364541957e+04  -1.3139953480600e+05   9.7535250466139e+03  -5.2322670778553e+05   5.4112113029364e+05  -1.5016786874084e+05   7.8524987503080e+05  -1.5127925597830e+05   2.5499368587391e+05   2.2555072955007e+03   2.8674531143803e+04   3.3037481554282e+04  -4.8500982558210e+05  -1.0603772382502e+05   1.0031049040083e+05   1.9163769819335e+05   3.8812983020483e+05  -8.2651330827075e+05   5.4300260331556e+04   4.5506047414739e+05   6.1177326401850e+04   5.9715052516779e+05   5.3994825466062e+05   5.3965125095564e+05  -2.9929731870272e+04   3.9035463597743e+05  -4.0630290534742e+05   7.4404946111225e+05  -2.1695827144697e+05   4.5778351982190e+05   3.9613379680694e+05  -1.6062279837284e+05   4.1345226208604e+05   5.2930298114323e+05   5.3344230555180e+05  -5.1301410065129e+05   1.1188611677341e+06  -5.2977362826328e+05  -1.9624356890182e+05  -7.8656201351836e+04   1.0072320886675e+05   8.6268224982015e+05   2.0652658396003e+05  -2.0825918270604e+05  -3.1885123998279e+05  -4.6496427732957e+05  -1.5863159595858e+05   9.9817688531061e+04  -2.7221812725866e+05  -7.7915817837690e+04   1.4707739640496e+05  -8.8591421152669e+05   4.6099286019566e+05   3.5045709568936e+05  -4.0125290365602e+05   3.9068887402800e+05  -9.2393606554158e+05  -3.2899321109386e+05   4.2466333476054e+04   1.7958493918238e+05  -1.2817059820164e+05  -2.6742980590091e+05   1.3965514145559e+05   5.6655243411034e+05   9.7103578028054e+04  -5.5968004760360e+05   4.7625338080560e+06  -5.6838317789663e+05   7.3292836241030e+04  -5.9551290321638e+05  -2.3595564877006e+05   4.3823404211420e+05  -3.9066247354289e+05   2.7028315208537e+05  -2.8931987749116e+05  -8.4789011648626e+04  -1.0149761896817e+06   1.1922031772214e+05   7.0515280525802e+04   1.0065181789365e+06  -1.6688990413094e+06  -6.8522058945430e+05  -1.1401375851620e+06  -7.5009364978454e+05  -2.6834728564196e+05  -1.0218972253518e+06   1.7311947427110e+06  -2.9970731898862e+05  -6.4627907500273e+04  -3.7819102584096e+05   1.3310443505778e+06  -1.5538715506315e+05   5.9576968565227e+05   1.4407778735201e+05  -1.9392667415343e+05   1.1246018288639e+05  -6.1952419698502e+04  -4.8546841926826e+05  -2.0123508290477e+05   1.9710323218589e+05   3.9267750739908e+05  -2.6363056482186e+05   1.2552976415641e+05   1.0458996998216e+05  -9.1546725943509e+04  -1.6571812548642e+04 
  2.9686877324625e+05  -1.9360423302782e+05  -1.2452389320676e+05   4.2482327547210e+05   6.3211979417020e+05   4.2331521649470e+05  -1.5652804850448e+05   3.7099640671683e+05  -9.0545894670735e+05  -1.9750943652191e+05   6.0538464023976e+05  -4.7265645823468e+05  -3.2011445876211e+05   5.7892970061849e+05   6.5452058570081e+05  -4.6340787765402e+05   7.1097896492875e+05  -1.6568894357785e+06   1.0539417716616e+05  -3.9024963648944e+05  -1.7603357387587e+05  -5.0407832757946e+05   1.5547392638266e+05  -1.0460463945292e+05   1.2581097165484e+06   3.1553157199972e+05   4.2741606831052e+05  -4.9180379477879e+04  -7.6615818796558e+04  -4.4458746176442e+05  -4.3678426620991e+05  -6.6148255091055e+05   3.6566403334463e+04  -8.2353664144403e+04   1.9084252472365e+06  -4.4444038478957e+05   1.8686664187472e+05   5.0429379271861e+05   1.6527354855779e+05   4.0645410306599e+04  -4.1185753224757e+05   3.7599394258801e+04   1.9878307284204e+05   1.0601915414692e+05  -7.7886689776357e+04   2.0969338000943e+05   4.4302516545928e+05   2.8248221372553e+05   1.1622048917325e+05   1.4250240866231e+06   1.5847272010059e+05  -9.3526601860140e+05  -1.1345679787729e+05  -2.2269095292064e+05   4.7585317477252e+05   9.6151780880004e+05   7.6724874110432e+05   5.7679194536340e+05   2.2663115154523e+05   7.8270297212458e+04  -2.4173807195570e+05  -9.2488243474336e+05  -7.1886789047578e+05   2.5104867446210e+05   2.2489373106335e+05   4.3308517685718e+05  -1.7188858915157e+05  -1.7232699015652e+05  -5.5191077976427e+05  -1.9926677024082e+05  -9.2158886469386e+05  -3.9488878090279e+05  -8.1254493679846e+05  -4.7964433981120e+05  -4.7192329382131e+05  -1.9218738238724e+04  -1.8360273184018e+05   7.9649593209088e+04  -5.5853711895841e+05  -7.2353517626248e+04  -5.1049987350754e+04   8.0604013395273e+05   6.6361970720745e+05  -1.4847499571636e+04  -8.8929151277852e+04  -7.3778609237357e+05  -8.6078366969579e+04   2.9839418882984e+05   1.3211352722257e+04   2.2804685305188e+05  -2.2132513696701e+05  -4.5196758670726e+05  -9.6312991127685e+04   6.7457656865552e+05   6.2493809746637e+04   2.6763060620641e+05  -7.5022634858282e+05  -1.9950140097185e+06   3.4675921925346e+05   1.6422922151427e+05  -1.5899069123650e+05  -4.8459603497966e+05  -6.5049020847205e+05  -1.3081518626217e+06  -3.1034919399155e+05   3.6751941215336e+05   6.3098740140364e+05   1.7651227077578e+05   6.5081914547478e+04   3.8743065319182e+05  -5.6838317789663e+05   5.0165506665706e+06   1.0070325435520e+03  -4.2454870850063e+05  -3.5867017677468e+05   5.0475824720022e+04  -2.3090468852917e+04  -3.4186274392655e+05   4.6977149727757e+05  -3.1605968775741e+05   4.9937040768741e+03  -2.2129083441723e+04   3.4437394543106e+04   3.5274361257048e+05   2.3596388940374e+05  -9.0146050770417e+05   6.3267221250118e+05  -3.1678760869839e+05  -9.8780499623721e+05   9.4365800717461e+04  -1.3635061466810e+06   2.7270006429206e+05   4.2770025121585e+05   2.9040951975799e+05  -3.3289296347435e+05   8.1382524886058e+05   2.4836988365730e+05   5.1803362150186e+05  -2.7135400389213e+05   2.8362015767897e+05  -1.8316988713891e+05  -4.9180682400919e+05  -9.3089325981749e+04   1.4744401994455e+04  -1.3978387013325e+05   2.1576724602288e+05   1.5790473554803e+05   1.3884611462932e+04   2.7130720320397e+05  -1.1053575995017e+05 
  2.3062542867206e+04   1.7741926517689e+05   2.9129133692318e+05  -8.3452906968937e+04  -4.8090083074199e+04  -3.3349670701506e+05   4.0462901509920e+05   4.7842160809405e+05  -1.1218372626272e+06   2.4618269943751e+05   6.5546808452669e+03   2.6529339105479e+05  -6.1301468754247e+04  -2.3073623178655e+05  -7.4732307723126e+05   1.4366207690352e+05   1.4745738187738e+05   3.1236277537100e+04   3.3990419900559e+05  -6.1299376876733e+05   5.3599687024217e+05  -3.8546864640111e+05  -3.7218974070099e+05   5.5663018897608e+05  -2.5143639757865e+04  -1.7632726150808e+05   4.0117123924300e+05  -3.8913738205946e+05  -1.8895352448211e+05   4.1874148068496e+05  -1.2683469679290e+05   1.8814585316862e+05   1.5115691770785e+05  -2.9173202925783e+05  -1.2957756784853e+06   7.3084505722351e+05  -6.0047854761853e+05   9.2895757508545e+05  -9.9473967877862e+04   1.6364720407848e+05   3.8650532711344e+05   3.6943221801283e+05  -9.1490528042075e+01  -4.3135061049156e+05  -1.7840741384515e+05   3.2235820157715e+05   2.8593671511895e+04  -4.0898217568277e+05  -2.6656135023669e+05  -3.1621579246579e+05  -2.3663344714226e+05  -5.7322057422386e+05   1.4293939811463e+05   3.8856394323231e+05  -6.4534969762614e+05  -8.2522319397385e+05   3.5062657071739e+05   5.7527708502076e+05   6.8894734882235e+05   6.1394439474471e+05   5.0418457498035e+05   2.7715204679128e+05  -1.8609089357848e+05   5.7816164059559e+05  -4.8822367023431e+05  -1.7355262993284e+06  -2.6581929635721e+05  -2.6555035854948e+05   5.5931902867940e+05   2.4929496146103e+05   3.4498424397067e+05  -3.2852298218841e+05   2.5525342822312e+05  -4.5117732107789e+05  -4.4863769646280e+05  -1.7086611740448e+04  -7.2809425209737e+03   1.3961064809725e+04  -1.0988325523329e+05   6.6609508959572e+05   6.1937932455667e+05  -2.5181427281424e+04   1.5579808895034e+05   2.5106370771228e+05  -2.5239850845341e+05  -2.2765083781483e+05  -1.4762730858412e+05  -3.8205580912286e+04   1.4551527298332e+05   2.8801561805503e+05   1.1257432419442e+05  -5.5472022942264e+05  -1.6090366553889e+04  -8.7852920157447e+05  -3.3278318098057e+04   4.2228987196399e+05   1.9230784794274e+05   2.2233587380270e+05  -5.5886179198736e+05   4.6081507056545e+05  -2.9168958826019e+05  -3.6272460266971e+05  -6.9813193100267e+05  -3.2826739293737e+05  -2.0620307063775e+04  -2.1440172150771e+05  -1.8108869063935e+05   3.0695859673780e+05   7.3102109437416e+05   1.2785934358368e+05   7.3292836241032e+04   1.0070325435516e+03   2.8683666144161e+06  -2.3100807718776e+05  -2.7447755328677e+05  -2.2914892440463e+05   3.3948779195701e+05  -3.0557017106809e+04   2.3804742715879e+05  -2.2452896249265e+05  -1.3219229439736e+06   3.1360864767900e+05  -1.7588939551275e+05   4.2013695387947e+05  -6.0416982840500e+05  -1.3023556028060e+05  -3.0033768444688e+05   1.4326826630936e+05  -1.2293288999911e+05  -3.9141836367719e+05   1.3954209125724e+05   2.9781629576867e+05  -4.8452941655733e+03   1.2972840258375e+05   5.6799283491957e+04  -2.5291968880056e+04  -3.6690849043548e+04   2.2052529461906e+05   1.4555063593720e+05  -3.1053340415767e+05   7.1688280625975e+04  -3.2912056084049e+04  -1.7886662692387e+04  -6.5804219944415e+04   1.1941005269354e+04   2.2715148962745e+04   2.7452630516732e+05  -1.9951594316935e+04   1.6680736270525e+04  -5.6171130046180e+04 
  3.7513364528610e+05  -3.3278858085301e+05   1.1988648995627e+05   1.9701157489459e+05  -5.2389626612658e+05  -2.5754984507226e+05   4.1666985778840e+04   3.8688663177335e+05   2.6481996085957e+05  -5.7320818320458e+05  -3.9260404262313e+05   9.8139172892534e+05  -1.1950525634888e+05  -4.6725150051672e+05   4.7984841686351e+05  -3.5026496713117e+05   2.6888157407202e+05   1.3149443281700e+05   3.4546625666648e+05  -1.9679264838111e+05  -3.7959069837597e+04   1.2554631731246e+05  -4.7955059111318e+05   5.1175104451440e+05  -3.3991416192201e+05   3.8174752587471e+05   3.8874020867577e+05   2.0397661469814e+05   4.9865997277914e+05  -3.8023990187301e+05  -4.1022762249613e+05   2.5394732081812e+05  -2.7553658159904e+05   4.9171205174191e+05  -1.6467654775243e+05  -2.4374887092519e+05  -1.8240671776192e+05  -4.6604871669454e+05  -1.1462498888124e+05  -4.6594332913253e+05   1.3100954865493e+05  -2.0516355652179e+05  -3.0836401345751e+05  -1.6334532660200e+05   8.8348794805172e+04  -2.4678525772397e+05   3.5474981121078e+05   2.6708039313539e+05  -4.9971928942770e+05  -4.6496702234495e+05  -3.0067238644714e+04   7.2224520495627e+05  -3.9238517933308e+05  -3.4374517278702e+05   3.1881678786932e+05   3.8243314897419e+05   2.0409723288755e+05   1.3806547194501e+05   3.9926966617270e+04   7.3567191673520e+03  -3.6375084698108e+04   3.4666248971192e+05   1.8850898065346e+05  -8.9058318673284e+05  -1.3524319314761e+05  -7.2353346457835e+05  -1.2216356716371e+05  -1.2196192822554e+05  -4.0492942919523e+05   5.4928695844288e+04  -1.5923063439781e+05  -2.2785528089951e+05  -3.4121182780845e+05  -4.2760054154084e+05   2.1394779098708e+05   1.6930266949521e+05  -7.8603129247575e+04  -2.0697251924236e+05  -4.5773599616065e+05  -1.8902488187616e+05  -4.1751241061278e+05  -1.5762391344549e+05  -1.1067126847012e+05  -1.6431794673713e+04   8.3271813081435e+04  -2.0548924771518e+05   3.3574334456079e+05   1.2647469184322e+05  -1.6898159283648e+05  -7.2408868788239e+04   4.2139444226039e+05   6.1795339992608e+05   4.0066663912537e+05  -6.3157678804258e+05  -6.3834679036953e+05  -7.7660521033060e+04   3.3025533653838e+04   5.0880328546982e+05  -2.3343396587986e+04  -4.7829391764985e+04   3.4751394610809e+04  -8.9521433291844e+04  -4.8480819397058e+05   1.7861108027369e+04   1.1212844821972e+05  -1.9714386369675e+05  -3.6345306219854e+05  -5.4262102766920e+05  -6.1018366886855e+05   1.4694994802306e+05  -5.9551290321638e+05  -4.2454870850063e+05  -2.3100807718776e+05   1.5494407847611e+06   1.5148157997415e+06  -2.1875305337795e+05   5.4593128931389e+04   2.3447852902654e+05   1.3354356976089e+05  -3.5586807719746e+04   6.1464045380365e+05   2.1530129717016e+05   4.2686742560183e+05   1.9787469318582e+05  -3.4483935654169e+05  -2.2351263926537e+05   2.6938750464744e+05   1.7175460790091e+05  -4.8615271318041e+05   1.2877267613735e+05  -2.0031756924093e+05  -6.5858425902971e+05   3.2099789225745e+05  -1.7564738505430e+04  -1.1250926030715e+05  -1.8826387213805e+05   2.7070112044320e+05  -2.4630509526873e+05   8.8152921659151e+04  -1.6574114217006e+05  -1.0835926439148e+05   2.0352010571813e+05   1.6284855789832e+05  -5.7815436842834e+04  -1.3511317072967e+05  -8.9192430433636e+04   1.3782057850600e+05   2.2899918137835e+04  -1.4354809506675e+04   7.7655643298583e+04 
  3.8807584349475e+05  -4.1559202360899e+05   1.7090146430792e+05   2.3200296698568e+05  -6.1860126610004e+05  -3.0116651612123e+05   5.2614762263186e+04   4.8580080732811e+05   2.5166830747223e+05  -4.6051326448343e+05  -4.1106342719882e+05   8.9725603871929e+05  -9.8940687726908e+04  -4.0163561456747e+05   4.7947699971208e+05  -4.6596687440868e+05   1.9412252000601e+05   7.6727685678635e+04   3.5400760836163e+05   2.7947903393854e+04  -1.6067708956631e+05   1.3534896204638e+05  -4.3401890846647e+05   5.1703637183152e+05  -2.4710061759224e+05   3.1069805301395e+05   2.8802692199705e+05   2.6126174498206e+05   7.9912985122927e+05  -5.1768810898320e+05  -4.4367624647449e+05   1.8121485571021e+05  -3.3573502237102e+05   4.5233645161077e+05  -1.5884189217273e+05  -3.4609221646752e+05  -1.5366979032512e+05  -4.4660279368335e+05   2.3550853168897e+04  -3.7024732942460e+05   7.8870352806073e+04  -1.9666781755131e+05  -3.8122999153087e+05  -1.6691721076956e+05   9.3174270621604e+04  -3.2011821519648e+05   4.5617156287187e+05   2.9606556457093e+05  -4.3680887732007e+05  -4.5165061939993e+05   2.3653079839988e+04   8.2930486802670e+05  -4.4521940319809e+05  -2.6820814797648e+05   3.2236402886130e+05   4.6781032065388e+05   1.3092569542991e+05   7.7192432940583e+04   7.6384418993780e+03   1.1715919712270e+04   2.8805006363904e+04   2.5274519156357e+05   2.4588123777355e+05  -7.6080321653599e+05  -1.2288376343384e+05  -6.1835780800395e+05   1.0390597557241e+05   1.0405536815868e+05  -3.5291514510082e+05   7.3952776845889e+03  -1.5144234363816e+05  -2.0480276380388e+05  -3.1721225863781e+05  -4.3232617286519e+05   4.6230998461682e+05   7.3925492790138e+04  -1.4950490216939e+05  -1.8651742576132e+05  -4.9636674538140e+05  -2.8959687759863e+05  -1.5619439933944e+05  -3.3158373395283e+05  -6.2476593374084e+04  -6.4586013358899e+04   2.1486455146407e+05  -3.9565597200233e+04   3.8048842824583e+05   5.7700743518578e+04  -3.7742500887352e+05  -5.2126743084608e+04   4.2600675945855e+05   6.2489170424054e+05   3.1486494502070e+05  -6.4103050613859e+05  -6.5899948624049e+05  -1.3037208964309e+05   5.5182346147743e+04   3.6107694616281e+05   8.4718820615381e+03  -7.2829031226667e+04   1.9065382795066e+04  -9.6134527516042e+04  -5.4896619336215e+05  -4.6348870625921e+04   6.2712257886324e+03  -2.4540349840690e+05  -2.7170695823108e+05  -4.1604780542089e+05  -7.3936169462025e+05   1.6245918755428e+05  -2.3595564877006e+05  -3.5867017677468e+05  -2.7447755328677e+05   1.5148157997415e+06   1.5595763486314e+06  -1.4343642142026e+05   1.0136271566273e+04   1.9434755680401e+05   7.1120211062739e+04  -1.6528691842548e+05   5.0288898462543e+05   2.2145147078866e+05   6.3055716023650e+05   4.7739186479822e+05  -4.2428791968684e+05  -2.9912938402157e+05   1.6849323258310e+05   7.5614110950849e+04  -5.4734850080888e+05  -1.8204019263836e+05  -1.7856795052784e+05  -7.9627714645893e+05   4.8072188190287e+05  -4.5300159197692e+04   8.2774606065303e+04  -2.1214085578865e+05   3.3925052492047e+05  -1.9484305774041e+05   5.2366621910479e+04  -1.4101098546218e+05  -1.3101356824230e+05   8.1890596268577e+04   1.5107987811027e+05  -4.7939140321571e+04  -8.4397651169803e+04  -1.1853247925920e+05   1.7560661201371e+05   1.6075387477039e+04   1.3100035719570e+04   5.8446972059582e+04 
  3.6749946002581e+04  -8.6291185431557e+04   5.1187606075853e+05   2.3432517514156e+05  -2.9838181381054e+05  -1.1540218545061e+05   2.8978164528666e+05  -5.6189877239102e+04  -1.7045670848676e+05  -6.4622858115388e+05   2.6189153813449e+05   2.6398229950103e+05  -1.7784387823403e+05   4.0793000528453e+05   1.0734978922741e+05  -1.7741115889720e+05  -7.8540063023181e+04   3.7340145743593e+05  -7.3172729463511e+04   2.3882698285514e+05  -1.3946100794025e+05   8.7838367103086e+05  -9.1859455221403e+04  -1.9447926737192e+05  -1.4787531396709e+05  -7.0231143707359e+05  -2.7836685472418e+05  -2.4511790737438e+05   1.8479898573175e+05  -3.3761301151811e+05  -2.1601245853144e+05   4.7239460062467e+05   2.8597290487111e+05  -1.5009584016252e+04   7.4571065282331e+04   5.2316634094981e+05  -1.2684880065209e+05  -3.8034382386539e+05  -3.8895840525265e+05   3.5846753242129e+05  -4.4711747166417e+05   3.7600003609253e+05   6.7631449792210e+05  -4.2031844865912e+05  -5.9165072521953e+04   6.9206027680320e+04   8.9781443454049e+05   4.2993108950896e+05  -6.2490306391697e+05   1.9897392303081e+05  -5.4795933387745e+05  -4.0931917341065e+05  -9.0880533504039e+05   6.9658528340315e+05  -6.5825882573099e+05  -4.5526736370839e+05  -3.8431806936174e+05  -4.6672740336693e+05  -3.1101621447604e+05  -2.3586577500592e+05  -5.4902507356128e+04  -5.2317173718503e+05  -2.6838010732407e+05   1.6104082984759e+05  -8.0005237797780e+02   7.3167139676731e+05   4.3518647391450e+05   4.3550838837510e+05   3.4467711422368e+02  -4.9731787695411e+05   6.5944072284554e+04  -3.7982903304989e+04   1.0185060995170e+05   1.4323700160715e+05   5.4539151397947e+05  -6.0564746893203e+05  -3.5571427484723e+05  -5.0503679115130e+05  -1.3282128374641e+05  -3.4334819726783e+05   3.2457827703869e+05  -3.0987798581897e+05   3.9188426511848e+04   2.9646959722565e+04   3.9897080013167e+05   3.6325517929129e+05   3.1319130485875e+05  -1.3130206408862e+05  -4.1117633016478e+05   6.4786895137960e+05   1.0324311664472e+05   5.0175937999983e+05   3.6890979991860e+05  -4.4016446067720e+03   1.9994558707553e+04   6.6130230022086e+05  -2.5865754502026e+05  -3.3298381577708e+04   3.3172555190386e+05  -6.6632198878549e+05  -1.9819462298341e+05  -4.4719699398118e+05  -1.3258749312539e+05   5.1801484317927e+05  -1.4456929666682e+05  -5.0296718504827e+05   5.2101892842399e+04  -4.1263372998834e+04  -2.5419933002877e+05  -2.8850444487370e+05   4.3823404211420e+05   5.0475824720022e+04  -2.2914892440463e+05  -2.1875305337795e+05  -1.4343642142026e+05   1.7526798003978e+06  -2.8744092247123e+05  -1.0614655431739e+05  -3.3770969919981e+05  -3.2296538348420e+05   5.9650401618100e+05  -2.7198614465606e+05  -1.3355947657885e+05   1.8481893327868e+04   5.6924298931378e+05  -7.0317074747591e+05  -5.6439947528319e+04  -6.5989754052997e+05   7.9016991205824e+05  -2.1404434352937e+05  -9.4135254170753e+05   8.4564995169234e+04  -3.0050647039833e+05   1.8929190735201e+05   5.0126989126610e+05   7.5479440732450e+05  -9.2933396350515e+05   6.7166159904122e+05  -2.2947453600365e+05  -1.5578205888418e+05   1.1374424998946e+05  -4.2586160931371e+05   9.1014395172322e+04  -2.7233137968824e+04  -7.7134905384260e+04   1.4661310128205e+05   1.7260204467257e+05   2.8003949188348e+04   2.4128708718882e+04  -3.9089833059320e+04 
  1.2132978496363e+05  -4.0687350055736e+05  -2.6099513626327e+05   8.6676615247200e+04  -1.0639200290950e+05   3.3598384632629e+04  -1.3282347963769e+05   5.1412217356947e+05   1.7239150549624e+05  -6.0823870066901e+05   2.5960722123033e+05  -8.8983395135859e+04  -1.2387572560030e+05   3.0512898800530e+05  -1.0164368718396e+04  -4.4505062611919e+05   2.8917959483185e+04  -6.5916050329834e+05   5.9265166600155e+05   1.2792907056788e+05  -4.4245657952670e+05   1.0650169201476e+05  -5.0474881023586e+05  -2.9254260507840e+05  -5.7697080631166e+05  -1.4950088162451e+05   8.7283331119712e+05   4.5417756204080e+05   6.5370109061093e+03   2.5257176286726e+05   6.2903120159832e+05  -8.9619643452511e+04  -5.4734053501197e+05   3.4472287340656e+05   1.0628237411312e+05  -1.3130474522662e+05  -7.6000020109411e+04  -7.7311841968017e+02   7.9304486506695e+05  -5.0382029118870e+05  -3.7476260374192e+05  -2.5757222476058e+05  -1.0784803997054e+05   3.4705661757085e+05   1.3995866816967e+03   8.3955516024754e+05  -2.7798571165529e+05   8.6183008785865e+03   1.8284808846649e+05   4.6446014376590e+04   4.9174609438696e+05  -3.0544509035809e+05  -1.3371060619060e+05  -1.5726683387399e+05   2.7386659868089e+04  -7.0084244321779e+04   2.3082256982693e+05   1.2116740646623e+05   7.6186474781522e+04   1.3361707740346e+04  -1.3846042944124e+05   1.8233356675986e+05  -1.3779394365169e+05   3.2340692124376e+05  -4.9605868341456e+04  -6.5879180851948e+04  -2.4724331016184e+05  -2.4717702951936e+05   2.0895444728687e+05   8.5306153447342e+04   1.3846836455330e+05  -1.5582247621158e+05   3.3633039994882e+04  -2.0946296528677e+05  -5.2911628971239e+05  -2.0762434717877e+05  -2.0021028242598e+05   2.1046136666802e+05  -2.1197711684077e+05   5.7769105913518e+04  -6.0948316526986e+05   7.8126968470282e+02  -1.2547318549745e+05   9.4085914748215e+04  -6.0710437696845e+05  -6.5588349446066e+04  -2.8052795276918e+05  -8.0939067723339e+04   2.1647965070417e+05   9.0370597676517e+04  -2.2107552043243e+05  -1.9826726124468e+05  -1.4744803258341e+05  -5.5734023461169e+04   3.3588840133055e+05   3.2018726316365e+05   3.6889545739698e+05  -4.6807361906704e+04   1.8659680438518e+05   3.3935133138238e+05  -1.6524227232478e+05   3.4869453407135e+05   4.2283123058255e+05  -1.4571803709842e+05  -1.0231588521451e+05  -2.2682350295520e+05  -6.3450725239433e+05  -7.2885107163921e+05   4.8927939456873e+04  -1.3640290721628e+05  -3.9066247354289e+05  -2.3090468852921e+04   3.3948779195701e+05   5.4593128931388e+04   1.0136271566272e+04  -2.8744092247123e+05   1.1672649962165e+06   5.9908322870128e+05   4.4734400508707e+05   5.7099970048081e+05   1.2025559567931e+05   4.6173669827578e+05   1.5256590883385e+05   2.6545652634133e+04  -2.4992021685247e+05  -7.6135061632752e+04   1.7346267466000e+05   2.4620694352071e+05  -8.5647118783073e+04  -5.2548854207169e+05   5.5932504121372e+04   1.2296954114533e+04  -1.6801966448725e+05   7.7635491289336e+04  -3.0453788374932e+05  -3.7319473308796e+04   4.3336469971717e+05  -2.6802272788410e+04  -1.4083242824967e+04  -3.5515541130933e+03   7.3187784144527e+04   2.5808045178810e+05  -3.9263314022502e+04  -9.5642710990603e+04   8.9900641295081e+04   7.5104025890669e+03  -4.3134004883163e+04  -1.4231258242466e+05   1.2563916556170e+05  -2.9469042628781e+04 
 -3.0510209207009e+04  -5.6418864526928e+05  -3.6491100199054e+05  -3.9763873897434e+04  -2.3802568526146e+05   3.7204523109904e+04   1.1164590087957e+05   7.5343401845330e+05   3.5661823273788e+05  -3.1905244367508e+05   1.2649899146000e+05  -3.4156349488832e+04  -6.1337594370989e+04   7.9245645177411e+04  -3.2414699094980e+05   1.8444200035461e+05  -2.0979421993011e+05  -1.6264027517523e+05   5.4819723601805e+04  -1.4007122898643e+05  -2.7803427148641e+05  -2.6506375223463e+05  -2.8882263484873e+04  -1.7779764301913e+05  -4.6124757503922e+05   4.3526267407971e+05   8.4876058181063e+05   4.4266543083988e+05  -3.4654175115562e+05   1.6696537317791e+05   1.7864683485627e+05  -1.6273360247349e+05  -2.8447425474250e+05   2.3565065245983e+05   1.0605058627456e+05   1.4298626067134e+05   1.6736506805270e+05   1.0680025467152e+05   1.7358792743282e+05  -1.3407943783027e+05   1.7706638758227e+04  -3.2241828050913e+05  -5.0398877826629e+05   2.4237435821593e+05   8.5305412151465e+03  -2.5691811071093e+05  -4.7069911021680e+05   4.7642604735893e+05  -1.5059465500234e+05   3.1403047018501e+05   1.1954442351541e+05  -1.0701494243579e+05  -1.4833708197837e+05  -6.4628725545354e+05   3.2126079275993e+05   1.4331992876415e+05   3.6813687760216e+05   3.5557215898631e+05   2.2268261287606e+05   6.8934547226372e+04  -1.7905249627126e+05   1.6372965557553e+05  -1.0096717159544e+05   6.5168358614092e+04  -1.6742210941372e+05   2.2089549493078e+05  -4.2523335027332e+05  -4.2511340849162e+05   1.6178525789580e+05   5.2086800469343e+04   1.3888440811597e+04  -1.6120925099880e+05  -2.7548168611198e+05  -2.1349047577634e+05  -4.4049602840888e+05  -2.9641317188252e+05  -7.2802203821200e+04  -1.3794053372590e+04  -3.7110173170172e+04  -1.5321036177649e+04  -4.6099305430900e+05   8.8226599091582e+04  -5.5127700490941e+05   1.1245832014480e+05  -4.2954816332474e+05   4.8826442787802e+05  -1.1599313506222e+05  -1.6304461495821e+04   1.6283269741357e+05  -3.6858324164545e+05  -1.4121052060460e+05   9.7975116110593e+03   4.7527589944315e+03   2.2723834764413e+04  -1.0624934867875e+05  -1.4281754346783e+05  -2.8330213303214e+05   4.3979107116975e+05  -1.5282131737138e+05   6.1095551985698e+04  -4.5581917366538e+04   4.4355512974277e+05   4.8370951148000e+05   3.4813587742413e+05   2.7433214157188e+05  -1.6554523398880e+04  -4.0312648764275e+05  -7.2260851707689e+05   9.9058404079089e+04  -2.7697677782097e+05   2.7028315208537e+05  -3.4186274392655e+05  -3.0557017106807e+04   2.3447852902654e+05   1.9434755680401e+05  -1.0614655431739e+05   5.9908322870128e+05   1.4451705174778e+06   4.1798859901971e+05   1.3335280940770e+06   5.4969971215731e+05   4.8134054935972e+05  -5.0238207099384e+05   1.2831292596350e+05  -1.3281838495472e+06  -4.2589860099547e+05   1.3205421737866e+05  -2.1183212810805e+05  -1.0527295902935e+05  -3.3696293268950e+05   7.0970414776255e+05  -5.9436784093288e+04   8.5620611578890e+04  -8.9609923862912e+03  -7.1130854703699e+04  -1.8972851473481e+05   1.2468846200647e+05   5.0313247646634e+05   9.3235761481370e+04  -9.1059173312814e+04   1.2627417161193e+04   4.3957139880076e+04   3.0064065227220e+03   1.3492598528139e+04  -6.8509729504383e+04  -8.5109168570983e+03  -1.2479058285267e+04  -1.7894135847466e+05   4.6739246444648e+04   4.1364918443253e+04 
  1.9239673289695e+05  -5.6358135649601e+04  -2.8706931934733e+05   1.4726131104398e+04   1.8389396124548e+05   8.0416264756674e+04  -2.2772772485901e+05   1.9483993087525e+05  -2.5528073082804e+05  -1.6484401748491e+05  -2.8672683084200e+04   7.1006937232421e+04   3.4866338604142e+04   2.2273249735409e+04   6.9298326665226e+04  -3.2188426479251e+05   2.9687119014254e+05  -7.7869336922713e+05   4.3631580257500e+05  -1.8885238201654e+05  -1.3354228217551e+04  -2.9699739800551e+05  -2.9001075113360e+05   3.8293604835781e+05  -1.1151518715269e+05  -9.1911241689204e+04   6.2449983945257e+05   5.7570652406470e+04  -3.9067558487068e+05   1.5886983398821e+05   3.1387845125344e+05   1.5667633028046e+04  -5.5469544076944e+05   2.8323438588652e+05   1.6636826932806e+05   8.6250420614533e+04   1.4402967605081e+05   1.3446951539052e+05   4.8350646987818e+05  -3.6058753701529e+05  -1.4308346938643e+05  -4.7066456239826e+04   8.6775476149234e+04   1.8404768313812e+05  -3.7763466744502e+04   2.3808695855181e+05   6.9979349420260e+04  -7.0402452724100e+04   1.5619833032701e+05  -4.0849866309027e+04   3.4207239880886e+05  -1.6633529776151e+04   1.9499953524413e+05  -2.5594253473445e+05   5.1273896870466e+05   3.9873064013618e+05   3.4850801343994e+05   2.9519452918354e+05   1.6576967212615e+05   3.0009015565005e+04  -2.0896444436067e+05  -1.7351216096669e+05  -3.8266631086467e+05  -2.1028983703679e+05  -3.2279847102193e+04  -4.8210922517271e+05  -4.4022362767556e+05  -4.4019163902610e+05  -1.4633286264664e+05   2.8749107052961e+05  -1.9242745026088e+05  -9.1410154372126e+04  -3.0675425209661e+05  -2.3860374859079e+05  -4.5497568387053e+05   2.1203472636570e+05   1.0068529377486e+05   3.7156300129466e+04  -1.3722182171678e+05   2.0641487353295e+05  -6.1388427351552e+05   3.2721073093532e+05  -2.7550387917074e+05   1.2446747252715e+05  -2.8290574275653e+05  -3.7133726899052e+05  -1.9812152957027e+05   1.0062202267148e+05   3.1389022173070e+05  -3.6440178914373e+05  -1.1808433431373e+05  -2.4840474871216e+05  -9.1553252405462e+04   3.6611860567288e+04  -7.2315228814245e+04  -1.9828986615548e+05   8.0789707196897e+04   3.3503467232999e+05  -2.9599381296559e+05   2.9525183068994e+05  -2.7859165789087e+04   2.8835507951041e+05   2.1860306310756e+05  -3.6877558226155e+05   1.1020566753789e+05   1.7813072839248e+05  -1.3861113430257e+05  -2.7577090629778e+05   1.3346364170860e+05  -1.1892178940536e+05  -2.8931987749116e+05   4.6977149727758e+05   2.3804742715879e+05   1.3354356976089e+05   7.1120211062740e+04  -3.3770969919981e+05   4.4734400508708e+05   4.1798859901971e+05   7.5333461020103e+05   3.1399985310752e+05   1.3293808555815e+05   1.8658091230116e+05   6.5400923802881e+03   2.7019207821790e+05  -4.2628132097544e+05   1.2703962767936e+04   1.4336675809624e+05   3.1012124553083e+05  -4.2966254134022e+05  -1.1058458975438e+05  -1.0648587446441e+05   9.3633764372211e+04   2.1940974475634e+05   3.9302369794207e+04  -3.6038998483163e+05  -1.2558780710020e+05   1.7067174176630e+05   7.4606808200570e+04   4.2243980325940e+04   1.8793035853738e+04   8.6980292076097e+04   2.0358902575042e+05   9.6478469829217e+04  -3.6086846891855e+04  -1.4016376237535e+05   7.1714325031561e+03  -2.7260866514576e+04  -1.7553139654470e+05   1.3621638315972e+05  -4.1320465610799e+04 
  6.7781906457001e+04  -5.3209667686703e+05  -4.8261106420366e+05   3.8557663831923e+04  -1.1745937324911e+05   2.7740953603491e+04  -1.0951662397550e+05   5.5371161398744e+05   7.5405868922814e+05  -2.5965351322510e+05   1.5827841606790e+05   6.3352662486040e+04  -1.7037344090790e+05   2.5183794872923e+04  -4.2566833867503e+05   5.4930939353526e+05  -1.1632458437961e+05  -1.4897373521465e+05  -3.7378663179725e+05  -2.6438834504918e+05   2.6702910017626e+04  -7.1988137955083e+05   2.6043598009394e+05  -2.9120352636509e+05  -2.1930361417322e+05   5.6502518495617e+05   4.7359482295662e+05   2.2016465789472e+05  -7.8522784187069e+05   5.7304865103366e+05   2.4449225328475e+05   2.3770670745142e+04   1.3891257639923e+05  -1.7450483857003e+04   5.1433019629548e+05   1.0451050427655e+05   8.7418619015088e+03   2.4066007124110e+05   6.7824523267084e+04   1.2973263500332e+05  -1.6151004521514e+05  -3.9166571949538e+05  -7.7911544410740e+05   5.9500197766729e+05   1.2935185638557e+04   5.2029222102885e+04  -9.1056223191979e+05   3.3996619854067e+05   2.1446525190608e+05   3.5825313730708e+05   3.1244404572544e+05  -1.7955408388277e+05  -1.2819304531299e+04  -5.2566864512437e+05   1.0959697309019e+05  -1.1727362103207e+05   4.6371419223498e+05   3.9015576200155e+05   2.0382988303452e+05   5.9587273143536e+04  -2.3774749979060e+05   4.3602068354613e+05   4.4461876136531e+04  -1.7038172409677e+05   3.1866594142673e+04   8.1505394493648e+05  -5.9887156362691e+05  -5.9877927826387e+05   1.8091592594042e+05   4.1821609060251e+04   8.8453119919549e+04  -4.5664930747583e+04  -1.4014039032437e+05  -1.6407839143257e+04  -7.1008082461528e+05  -2.0791625051510e+05  -2.1688671498074e+04  -3.3440134172239e+04   1.2992489914186e+05   2.7119711536110e+05  -7.8269065496459e+05   2.4948367489161e+05  -5.3851131557549e+05   2.2792512289745e+05  -4.9771517246996e+05   9.1667468862073e+05  -4.6515680260305e+05  -5.2783655664882e+04   4.2494139958148e+05  -6.0523397887109e+05  -6.4946944647542e+05  -2.8942639096987e+05  -2.2314728881720e+05   3.4882225644975e+04   1.9664132313237e+05  -2.7713681786492e+05  -3.8900744215554e+05   2.4445908080104e+05  -7.6169992801450e+04   9.4404504725375e+04  -4.8584910382379e+04   4.3200411128588e+05   9.0541090946144e+05   4.7486295040132e+05   4.4640125786104e+05   1.4386947633243e+05  -4.7331019823257e+05  -8.2333032637633e+05   4.7016983989877e+05  -1.7809359793448e+05  -8.4789011648625e+04  -3.1605968775740e+05  -2.2452896249265e+05  -3.5586807719745e+04  -1.6528691842548e+05  -3.2296538348420e+05   5.7099970048081e+05   1.3335280940770e+06   3.1399985310752e+05   1.8576548324348e+06   6.0042403389618e+05   3.7465573150470e+05  -7.4691966044045e+05  -5.0857639567501e+05  -8.7271812413670e+05  -1.6785990074491e+05   3.1680898382900e+05   2.2557790721088e+05  -2.0032502077581e+05   2.2901361163418e+05   5.6263964302037e+05   7.2071708957698e+04  -3.8097626366350e+04  -1.1401154293472e+04  -3.9858078766741e+05  -2.9606046869167e+05   3.5462878638868e+05   1.9144072027215e+05   1.0240565534049e+05   4.4031475871941e+04  -4.2403558687358e+03   2.5142593750537e+05  -1.2199097057275e+05  -3.7421286134587e+04   6.8628765385973e+03   4.2543146680874e+04  -1.6779533525627e+05  -8.8896683384038e+04  -7.7504939831156e+04   9.8175169752710e+04 
  3.6979076480841e+05  -3.3660469647645e+04   1.5773972574809e+05   2.7189633575784e+05  -3.0377128833502e+05  -7.8053551696514e+04  -1.3690199134512e+05  -4.8032181432101e+05   7.7476931838709e+05  -7.8720758240695e+05   1.1554276328033e+05   5.2418546156806e+05  -3.1494006665184e+05   2.8459435266318e+05   5.4795251255291e+05   3.6362281844682e+05   1.9286732863108e+05   3.8391003036717e+05  -3.0668166575142e+05  -4.8492650840106e+05  -3.0188464450906e+05   3.8093184229528e+05  -5.1054794187516e+04  -2.3575960285631e+05  -3.2475377572114e+05   4.3644241307860e+05  -1.7133034777405e+05   8.8410804777387e+04  -2.8884651235947e+05  -2.2144027112019e+05  -3.7429811716959e+04   2.8178637854062e+05   4.1787816342401e+05   5.1438882232725e+05   3.2124251560212e+05   2.6160232242368e+05  -6.1940768283570e+04  -1.0004125561045e+06  -5.0829026834473e+05  -6.0981375698595e+04  -1.7262251921837e+05  -5.5332616244507e+05   4.1105761604446e+05  -4.0881579164588e+05   6.0096302290496e+04  -4.5843643964660e+05   8.3678364753064e+05   9.6627820995401e+05  -9.0626372461957e+05   5.0007796646962e+05  -7.4424797666923e+05  -9.9156808719033e+04  -7.7789741066790e+05   5.2800926508776e+04   3.2329776826259e+05   2.5172781506297e+05  -1.4321414205492e+05  -3.5230542955251e+05  -4.8842341307946e+05  -5.2604040633497e+05  -5.3789455430708e+05  -1.6159359135870e+05  -8.0719781890406e+04  -1.2399057843947e+06   9.2616365765953e+04   1.2365666502247e+06  -1.2967925494649e+05  -1.2945397431641e+05  -6.7370123074756e+05  -1.4323975467940e+05  -3.6238558196034e+05  -1.4652389125346e+05  -5.7444399238313e+05  -1.6415304246052e+05   1.5459970997221e+05   1.7702025454540e+02  -1.2884996032393e+05  -7.8083018750618e+05  -2.7732166288485e+05  -3.7098140828848e+05  -1.3636730567244e+06   3.3182315611426e+05  -2.8193773019844e+05   7.2249085452989e+04   1.0498666119571e+05   3.5379718342212e+05   1.5409408268133e+05   1.6126844534315e+05   1.2345750685127e+05   8.7675343857079e+04   1.7098411933885e+05   8.5396023002232e+05   6.3526140309488e+05  -5.6595371769503e+04  -1.8608705166281e+05   1.6202517393012e+05  -3.7883972898380e+05   6.3416265466498e+05   1.8085150187145e+05  -5.7218686375495e+05   1.4329866153994e+05   1.4064414513591e+05   2.9944001334460e+05   5.4362010632589e+05   1.6998606282984e+05  -1.6537739434353e+05  -2.9691785317785e+05  -9.3280263384316e+05  -7.1638980992927e+05  -6.9503341944491e+05  -1.0149761896817e+06   4.9937040768742e+03  -1.3219229439736e+06   6.1464045380365e+05   5.0288898462543e+05   5.9650401618100e+05   1.2025559567931e+05   5.4969971215731e+05   1.3293808555815e+05   6.0042403389618e+05   2.5209486332121e+06  -3.4012180186261e+05   4.8574470596765e+04  -5.7583942298269e+05   3.1246289708339e+05  -1.1521379778557e+05   5.0915078920209e+05  -1.1677300206766e+05   8.8608899827767e+04   1.6921390682291e+05  -5.7660264180641e+05  -5.1622887711269e+05  -8.0634167490410e+04  -2.8124349608832e+05   4.8203804511691e+04   1.1928625900940e+05  -1.5485950599471e+04   2.8943674663379e+04   1.3475152720323e+04   3.1845501421897e+04   1.1237966868759e+05   1.8730327487324e+04   1.5804577602839e+05  -3.6332068096005e+04  -2.3114477947495e+05   5.0922997599473e+04  -1.1298759102021e+05  -7.6674629903997e+04   1.5900287944336e+04   9.4241486786941e+04 
  3.5005832888837e+04  -2.4090051923718e+05  -2.8845206839149e+05  -1.2724065582335e+03   1.3807489303098e+05   2.2369758136900e+05  -3.9073177050599e+05   4.9591885739403e+05  -1.2986768124707e+05  -3.7836590192070e+04  -3.0360590983946e+05   4.3741223906079e+05   1.3601052809651e+05  -3.4384224012794e+05  -1.5585139305307e+05  -6.3587823266233e+05  -7.6529321276331e+04  -4.4425409394431e+05   2.5833654882584e+05   2.7725768528315e+05   2.3186207209241e+05   1.0914137440587e+06  -2.7560614132748e+05   2.6710514673998e+05   1.3478550217177e+05  -9.0398739344431e+05   5.6115167083889e+05  -2.0701231090078e+04  -2.0680627474739e+04  -4.9707936824524e+04  -5.0390112980460e+05   5.3167748685604e+04  -6.1887861019262e+05   6.8522962540407e+04   4.1421368444303e+04  -2.6971171445650e+05   1.9370788729046e+05   5.6212566683724e+05   4.2119142267749e+05  -1.5908779923674e+05   2.9458459122321e+05  -4.9142024029787e+05  -4.9409834179474e+05   4.8892818522430e+05  -4.1573934132728e+04   8.4750078636186e+04  -3.9081343338694e+05   1.8688838413275e+05   5.0173914688630e+05   1.5697550739259e+05   9.7216871179212e+05  -3.7019243709318e+05   1.5444084492800e+05  -7.3925666442366e+05  -4.3552493952869e+05  -2.7982285517496e+05   6.0579184535338e+05   5.8498867920484e+05   5.2833104743426e+05   3.4411573412526e+05   1.4963622351779e+05   6.5595454681516e+04  -6.5113096124893e+03   3.0651504966149e+04   6.1108633014570e+03  -2.0649842292896e+05   4.7129739372755e+04   4.7271908946226e+04  -9.8484448671530e+04   4.9902932581731e+04  -4.8929960976942e+04   1.0650818228571e+05  -7.9913493312922e+04  -9.5825455585731e+04  -2.9936995857644e+05  -3.3397384591228e+05  -1.8826026513241e+05   3.7345824656758e+05  -2.5840027498032e+05  -1.6855648750481e+05   9.9411059506067e+04  -4.3283960933886e+05  -3.8715903207993e+05  -7.9002535206839e+04  -5.3065793269195e+05  -3.8142150276856e+04   2.5194511786911e+04  -5.8754549401565e+04  -8.4448561567605e+04  -3.1085572957711e+05  -6.8020336372909e+05   8.9662011795121e+04  -7.4686788140131e+04   2.9301999534557e+05   1.5757682975030e+05  -2.1530488882962e+04   4.7888620999780e+05  -2.0270075489017e+04  -2.3415834600074e+05   3.0912231136023e+05  -3.8176790737106e+05   5.7765043145563e+04   5.0949710952455e+04  -7.0501047055671e+04  -5.4822152303763e+04  -1.5028019381963e+05  -2.2176895187966e+05  -1.8463764030069e+05   2.5938482435553e+05  -2.1658117693527e+05   1.1922031772214e+05  -2.2129083441723e+04   3.1360864767900e+05   2.1530129717016e+05   2.2145147078866e+05  -2.7198614465606e+05   4.6173669827578e+05   4.8134054935972e+05   1.8658091230116e+05   3.7465573150470e+05  -3.4012180186261e+05   1.4663132720882e+06  -1.2054984359711e+05   2.1280722775992e+05  -5.4134052552974e+05  -1.1837149217902e+05   1.8723116756373e+05   2.5613802973898e+04  -3.8359602375012e+05  -3.5278272239439e+05   1.4892188143982e+05  -4.2291876455261e+04  -1.0576897315918e+05   2.1709961876006e+05  -1.5331931804660e+05   4.3198338752763e+04   4.7202281161438e+05   3.8079218587380e+04   8.6636993993348e+04  -1.8962534362171e+05  -1.2045455466148e+05   3.2421530870613e+04   5.0423035074597e+03  -1.6181466025369e+04   1.9454616397871e+04  -1.5421129841870e+04   1.3683919915725e+05   2.0874519430342e+04  -1.0770912794469e+04  -4.5646003480920e+03 
  3.1385944914975e+05   1.3296423534873e+05   1.8042863176113e+05   1.7895899517605e+05  -2.1583172920327e+05  -2.6616141893022e+05  -3.5334037033125e+05  -2.4284626722409e+05   4.4191858663378e+05   9.1310473926049e+04  -4.9727809874639e+05   3.0830656293279e+05   9.8099182658685e+04  -7.2607151562163e+04   4.5187484718926e+05  -6.0390522433141e+05   1.8243119946425e+02  -3.8122500099656e+05   2.2966953772874e+05   7.6974988180520e+05  -4.1553211846588e+05   4.8363224542270e+04  -1.6675287067819e+05   7.7371917487943e+05   3.6073937237033e+05  -4.0047820266214e+05  -5.4356551320682e+05   1.7943221386715e+05   1.2575425394319e+06  -6.8946694354336e+05  -3.6695261043458e+05   3.0342620117591e+05   5.6277931514934e+04   1.0106667580724e+05  -4.4582027615773e+04  -8.0375441906594e+05  -4.2289927257271e+05  -2.3054345901141e+05   4.4137693789480e+05  -9.1934089956445e+03  -6.3522182058582e+04  -1.6690784058433e+05  -8.2659761182941e+03  -1.6159369562598e+05  -8.4667366017420e+03   5.9203046958711e+04   6.5500543829064e+05  -3.7444659356578e+04   2.8455723919239e+05  -3.9044485579747e+05   1.2961552057293e+05   1.2505026759450e+06  -5.3045064230454e+04  -4.2779828184767e+04  -1.0553542972733e+05   2.6895934648559e+05  -1.1249446799858e+05  -2.6273685146530e+05  -2.6872047807266e+05  -1.3611230530331e+05   1.5042976147681e+05   4.4295000243077e+04   4.1637480732479e+05  -3.8885023392656e+05   1.4981364420457e+04  -3.4423428444169e+05   8.0394204384249e+05   8.0382940049148e+05  -1.8401854157121e+05  -2.6339836963199e+05  -9.1899588355044e+04  -1.5603641648723e+05  -3.2328552213850e+04  -3.0071250112055e+05   1.0404679379242e+06  -3.0195889351937e+04  -3.6194599621705e+05  -9.3443867635234e+04  -5.0922052919538e+05  -2.6080987922999e+05   2.7747163389097e+05  -6.2129667816158e+05   1.4813692887995e+05  -1.5711099997744e+05   7.4287363112563e+05   3.0712472096149e+05   1.8070051548491e+05  -4.9235645563802e+04  -6.4640127075383e+05   1.3932888902658e+05   1.5973445873697e+05   2.9105507612121e+05  -1.0155373280382e+05  -2.2022605235656e+05  -4.0198607130291e+05  -7.5868440269392e+04   1.1233885092499e+05  -2.0725683587147e+05   4.6119102703394e+04  -2.8385743159100e+05   2.0952954234805e+05  -6.7978070542697e+04  -4.9032592301984e+05  -4.3911341209580e+05  -6.0630260068073e+05  -4.1302030488806e+05   4.8124521166082e+04   2.5168906011616e+05  -7.0237573056885e+05   1.4648939195989e+05   7.0515280525803e+04   3.4437394543102e+04  -1.7588939551275e+05   4.2686742560183e+05   6.3055716023650e+05  -1.3355947657885e+05   1.5256590883384e+05  -5.0238207099384e+05   6.5400923802865e+03  -7.4691966044045e+05   4.8574470596763e+04  -1.2054984359711e+05   1.8456228070201e+06   1.0914445789490e+06   8.4047275835202e+05  -2.7674578618736e+05  -2.2075757919361e+05   3.4932502099514e+05  -4.4028952417530e+05  -9.0370884728835e+05  -5.3268882033838e+05  -8.6929629144165e+05   7.3537501881789e+05  -2.4365609507538e+05   3.8578287668109e+05  -4.2529058659807e+05   5.8481297054741e+05  -4.2438386555659e+05   5.1781075191477e+02   7.4125755834679e+04  -7.8389108526522e+04  -7.2601442678454e+04   3.1876926924390e+04  -3.2635202929037e+04   1.3595848775553e+05  -1.2161943216016e+05   3.6980095054904e+04   9.7337621969416e+03   1.0267988609807e+05  -5.1826842637537e+04 
  5.6006531542250e+04  -1.2098671897576e+05  -1.8666339985535e+04  -4.9693275711521e+04   5.6070106115849e+04   1.1877691445899e+05   2.7285895922239e+05   3.2754338736564e+05  -9.0043501702308e+05   4.9924826792598e+05   3.2523133918509e+04  -1.3114938561667e+05   1.2421915953160e+04  -4.6801908771848e+04   1.0201355149858e+05  -3.6118447261072e+05  -3.7370887376791e+05  -8.3604018707985e+05   4.5304614903600e+05   2.5202727120888e+05  -3.4567347596470e+04  -4.1548497616386e+05  -2.6218158200925e+05   5.3650651140720e+05   2.0303634872767e+05   5.5668896666652e+04   6.4618414533671e+05   4.5053296028100e+04   1.3204531259887e+06  -8.6677311580382e+05  -1.5896899170400e+05   4.0579682239708e+04  -6.3395234508357e+05   1.0070233589602e+04   9.3646104876211e+04  -2.2906172271825e+05   1.8596860896700e+05   3.2787832988482e+05   4.0535058336336e+05   2.8292844639980e+05   3.2908611842875e+04   5.5290878250188e+03  -5.5813496205760e+05  -3.4983517341933e+05  -4.1449984115847e+04  -6.3844617812486e+05   3.4649985252005e+05   6.2198457160402e+05  -1.7948302701020e+05  -2.1437441471683e+05  -4.7136115286463e+04   4.8086398088538e+05  -3.2142548542482e+05  -3.8042888934026e+05  -9.8797738637422e+04   2.6497083964009e+05   2.1969864023594e+05   2.2882124033507e+05   3.3114853067414e+05   4.2383452555217e+05   4.6380378001389e+05  -4.6261361974669e+05  -2.5179341700201e+05   6.2326175775544e+05  -1.8731853692997e+05   6.7362261606126e+04   5.3849308160531e+05   5.3857284615015e+05   1.6042515255387e+05  -1.8304742984281e+05   5.4804750431795e+04  -1.8795553466881e+05  -3.3451116799899e+05  -5.3795881068223e+05   5.0191216441661e+05  -5.3161470764137e+05  -4.0934522926262e+05  -1.1445783679429e+05  -6.1961982174382e+05  -3.4527970258855e+05   1.4532082235459e+06  -8.6841045565677e+05  -9.8043973022875e+04  -2.1427389484013e+05   1.7114478992544e+05   4.7044160243789e+05   3.4991750273994e+05  -1.8036681871699e+05  -7.8169468813610e+05  -4.3012231448600e+05   2.0311720480498e+05  -1.5536938624778e+05  -3.6670960160995e+05  -3.2610681598440e+04  -1.5529163370273e+05  -5.1622789527026e+05  -1.2980756525934e+05  -5.6820313221834e+05  -1.6122315559823e+05   1.2932357288391e+05   1.8410268550491e+05   4.3507113802761e+05  -3.3863381463402e+05  -4.3693613219596e+05  -4.2620071569275e+05  -2.3815992044170e+05   4.4458180638005e+05   4.9387571617700e+05  -6.9036522435758e+05   3.3827706756366e+05   1.0065181789365e+06   3.5274361257048e+05   4.2013695387947e+05   1.9787469318582e+05   4.7739186479822e+05   1.8481893327865e+04   2.6545652634134e+04   1.2831292596349e+05   2.7019207821790e+05  -5.0857639567501e+05  -5.7583942298269e+05   2.1280722775992e+05   1.0914445789490e+06   2.7377230345383e+06  -9.5725057529836e+05  -7.2937805664635e+05   1.7008858061142e+05  -3.9056849192703e+05  -1.0322205665956e+06  -1.1427691922020e+06  -3.3965020166186e+05  -2.6629765397464e+05   5.2002325453545e+05   2.5940313912222e+05   2.1152393631071e+05   3.4499792380389e+05  -6.0479844859369e+04   8.2449773108255e+05  -2.1485619077403e+04  -2.0714886274219e+05  -1.9617222040181e+05  -4.0449592644902e+05   1.3111208899169e+05   3.6301929731924e+04  -9.5207201617326e+04  -3.1857572092018e+04   2.6344829731769e+05  -1.0703254271198e+05   2.5307805839769e+05  -1.0582996431933e+05 
  8.6252545597802e+04   8.1189107684742e+05   1.9526348022603e+05   6.5295340367546e+04   4.8354921074706e+05   7.4634371085703e+04  -6.2213981230158e+05  -1.5814348826685e+06   6.7393284361363e+05   1.6080667083805e+05   1.6360164071234e+03  -5.2856122908602e+05   1.0847887365567e+05   1.5868072830132e+05   4.5396549930037e+05  -7.8219604324309e+04   4.1822374295256e+05  -3.6645459762977e+04   4.2483983134686e+05   4.4792553198795e+05  -1.1670822663155e+05   8.4958056013257e+05  -1.1522751876735e+04   1.8005559058642e+04  -8.3502515671658e+05  -9.9569601281385e+05  -6.8336007648680e+05  -4.2417073210070e+05   9.0569632162249e+05  -8.9426514037009e+05  -4.1335256128806e+05   2.8757682240317e+05   5.3066580040630e+05  -5.2783613163158e+04   4.1704348871498e+05  -4.2420498163520e+05  -2.4951255433084e+05  -2.8017721696373e+05  -6.0407115994704e+04   1.6363954379485e+05  -4.7248009428917e+05  -2.6938428812508e+05   1.1495163802863e+06  -3.5998594939635e+05  -2.1132621218019e+03   5.9578887283944e+05   5.7351929524465e+05   7.2690354638965e+04   1.9935372155812e+05  -3.0783013058737e+05  -4.1105339599552e+05   5.8995173637832e+05   1.3400646081299e+05   2.8143028746306e+05  -2.6639649417220e+05   6.9482277272437e+04  -1.3905275768370e+05  -3.6867436281378e+05  -2.6846140414186e+05  -1.2646296909812e+05   1.2369723839522e+05   4.1910277900449e+05   1.9953016025658e+05  -2.1468258413416e+05   2.3599913910586e+05  -4.8642738888645e+05   2.8634290720905e+05   2.8614236008757e+05  -4.0453331295833e+05  -3.9969496817386e+05   9.2418282437736e+04  -2.5490564949176e+05   4.1563514995593e+05  -5.6157789710586e+04   1.5106766789849e+05   4.7903024637309e+05  -1.9792149113968e+05  -3.5167534807093e+05  -3.9696049482009e+05  -2.1783182771781e+05  -6.5659079711718e+05   2.7890427957968e+05   6.0276453978049e+05  -2.3825854293993e+05   1.6681540721623e+05  -5.8119637507484e+05  -2.1865681591402e+04   2.2230753731532e+05   1.7983309629093e+05   7.7680351027562e+05   1.4426114707744e+05   2.6898438243690e+05   2.5036683402789e+05   1.7104866064046e+05  -1.8719532744690e+04   5.7588238576530e+05   2.5525107607367e+04  -3.0947420391179e+05   8.6328125979127e+04  -6.3905886713641e+05   1.6534277770332e+05  -2.4525886891843e+05  -2.5286398352332e+05  -1.8210420125026e+05  -5.2057212425931e+05  -3.2899378720853e+04   1.9857570370686e+05   3.1652759297917e+05  -7.0429517739945e+04  -3.7426495341821e+04  -1.6688990413094e+06   2.3596388940374e+05  -6.0416982840500e+05  -3.4483935654169e+05  -4.2428791968684e+05   5.6924298931378e+05  -2.4992021685247e+05  -1.3281838495472e+06  -4.2628132097544e+05  -8.7271812413670e+05   3.1246289708339e+05  -5.4134052552974e+05   8.4047275835202e+05  -9.5725057529837e+05   4.8823789606936e+06   4.2353442284488e+05  -4.0264785680387e+05   6.0345886257909e+05  -6.5530840599491e+04   7.2634531604674e+05  -1.9280595340442e+06   1.8307754351257e+05  -6.8204915355151e+05   1.9765462228271e+03   7.4603729884139e+04   5.0682408363594e+05   4.8423840779363e+05  -9.9162962228847e+05  -1.8801234919921e+05   4.9534435395054e+04  -1.3348794295260e+05   7.4900508410919e+04  -1.0238686771473e+05  -1.8049868413015e+05   1.7720870635348e+05   2.0388509271571e+05  -4.0063274454212e+04   3.0226443318531e+05   3.1790739941276e+04  -8.6442206843419e+04 
 -5.2192244168233e+03   4.6154706390130e+05  -4.0782399651821e+05  -1.1457187214041e+05   1.9431694150252e+05   1.9381924434134e+05  -1.4168311933450e+05  -2.7490795655102e+04   2.1784794091235e+05  -3.2631094866555e+04  -2.9724435029536e+05  -3.1349518167056e+05   2.1833738206287e+05  -1.5241809916009e+05   1.0508321454692e+05   8.4715780870999e+04  -1.2980756938727e+05   3.9364897567664e+04  -2.8789699534599e+05  -2.4383168224912e+04  -1.8790769121369e+05  -1.4558487721407e+05   3.1747894089459e+05  -6.4721347655645e+05  -2.3151771179992e+05   3.9789011740279e+04  -1.6042791179139e+05   3.2410309899705e+05  -5.4736016603640e+05   3.0524426963274e+05   6.1233971031078e+05  -3.8759967916816e+05  -4.2596777758703e+05  -2.0581593213201e+05  -1.0640932760711e+05   3.5796081262757e+05   5.2136983534614e+05  -2.9289155271730e+04   7.5346913355053e+05   3.2610532327092e+05  -1.0285525131584e+05  -6.6560405081091e+04   8.8054905304172e+05   3.6023182617262e+05   1.6211269823679e+05  -5.3563362371928e+05  -2.7922634155363e+05  -5.1809142199296e+05   8.4975585627009e+05   2.2156845149662e+05   3.3303445643890e+05   2.3503032860241e+05   7.8760826125666e+05   2.6241827141819e+05   7.7321753595366e+05   3.9209508732872e+05  -5.8239434350308e+05  -4.7628380389770e+05  -3.7824815107857e+05  -3.4349965428239e+05  -3.0774075180250e+05  -1.5060502643234e+05  -2.1295835060271e+04   3.2936453850374e+05   1.3852577707614e+05  -9.3552747723896e+05  -9.9347832834237e+04  -9.9749438103829e+04   6.6931335877520e+05   7.2889759739332e+05   8.4653534118927e+05   1.6279190467460e+05   9.2332489948261e+05   1.3835614780135e+05   5.1983543996612e+02   5.7218614676419e+05   2.1471299301406e+05   2.6070292470917e+05   2.5456943161845e+05   5.0242422019439e+05  -3.8727437583930e+05   1.6913650916976e+05  -3.1051105971161e+05  -9.5751997571474e+03  -2.9594726662559e+05  -3.1567604558815e+05  -4.4838677305548e+05  -1.9191635289143e+05   2.4274734953236e+05  -1.7840794592432e+05   6.8615068929674e+04  -5.5111574612626e+05  -5.1931507982720e+05  -3.8879503889490e+04   2.0668740613218e+05  -3.5281171495371e+05   7.4169412044459e+05   6.4027056725775e+05  -7.2822487384870e+04   3.0094386608676e+05   1.1018444579665e+05   2.0860344696114e+05   4.4805713725957e+04  -5.9949851233985e+05  -3.8723317219551e+04   6.9074252758348e+05   2.9051072107564e+05   1.7174814784831e+05  -1.6000812677610e+05  -1.3642233347908e+05  -6.8522058945430e+05  -9.0146050770417e+05  -1.3023556028060e+05  -2.2351263926537e+05  -2.9912938402157e+05  -7.0317074747591e+05  -7.6135061632752e+04  -4.2589860099547e+05   1.2703962767936e+04  -1.6785990074491e+05  -1.1521379778557e+05  -1.1837149217902e+05  -2.7674578618736e+05  -7.2937805664635e+05   4.2353442284488e+05   3.1103926868140e+06  -2.0464409460078e+05   2.8009065098018e+05   4.6527980745888e+05  -3.5176778832028e+05   6.7708030467208e+05   8.6519567424494e+04  -1.0414540959920e+05  -2.1899223832554e+05  -2.6251122903702e+05  -5.0433049345220e+05   5.3329601786522e+05  -1.4932335394807e+06   7.6708428273604e+04   3.4111919005964e+05  -8.3500291782833e+04   1.9746416269810e+05  -1.6608984738558e+04   1.0664869756434e+05   1.7903501666599e+05  -1.4615709474975e+05  -2.0714495987437e+05  -5.1546199520241e+04   1.7326581402696e+05  -1.3431882376797e+05 
  3.3904272565931e+05  -6.6673246474264e+04   3.4755564143508e+04   2.6074827623667e+05   2.1885653986974e+05   1.3215735009472e+05  -2.8320569055926e+05  -1.7346774677979e+05  -2.6303481844022e+05  -2.1812893788847e+05  -6.5520050745877e+04   7.2516219401862e+05  -2.7875419407374e+05  -1.4650826094036e+05   2.5850768415220e+05   2.0515079621319e+05   1.4222625948698e+05  -5.2093720317016e+05  -4.4156945700930e+03  -2.6778130472447e+05   3.3482713060932e+05  -3.8570826867765e+05  -3.3147916582245e+05  -1.6196818205855e+05   9.5356683187209e+04   2.5370066383833e+05   5.6351274765484e+05  -9.6185948709887e+04  -4.6812857142699e+05   3.8393250351038e+04   3.7753262892553e+05   6.4408682676086e+05  -1.5650302119181e+05   1.7867773675851e+05   8.2357921299497e+05   2.0823670749807e+05   6.4834767677006e+04   4.4614639479184e+03   4.3049487016711e+04  -7.9728466676712e+04   9.2317418838267e+04  -1.6894320715228e+05  -4.6361865477522e+05   4.8512298533405e+04  -6.5343391086846e+03  -1.9155820487273e+05  -2.0340816961795e+05   3.3506006569315e+05  -3.2520160973395e+05   3.8333036065483e+05  -7.2566032727635e+04  -6.1208292610182e+05  -4.2971796468431e+05  -1.1335593394554e+05  -5.1706689909224e+05  -3.7833318022737e+05   4.2540671983697e+05   3.2028981731997e+05   3.0371206303994e+05   2.9826596927382e+05   1.4255448304307e+05   1.3871351665068e+05  -1.1456959376707e+05  -1.5825290026585e+05   2.0419642410978e+05   9.4681670593825e+05  -1.5198627541351e+05  -1.5165006262111e+05  -1.6700554625718e+05  -2.6027615629106e+05  -6.8487051819674e+04  -2.2848801732519e+04  -1.7214650538425e+05   3.7325295199574e+04  -3.7181358569502e+05  -4.0575457833935e+05  -2.1178122667160e+05  -2.2191029740877e+05  -9.7855785813009e+04   6.9074454799915e+04   2.2099282939003e+05  -7.7624483596562e+04   8.9963644831688e+04   7.5276682760913e+03  -2.1629813526623e+05  -1.6680015104607e+05   6.4537781726255e+04  -2.2158125674627e+04  -3.0238221595327e+04  -2.1921125983937e+05  -2.8836579460230e+05   2.8820195287018e+04   6.1859805034330e+04  -8.8248982699946e+04   2.7048025286011e+05   8.4421775654108e+04  -2.3623333577220e+05  -9.0583876480462e+05   1.7806143655024e+05  -2.9137797357485e+04   4.1740056958474e+04   1.5022740095292e+04   1.5542967809814e+05   1.1910435246619e+05   1.3866649076313e+05  -5.7731778039205e+04  -8.8344838052676e+04  -4.3086896288955e+05   1.1609270274076e+05   2.2561618836284e+05  -1.1401375851620e+06   6.3267221250119e+05  -3.0033768444688e+05   2.6938750464744e+05   1.6849323258310e+05  -5.6439947528317e+04   1.7346267466000e+05   1.3205421737867e+05   1.4336675809624e+05   3.1680898382900e+05   5.0915078920210e+05   1.8723116756373e+05  -2.2075757919361e+05   1.7008858061141e+05  -4.0264785680387e+05  -2.0464409460078e+05   1.9993883842864e+06   2.3584657032900e+05  -8.4866965236506e+04   5.3119758625222e+05  -1.0121453602899e+06  -1.7871273561149e+05  -5.0530628944740e+05   1.5337093577313e+05  -1.2501742962023e+06   7.1839909942275e+05  -5.5883073578257e+05   6.7749758571043e+05   1.7853742502827e+05   5.6859656448597e+04  -7.9082967486832e+04   1.8284192618604e+05   9.2124256938510e+04  -5.7887337908128e+04  -3.6623015833037e+05   1.7598644922574e+05  -1.0569260324479e+05   1.5678169193982e+04  -1.4189526294261e+04   1.0764073688703e+05 
  3.6876906585117e+05   1.7328609598719e+05  -2.0096138374573e+05   4.1930866789383e+04   1.2464638810724e+05  -2.2637246768953e+05  -7.1701673303517e+05  -2.7542373846348e+05   2.3716634999416e+05   4.0484172309815e+05  -3.2583350142439e+05   3.4926739162943e+05   3.3671363481019e+04  -2.5405094712686e+05  -1.3123749767328e+05  -3.1352099229243e+04   4.4758903310994e+05  -1.8866166417794e+05   3.2540048047216e+05  -1.9947362512746e+04   3.2821825824460e+05  -4.8916076030869e+05  -2.3735172200031e+05   4.3102385464120e+05  -1.6716386305232e+05  -4.3327680873929e+05   1.6017090315370e+04  -7.3228564217060e+04  -6.0783277049366e+04   7.8184318657869e+04   6.6530305974796e+05   2.4387663509314e+05  -1.9922194429289e+05   1.2135840857117e+05   4.1770926673439e+05  -1.9410702577913e+05  -8.3461492670033e+04  -1.3122654412782e+05   3.5027774645120e+05  -7.1205775440241e+04  -5.9470588186016e+04  -2.9215927714894e+05  -2.2306448351972e+05   4.0133404849891e+05   6.0853934782336e+04   2.4755527250808e+05  -3.8652153059487e+05  -1.6337460359090e+05   5.7031913947492e+05  -2.9345703699385e+05   4.0042583659484e+05   2.5520321035738e+05   4.2516429804605e+05   1.3027896146336e+05   3.1029789618163e+05   2.5015095552118e+05   2.3638601118487e+05   1.8860750390511e+05   1.2104432053212e+05   1.2975645775809e+05   5.0071588402109e+04   6.1870997614393e+05   2.2417264597153e+05  -3.8275599357949e+05   2.6219541777018e+04  -1.9844419018443e+05  -3.2238755464855e+05  -3.2235126593665e+05  -8.1832810369468e+04   1.8688754168664e+05  -2.1516408736856e+04  -9.5634307980421e+04   9.1485797615244e+04  -1.6880441705518e+05  -2.3131954472054e+05   4.3640509440084e+05   2.9107891846306e+04  -2.7443841724207e+05  -6.8561030464571e+04   4.1152961827694e+05  -6.5486589783510e+05   1.7218726086296e+05   6.0972091665273e+04   3.1266197551995e+04  -1.0512194904194e+05  -1.6273964429062e+05  -3.6939143129192e+05  -7.0542403266742e+04   2.3838581338650e+05  -4.3632375654105e+05   4.0530594404770e+03  -2.3413793384875e+05  -2.3612083017035e+05  -3.8280562805551e+05   6.4436709839637e+04  -3.8398075672904e+05   3.0402498632497e+05   1.5075559967203e+05  -2.5005903710573e+05   3.2659188347478e+05   7.7859376700689e+04   1.1491622743308e+05   1.9229407723822e+05  -3.8248068854373e+05   4.7141942331963e+04   1.5031358842712e+05  -2.3787642387406e+05  -1.9305335993973e+05   2.3402556825346e+05  -6.2677376525908e+04  -7.5009364978454e+05  -3.1678760869839e+05   1.4326826630936e+05   1.7175460790091e+05   7.5614110950848e+04  -6.5989754052997e+05   2.4620694352071e+05  -2.1183212810805e+05   3.1012124553083e+05   2.2557790721088e+05  -1.1677300206766e+05   2.5613802973899e+04   3.4932502099514e+05  -3.9056849192703e+05   6.0345886257909e+05   2.8009065098018e+05   2.3584657032900e+05   2.1567315210770e+06  -4.9926479492794e+05   4.0906453691756e+05  -5.9321450830563e+05  -3.7856603741308e+05   3.8011797138734e+05  -2.7859644289450e+05  -6.1255458521348e+05  -8.9514670316623e+05   4.6184187570956e+05  -3.8558724878981e+05   1.3168650816752e+05   1.5365155635762e+05   1.5479063377406e+04   6.5643703882457e+05  -7.1182081596300e+04  -1.8535843271064e+05   6.9376001802206e+03  -4.7963623892851e+04  -1.8856694837411e+05   8.9381421789419e+04  -1.0887538032535e+05   3.8540044644240e+04 
 -1.4926152227007e+05  -6.3490123836801e+04   3.4716954671731e+05   1.6155764984499e+05  -8.7247652772472e+04   7.1445010670836e+04   4.5702820765601e+05  -4.0726345362931e+05   2.4283858724772e+05  -5.2331644757476e+05  -3.0000783850734e+05   3.6783086919625e+05   6.1715857436554e+04   1.0141724137813e+05  -3.2529129274793e+05   2.6525530492954e+05  -5.5465162312716e+04   5.6688569568344e+05  -5.7097074884872e+05   4.7047946859532e+05  -1.9178892284298e+05   6.4047046659767e+05  -5.1918265970745e+03  -1.4627594296881e+05  -2.4781550925596e+03  -1.4048867025457e+05  -4.0071291948309e+05   4.1033668018936e+04  -6.9307151787042e+05   2.4834712380152e+05  -1.6577733836126e+05   3.3348267304723e+05   4.2555974450354e+05  -9.2740778861611e+04  -3.0106138222433e+04   4.9888805788594e+05  -1.3221109122643e+05   1.3975831777477e+04  -6.8366706114756e+05   4.8053469851247e+03   5.9262740472179e+04   4.9184852634592e+05   7.3021991411030e+05  -2.5010481297097e+05  -2.4125320056606e+04  -2.7833382376660e+04   4.4033631772194e+03  -2.4761587767893e+04  -2.9135936135568e+05  -3.7073315598666e+05  -6.7210045933802e+05   3.3551132067163e+05  -2.1730233093172e+05  -2.3882538216147e+05  -6.7887065449400e+05  -8.6720000144262e+05  -6.2737058078882e+05  -6.6647900524002e+05  -5.4556266110991e+05  -5.4478612208280e+05  -3.6183372946301e+05   8.8417580469526e+04   2.9196109594106e+05   1.6351288434805e+05   1.8213818476439e+05   2.5792666294210e+05   6.4331537830129e+04   6.4567949727004e+04   3.5628670352276e+05  -7.6678579214095e+04   4.0528633500594e+05   3.0859093353736e+05   5.4058976593313e+05   7.0396993973332e+05   1.8147925554602e+05  -3.0242378891324e+05   4.9590744651972e+03  -1.0882212033222e+05   5.1616130507675e+05  -1.3986291845614e+04   3.0311301093655e+05  -1.3319260406225e+05  -2.1680975530881e+05  -4.4567375385293e+04   2.1586166162249e+05  -1.8872118617103e+05   3.4135457683062e+05   8.2923652094388e+04  -6.3291282429131e+04   5.6941573036505e+05  -9.5949295740008e+04   5.3176300385294e+05   4.0025247868442e+05  -1.7351447237395e+05  -9.2776328467309e+04   7.0043738018132e+05  -4.2380948229388e+05   2.8667168057687e+05   1.7745539888605e+05  -9.1748310618368e+05   2.4544056799243e+03  -2.3587064719839e+05   5.3734673876668e+05   5.0253240741780e+05  -1.0325123190219e+05  -3.3300092142406e+04   3.5328801170862e+05   4.1413090803140e+05   3.9453154986324e+05   7.3796435723850e+04  -2.6834728564195e+05  -9.8780499623721e+05  -1.2293288999911e+05  -4.8615271318041e+05  -5.4734850080888e+05   7.9016991205824e+05  -8.5647118783073e+04  -1.0527295902934e+05  -4.2966254134022e+05  -2.0032502077581e+05   8.8608899827767e+04  -3.8359602375011e+05  -4.4028952417529e+05  -1.0322205665956e+06  -6.5530840599491e+04   4.6527980745888e+05  -8.4866965236506e+04  -4.9926479492794e+05   3.3778480698280e+06  -7.5846990014159e+05   2.6946056140969e+05   4.2134130609764e+04  -4.1347046664296e+05   6.7737779701225e+04  -7.0112349163828e+04   2.2549904541814e+04  -1.7210302388991e+06   2.8330915904723e+05   7.2774171918090e+03  -5.3968325320090e+04   2.6187085096079e+05   5.7751478700684e+04   4.4118191924072e+04   8.9484417713601e+04  -5.6521566988531e+04   1.6418924579453e+05  -1.3820791951585e+05   2.4206033811621e+04  -1.6120352154402e+05   4.0516247104967e+04 
 -2.9595816900956e+05   6.3298619384794e+05   9.2121162931562e+04  -1.8499145625442e+05   4.3307529485249e+05   1.7074549967699e+04  -3.8170900076062e+05  -5.2301188090908e+05   1.9273746818492e+05  -1.7109018868263e+05   2.4920122953746e+05   3.0094385206457e+05  -1.9670608759183e+05  -4.0917601653211e+05   1.1149844594958e+05   7.8396934312169e+05   1.6913640188568e+05   3.3760741975927e+05  -4.5255560385805e+05  -6.8506893292769e+05   7.0299423352130e+05  -4.9028552959884e+04   4.6140707518211e+05  -5.7145056678553e+05  -1.5152980769906e+05   3.9659187318922e+05   8.3607198362688e+04  -4.8194581218525e+05  -7.3473471060794e+05   4.1533367069651e+05  -1.6294819304512e+04   4.0475798784144e+05   6.0757200889167e+05  -1.1040313644070e+05   2.6587700567662e+05  -6.4587063244912e+04  -6.6725450167744e+04   8.7628175836403e+04  -9.4923184956877e+05  -2.6744367955154e+05   3.4792937005994e+05   4.7343911752911e+05  -9.6704988511099e+04  -1.8507334014204e+04   9.4080643495213e+04  -6.5284706653527e+03  -8.5131456877359e+05  -5.2616715973041e+05  -2.1868610833436e+05   3.5773406001329e+04  -3.2181844683583e+05  -7.4167611528562e+05   3.1292186848593e+05  -2.5696495126754e+05  -1.1116352319256e+05  -1.4696527551315e+05   4.4185997165925e+05   3.5560144851595e+05   1.4879647852892e+05   1.4418546464744e+05   2.3878357110107e+04   7.3277575317351e+05   6.1953850812751e+04  -3.5946540865271e+05  -5.9020023439436e+03  -2.0192682496054e+05  -8.8138031981178e+05  -8.8129384280172e+05  -4.9177160079541e+05  -3.0010247770827e+05  -4.7180768366015e+05  -2.1797479197297e+04  -9.6941495069167e+04   2.9042132879752e+05  -6.0511751076606e+05   4.0849526390736e+05   4.2437423428927e+05  -4.3155677071088e+04   4.0922175889027e+05   3.5070974257551e+05  -6.2514993353133e+05   6.4988282437869e+05   1.6537906799233e+05   1.5334435162446e+05   2.1824702133283e+05  -1.0401216468857e+06  -5.7539886210782e+04   2.9605933446672e+05   7.7007059335505e+05  -1.6011534194023e+05   3.3878349675872e+05   5.5385808737814e+04   4.2874394747722e+05   8.1581420570489e+05  -1.5152177758636e+04  -4.8827364561425e+04  -3.1497346430317e+05   6.8528251106824e+04   3.0601225159382e+05   1.6618985715931e+05   5.7950916463423e+05  -8.7074125198305e+05  -8.9704919008605e+05   7.1481211500487e+05   6.2370893172939e+05   4.1338551968496e+04  -4.9393305481356e+05  -5.0678327715751e+05   5.0643522711906e+05   1.8540976939770e+05  -1.0218972253518e+06   9.4365800717464e+04  -3.9141836367719e+05   1.2877267613735e+05  -1.8204019263836e+05  -2.1404434352937e+05  -5.2548854207169e+05  -3.3696293268950e+05  -1.1058458975438e+05   2.2901361163418e+05   1.6921390682291e+05  -3.5278272239439e+05  -9.0370884728834e+05  -1.1427691922020e+06   7.2634531604674e+05  -3.5176778832028e+05   5.3119758625222e+05   4.0906453691756e+05  -7.5846990014160e+05   4.5403400844443e+06  -1.5101682757830e+05   6.7654199990018e+05  -7.7438012200050e+05   1.1917676988057e+05  -8.7856054768975e+05   8.2924870620156e+04  -9.9133261115878e+05  -5.0828179749756e+05   2.1238243871888e+05  -1.8467456840698e+05  -1.7197905127573e+05   5.0616292971395e+05  -1.1005283993699e+05   2.6762969212108e+04  -2.1061019454888e+05   1.5813198517469e+05  -2.0419610257315e+05   3.7215681081771e+05  -4.0518072410656e+05   2.0307087397805e+05 
 -8.2054115312287e+05  -1.7278654769597e+05  -4.5354576315033e+05  -5.1969441808543e+05  -1.5330523082405e+05   1.9864684291397e+05   5.6033113827359e+05   9.0594439372605e+05   2.6384550705515e+05   2.6437312535445e+05   1.9418481228788e+03  -1.0327927964952e+06   3.8604444830738e+05   4.7086667706386e+04  -4.6800004657811e+05   5.6475275614782e+05  -6.3375745658881e+05   1.0688373887286e+06  -1.0044491852761e+06  -9.8397276697983e+04  -5.0241582322038e+05  -3.9693040228983e+05   9.9341498322982e+05  -2.9458983260411e+05   5.6442356513981e+05   5.8713770147103e+05  -3.0731090092354e+05   6.6725220709418e+05  -1.4166592504372e+06   8.9278610402239e+05   2.0663221069449e+04  -6.3416039242966e+05   8.3074163151410e+04  -2.2838786823171e+05  -1.1411523615910e+06  -4.9986967724048e+04   4.8004154261141e+05   2.2104726815493e+05  -2.8430211795903e+05   1.2628575335645e+05   4.4922031286183e+05   2.7701781064781e+05  -1.6901591181386e+05   4.3356289127447e+05   1.0715943441481e+05  -7.8510760664678e+05  -6.7223162119537e+05  -4.6530968445745e+05   4.7826467592863e+05   8.6405380029592e+04   3.0332856337468e+05   2.9981690690786e+05   6.0962014842489e+05  -4.5876014098661e+05   5.8505468943763e+05   1.6080714901277e+05  -2.8035257419961e+05   4.1010037462824e+04  -8.1178113492231e+04  -2.0685289182549e+05  -1.3160784351927e+05  -2.2426331104578e+05   2.9872911565186e+05  -1.0511554371862e+05  -5.0058871605255e+05  -3.6403086973994e+05   1.3892631867592e+05   1.3857518379860e+05  -3.3271365746633e+04   3.9657356489955e+05  -4.3790072451065e+05   2.7839936869469e+05  -1.2039389355409e+05   2.8563622403150e+05   2.2173369315920e+05   2.9717910454744e+05   7.0367422361341e+05   8.7986487780962e+05   8.9768578547895e+05  -2.3076330386727e+05   2.7918748243789e+05   3.4860951627535e+05  -5.3848221249932e+05  -7.0771247644053e+04   1.2532318927125e+05   3.2789383730806e+05  -1.1505734178794e+05  -2.3245247943451e+04   1.8140762729160e+05  -1.2745236862530e+05   3.1204734241603e+04  -1.7727689416904e+05  -1.4658100998830e+05   6.3771661440192e+05  -2.0378728339307e+05  -3.1096311342992e+05   3.2909862516988e+05   8.3229499784880e+05  -2.9056665410423e+05   3.4753538841024e+05  -8.2226955683584e+04  -1.0616748338970e+05  -2.6137567600530e+05   4.1956788126684e+05   1.9700948920472e+05  -1.5704655453380e+04  -3.9595852913167e+05  -1.2636084965329e+05   2.7315786170816e+05  -4.4935187496176e+05   1.7311947427110e+06  -1.3635061466810e+06   1.3954209125723e+05  -2.0031756924092e+05  -1.7856795052784e+05  -9.4135254170753e+05   5.5932504121372e+04   7.0970414776255e+05  -1.0648587446441e+05   5.6263964302037e+05  -5.7660264180641e+05   1.4892188143982e+05  -5.3268882033838e+05  -3.3965020166185e+05  -1.9280595340442e+06   6.7708030467208e+05  -1.0121453602899e+06  -5.9321450830563e+05   2.6946056140968e+05  -1.5101682757830e+05   4.5230714169631e+06   1.1788305567438e+05  -8.3939613703363e+05  -5.7612307958900e+05   5.4568770252235e+05  -1.3587173122930e+06   4.0886882877762e+05  -3.3400169596223e+05   1.5501945946386e+05   2.2385309752170e+05   9.8624391978492e+04  -1.1934889088083e+05  -1.1174869527743e+05   3.8494849863720e+05   1.9253818194852e+05  -3.9291505479615e+05  -1.5935434251339e+05  -1.6053253357022e+05  -1.2312514044275e+05   7.9461471632557e+04 
 -4.3960638966403e+05  -3.4317807590486e+04  -2.7286335792488e+05  -3.2237797266287e+05   2.7752583289070e+05   3.4385900673903e+05   4.0584717467917e+05  -3.6550976639639e+04  -2.7916625967752e+05   3.4454682688779e+04   3.2260448409815e+05  -9.4698126226738e+05   2.6192448881275e+05   1.1581042442277e+05  -1.4607968012479e+05  -2.7277850802171e+05  -7.3748223080262e+04  -4.0876148945840e+05   2.6040144877519e+05  -9.4951411679562e+05   7.1145011096750e+05  -3.9139362434167e+04  -2.1173039875683e+05  -3.5694196361797e+05  -1.0993290166349e+05   4.8130472398235e+05   2.4357133977379e+05  -5.1253645043436e+05  -6.3737984611564e+05   4.2269137752735e+05   6.7781548432054e+04   1.7709902376757e+04  -1.9403503304037e+05  -7.5680275506147e+03  -2.7724115222403e+05   1.7383793410357e+05   2.8347648371113e+05  -2.0112771056216e+05  -3.0899009636395e+05  -1.0177857194156e+05  -2.9034938943758e+05   3.8242497979297e+05   2.0567493983111e+05  -1.9737290554905e+05   8.1131751015946e+04   1.5939833918918e+05  -4.5820942656830e+05   7.1364355446669e+04  -2.4248012232003e+05  -1.2660860165600e+05  -2.9081048529363e+05  -3.6521395489009e+05   1.1647334479550e+05  -5.4341219132521e+03   1.6593196306188e+05  -1.1844012748413e+05   7.0095045246811e+04   1.1628623469905e+05   9.4943832824842e+04   1.3946315794784e+03  -2.1612957979293e+05  -7.8562439169529e+04  -3.6850251545570e+05   4.1146257939110e+05  -2.1654081715538e+05  -4.6046327606978e+05  -5.5526450674037e+05  -5.5521849539880e+05  -1.9193674951741e+03   1.9104125637699e+05  -4.3541533211720e+04  -7.8274559855307e+04  -1.0723933998263e+05  -3.9535933391271e+04  -7.0243897868328e+05   2.6339696098828e+05   3.0663491173180e+05   3.0408074942114e+05   1.0683249574573e+05   7.8394895337185e+04   9.7532789384384e+04   5.8994367408233e+05   5.1159785139398e+04   7.7733367217894e+04  -5.5689494340880e+05  -9.2596535766809e+04  -1.2709271848293e+05   1.5743950894017e+05   5.6683259424860e+05   1.0621052630676e+05  -2.4278533055344e+04  -4.6839928278369e+05  -3.9967789066433e+04   3.2469140794621e+05   3.9622780423068e+05   2.2499565649744e+05   2.3220336630444e+04  -3.5331041549179e+04   2.1419163982602e+05   3.3712662006351e+05  -9.3811004224506e+04   1.4093818921470e+05   3.8718379526635e+05  -2.0142467961924e+04   2.6066628981444e+05   1.8088216269771e+05  -1.0195554925429e+05  -5.4286590950198e+04   1.3727021118381e+05   2.3725526183585e+04  -2.9970731898862e+05   2.7270006429206e+05   2.9781629576867e+05  -6.5858425902971e+05  -7.9627714645893e+05   8.4564995169234e+04   1.2296954114534e+04  -5.9436784093288e+04   9.3633764372213e+04   7.2071708957699e+04  -5.1622887711269e+05  -4.2291876455262e+04  -8.6929629144165e+05  -2.6629765397464e+05   1.8307754351257e+05   8.6519567424493e+04  -1.7871273561149e+05  -3.7856603741308e+05   4.2134130609764e+04   6.7654199990018e+05   1.1788305567438e+05   2.5794537652489e+06  -5.4433128096290e+05   3.5128440664094e+05  -5.2451143370873e+04   4.1205737204219e+05  -1.9225935070720e+05   3.4320155099742e+04  -3.3865602402757e+03  -3.0839386551097e+05   2.9035106976553e+04   8.0859142885414e+04   4.6230666017654e+04  -3.9086424938228e+04   1.8546157864490e+04   1.3904580431527e+05  -2.0043750184706e+04  -8.4022017177360e+04   5.6871212749076e+04  -9.4589558458768e+04 
  4.6886072375478e+05  -1.6190218265622e+05  -3.2238522802390e+04   1.7113602628030e+05  -3.5949286928612e+05  -3.4338104386411e+05  -2.6799955100271e+05   3.2365869795481e+05   4.6074361037999e+05  -2.1662531349143e+04  -3.9150796389130e+05   7.7578841119423e+05   1.7140712618576e+05  -3.1926609372464e+05   1.8914075093290e+05  -4.0114052129680e+05   3.0449146763965e+05  -4.7872924887784e+05   2.7557625483771e+05   3.2482926819559e+05  -1.7628944662239e+05  -1.1389154917216e+06   1.2435728216347e+05   1.2614378973123e+06   2.2630455516697e+05  -4.6222517842003e+04  -1.8119380145659e+05  -1.0397261628849e+05   8.4829141718373e+05  -5.0674851122362e+05  -4.6646662909239e+05  -6.1023514198604e+05   1.1021099200948e+05   3.5274079430267e+05   6.4553759552999e+04  -3.4875690523842e+05  -4.0607651067186e+05   6.3923414763201e+04   6.0805303731710e+05  -3.3113123945742e+05  -2.6280808946158e+05   1.4408082544429e+05   3.2210831203735e+05  -1.2860600869051e+05   1.4682145220991e+05  -1.8356230519725e+05   7.7876797585923e+04  -1.5426188324037e+05   5.0345987441195e+05  -4.0934296584498e+05   6.8983956424158e+04   1.4141963369117e+06   3.2749145000198e+05   1.7909514427021e+04   1.0145665099819e+06   1.0454154128614e+06   8.3225896813289e+04  -5.0335439347691e+04  -2.8520521252165e+05  -2.8007619572557e+05  -3.1336185011050e+05   3.6581685102779e+04   1.2245884228888e+05  -1.6428022493366e+05  -3.8646156637787e+02  -3.0770014516850e+05  -1.9421620379898e+04  -1.9688428406806e+04   3.5794157114226e+05   2.9894386417169e+05   2.2469908709982e+05  -2.3664170192403e+05  -1.4523050522189e+05  -5.1393359641140e+05   6.7266569452567e+05   3.5201498672904e+05  -2.5343567636364e+05  -2.2322397482931e+05  -5.1503346537433e+05   4.3769690495751e+05  -2.7945134610514e+05  -2.2058919665103e+05   2.7394210743478e+05   1.3227705103087e+05   7.1504095188107e+05   5.7843913144638e+05  -1.8996932955865e+05  -3.5271017684813e+04  -4.2449183656066e+05  -3.2203193049168e+05  -3.7882349705305e+04  -2.8946157264167e+05  -3.9044519614851e+05  -1.9781301180567e+05  -3.9205994074242e+05  -5.5422173825138e+05  -2.9223871105863e+05   2.6696124775804e+04   2.5419345347048e+05   2.3256117510406e+05   6.7493507115297e+05   3.6402958263637e+04  -4.3800851898363e+05  -8.5591909662205e+05  -6.8639063025505e+04   4.0300860545610e+05   3.8268130281891e+05   4.5971175105149e+05  -7.3958051752825e+05   2.9192446001385e+05  -6.4627907500277e+04   4.2770025121585e+05  -4.8452941655738e+03   3.2099789225745e+05   4.8072188190287e+05  -3.0050647039834e+05  -1.6801966448725e+05   8.5620611578890e+04   2.1940974475633e+05  -3.8097626366349e+04  -8.0634167490411e+04  -1.0576897315918e+05   7.3537501881788e+05   5.2002325453545e+05  -6.8204915355151e+05  -1.0414540959920e+05  -5.0530628944740e+05   3.8011797138735e+05  -4.1347046664296e+05  -7.7438012200050e+05  -8.3939613703363e+05  -5.4433128096290e+05   3.5582994405488e+06   9.9560395505793e+04   4.4134771389433e+05  -1.6238253916069e+06   5.0117614335408e+05  -3.3137966349673e+05  -1.1670808485802e+04  -8.7227511296630e+03   1.3608011020373e+05  -3.6609020845599e+04  -6.2476416887636e+04  -2.2858286543527e+05   1.8594918605773e+05  -1.4837348523253e+05   5.3183574813280e+04  -2.8584702391793e+05   7.8111968744649e+04  -4.6948243122583e+04 
  1.7086825598298e+05  -2.2542467922890e+05   3.5998896544075e+04   1.5886761827814e+05   3.7457706405979e+04   6.7461316469653e+04   3.5849679150356e+04   1.2045979854073e+05  -3.3041417387611e+05  -1.6999469320818e+05   8.0509739821636e+04   1.3042405165284e+05  -3.3969633060068e+04  -6.2481632905906e+04   3.2814824375089e+04  -1.8586956471512e+05   1.7953728879299e+05  -3.5454017759383e+05   3.5359437200327e+05  -8.2303976091281e+04   2.8138256959650e+05   1.9141716748939e+05  -3.1798476295196e+05   8.4871867127733e+04  -8.3907917938359e+04  -2.0118918144034e+05   3.9761473020198e+05  -2.4740939818286e+05   1.4171045368975e+05  -9.0368733188866e+04  -1.4296603828723e+05   5.6980841182382e+03  -2.6880530833207e+05  -1.0466071288103e+05   3.6194571505781e+05   8.4495325504169e+04   2.7767078630372e+05   4.6593393752978e+04  -8.5765236717552e+04   1.9352854613559e+04  -3.9028879398948e+04   2.2392366448502e+04  -1.2041164991851e+05   2.0997561425243e+04   1.9438713212466e+04   1.8765974826494e+05  -2.2261589611716e+05   1.0531894875995e+05  -9.2811806001779e+04  -3.7845109917704e+04   8.0186232516507e+04  -9.6609847509306e+04  -1.3904080390984e+05  -1.5142974579129e+05  -1.6765070405476e+05  -8.0267226807950e+04   2.0325375478043e+05   1.5701145949804e+05   1.6794798518352e+05   1.2797127726805e+05   1.6034587558865e+02   1.2588004400048e+04  -2.2621806002192e+05   2.5748840395261e+05  -3.9338133183775e+04  -3.2428269687621e+04  -2.1320034722799e+05  -2.1306260190537e+05   3.1872073363964e+04  -1.0584166445281e+05   1.0410162284046e+05  -1.0915829018481e+05  -4.0123939331136e+02  -1.2052408666772e+05  -3.0334088329590e+05  -2.3521960941042e+05  -1.7334610372203e+05  -6.3879908227547e+04  -2.2554341124773e+05  -3.7389007409903e+04   1.5480770241981e+05  -1.3120067442981e+05   8.7347355776394e+04  -5.7340980408682e+04  -2.3800492523980e+05  -8.6905880771812e+04   3.4262985363304e+04  -1.1331891815084e+04  -6.1707578733662e+03  -9.5165275031161e+03  -4.7748393677373e+04  -1.4583791965884e+05  -6.5269189356483e+04   8.7809884565297e+04   9.9646849991049e+04   1.2746652010793e+05  -5.4378361557634e+04  -3.2548575236220e+05   7.1557125066758e+04   2.5265751192016e+04   3.8496188027472e+04   1.3551013868356e+05   1.4736472645745e+05  -1.0875441764857e+05   6.6085073405534e+04   1.2904230872056e+05   1.6669958202606e+05   6.1228095306130e+04   2.8891781900087e+04   1.6993470202277e+05  -3.7819102584096e+05   2.9040951975799e+05   1.2972840258375e+05  -1.7564738505431e+04  -4.5300159197694e+04   1.8929190735201e+05   7.7635491289337e+04  -8.9609923862916e+03   3.9302369794207e+04  -1.1401154293472e+04  -2.8124349608832e+05   2.1709961876006e+05  -2.4365609507538e+05   2.5940313912222e+05   1.9765462228262e+03  -2.1899223832554e+05   1.5337093577313e+05  -2.7859644289450e+05   6.7737779701226e+04   1.1917676988057e+05  -5.7612307958900e+05   3.5128440664094e+05   9.9560395505792e+04   1.0157704092507e+06  -6.2102584850495e+05   4.1071171190597e+05  -3.4574824269358e+05   2.5391331738328e+05  -2.3831888628341e+05  -2.6379257082114e+05  -4.4742908404128e+04   1.6482191880923e+05  -7.0724919809372e+03  -1.2455866390484e+05  -3.4721157656230e+04   1.3215870351041e+05   7.5074451623892e+04   5.0558842306619e+04   1.8970293781640e+04  -3.1379779028722e+04 
 -2.6369979265184e+05  -7.2470724164220e+04   1.9110251176091e+05  -1.1857729918606e+05  -4.3020366350781e+05  -1.4646537517894e+05   5.1430207163752e+05   2.2782623878008e+05   1.9608510420827e+05   2.7295561844962e+04   1.4383163417447e+05  -4.6647614899123e+05   1.1704838183572e+05   3.3413501255179e+05  -7.6895026668113e+04  -2.9603186553313e+05  -3.5980418481859e+05   5.9842125790444e+05  -1.2913273109663e+05   2.4483362467551e+05  -4.0981960263188e+05   4.3199764693541e+05   2.0861997922359e+05   8.7108464747885e+04   3.5940614076897e+04  -7.8999924815548e+04  -6.7041047220651e+05  -2.9482390683530e+04   7.9591903196959e+05  -3.5079831546908e+05  -6.6439112438662e+05  -3.7874195615187e+05   3.7359532205537e+05  -1.0479813358002e+05  -7.8803373291569e+05  -1.4195256294549e+05  -2.5864545882625e+05  -1.2031649824416e+04   2.8401142505386e+04   3.2285862879421e+05  -1.1798993405744e+05  -5.7643115744992e+04   3.3970312931753e+05  -3.2466821976052e+05  -2.8049993024242e+04  -2.8425625026946e+04   8.4183595893878e+05   1.7925708154023e+05  -1.2472989013872e+05  -1.6023950353114e+05  -2.0981705981192e+05   3.5983001452248e+05  -2.3970700168829e+05   4.7570707683014e+05   1.2648970731378e+05   1.6850985811917e+05  -4.9066040472177e+05  -4.2054640997534e+05  -3.4082223373420e+05  -2.8149221089599e+05  -4.3976239439474e+04  -4.2904146648979e+05   1.1905955795637e+05   3.2830805089165e+04  -1.1225343073416e+05  -5.5785089501555e+04   6.1136452788946e+05   6.1116590815596e+05   7.7950985829217e+04   6.7191369224280e+04   2.4165657968493e+04   9.4074024375615e+04   1.4628539948050e+04  -3.6829319900819e+04   8.3509344813030e+05   1.1553694413742e+05   4.4654203183481e+04   3.1511436819991e+04  -6.0291707860318e+04  -3.4129065755280e+05   2.0685848922069e+05  -1.5230671066306e+05   9.8593699384556e+04   1.0449851678703e+04   4.7338218137899e+05   7.8229669895912e+05   1.7315428149869e+05  -5.8807975509727e+04  -3.8822101129889e+05   4.4141506998731e+05   4.5629750570450e+04   3.3393693817092e+05   1.1482556551381e+05  -1.1419882467681e+05  -2.4350674239598e+05   1.0319058339541e+05   4.9993870437765e+04   3.5697541922435e+05   2.6194591539349e+04  -2.0730383501877e+05  -1.6344884837114e+05  -2.1539960255692e+05  -3.3970616232620e+05   8.2070511877898e+04  -2.4396771058774e+05  -2.6010832007395e+05   1.0844593126578e+05   3.4540469844792e+05  -4.9072366369731e+05  -2.8066189481184e+05   1.3310443505778e+06  -3.3289296347436e+05   5.6799283491956e+04  -1.1250926030715e+05   8.2774606065303e+04   5.0126989126610e+05  -3.0453788374932e+05  -7.1130854703700e+04  -3.6038998483163e+05  -3.9858078766741e+05   4.8203804511690e+04  -1.5331931804660e+05   3.8578287668109e+05   2.1152393631071e+05   7.4603729884141e+04  -2.6251122903702e+05  -1.2501742962023e+06  -6.1255458521348e+05  -7.0112349163829e+04  -8.7856054768975e+05   5.4568770252235e+05  -5.2451143370872e+04   4.4134771389433e+05  -6.2102584850495e+05   2.1855808785299e+06  -2.7834721618562e+05   5.4107101081360e+05  -2.9804216084815e+05  -1.3537077614167e+05  -2.1156802892566e+05   6.5957926570800e+04  -6.8677196720286e+05  -1.0386706821860e+04   2.1701240287248e+04   3.0056794914478e+05  -2.1133417871086e+05   2.9379177177085e+05  -4.4097577398138e+04   6.1875268666129e+04  -8.8210258279187e+04 
 -5.9117518257750e+04  -5.6130194034598e+04   2.5185335684243e+05   8.9833812821309e+04   2.2159095059524e+05   2.4130469235528e+05   2.7443735582723e+05  -3.1664661095541e+05  -7.6209928075092e+05  -7.6636398791771e+04   5.0363367821145e+05  -2.6047433892083e+05  -3.1935139811885e+05   2.9930163543982e+05   1.4153674763215e+05  -2.1560406398613e+05  -1.1350959632000e+05  -2.2419287878426e+05   3.4150547648890e+05  -2.4596909564177e+05   3.0041741233034e+05   6.8592363091375e+05  -4.9399543626233e+05  -8.2990400395870e+05  -3.1003994451667e+05   3.0740923729536e+04   4.0777916072537e+05  -1.7755778282340e+05   2.8366257321749e+05  -1.3026793884413e+05  -3.5550242966221e+04   3.8131080346165e+05  -2.5719826624174e+05  -1.0454137343843e+05   3.3937441970663e+05   3.6715979821090e+05   1.2606731593982e+05   3.9526962493335e+04  -1.3022469516756e+05   1.1769631070793e+05  -9.7791750597996e+04  -1.5783375425090e+05  -1.8619388572882e+05  -2.1890177614745e+05  -1.9209219696049e+05   4.9073121899403e+05   4.2941030770780e+05   4.7141474957277e+05  -7.4207803029248e+05   5.2806233770241e+05  -1.7795562937367e+05  -1.1552897162260e+06  -4.8690269847329e+05   3.3358821005060e+05  -9.1279548315108e+05  -6.9722484098538e+05   8.1295475051587e+04   7.0606949307605e+04   3.0873332129623e+05   3.4938273769089e+05   3.1087909207487e+05  -3.1191200852990e+05  -4.1689253949739e+05   4.7306316536430e+05   2.1844610176406e+05   4.6463214584498e+05   1.2312398396817e+05   1.2340246883398e+05  -1.0527596690121e+05  -4.1322164747476e+05   8.8483573355164e+04   6.0921281300924e+04   1.2071270201485e+04   1.9796283692978e+05  -4.7792523939663e+05  -6.0548632690232e+05  -1.8972018269315e+05   3.3495510900648e+04  -9.3875528684660e+04  -3.5332700100485e+05   4.5946787599220e+05  -1.3595795461755e+05   1.2732973296635e+05  -7.1148993409154e+04  -5.7408421980178e+05  -3.6661332729584e+05   2.4553391825607e+05  -7.5193232694717e+03  -6.7404213503791e+01   3.0191211892045e+05  -1.2889888674184e+05   9.9837964978043e+04   2.2381472499586e+05  -7.3931712915110e+04   4.1007554651683e+05   5.0445704769190e+05  -5.8820377373999e+03  -7.2690984639418e+05   2.7124790429996e+04  -1.7944969776542e+05  -5.3294413567094e+05   1.5475185513103e+05   4.1102609123804e+05   4.0177579391871e+05   2.0444128725075e+04  -2.0046962870943e+05   8.1017439248492e+04  -1.0991620494750e+05   2.1067786273054e+05   1.5454514541567e+05  -1.5538715506315e+05   8.1382524886058e+05  -2.5291968880054e+04  -1.8826387213805e+05  -2.1214085578865e+05   7.5479440732450e+05  -3.7319473308796e+04  -1.8972851473482e+05  -1.2558780710020e+05  -2.9606046869167e+05   1.1928625900940e+05   4.3198338752763e+04  -4.2529058659807e+05   3.4499792380389e+05   5.0682408363594e+05  -5.0433049345220e+05   7.1839909942275e+05  -8.9514670316623e+05   2.2549904541817e+04   8.2924870620157e+04  -1.3587173122930e+06   4.1205737204219e+05  -1.6238253916069e+06   4.1071171190597e+05  -2.7834721618562e+05   2.4049004284414e+06  -5.7616882515296e+05   7.3179551349180e+05  -1.4655374034475e+05  -1.5452077112117e+05  -1.6131912169860e+05  -4.1743271813616e+05   9.4212062762862e+04   1.2685767576140e+04  -1.7089707704011e+05   2.4299671939504e+05   2.3170675063287e+05   1.1972927523334e+05   1.9563734671256e+05  -8.7571210456672e+04 
  1.4228558886678e+05  -1.4527989282057e+05  -5.4545383152377e+05  -9.8010345186214e+04  -1.1228812935556e+05  -7.1033528916100e+04  -3.8157829697777e+05   5.0080848732150e+05   5.3373569672907e+05   2.7877823674096e+05   5.3828520407084e+04  -5.8516046476449e+05   1.1023633014872e+05   3.7939173541415e+04   7.6829404710121e+04  -2.8500594565016e+05   1.6708828012909e+05  -1.4974803534998e+05   1.1241129522504e+05  -1.0969887254877e+05  -2.1158265654690e+05  -1.3202348828455e+05   1.4211186324315e+05   1.6281064775532e+05   2.0665139463468e+05  -1.0955582017351e+05  -2.3518710695134e+05   2.2651330583146e+05   3.8838992563209e+04   1.7821004719765e+05  -1.2322749314745e+05  -6.7737602607521e+05  -3.4826197381608e+05  -6.2416818108589e+04  -6.3711199196272e+05  -5.3538487722025e+05   8.0540180670419e+04  -9.0424178481422e+04   8.3765783679082e+05   2.1861356606058e+05  -5.1654432613228e+04  -9.0115050032212e+05  -3.7807634019830e+05   4.4959656643871e+05   6.9501439746488e+04   1.4414452944944e+05  -6.7340568748221e+04  -1.0569272183025e+05   7.5361488424785e+05   3.6412826162026e+05   9.8258923177516e+05   1.3880738437402e+05   4.5577148191809e+05  -1.1598834150363e+05   6.7855084455819e+05   6.3107689138052e+05   1.7699822189202e+05   2.6635692325836e+05   1.5778505018569e+05   5.4323681649689e+04  -6.6883692433962e+04  -2.6121761735026e+05  -8.8643492474043e+04  -4.2123465012603e+05   2.8050673290882e+04  -4.5621228226455e+05  -1.6842724172993e+04  -1.7359282253537e+04  -1.9058702638120e+05   6.8778239088265e+05  -1.0321136827726e+05   1.5246204159955e+04  -1.5631790358332e+05  -4.7028507918660e+05  -2.5756501293057e+05   7.0263676695113e+05   1.8369005771537e+05   3.0379287571439e+05  -3.6773269288330e+05   4.5783104891754e+04  -8.1217254814909e+05   2.5951026499134e+05   1.1345171554350e+05   7.5104587972245e+04  -5.4057929732675e+05   4.8739135513040e+05  -4.3280469527861e+05   3.4308642387515e+04   2.7093605360390e+05  -2.6254593703825e+05  -2.7134694993302e+05  -3.4574822628452e+05  -3.9887160620018e+05  -8.6837334738496e+04   2.7074263548053e+04  -4.9636835688647e+05   6.3998738835301e+05   7.5006751288114e+04  -3.3897621838203e+05   5.8717018983116e+05  -4.7101311156606e+05   3.5276827736916e+05   3.7038195218026e+04  -7.6984665115879e+05  -1.2262081194147e+05   2.2432984585410e+05  -2.3769996266932e+05  -2.2404995464483e+05  -3.5796353997400e+05  -3.9879497361535e+05   5.9576968565226e+05   2.4836988365730e+05  -3.6690849043551e+04   2.7070112044320e+05   3.3925052492047e+05  -9.2933396350515e+05   4.3336469971717e+05   1.2468846200647e+05   1.7067174176630e+05   3.5462878638868e+05  -1.5485950599471e+04   4.7202281161438e+05   5.8481297054741e+05  -6.0479844859373e+04   4.8423840779363e+05   5.3329601786522e+05  -5.5883073578257e+05   4.6184187570956e+05  -1.7210302388991e+06  -9.9133261115878e+05   4.0886882877762e+05  -1.9225935070720e+05   5.0117614335408e+05  -3.4574824269357e+05   5.4107101081360e+05  -5.7616882515296e+05   3.0976127242437e+06  -1.7066386077348e+06  -7.1335847909704e+04   1.6763710273622e+05  -1.9692762508520e+05   4.7702532518457e+04  -2.6405917194584e+05  -7.9859834755512e+04   5.1448137871017e+05  -2.1322866399850e+05   1.6645096430195e+04   3.6391006999713e+04   1.1034341545374e+05  -4.2897148373913e+04 
 -4.1999951429329e+04  -3.0026278156594e+05   2.9235340237293e+05   4.9124931228094e+04   5.5935922503959e+04   9.1925104100820e+04   2.5373585125598e+05  -4.7352295184619e+04  -7.4663530327513e+05   3.8735274195047e+05   2.2365584638307e+05   1.5860537059223e+05  -1.8734318629322e+05   1.5885430026451e+05  -2.7192438860913e+05   1.5002219808335e+05  -6.9370086034336e+04  -1.4802942058173e+05   2.9360977715319e+05   1.2191623585282e+05   1.1580312384760e+05  -3.8673467438183e+05  -1.0523321121764e+05  -1.3666693487206e+05  -3.2042864517522e+05   1.4843597316926e+05   5.1231868891303e+05  -3.4017531321894e+03  -5.2748758271926e+04  -3.8354339439364e+05   4.0177633037718e+05   2.4022547869954e+05   9.6371683437583e+04   1.9342471955471e+05   5.8121353281879e+05   4.3373130024748e+05   2.2231627812204e+04  -2.3630530651882e+04  -3.7383537689066e+05  -2.2781598614236e+05  -4.7137154922633e+04   2.0746075868227e+05  -2.2287493774476e+05  -2.7511053561117e+05  -1.3288078273132e+05   1.4544357867767e+05   2.0189570968822e+04   6.1683572104222e+05  -7.6913305951493e+05   2.1008172709821e+05  -5.7412610001949e+05  -7.9523978086250e+05  -5.8920864443794e+05   3.1566139338482e+05  -4.3641428355339e+05  -2.9051474535538e+05   2.6458928568674e+05   2.8675735780413e+05   3.8374014544739e+05   4.0278649331056e+05   3.4422568664779e+05  -1.0683566669708e+05  -2.3550692141086e+05   4.6463339371524e+05  -1.7814857952248e+05   8.8467286867997e+05   2.0860034909838e+05   2.0909628547660e+05  -2.1268495963424e+04  -8.0977369687923e+05  -2.7893714334787e+05  -2.4852818495727e+05  -4.2065838787313e+05   3.1640336751541e+04  -4.0031911374812e+04  -1.0895607583085e+06  -4.1240134127164e+05  -1.7117875987105e+05   7.1531907040380e+04  -3.0530919844849e+05   9.0885084012633e+05  -3.1646385862029e+05  -1.8144219007275e+05  -8.2306632266177e+04   2.4435307940207e+04   1.0842177796002e+05   2.8404541987523e+05  -1.2243191857174e+05  -3.4850293351021e+05  -1.0219299521265e+05  -1.9583544446702e+05   1.4833407300267e+05   2.4892214118056e+05  -5.5641121191770e+03   3.0282375183298e+05   1.9981126886818e+05  -4.5633475822777e+05  -8.8888124571889e+05   1.2079759618839e+05  -3.2269467320346e+04  -3.6500466533702e+04   3.2030595970251e+05   5.5738925349751e+05   6.8245124593979e+05   1.9922895323562e+05  -2.6990093511646e+05   2.1251631758632e+04  -1.0735429123796e+05   3.9415309215012e+05   1.7351461260464e+05   1.4407778735201e+05   5.1803362150186e+05   2.2052529461906e+05  -2.4630509526872e+05  -1.9484305774041e+05   6.7166159904123e+05  -2.6802272788408e+04   5.0313247646634e+05   7.4606808200572e+04   1.9144072027216e+05   2.8943674663380e+04   3.8079218587381e+04  -4.2438386555659e+05   8.2449773108255e+05  -9.9162962228847e+05  -1.4932335394807e+06   6.7749758571043e+05  -3.8558724878981e+05   2.8330915904723e+05  -5.0828179749756e+05  -3.3400169596223e+05   3.4320155099742e+04  -3.3137966349673e+05   2.5391331738328e+05  -2.9804216084815e+05   7.3179551349180e+05  -1.7066386077348e+06   2.9141058104375e+06   2.6476271542027e+04  -1.1193052540236e+05   1.4555957693662e+05  -2.8194579543674e+05   1.7070518727248e+05  -1.8914356966538e+04  -5.5638656391193e+05   1.6499977902632e+05   1.0874525236087e+05  -1.5948436645747e+05   1.2546677727906e+04   4.4072035218017e+04 
 -7.3806862728232e+04   1.7708733109504e+05  -3.3485369976531e+04  -1.2982282778798e+05   4.9412317536062e+04  -1.5138521441036e+04  -5.2193214214178e+04  -8.7115995462669e+04   4.7853488835982e+04   1.5642798200556e+05  -1.8822724895876e+05   1.6015714836399e+05   4.6898808716010e+04  -2.6092497811931e+05  -1.5389963739186e+05   1.9233961536495e+05  -4.8584618942753e+04  -4.3044688630906e+04  -8.4715325394434e+04  -3.5823648179000e+04   2.3050561140982e+05  -1.2361190113161e+05   4.4547358893958e+04   1.2801125530584e+05   7.3121650094958e+04   2.3406236221379e+05  -3.3376215680417e+04  -6.6565654423986e+04  -2.6479892322726e+05   4.1776515720441e+04  -5.2657627918201e+04   3.1553306883321e+05   7.9282534003370e+04   5.4390051419727e+04  -2.0831465878552e+05  -5.5568640430929e+03  -1.6247782661387e+05   1.1508658203026e+04  -1.4653510061282e+05   7.0147901632608e+03   1.4107586995613e+05   8.8273127515963e+04  -1.1994362470241e+05  -8.2704507577350e+04   2.6260892497131e+03  -2.7014079341332e+05  -1.7699579693116e+05  -1.6842137587449e+04  -5.0647589033786e+04  -1.1023065611879e+04  -1.0112835082670e+05  -5.0262744327673e+04   1.0030391843456e+05  -1.0347759551283e+05  -6.1512430699950e+04  -1.1742868867966e+05   1.0082534851909e+05   1.2640589230882e+05   1.0767047060585e+05   9.5985477777308e+04   8.3395102228095e+04   1.8988283052731e+05   1.5678500717661e+05  -1.3402888086822e+05  -1.1945823324547e+03  -1.2253645183596e+05  -1.8810249434285e+04  -1.8731542336324e+04   9.8826759117068e+03   4.3905176715897e+04  -1.1352045955957e+04   1.1755519095894e+04  -1.1841929232155e+04   8.9138435252215e+03   3.0069736593029e+04   3.0209478763705e+04   4.8205128000946e+04  -1.8390179183772e+04   8.0377070800574e+04   1.2592656728979e+05   1.1245079169800e+05  -1.9750653233868e+04  -1.5915239581946e+05   4.3940218356073e+04   5.9447444799416e+04  -1.1809267952964e+05   1.2860838554256e+04   2.3601024380598e+04   4.4079579064196e+04  -1.6796275340283e+05  -6.9082707224910e+04   4.5631621933577e+04   6.3373638146422e+04  -1.5105498726435e+05  -3.9588481386826e+03  -9.2536600232087e+04  -1.9501464073694e+04   1.5899633496353e+05  -5.6380835394863e+03   5.8004523613662e+04   7.8493093407520e+04  -6.4383307008427e+04  -8.1765838050243e+04   1.2727243863798e+05   8.3604568507764e+04  -3.9169691234258e+04  -8.9512305524113e+04  -3.5751700224713e+04   1.2209329776594e+05   4.7564146504338e+04  -1.9392667415343e+05  -2.7135400389213e+05   1.4555063593720e+05   8.8152921659150e+04   5.2366621910479e+04  -2.2947453600365e+05  -1.4083242824966e+04   9.3235761481370e+04   4.2243980325940e+04   1.0240565534049e+05   1.3475152720322e+04   8.6636993993348e+04   5.1781075191485e+02  -2.1485619077404e+04  -1.8801234919921e+05   7.6708428273606e+04   1.7853742502827e+05   1.3168650816752e+05   7.2774171918098e+03   2.1238243871888e+05   1.5501945946386e+05  -3.3865602402756e+03  -1.1670808485801e+04  -2.3831888628341e+05  -1.3537077614167e+05  -1.4655374034475e+05  -7.1335847909703e+04   2.6476271542027e+04   3.6948587583005e+05  -1.5191345762405e+05   3.4778050123822e+04   5.0394867893652e+03   3.7340254212016e+04   4.9687049620554e+04  -1.1629607391894e+05   1.6450486822144e+04  -2.6204667320915e+04  -4.9741527171830e+04  -4.6388093920170e+04   4.1627373230813e+04 
  5.8520251020214e+04  -4.2111173207365e+04  -9.0349825344777e+04   8.7359423346812e+04   3.2225440042387e+04   3.3981641739935e+03  -2.0913971299465e+05   1.6523552382336e+04   1.2962884199969e+05  -7.2646708807287e+04   6.0958925509743e+04  -7.8035347440267e+04  -1.7722447409720e+04   2.3488352271038e+05   2.3446422183648e+05  -1.4700289780230e+04  -2.3944275272950e+04   5.4805061570936e+04  -2.1205619227003e+05   1.1530947798136e+05  -3.0981031876352e+05  -3.0533707523342e+05   2.1929116871988e+05  -1.4664616983382e+05   1.6631338672567e+05  -1.1728299866843e+05  -1.6445263572459e+05   2.5114458358680e+05  -4.8831325312327e+04   2.1116357189523e+05   3.5506316214315e+05  -2.8929387535401e+05   3.5192509731340e+04  -2.4417238866968e+04   2.7874976619324e+05  -4.4589681998269e+04   9.4243613490224e+04  -2.6666659179974e+04   4.2723347096191e+05  -1.1888470758420e+05  -1.1621337622877e+05  -1.4558033097196e+03   9.0431021165061e+04   2.7932975478555e+05  -1.5082150948129e+04   6.1722347870793e+04  -4.3740447842366e+04  -2.7694073261214e+05   3.6985813598647e+05   2.6784758221322e+05   2.4692456089150e+05   1.4082633666862e+05   2.6049260295746e+05   1.2729404797221e+05   2.1914702294674e+05   2.2825177131286e+05  -8.9890000134738e+04  -9.5047214894849e+04  -1.2803029885695e+05  -1.0455181797418e+05  -5.6576403587080e+04  -3.0400793653863e+04   7.8959220175297e+04  -1.4908527934145e+04   8.6082334896602e+04   1.0673791746375e+05   1.1200575929602e+05   1.1181292032483e+05   2.3028753911118e+04  -3.0952833836845e+04  -3.3550324060244e+04   5.0897908248057e+04   6.9437323378162e+04   1.3195490376445e+05   7.7086017659599e+04   3.6787518853845e+04   1.7010773249241e+04   2.5215304012627e+05   1.4972125987941e+05   2.8366901950239e+04  -1.8956372657226e+05   7.5047310507730e+04   4.3310465502794e+04  -2.9202308594069e+04   6.5782667189787e+04   5.9239419641855e+04  -1.8340015716289e+05  -6.2747385406049e+04  -2.0255802604648e+04  -5.5922821849387e+04  -6.1117637586931e+04  -2.2165209840664e+05  -2.2476561657491e+05   2.5422656386145e+05   4.2543434600403e+04  -1.3777201488846e+05   8.4533176099602e+04  -2.1268275621281e+05  -4.6652711187492e+04   4.9176384787235e+04  -1.6239327795430e+04   7.4182213505905e+04   9.9971139074231e+04  -1.0799794640476e+05  -1.8777181967020e+04   1.4573161096204e+05   1.5561223004532e+04  -3.8993877600483e+04   1.5286134166187e+03  -6.3385909490754e+04   1.1246018288639e+05   2.8362015767897e+05  -3.1053340415767e+05  -1.6574114217006e+05  -1.4101098546218e+05  -1.5578205888418e+05  -3.5515541130930e+03  -9.1059173312814e+04   1.8793035853737e+04   4.4031475871941e+04   3.1845501421899e+04  -1.8962534362171e+05   7.4125755834680e+04  -2.0714886274219e+05   4.9534435395055e+04   3.4111919005964e+05   5.6859656448597e+04   1.5365155635762e+05  -5.3968325320090e+04  -1.8467456840699e+05   2.2385309752170e+05  -3.0839386551097e+05  -8.7227511296622e+03  -2.6379257082114e+05  -2.1156802892566e+05  -1.5452077112117e+05   1.6763710273622e+05  -1.1193052540236e+05  -1.5191345762405e+05   6.9158748838044e+05   6.0435644616682e+04  -7.6202679965089e+04  -4.2954509052704e+04   7.7629788501609e+04   6.0344859898307e+04  -1.4585865780936e+05  -1.1407489000279e+05  -6.2795072435013e+04   2.8296409495876e+04  -7.5204714002275e+03 
  6.7284740530144e+04  -5.6583588144626e+04   8.5576501369304e+04   4.2873224494915e+04  -1.3371233403189e+05  -1.0361256933422e+05   1.9825017032513e+04  -3.8576083756590e+03  -5.0495629623973e+04  -1.8563556726225e+05  -8.3428924889503e+04   7.7581503218586e+04   1.1765234163920e+05   1.7238999517556e+05   2.2042499594857e+04  -1.6634509189638e+05   1.2286116420729e+05   1.0509723235845e+05   3.9609753499001e+04  -6.7840412243153e+04   5.1235987186154e+04  -2.4626132007346e+04  -2.1849637082578e+05   2.3592894506507e+05   1.5897838955744e+05  -1.0476452636649e+05  -1.2096641887416e+05  -3.0725144880930e+05  -2.7234427263506e+05   2.3972478364153e+05  -5.2470470650932e+04   1.3889052253548e+05   1.9409612892569e+04   9.2759340457925e+04  -2.5980963989969e+05   1.2485498218187e+05  -1.0548187796699e+05  -1.0319434584579e+05   1.0399741709624e+05  -1.1380272458182e+05  -1.0331177871972e+05   1.7993213146036e+05   1.7063244453124e+05  -7.6207757080835e+04   5.2299600104467e+03   1.4885365923862e+05   1.6779452662822e+05  -1.9393711449615e+05  -1.0297891070945e+05   2.8201358673819e+04  -3.4319731051690e+04  -1.1437796941053e+05   2.6854635057849e+04   3.5404090494415e+05   5.5540651501610e+04  -4.3826784821497e+04  -9.7329995245991e+04  -8.9562797919165e+04  -1.0059824636156e+05  -1.4336369246298e+05  -1.4796351115284e+05  -8.7241587890946e+04  -6.9962691402335e+04  -1.4766395568198e+05  -2.4673374781295e+04  -8.5536663624035e+04  -5.5775658762690e+04  -5.5682732600448e+04  -6.2657129345323e+03   3.9030678186567e+04  -3.4828808688576e+04   4.3369901196852e+04   1.0305616572423e+04   6.9727456471488e+04  -9.6557796367513e+03   1.8686672037703e+04   5.0037093537774e+04   1.0875978478794e+05   9.6424724100380e+04   7.5974463250144e+04  -1.1139617799703e+05   7.6627863967762e+04   1.1696977121083e+04   1.1782014626016e+05   5.3403161056167e+04  -3.1034955877636e+04  -3.1248635278669e+04   1.3918616535765e+04   6.2293873597851e+04   8.9394051861720e+04  -1.8972856448615e+05   6.1571344956624e+03   7.0677949862975e+04  -8.6186469703203e+04   1.1425066979905e+05   1.4231005994312e+05   1.4110292045970e+05   1.2507909360577e+05   1.0334490043909e+05   8.4911261168863e+04  -2.6337152430664e+04   4.8349792071952e+03   1.6271176958622e+05   5.1019454965177e+04   1.0075239629568e+05  -2.6981293547136e+04  -1.3515938223775e+05  -6.0939977635368e+04   2.9639297423227e+04  -8.0252671705259e+04  -6.1952419698502e+04  -1.8316988713891e+05   7.1688280625974e+04  -1.0835926439148e+05  -1.3101356824230e+05   1.1374424998946e+05   7.3187784144526e+04   1.2627417161192e+04   8.6980292076096e+04  -4.2403558687369e+03   1.1237966868760e+05  -1.2045455466148e+05  -7.8389108526521e+04  -1.9617222040181e+05  -1.3348794295260e+05  -8.3500291782833e+04  -7.9082967486833e+04   1.5479063377406e+04   2.6187085096079e+05  -1.7197905127573e+05   9.8624391978492e+04   2.9035106976553e+04   1.3608011020373e+05  -4.4742908404128e+04   6.5957926570801e+04  -1.6131912169860e+05  -1.9692762508520e+05   1.4555957693662e+05   3.4778050123821e+04   6.0435644616682e+04   5.0901769149193e+05  -1.3542859681556e+04   7.9225453425873e+04  -4.4652287157131e+04  -6.7916160733471e+04  -4.0759273438810e+04  -1.9196940098905e+03  -3.0608941412631e+05  -3.2552931811140e+04   2.1794026625564e+04 
  1.1985500458575e+05   8.6653095142880e+04  -1.5704332956440e+05  -3.2209750725818e+04   1.0220034849630e+05  -4.1793180196115e+04  -2.9494767778014e+05  -1.6266253570238e+05   3.6346484733246e+05   1.2482476632360e+05  -3.4711249449331e+05   1.3800826566385e+05   1.2733315173759e+05  -2.6497870851594e+05  -3.5134608684854e+04   1.3876477376739e+05   3.3010293625631e+05  -1.6506790150075e+05   8.7193944265150e+04  -1.0706109420284e+05   2.1520032971399e+05   3.4667139907553e+04  -1.4608693160539e+05   3.0881748555557e+04  -1.8785991688619e+05   1.3324146876798e+05   1.2103920156258e+05  -2.9536793604095e+04  -3.8335858925519e+05   2.7680165473466e+05   2.3931685676477e+05   5.7354993239389e+04  -2.9496318448459e+05  -6.0048007862728e+04  -5.8526129439211e+04  -5.4730958601700e+04   1.9728040931250e+05  -4.8335523556363e+04  -6.4585719085636e+04  -2.3548066720856e+05   2.3388823002979e+05  -3.1245310354898e+05  -1.4386105919453e+05   1.9041299408494e+05   4.1880879499281e+04   3.1266159723837e+05  -4.2974647222677e+05  -2.0485250458074e+05   1.5790356246457e+05  -3.4471683295327e+05   1.9318104575899e+05   1.0810072898413e+05   3.0333214606655e+05  -3.9734271376090e+05   1.9801393189389e+05   1.6711166893610e+04   1.2466770521420e+05   9.3128550683425e+04   2.8549650679452e+04  -3.0861619164351e+04  -1.5225110107192e+05   2.8141134297411e+05  -3.3877822370797e+04  -2.4443752421636e+05   2.0006340666902e+04  -2.9689673514029e+05  -5.2636706623688e+05  -5.2631370881928e+05  -6.5733627039936e+04   2.0921220054696e+05   2.6029111448831e+04   2.7327352572103e+02   8.2228281236258e+04  -2.4850730685400e+04  -5.2010952806164e+05   2.6801911239291e+05   1.4042748434172e+05  -6.2685307715446e+04   2.1515765787262e+04   2.6919511472412e+05  -5.9890480859267e+05   1.8761491367057e+05  -9.5367670350865e+04   5.7924725681997e+04  -2.9616993597429e+05  -3.4630092350169e+05  -1.4282189448043e+05   9.8799215158816e+04   4.2700329162456e+05  -2.1726953602328e+05   1.9593035011160e+05  -3.7110130188125e+04   1.6861290431980e+04  -1.0993799493129e+05   3.6505454343666e+04  -1.3478597559435e+05   1.6661614403542e+05   5.1501365881451e+05  -6.3594211659049e+04   1.7849816328363e+05   8.4789831868988e+04   1.0705759248671e+05   2.3784539909971e+05  -1.5958548284578e+05   1.1481790817833e+05   1.6236008872280e+05  -1.5689966160005e+05  -1.9702419703754e+05   1.5976490871487e+05   1.7709086787255e+04  -4.8546841926826e+05  -4.9180682400919e+05  -3.2912056084048e+04   2.0352010571813e+05   8.1890596268576e+04  -4.2586160931371e+05   2.5808045178810e+05   4.3957139880076e+04   2.0358902575042e+05   2.5142593750537e+05   1.8730327487324e+04   3.2421530870614e+04  -7.2601442678455e+04  -4.0449592644902e+05   7.4900508410919e+04   1.9746416269810e+05   1.8284192618604e+05   6.5643703882457e+05   5.7751478700685e+04   5.0616292971395e+05  -1.1934889088082e+05   8.0859142885414e+04  -3.6609020845599e+04   1.6482191880923e+05  -6.8677196720286e+05  -4.1743271813616e+05   4.7702532518456e+04  -2.8194579543674e+05   5.0394867893657e+03  -7.6202679965088e+04  -1.3542859681556e+04   1.1070472845614e+06   3.0467116769484e+04  -1.8086362434437e+05  -5.3169617776011e+04   6.7393929729345e+04  -4.1741419008518e+05   1.3837402677192e+05  -1.8666547239981e+05   9.0776416666716e+04 
  1.0943733923560e+04   7.7687389438614e+04   3.7222346619055e+04  -3.9678739286070e+04  -1.6824523744401e+03   3.8570185728490e+04   4.4413136569775e+04  -7.7316147478724e+04  -1.0642262239406e+05  -6.3715754615875e+04  -1.4236974799693e+05   1.2039061641130e+05   7.6331338797094e+04  -4.6119965850066e+04   1.5843643864304e+05  -1.5628955209509e+05   6.3575129895261e+04  -7.2713133116041e+04   2.0871728038719e+04  -6.1599822895488e+04   1.1482490910605e+05   1.0166307574345e+05  -1.9091335773100e+05   1.6655230327697e+05   3.8967800797524e+04   7.1203468566336e+04   7.0524469955270e+04  -1.3598366805528e+05  -1.4822233926786e+04  -4.8640303651026e+04  -9.2553255108102e+04   2.8187907687164e+05  -1.3319589386928e+05   1.7803943784904e+05  -1.3200107278278e+05   5.1184881917195e+04   8.7680270178353e+04  -1.1152710774944e+05  -3.9384550294393e+04  -1.6545867412944e+05  -2.6164966386955e+04   3.5455784135932e+04   9.4572908643109e+04  -1.4313132671331e+05  -5.2061496465496e+03  -7.4318976202387e+04   2.6898972225760e+05   3.3646911571083e+04  -2.0819144319214e+05  -9.2204352819990e+04  -1.0508518946823e+05   3.6067786967362e+04  -6.1556144713613e+04   8.6720459636754e+04   3.8610628811718e+04   2.5434457459676e+04   2.2141378725234e+04   8.6200109364882e+03   1.1091379604528e+04  -8.6022786550108e+03  -1.1330150999717e+04  -3.7033097599578e+04  -1.9285411446983e+02  -1.6619027203848e+05  -2.3769655158793e+04  -1.5593704264374e+05   5.6958721741984e+04   5.7081126644827e+04  -8.3495611457846e+04  -4.9103552669306e+04  -3.8792351003431e+04  -2.4017544282492e+04  -6.5534121642615e+04  -4.0327582116061e+04   9.9496723228678e+04  -6.6722163695361e+04  -2.9102511554609e+04  -3.1059723135528e+04  -5.8660814568899e+04  -3.7756618685689e+04   2.7065169860989e+04  -7.2711781097123e+04  -1.5649418388541e+05   1.6643615842528e+04   3.6016639049821e+04  -1.5953440497862e+05   7.5858891282657e+04   7.6525007214400e+03  -4.6493329417193e+04  -5.3583441858701e+04   1.8428745719053e+04   8.5151008479886e+04   8.1887957661525e+04  -9.1634146694256e+04  -2.7131912226012e+04   9.8617763814617e+03   5.5880697362240e+04   2.8115926184597e+05   7.4454722176467e+03   4.4375952929650e+03   2.3658298282152e+04   4.4054166051057e+04   5.7445928000339e+01   7.4444778765672e+04   4.5657148961426e+04  -4.4650998483725e+04  -1.8542931316706e+04  -2.7457748412254e+04  -1.0221090613473e+05   2.5596158502451e+04  -2.0123508290477e+05  -9.3089325981749e+04  -1.7886662692386e+04   1.6284855789832e+05   1.5107987811027e+05   9.1014395172322e+04  -3.9263314022503e+04   3.0064065227220e+03   9.6478469829216e+04  -1.2199097057275e+05   1.5804577602839e+05   5.0423035074597e+03   3.1876926924389e+04   1.3111208899169e+05  -1.0238686771473e+05  -1.6608984738557e+04   9.2124256938509e+04  -7.1182081596301e+04   4.4118191924072e+04  -1.1005283993699e+05  -1.1174869527743e+05   4.6230666017654e+04  -6.2476416887637e+04  -7.0724919809376e+03  -1.0386706821860e+04   9.4212062762861e+04  -2.6405917194583e+05   1.7070518727247e+05   3.7340254212017e+04  -4.2954509052704e+04   7.9225453425873e+04   3.0467116769483e+04   2.2393628751530e+05  -9.2270142456554e+03  -1.9612323040489e+05  -8.5115813401696e+03   1.6795218862186e+04  -8.7776548268666e+04   3.4530690860073e+04  -3.7767447365953e+03 
 -1.0636648795563e+05   7.5715669349571e+04  -2.3768705487777e+04  -3.8098975126067e+04   7.5304473782824e+04   6.0649705492842e+04   1.2529552609322e+04   4.5207601401109e+03   5.2685639852838e+03   1.5869308449777e+02  -6.6387587740757e+03  -7.3721149788935e+04   3.0203018680963e+03  -3.5178996979584e+04   6.2131955876979e+04   4.0816885088157e+04  -1.1435710005723e+05   8.2826913547516e+04  -2.3790871717591e+05   2.9135612083294e+04  -7.0838502497322e+04   3.8001680600414e+04   1.8755010530548e+05  -9.0049713572376e+04   1.9464862920294e+05   3.2628359396899e+04  -3.4870475082633e+04   1.5716970792235e+05  -1.4351809032201e+05   8.5834083075057e+04  -2.8808547466465e+04   1.3719251426421e+04   6.6525763270006e+03  -5.6006271288439e+04  -4.4129663238963e+04  -3.6535582856220e+04   7.9174712061269e+04   1.4812043107380e+04  -8.1864606470356e+04  -2.9331316661762e+04   1.8243186620531e+05   9.5820560241714e+04  -9.0641586933364e+03   4.1448572013182e+04  -5.0439667637915e+04  -1.3068397162738e+05  -7.7973198713427e+04  -7.5201402700182e+04   4.6669888789484e+04   5.8634258778174e+04   1.8072996768412e+04   8.5327169607985e+03   3.4129355693745e+04  -2.1438551537634e+05  -7.8810112362689e+04  -7.2561670860067e+04  -4.0074705426722e+04  -1.6520172676594e+04  -2.4892557627948e+04  -2.8269002163741e+04   5.8710105634269e+03  -8.3717209596095e+04   9.3199916432212e+03   2.7016017986015e+04  -4.2995677787187e+03  -4.9424055441950e+04   6.9512534812483e+04   6.9465472857245e+04   1.0094656553289e+04  -3.7398141702148e+04  -3.0878400599317e+04   5.5938858127605e+04   2.0562079311944e+04   9.9379827781130e+04   6.4156837593086e+04  -3.6311704774884e+04   5.4729739584718e+04   8.2760544526371e+03   1.1160350586113e+05  -2.8076815440808e+04   1.2051710829111e+05  -2.0332627844749e+04  -1.1562868439638e+05  -2.1197614335920e+04   5.4450726874665e+04  -5.2218399696397e+04   5.5196647628923e+04   2.2133747137411e+04  -1.8277649603776e+04  -4.6290169421079e+03   6.7667836254548e+04   2.5128115114892e+04   7.3002067000473e+03   1.8221286301385e+05  -6.9995710029404e+04  -1.6424335772888e+04  -5.2148223472975e+04   4.4748854826484e+04  -5.0001459399325e+04  -8.1985167338748e+04   2.2827039233240e+03  -3.2025665383905e+04  -6.8561655709464e+04   6.8387929033981e+04  -3.1716658879008e+04  -2.3875166592919e+04   4.6743723102640e+04   6.8465639275120e+04   5.1349245516973e+04   1.4252353356172e+04   1.9710323218589e+05   1.4744401994455e+04  -6.5804219944415e+04  -5.7815436842835e+04  -4.7939140321571e+04  -2.7233137968824e+04  -9.5642710990603e+04   1.3492598528139e+04  -3.6086846891854e+04  -3.7421286134586e+04  -3.6332068096007e+04  -1.6181466025367e+04  -3.2635202929037e+04   3.6301929731926e+04  -1.8049868413015e+05   1.0664869756434e+05  -5.7887337908128e+04  -1.8535843271064e+05   8.9484417713601e+04   2.6762969212106e+04   3.8494849863720e+05  -3.9086424938228e+04  -2.2858286543527e+05  -1.2455866390484e+05   2.1701240287248e+04   1.2685767576141e+04  -7.9859834755511e+04  -1.8914356966538e+04   4.9687049620554e+04   7.7629788501608e+04  -4.4652287157131e+04  -1.8086362434437e+05  -9.2270142456559e+03   2.2867626569686e+05  -3.7673464762101e+03  -1.0910562539111e+04  -5.1045867672126e+04   5.2734435922476e+03   1.5308411999553e+04  -8.8041778340725e+03 
 -1.4278782296297e+04  -1.8636033951194e+05  -6.7790125854667e+04   4.0428999719155e+04  -1.3857915758358e+05  -7.1455439197317e+04   2.9498032858133e+04   1.9290952716540e+05   2.3571077921625e+05  -2.1086040237890e+03   7.7589153622883e+04  -2.0834691583328e+05   3.7283807611684e+03   1.1316872588118e+05  -1.0933156281921e+05  -8.4487629315964e+04  -1.3894001768423e+05   1.1988813660873e+05   2.3465899243291e+03   1.4603001163529e+05  -2.0771003063059e+05   6.5617636067572e+04   7.3653629832527e+04  -6.9824631301796e+04  -8.1148704797559e+04  -2.1228693093864e+05  -1.6284145434076e+05   1.4156009889144e+05   3.4345403931362e+05   1.2350653947703e+04   4.1094315276171e+04  -3.9531995335212e+05   2.3185757047627e+04  -1.8815260223424e+05  -3.4828439157807e+04  -1.4994618180183e+05  -5.0168037703294e+04   9.4550963717628e+04   2.3754638941356e+05   2.0760691959323e+05  -1.0810831909129e+05  -1.0904233613025e+05  -4.3684427695198e+04   1.7236217564126e+05   2.8640666708148e+04   1.4199585067246e+05  -9.9576716107408e+04  -8.0890758446378e+04   3.2667058531455e+05  -9.2930798931612e+04   2.2776408263490e+05   2.9451318140864e+05   5.7346728140916e+04  -3.0953606662920e+04   2.3801476997630e+04   3.3492682637588e+04  -1.5537487487518e+05  -1.4370371888206e+05  -1.2255819890833e+05  -8.8513111501485e+04  -3.8607906919055e+04   2.2694489066584e+04   7.8669523760939e+04   1.6494134210221e+05  -3.9283480098254e+02   5.7170041676391e+03   5.3837376419969e+04   5.3655351408156e+04   1.1511123836769e+05   1.3707243453509e+05   1.1240620298757e+05   5.1900531922884e+04   1.3102053950364e+05   4.5255328543001e+03   6.9227552268633e+04   1.6211349568063e+05   3.3230450044412e+04   1.0543050684767e+05  -1.0283665569699e+04  -3.2863140377616e+04  -3.8440285489282e+04   3.3932575325578e+02   2.0765978700101e+05  -3.0253394116076e+04   4.3869286639954e+03   3.7032800383022e+05  -6.2930722022670e+04  -2.7155037016661e+04  -2.2168237749397e+04   1.6266466890258e+05   1.6617287009390e+04  -6.6173481325890e+04  -1.4565748999671e+05   4.1387846000986e+04  -3.2034783118447e+04   1.6208451819953e+04   9.8860745076591e+04  -8.5201172804305e+04  -3.3963485886423e+04  -2.0917964952938e+04  -5.8503953831753e+04  -1.0681420617001e+04  -7.1874814676092e+03  -2.0129799709127e+05  -1.6383061356456e+05   3.2264267371937e+03   8.8046327155662e+03   7.8930043106701e+04  -9.2445092843758e+04  -1.0622841965354e+05   3.9267750739908e+05  -1.3978387013325e+05   1.1941005269354e+04  -1.3511317072967e+05  -8.4397651169803e+04  -7.7134905384261e+04   8.9900641295082e+04  -6.8509729504383e+04  -1.4016376237535e+05   6.8628765385977e+03  -2.3114477947495e+05   1.9454616397872e+04   1.3595848775553e+05  -9.5207201617325e+04   1.7720870635348e+05   1.7903501666599e+05  -3.6623015833037e+05   6.9376001802209e+03  -5.6521566988533e+04  -2.1061019454888e+05   1.9253818194852e+05   1.8546157864491e+04   1.8594918605773e+05  -3.4721157656230e+04   3.0056794914478e+05  -1.7089707704010e+05   5.1448137871017e+05  -5.5638656391193e+05  -1.1629607391894e+05   6.0344859898308e+04  -6.7916160733471e+04  -5.3169617776011e+04  -1.9612323040489e+05  -3.7673464762107e+03   3.8827054259161e+05  -5.3365227272021e+04   4.7318563110899e+03   3.6525644280484e+04   2.7703036793259e+04  -4.0184951380235e+04 
 -3.1230102778390e+03   6.5936929133665e+04   3.2384146095950e+04   1.3795235301715e+04   1.4242058731733e+05   7.1797938029704e+04   2.6484603358696e+04  -1.3894860359957e+05  -8.3416795067306e+04   7.9694536982201e+04   6.0567966810067e+04  -2.9259983413109e+04  -7.6050198170298e+04  -1.7479860598909e+04  -1.3003908161139e+05   1.4543699245513e+05   6.1030717428443e+04  -1.1583290794372e+05  -1.4526860837172e+04  -1.1254762372468e+04   8.6400348800359e+04   7.7720622183599e+04   4.9481076611884e+02  -1.0881891105515e+05  -2.6419227989628e+04   8.3850751435899e+04   4.3346682869798e+04  -8.0679298350055e+04  -1.3323103753021e+05  -5.4092294620329e+04   5.7351155658718e+04   1.2502098536279e+05   2.0547994877292e+04  -7.0263031002208e+04   1.9174625066535e+05   7.9965560276150e+04  -1.5555889774841e+04   3.1357590807902e+04  -2.0003230382170e+05   1.3273387800997e+05  -5.1388145093036e+04   1.1133048233832e+04  -8.7480141572699e+03  -7.7684171538602e+04  -2.6063456312012e+04   3.6036104850587e+04  -4.2548621962166e+04   1.5865763757218e+05  -1.6217633259711e+05   1.0774948216835e+04  -1.5913441427760e+05  -3.4081018543705e+05  -1.9398427392252e+05  -2.0570147543979e+04  -1.6126027801215e+05  -1.3660137228172e+05   5.6282760958120e+04   4.0071334490297e+04   6.2639838176711e+04   6.3891947450944e+04   2.2116483535382e+04  -1.8964470174599e+04  -9.2493416809911e+04   1.1923724422095e+05   7.5362330836169e+04   2.3287696951426e+05  -9.0808007823454e+04  -9.0738121560106e+04   1.3473315331645e+04  -6.2557715134009e+04   1.1059236503630e+04  -8.5833929519581e+03   2.0362224884862e+04   4.7955800698920e+04  -1.6508475109104e+05  -9.0982291806794e+04  -3.3513551176253e+04  -1.7882030038104e+05   9.3162865384899e+03   5.4677997164660e+04   9.6977979314914e+04   5.5927684137622e+04   2.0412580758109e+04   2.4623803960326e+04  -8.1767190542324e+04  -1.4134018855599e+05   5.1523018110646e+04   3.8741561534940e+04   6.7791692477388e+04   3.1241258660540e+04  -7.6203759450664e+03   5.1468029332669e+04   8.6301925697758e+04  -3.0862236707255e+04   5.2492662021116e+04   1.0308867974651e+05  -2.0179388436151e+05  -1.8589705564853e+05   3.1632519028285e+04  -1.3490321261419e+05   4.4646921822830e+03   1.2864327623597e+03   1.1123120486011e+05   7.3432037083081e+04   2.9666928792907e+04   3.1600405261512e+04   1.0907699689714e+05   5.4858330192702e+04   1.7808531867233e+05   1.0865173463402e+05  -2.6363056482186e+05   2.1576724602288e+05   2.2715148962746e+04  -8.9192430433637e+04  -1.1853247925920e+05   1.4661310128206e+05   7.5104025890669e+03  -8.5109168570983e+03   7.1714325031565e+03   4.2543146680874e+04   5.0922997599474e+04  -1.5421129841871e+04  -1.2161943216016e+05  -3.1857572092018e+04   2.0388509271571e+05  -1.4615709474975e+05   1.7598644922574e+05  -4.7963623892851e+04   1.6418924579453e+05   1.5813198517469e+05  -3.9291505479615e+05   1.3904580431527e+05  -1.4837348523253e+05   1.3215870351041e+05  -2.1133417871086e+05   2.4299671939504e+05  -2.1322866399850e+05   1.6499977902633e+05   1.6450486822144e+04  -1.4585865780936e+05  -4.0759273438810e+04   6.7393929729345e+04  -8.5115813401695e+03  -1.0910562539112e+04  -5.3365227272021e+04   2.2175715480541e+05  -7.0217894770262e+04   6.1855280144384e+04  -3.7598097088931e+04   2.8903939561491e+04 
  6.0005687098672e+04  -1.7189025801765e+05   1.1829147235047e+05   7.3008391903612e+04  -1.6120455828957e+05  -6.6413388939113e+04   1.7349543588597e+05   2.5049332037855e+05  -2.6971072556583e+05  -1.4592703379253e+05   3.7297937104477e+04   1.6193114277312e+05  -5.8492518626159e+04   2.7032741545145e+04  -4.3271667172362e+04  -2.3814330229756e+05  -3.0397285437191e+04   5.2098862100867e+03   2.0279858168737e+05   2.1492461771345e+03   1.7521737778594e+04   1.0450784066120e+05  -2.3996204992607e+05   1.7816468617857e+05  -4.2336932213607e+04  -1.8877676540727e+05   2.1141720736452e+05  -8.7827752549906e+04   4.0559589487379e+05  -1.8809546017872e+05  -2.3953359295591e+05   2.2493242120785e+04  -1.6726296767849e+04   1.0306569935301e+05  -8.0828286032052e+04  -8.9754980521520e+03  -1.6552816932050e+05   9.4319642301661e+04   4.7356161648732e+04   1.3472109688034e+04  -1.0029901754884e+05   1.2776303963904e+05  -9.4508329274370e+04  -1.3229057390311e+05   3.3719692474207e+03  -5.0490567405279e+04   2.3135812780108e+05   3.0866818532611e+04  -1.7058768537955e+05  -3.6659579780700e+04  -2.3409023636983e+04   2.3968835525590e+04  -1.9794168717085e+05   9.7492241720370e+04  -1.0771653408535e+05  -9.6715611151479e+03   5.6181190478538e+04   7.0123757084951e+04   9.6182033304492e+04   9.3151987520345e+04   9.5324141752643e+04   1.2570053067607e+04  -1.7849315666379e+03   4.5332221391106e+04  -8.1833212491147e+04  -2.3541608873704e+05   7.8615048239382e+04   7.8680406502224e+04  -3.3905974330269e+04  -4.9397363817316e+04  -3.1246760972328e+04  -7.6228499190840e+04  -1.1240869230821e+05  -1.4022387611740e+05   9.6448993165232e+04  -8.9910483817621e+04  -9.9777043401632e+04   2.7890919541017e+03  -1.7409186303197e+05  -1.3341938246156e+05   2.2630932719308e+05  -1.4042073464297e+05   9.1172492802751e+04  -2.4159056077419e+04   2.8998397456296e+04   6.8415660662506e+04   1.2737459148836e+05  -8.8336962403257e+03  -1.8252162640036e+05   1.0917894040213e+05  -4.4069021720030e+04   8.3709950392850e+04   6.5266455882106e+04  -1.4189992262168e+05  -1.0627631001861e+05   1.0745257569529e+05   5.4553462560103e+02  -1.1479683087090e+05  -4.8709787640732e+04  -5.1036186971550e+02  -6.9397979890562e+04  -3.6329562906937e+04  -1.5523459503645e+05  -3.3328238830017e+04  -5.2320475065831e+04  -1.2358713848622e+05  -1.0459764645073e+04   3.1599983578606e+04  -1.0068002428398e+05   6.8608662790062e+03   1.2552976415641e+05   1.5790473554802e+05   2.7452630516732e+05   1.3782057850600e+05   1.7560661201371e+05   1.7260204467257e+05  -4.3134004883163e+04  -1.2479058285267e+04  -2.7260866514576e+04  -1.6779533525627e+05  -1.1298759102021e+05   1.3683919915725e+05   3.6980095054905e+04   2.6344829731769e+05  -4.0063274454212e+04  -2.0714495987437e+05  -1.0569260324479e+05  -1.8856694837411e+05  -1.3820791951585e+05  -2.0419610257315e+05  -1.5935434251339e+05  -2.0043750184706e+04   5.3183574813282e+04   7.5074451623891e+04   2.9379177177085e+05   2.3170675063287e+05   1.6645096430197e+04   1.0874525236087e+05  -2.6204667320915e+04  -1.1407489000279e+05  -1.9196940098909e+03  -4.1741419008518e+05   1.6795218862185e+04  -5.1045867672126e+04   4.7318563110903e+03  -7.0217894770263e+04   4.1792539491424e+05  -3.5455877974135e+04   9.3992522775691e+04  -5.7411394561676e+04 
 -2.9973184072296e+04   9.2112835646610e+04   7.9058061958397e+04   1.4608829230887e+04   8.6566364709365e+04  -1.2117239715471e+04  -3.4146718347494e+04  -1.3179331288987e+05   2.5836996788397e+04   1.4365740735059e+05   4.1404737981939e+04   4.2738509701100e+04  -1.0130712713024e+05  -1.7695880409513e+05  -4.3554823057204e+04   2.7827635293849e+05  -5.2586064249515e+04   1.4330655460683e+05  -9.7426633451653e+04   2.3441422257818e+04   5.9246677198366e+04   2.7880799199166e+05   1.3276742183865e+05  -1.7596216394102e+05   2.7381938213562e+04  -2.4706007654828e+04  -1.8702314165007e+05   5.1352270624019e+04   1.0861623830501e+05  -4.3579675505932e+04   1.0497828407852e+04  -6.5847280505921e+04   1.1742281909385e+05  -2.2181962920432e+05   7.8939775762373e+04  -8.2919939826348e+04  -1.5428206807243e+04   2.7978504854787e+04  -3.3067987964331e+05   1.6617159930328e+05   2.1355613978997e+05  -8.1539757516539e+04  -2.3197933126253e+05   9.5288343849654e+03  -6.8095744302007e+03  -2.1407387893625e+04  -1.5315544656442e+05   4.9365168482486e+04  -1.1188380799389e+04  -5.0633088707943e+04  -3.4024813731207e+04  -1.1087990018860e+05  -3.7596349831878e+04  -2.3738261259166e+05  -2.3741266816440e+05  -1.6885117330052e+05  -5.5407929058653e+03   1.5776685413499e+04   5.2367253422767e+04   8.7740770627988e+04   1.1937790406467e+05   1.0057059033644e+05   6.1913236226020e+04   8.9337615911204e+02   7.6630325016842e+04   9.1168311617927e+04  -3.2542594551874e+04  -3.2572234328145e+04  -7.5743945049804e+04  -1.7546290221132e+04  -1.6032834600090e+04   7.4276125697378e+04   4.3038533562655e+04   9.7954793877527e+04  -8.4043052115026e+04   4.1027041198054e+04   3.9100769242321e+04  -1.0285800212173e+05   3.4168940110465e+04  -3.9856829202019e+04   8.6767111595231e+04  -3.4117186676351e+04   7.4072181009759e+04  -7.7229517729463e+04  -4.5675927330588e+04  -1.3692522998872e+05   9.3345658776454e+04   3.0660295070702e+04   2.0899542012880e+04   7.1490269839156e+03   1.6706896983807e+05   1.4426810071708e+05   7.9408345944216e+04  -3.6421545194276e+04  -7.4729340678847e+04  -3.6667236740166e+04  -9.4727963404263e+04  -6.4730839095396e+04  -8.6719483469617e+04  -1.4590864723572e+05  -6.2811778244557e+04  -1.5043003110904e+05  -1.0720657701592e+05   1.0353300841155e+05  -9.3559619775574e+03   6.6062932097396e+03   1.1964604282514e+05   1.1623557352096e+05   1.0373605696089e+05   1.1039113827554e+04   1.0458996998217e+05   1.3884611462932e+04  -1.9951594316934e+04   2.2899918137835e+04   1.6075387477039e+04   2.8003949188349e+04  -1.4231258242466e+05  -1.7894135847466e+05  -1.7553139654470e+05  -8.8896683384037e+04  -7.6674629903997e+04   2.0874519430342e+04   9.7337621969408e+03  -1.0703254271198e+05   3.0226443318531e+05  -5.1546199520242e+04   1.5678169193983e+04   8.9381421789419e+04   2.4206033811622e+04   3.7215681081772e+05  -1.6053253357022e+05  -8.4022017177360e+04  -2.8584702391793e+05   5.0558842306619e+04  -4.4097577398139e+04   1.1972927523334e+05   3.6391006999711e+04  -1.5948436645747e+05  -4.9741527171829e+04  -6.2795072435013e+04  -3.0608941412631e+05   1.3837402677192e+05  -8.7776548268666e+04   5.2734435922476e+03   3.6525644280483e+04   6.1855280144384e+04  -3.5455877974135e+04   4.2340768897751e+05  -1.9204349502133e+05   5.5127977986005e+04 
  6.0168739441519e+04  -3.0010637686718e+04  -7.2303809720157e+04   3.6111508218528e+04   1.6954403137231e+04   6.5719854808249e+04   7.2347502900384e+03   5.9748750378721e+04  -9.5123188520260e+04  -1.0289336225751e+05   6.1979163998519e+04  -1.4337239179861e+05  -2.8032852347121e+04   1.8504818037289e+05   1.0425577035400e+05  -3.2775390021443e+05   1.2986161256055e+04  -2.7191135310037e+05   2.4436166877117e+05  -3.2783930663696e+03  -1.9999784907883e+05  -1.2204049367673e+05  -1.4285678882006e+05  -7.1994703272913e+04  -2.2633717734131e+05  -4.5311601557586e+04   3.1492258685553e+05   1.8612658720391e+05   2.1378589743895e+05  -1.6771540906612e+05   8.8507843651181e+04  -7.3301970722400e+04  -1.8403395288033e+05   1.4404914801136e+05   1.7712444383934e+05   4.6783255025226e+04   5.6775704997361e+04   2.5388927166741e+04   3.3767672598658e+05  -7.7486817090704e+04  -1.8136246556756e+05  -4.3834423078778e+04   2.7990701618584e+05   2.4858343133534e+04  -3.0425170735044e+04   7.5427862281121e+04   2.2106572506378e+05   1.0388749326921e+05   6.8427831935288e+04   1.0476159039494e+05   6.2900878098047e+04   1.5303060933213e+05   1.4759673126842e+04   1.0283164729349e+05   1.6126296752496e+05   1.7416112691926e+05  -2.5215742699988e+04  -6.8041772754067e+04  -6.0981759015850e+04  -5.3594394734888e+04  -6.1852946755089e+04  -1.6025574547677e+05  -1.4751370849446e+05   1.8968351370294e+05  -6.0918854497203e+04  -1.7871589632620e+05   6.7945582760200e+04   6.7893712719114e+04   1.0692703053593e+05  -1.6951437472201e+04   1.0325388177816e+05  -1.4246353729537e+05   1.5767459749249e+04  -1.7050983832324e+05   4.7900625960647e+04  -4.8061271659444e+04  -1.1197344785668e+05   1.0498985984422e+04  -1.6385730512787e+05  -3.4763706372711e+04  -1.1409711252231e+05   1.2267450394592e+04  -6.7889641292950e+03  -2.1362859655563e+04  -4.4687432860281e+04   6.4429310385853e+04  -7.9371394369963e+04  -4.9340939252973e+04  -6.8058163128086e+04   8.5803390064703e+04   4.2791793008473e+04  -1.6292023912656e+05  -1.2202319105300e+05   8.3707761034352e+04   1.1018615005005e+04   7.0203768042010e+04   8.1056910700621e+04  -5.4060774356268e+04   1.8736680012408e+03   5.6152726941522e+04   1.8162196600852e+04   1.6899878120526e+05   1.4851868920860e+04  -2.5887742528721e+05  -1.4549634306330e+05  -1.8217681949189e+03   8.1569152359517e+03  -5.3341178062072e+04  -1.6308301871563e+05   9.7476713253147e+03  -9.1546725943508e+04   2.7130720320397e+05   1.6680736270525e+04  -1.4354809506676e+04   1.3100035719569e+04   2.4128708718881e+04   1.2563916556170e+05   4.6739246444648e+04   1.3621638315972e+05  -7.7504939831155e+04   1.5900287944336e+04  -1.0770912794469e+04   1.0267988609807e+05   2.5307805839769e+05   3.1790739941275e+04   1.7326581402696e+05  -1.4189526294262e+04  -1.0887538032535e+05  -1.6120352154402e+05  -4.0518072410657e+05  -1.2312514044275e+05   5.6871212749076e+04   7.8111968744648e+04   1.8970293781640e+04   6.1875268666130e+04   1.9563734671256e+05   1.1034341545374e+05   1.2546677727905e+04  -4.6388093920171e+04   2.8296409495876e+04  -3.2552931811140e+04  -1.8666547239981e+05   3.4530690860073e+04   1.5308411999553e+04   2.7703036793259e+04  -3.7598097088931e+04   9.3992522775691e+04  -1.9204349502133e+05   3.2957806773817e+05  -1.5617256669921e+05 
 -1.9351140011513e+04  -1.1846260295417e+04   2.9887068005361e+04  -1.6542489257483e+04  -2.1186703818055e+04  -2.0901878081976e+04   1.6741107230876e+04  -9.1739490395668e+03   4.3490807477821e+04   3.4932237216838e+04   3.0121467643189e+03   8.3463500447675e+04  -1.6934926808695e+04  -7.6462723081626e+04  -3.9017124614918e+04   1.9992066569979e+05   1.6105743954476e+04   1.4349960298541e+05  -1.6058044647277e+05  -3.2466051340769e+04   9.6805343525311e+04  -1.1092441144533e+04   8.2279388442828e+04   3.2862540901264e+04   9.0470511823208e+04   1.1868690548596e+05  -9.7717717690785e+04  -9.4100383629943e+04  -1.6464274563111e+05   7.3822426592323e+04  -1.6145282074361e+04   5.6980476229010e+04   9.1940392441206e+04  -1.4809147312463e+04  -7.8014402552451e+04  -5.1892609089390e+03  -1.8138645076253e+04  -3.9517094094361e+04  -1.6825165610007e+05   2.3914852399192e+04   5.8683536969964e+04  -2.0543373496330e+04  -1.6079101155723e+05  -3.4879423906996e+04   2.2450972198579e+04  -7.7357895315030e+04  -8.3981179282958e+04  -5.0594565443934e+03  -1.0413694282126e+05  -3.2425294686631e+04  -6.9273073485202e+04  -1.0572890965584e+05  -6.2368417634783e+04  -3.4857151530068e+04  -3.9183120663242e+04  -4.8195293147243e+04   4.7351387052279e+04   6.7258820012491e+04   5.3352837630383e+04   4.5867825679045e+04   3.6522846992807e+04   8.6481470044880e+04   8.2860365848496e+04  -1.5001969609495e+05   3.0633366881798e+04   1.8155007244765e+05  -3.6773451878314e+04  -3.6730306913859e+04  -9.3816262034947e+04   6.2564751531330e+03  -9.2671213972730e+04   6.0952366237012e+04  -6.3957893238750e+04   6.2840217945780e+04  -2.9293548003627e+04   1.4846034563635e+04   5.8436440964285e+04  -2.2518382018742e+04   7.5687429856466e+04  -3.3758402237266e+02   3.8669916640692e+04   1.7884848631065e+04   5.3053627919872e+03   1.6755613753396e+04   1.6540287350067e+04  -4.4399093528550e+04   4.6447895279106e+04   3.0566054403280e+04   3.5927194865577e+04  -6.1726736715017e+04  -3.5077460157269e+04   1.0083794658970e+05   8.3674557856330e+04  -6.6155723399068e+04  -1.0064438292008e+04  -4.3932065839684e+04  -7.3796747633214e+04  -6.2697290235936e+03   5.5639123865929e+03  -2.1805372100241e+04   1.5957646927774e+03  -7.0394195031741e+04  -1.1224399244782e+04   1.5879009183190e+05   9.8303441047912e+04  -4.5925394823609e+03  -3.6541069926599e+04  -3.8577208119602e+04   5.8716555822299e+04  -2.0500023917425e+03  -1.6571812548643e+04  -1.1053575995017e+05  -5.6171130046180e+04   7.7655643298584e+04   5.8446972059582e+04  -3.9089833059320e+04  -2.9469042628781e+04   4.1364918443253e+04  -4.1320465610799e+04   9.8175169752710e+04   9.4241486786941e+04  -4.5646003480921e+03  -5.1826842637537e+04  -1.0582996431933e+05  -8.6442206843419e+04  -1.3431882376797e+05   1.0764073688703e+05   3.8540044644241e+04   4.0516247104967e+04   2.0307087397805e+05   7.9461471632557e+04  -9.4589558458768e+04  -4.6948243122582e+04  -3.1379779028722e+04  -8.8210258279188e+04  -8.7571210456673e+04  -4.2897148373914e+04   4.4072035218018e+04   4.1627373230814e+04  -7.5204714002275e+03   2.1794026625564e+04   9.0776416666716e+04  -3.7767447365954e+03  -8.8041778340727e+03  -4.0184951380235e+04   2.8903939561491e+04  -5.7411394561676e+04   5.5127977986004e+04  -1.5617256669921e+05   1.0771428376993e+05 
