% inverse of the covariance matrix with m=87 singular values after the SVD cut
  4.4479217554011e+06  -4.0120242281799e+06  -2.0084809188394e+05   2.4150805246673e+05  -3.8733988181668e+04  -6.6816957480831e+04  -3.5805136663807e+05   2.0535829453267e+05   1.4414130484409e+05  -1.8127897807920e+05  -1.2141704706901e+05  -2.0971506838576e+03   7.1497461966622e+05  -7.1655619188202e+05   3.9640735567041e+04  -9.3458542525310e+04   1.7975607526198e+05   7.1137189041104e+03   4.9750686372509e+04  -3.4591636805555e+04  -1.6689280565284e+05   1.2868714115980e+06   4.4213091518785e+04   3.5523412389036e+04   2.1164920242666e+05   6.0371175478615e+05   5.5110450362753e+05   1.6246459711257e+05  -1.0228814153740e+05  -2.5162725648097e+05  -7.5748598032582e+05  -2.6476349406472e+05  -2.2421275233700e+05   6.8277315889112e+05  -1.3270184224291e+06   1.1090861210756e+05   3.7915882293141e+05  -9.5854352172041e+04  -7.3863966354860e+05  -1.1175194862080e+06  -3.6062237943176e+05  -2.3956781641046e+05  -9.6110564460966e+05  -9.7545084708292e+05  -9.1538485506990e+05  -8.0012727731725e+05   1.0465237542405e+06   1.2347941605326e+05   6.6962455740430e+05  -9.7571504273891e+05   3.7103004484469e+05  -1.6436415381244e+06   3.8469393617081e+05  -2.9842121305564e+05   2.9485121851279e+05   1.2492624880335e+05   1.4715788074492e+05   2.1993386169931e+04  -3.3928686824487e+05   1.3256576949990e+05  -2.9436945220178e+04   4.3914501235586e+02   3.0033750635262e+04   9.5487008256183e+04  -1.7279736971747e+05  -2.0474034970232e+05  -4.6425334122265e+04  -2.7454452446844e+04  -2.6146799618474e+05   2.5110602598818e+05  -6.7937463607560e+04   1.1658416128440e+06  -5.1574188914986e+05  -1.5574220425286e+05   1.5116182480779e+06   9.9271635655976e+05   2.8433092036701e+05  -8.2498757819343e+05  -1.8764365741286e+05  -2.0932072557112e+05   2.3291382878350e+05  -1.3301936458044e+06  -6.1224161530138e+05  -8.6409687722835e+04   5.6805585062337e+05   8.5683201991502e+05   4.5085522271394e+04  -9.6570273161572e+05  -8.1380975027142e+05   1.1370604717532e+06   5.9266837941477e+04   5.3973195725980e+05  -2.2908970994962e+04  -7.2606663527530e+05  -4.6312909599081e+04  -7.8860540584282e+05   2.8701017674515e+05   1.0830784317089e+06   7.5249774627660e+05   6.4513324942379e+05  -8.8560609639485e+04  -1.7126169260229e+06  -2.6689919335779e+05  -4.9898884018225e+05   4.8829971288742e+04  -4.6125705425930e+04   1.8748374668262e+03   3.2562915558984e+05  -9.2122241577708e+03  -1.1156927760974e+05  -8.4441775612086e+04   7.5093967684727e+04  -4.7105790960769e+04   3.3165931827491e+03   1.6165435784815e+04   1.8278016779818e+04 
 -4.0120242281799e+06   6.6474481904266e+06  -2.7827495871272e+06   1.3980733481089e+05   2.0950700067996e+05   7.4698983668603e+03   1.7067469471035e+05   7.8093314516798e+04  -5.1736421025611e+05   4.4792381910965e+05   9.9811470091961e+05   2.5360780435266e+05  -1.8790406652579e+06   9.8258624164090e+05  -1.3809459106982e+05  -1.4286509896740e+04  -2.5288753771647e+05  -1.4858495399310e+04   1.4381061151450e+04   3.9436150193910e+04   1.0363585679068e+05  -8.7313757133874e+05  -3.8978138745379e+04  -3.5192050710628e+05  -1.0168672980379e+05  -7.3610492936638e+05  -9.1601284129484e+05  -1.1478209592036e+05   3.5001390747234e+04   4.9993785352311e+05   5.4704585758214e+05   3.8304846663357e+05   2.8701926254677e+05  -1.0901138135850e+06   1.4319516226708e+06  -1.4453837375437e+05  -4.6544744606239e+05   1.3062996837377e+05   6.4109121215503e+05   1.7500173531192e+06   2.3572895247786e+05   1.3778503689345e+05   1.2514605844134e+06   1.4167443696700e+06   1.4508874313441e+06   1.2805932327542e+06  -1.6994773285130e+06  -3.9669481694627e+04  -9.3637388859112e+05   2.0179317992168e+06   3.0655100646897e+05   2.1899356739962e+06  -5.1808061538456e+05   1.6725842537463e+05  -9.0458909533294e+05   9.6398812366099e+04   4.2534262504844e+05  -2.0707172693644e+05   2.2505190716613e+05   2.5172146933717e+05   9.7340195633438e+04  -1.7590538968768e+04   4.1536030229642e+03  -1.5766484731583e+05   2.2388231804232e+05  -9.2894340959296e+04   4.1204677513682e+03  -7.4545610048827e+04   1.0018478403126e+05  -2.3102988712038e+05   1.3701414791723e+05  -1.4392040918759e+06   6.1088527621897e+05   3.4356148129305e+05  -1.7255009461597e+06  -1.7390616183764e+06  -3.4864062012848e+05   3.9771304691515e+05  -3.3958640432225e+05   2.2419021508405e+05  -1.1157489923523e+05   1.8464423356574e+06   6.8323835672119e+05  -3.5928533170971e+04  -5.9793634306245e+05  -1.4150620092651e+06   8.0848775742424e+05   1.3583004931816e+06   1.0542605663229e+06  -1.7415754969095e+06   2.2007535038574e+05  -6.6814935889844e+05  -3.6746853163784e+05   1.1960195932782e+06   5.8590395946741e+04   1.2437704089769e+06  -3.2289200826814e+05  -1.3917413244532e+06  -7.7992822246497e+05  -1.0531830681217e+06   5.2572952795963e+04   2.1986262815271e+06   3.5333323538153e+05   6.0714981876783e+05  -1.0746493916110e+04   2.0043036235970e+05  -2.5664404731415e+05  -6.7928750711704e+03   9.9073654494716e+04   1.7982171583401e+05  -7.4352104530877e+04  -1.4448847759994e+04   2.7115483309441e+04  -9.3516952262224e+03   1.2805444447899e+04  -4.4932931316911e+04 
 -2.0084809188394e+05  -2.7827495871272e+06   4.4436464807022e+06  -1.7382963841708e+06   8.3033079203296e+04   3.3786215566929e+04   3.5106920426044e+05  -4.0653776002836e+05   5.8251662939852e+05  -3.4331668344346e+05  -1.0146279830057e+06  -2.9461592493857e+05   1.0953072131025e+06  -4.1851753167848e+04   1.3505274110763e+05   2.1333348137325e+04   1.1406211228317e+05  -1.0150795313099e+04  -5.1935355598426e+04   3.4881776285082e+04   6.8916142973617e+04  -3.9543565096559e+05   4.0681470156835e+04   7.9551440292339e+05  -9.0273014282661e+04  -2.2193474442795e+05   6.3009645170678e+05   5.9915124007879e+04   1.4535971088506e+05  -2.3797710812239e+05  -7.4217566458848e+03  -1.7145709978869e+05  -2.2683775860366e+05   3.9857779042515e+05  -5.6020617925236e+05   6.8855539342069e+04   9.2764919916894e+04  -8.9830324452271e+04   9.8450585768915e+04  -8.3830578606032e+05   1.2665875310318e+05   9.1895744910422e+04  -5.4114472952617e+05  -7.2111406341945e+05  -8.1252082786025e+05  -7.5856858203260e+05   5.9982994466543e+05  -1.4524989647490e+05   2.7224984467529e+05  -1.2604705332844e+06  -5.7543841410048e+05  -3.4076438599327e+05   3.3925241142779e+05   7.5418470193781e+04   1.2858993875763e+06  -2.5298059883894e+05  -5.7792536564831e+05   1.0158050033816e+03  -3.9874243503184e+04  -7.4165068783569e+05  -3.0031157709048e+04   5.6003809011689e+04  -2.0127627309355e+04   2.3645413453364e+04  -2.4512652129311e+05   2.1063800712658e+05  -1.0785426382036e+04   1.2154616701549e+05   2.0636436630143e+05   8.9172323724085e+04   1.4585569730625e+04   3.4363238724473e+05  -2.4407746096203e+05  -1.0399503159940e+03   4.9080667276159e+05   1.1400364563954e+06   2.1804914828140e+04   5.0107595947294e+05   3.1138739686687e+05  -2.2882657141772e+05   4.6082703638344e+04  -5.5731753357918e+05  -2.3987818112338e+05  -2.3014510126849e+04   7.0100561437874e+04   2.4193023483624e+05  -9.8574201876511e+05  -2.4620053373686e+05  -3.9508532226651e+05   5.4640948305471e+05  -4.7769178062987e+05   2.3021079405980e+05   5.9418925179445e+05  -6.5472338976712e+05  -2.3235092864784e+04  -7.0202667994283e+05   2.0976230054153e+05   1.6264167647508e+05   3.9258396834475e+05   5.8816045151107e+05  -1.7244919214511e+04  -4.9073172188278e+05  -3.0291031229228e+05   2.1630108902061e+05  -9.5822692333572e+04  -1.6772983194805e+05   1.6201802697139e+05  -2.2196466699881e+05  -5.4592529630478e+03  -1.7639326218727e+04   1.0724368091901e+05  -1.3602032085472e+05   7.9145441830043e+04  -4.2698432066266e+03   7.0694890281533e+04  -4.2292788971921e+04 
  2.4150805246673e+05   1.3980733481089e+05  -1.7382963841708e+06   1.6941962923039e+06  -3.2348196355916e+05  -1.0263300483665e+05  -1.9139075415383e+05   2.3746336692463e+05  -3.1328845578800e+05   5.1400699131640e+04   3.3456140668137e+05   9.2974561496936e+04  -2.8055290995187e+05  -4.7431382081331e+04  -2.6074383491369e+04   5.0216163396781e+04  -1.0707190449069e+05   7.0933205263348e+03   1.0257149051786e+04  -3.4538942710459e+04   1.6476959405983e+04   2.7782749163880e+05  -5.6441188116860e+03  -5.6797805598268e+05   1.6836970921243e+05   3.6976477546264e+05  -3.0266334884509e+04  -1.7320843895750e+05  -1.5565939398656e+05  -1.7619146209096e+05   3.7247867360255e+04   8.4770586630575e+04   3.5661023733237e+05   1.8859750751191e+03   1.2509286518775e+05  -1.2550067709892e+05   2.2568058904952e+05  -1.9750713912145e+02  -3.0270649720417e+05   2.2600145618694e+05  -1.1430807361797e+05  -7.3675440062499e+04   1.6202708170801e+05   2.3128283512213e+05   2.5876990690496e+05   2.4889556235908e+05  -1.7618940804256e+04  -3.0336047935982e+04  -9.0786462580840e+04   5.3490501002623e+05   9.1663426178965e+04  -2.5420560217517e+05  -2.4477633129104e+05  -1.0861130013664e+05  -6.3947387267689e+05   1.0556591496735e+05  -7.9393178969935e+04   7.8733831894555e+04   1.0514172145672e+05   3.3312033618214e+05  -1.5902604214721e+04  -3.4757399815246e+04   1.9202717884929e+04   2.6630806975382e+04   1.6363953406777e+05   4.9315054571048e+04   2.6207907157430e+04  -1.4057825361350e+04  -3.8772232134664e+04  -1.6967671285578e+05  -1.4396115886545e+05   2.7187466817169e+05   3.6270589024923e+04  -1.0665544838897e+05  -4.1567577233988e+04  -4.3841993323063e+05   7.9706149578726e+04  -8.2203320820765e+04   7.1089199031676e+04   1.8785914160238e+05  -9.8103187930456e+04   5.7521552151975e+04   7.5545260107394e+04   9.4307734619014e+04   9.3800825218521e+04   2.3416995720082e+05   2.7109565616177e+05  -6.3241926065480e+04  -1.4715362132718e+04   2.3799748089966e+04   1.8215024684567e+05  -6.1953268060343e+04  -2.6616479194674e+05   1.9039701577875e+05   4.6483095229793e+04   1.8577917579387e+05  -2.8732827884250e+05  -1.2127303379853e+03  -1.3579893896382e+05  -2.8257785794398e+05  -5.3207109794612e+04  -2.2835867586969e+05   3.9500249967859e+05  -3.3989277450540e+05   4.4936473647365e+04   4.2080830566932e+04   1.1859656463533e+05  -2.6783713943105e+04  -4.4070586229309e+04  -1.0125713014554e+05   2.7319946210264e+04   6.2668660620052e+04  -5.2413118459590e+04   5.9937805771691e+03  -7.3508292463981e+04   6.0453746194834e+04 
 -3.8733988181667e+04   2.0950700067996e+05   8.3033079203296e+04  -3.2348196355916e+05   5.2628722217737e+05  -1.4693446769654e+05  -1.5595439773905e+05   1.0609087093838e+05   1.9765203915563e+04   1.0215174189817e+05   1.0351849509306e+05  -6.0855527134313e+04  -2.3502666166154e+05   1.9934605248608e+05   2.3220277674983e+04   1.5615422113316e+04   3.1456140749511e+04  -2.5121407901264e+04   2.4120539364683e+04   1.4026171063096e+04   1.5029760272494e+04  -1.5759122992277e+04  -5.2521435427144e+03   1.5221875302754e+05  -9.0030373050190e+02  -1.5612314460220e+05   2.4003983873031e+04  -1.5204312290042e+04  -2.8342436160658e+04   1.3037064319758e+05  -2.0399899732607e+05  -4.6601537660477e+04  -3.9507880256521e+04  -1.8785903418357e+05   4.5253985305329e+04   8.1772673523525e+04  -1.2841007122785e+05   1.7160477250161e+04  -4.5218457676488e+04   1.3627267496220e+04   5.8064121964134e+03  -1.9482166028248e+03   6.0784704635344e+04   7.9202018401950e+04   9.3454478667370e+04   7.8362474197439e+04  -5.9410107156779e+04  -2.3702026670417e+04  -7.6643199565489e+04   4.8542688013545e+04   4.1432741463328e+04   6.4987564845943e+04   1.8317534395718e+05  -2.0354387286416e+03  -3.6160082345672e+04   1.2218061030618e+04  -2.1656223543617e+05   1.6952736964582e+05  -7.3570299805705e+04  -6.8052229056229e+04   3.5854040823508e+04   3.6190485532922e+04  -8.2404735487119e+03  -2.8492453833066e+03  -3.9554288329594e+04   8.0792672528233e+04  -3.1765215045526e+04   1.3925242602654e+04   3.5780956772851e+04   1.1064651793876e+05   6.8095631514386e+04  -8.3839397410943e+04  -1.7991541048186e+05  -3.4606568934128e+04  -4.9673350648377e+04  -2.5677283230259e+04  -7.1076102748694e+04   1.8508462610514e+05   6.6723755502220e+04  -2.4421366159992e+04  -4.2633444879478e+04  -1.1927219405243e+04  -5.4220329884370e+04  -7.9955797837562e+04  -7.8115130337616e+04  -1.3414328847912e+05  -9.2262840614824e+02   1.9719942903763e+05  -1.0500127827942e+05  -6.1069805763939e+04  -6.3117680277338e+04  -1.2592722997038e+05   5.1006673284417e+04   9.1754005229169e+04   1.1475712275652e+05   8.1220361424189e+04   9.7472108103224e+04   1.1926047535077e+05   8.6282395915144e+04   7.9305686633393e+03   6.2183307907132e+04   1.1930928392700e+04   3.5183128131232e+04   2.9850428844137e+04   1.2930612557843e+04  -1.3058011629382e+05  -5.2400455668007e+04   5.9896321474675e+04   1.9353725045555e+04  -4.9099657567515e+04   2.1508884292326e+04  -1.5725426351635e+04   2.4555250224409e+04  -4.1293304721848e+03  -2.1911332496948e+03  -6.1380390929017e+03 
 -6.6816957480831e+04   7.4698983668601e+03   3.3786215566928e+04  -1.0263300483665e+05  -1.4693446769654e+05   1.8282600952347e+05   3.0457107103957e+04  -8.1323436652706e+04   1.6664845825274e+04   1.3695956084489e+04  -5.6127612912924e+04  -2.2863209925107e+04   1.5082239068658e+05  -7.0871341339033e+04  -1.4038405922350e+04   6.0151669978899e+03   1.7263074803901e+04   9.4691019149172e+03  -2.0704987426042e+04   1.0041619064962e+04  -5.6869962932375e+04  -6.6811674328961e+04  -1.7948281334663e+04  -3.5374990721098e+04  -7.0007439722808e+04   5.9477021442772e+04  -1.2862605916060e+05   4.8995645678850e+04   5.6649279930108e+04   2.9693517571582e+04   7.1079754200116e+04   1.9990932839155e+04  -8.4197557096785e+04  -4.6150036741142e+02   1.2325620189881e+05   5.6166975441766e+04   4.5932880358435e+03   2.9259172901900e+04   4.9860150156290e+04  -2.8410160518442e+04   7.4852201464907e+03   3.5663302432384e+02  -5.8748036719559e+04  -5.9432086723211e+04  -5.8082355660745e+04  -4.4527587057382e+04   5.3129181038162e+03   7.4926390897322e+04   2.6171190194506e+04  -1.6188760955236e+05  -5.1167744595835e+04   3.3857472949154e+03  -6.6945914927908e+04   9.0486480765748e+04  -4.9237660299190e+04  -7.2474979202671e+03   1.8397935657112e+05  -1.0383516142844e+05   1.7706065703246e+03   1.5795058374812e+03  -2.3508260594882e+04  -1.6005652552591e+04  -4.8413927183774e+03  -1.2059210940675e+04   3.8356364583257e+04  -2.3883148095414e+04   1.5423715799433e+04  -1.9467220482454e+04   3.8521826687939e+03  -1.5761202445672e+04   3.9588249966103e+04  -6.5650540280849e+04   9.1214895766371e+04  -7.0347235124821e+02  -5.0694430257594e+04   4.9012749118215e+04   5.5033511319243e+03  -6.4359038380009e+04   3.0464847236951e+04  -2.5094261394710e+04  -5.6590565795006e+04  -1.1827778696893e+04   5.3291358142388e+03  -1.2077076856854e+04  -3.0395616497878e+04  -7.8413573779093e+03   8.5912294689699e+03   5.5759008825397e+04   9.8626360459737e+04  -4.5045388725179e+04   4.0016363249092e+04   2.3000665812634e+04   3.4657085838789e+04  -5.7473212878395e+04  -8.9266027123194e+04  -2.8561002608273e+04   4.9483778124206e+04   4.1944341997459e+04  -1.4030414519010e+05   2.7493791431324e+04  -4.4200960712687e+03   7.8297446326548e+04  -1.3824297233931e+05   9.5503101622863e+04  -4.3330246291591e+04   5.6467139480078e+04  -7.4907221735411e+03   2.6952329645607e+04   2.4782381872827e+03   5.3780200332459e+04   1.7294478840775e+03  -8.0312637215456e+03  -9.0040625041032e+03   1.3478009850533e+03   5.3634963367210e+02   4.8017451037720e+03 
 -3.5805136663806e+05   1.7067469471035e+05   3.5106920426044e+05  -1.9139075415383e+05  -1.5595439773905e+05   3.0457107103957e+04   2.6677556626664e+06  -1.7645496185082e+06   5.7975151281384e+05  -4.2795964370449e+04  -4.5484177779436e+05  -6.5254872589669e+04   7.6125984179744e+05  -3.4958378916423e+05  -8.9515780402708e+03  -4.2697702199365e+04   7.2374176342561e+04   1.0512374476664e+04   1.9211471580232e+04   1.9148085328858e+05   3.8008286346870e+04  -4.3575032869164e+05   6.4018642134895e+02  -4.2270672969051e+04  -3.4125882204733e+05   1.9987143889179e+05  -1.4234646716493e+05   2.0433601115228e+05   1.4088785435700e+05  -2.1109305188630e+05   9.1030682890571e+04   3.3435916694593e+05  -5.2725972157392e+05  -1.9630223543810e+05  -3.8453349702906e+04  -6.4419764325705e+05   2.0277627187110e+04  -9.8054038472243e+03   3.0586322494533e+05  -5.0221098850691e+05   1.7945584293683e+05   1.5656017640462e+05   3.1655359510903e+05   2.0278940993988e+05   1.2049635709663e+05   9.0799816497137e+04   5.2097531026140e+05  -1.1167630598179e+05  -1.6537340631134e+05  -5.7433596714290e+05  -2.0143182334317e+05   3.1040188392958e+05  -5.0440398696505e+04   3.1941976256769e+05  -3.4261150265918e+05  -6.0182682213917e+04   1.4121401418924e+05   1.6614914080756e+05   2.7080469526582e+05   3.2911455670327e+05  -7.7114153377834e+04  -5.4125430393628e+04  -8.1155054469063e+04  -1.1117006644357e+05  -5.8754017159641e+03   4.8300217614744e+05   6.9029905138388e+04  -4.4726611701563e+04   9.9217059708000e+04  -2.1377373623465e+05  -3.4943299386545e+04  -5.5377086202063e+05   4.1793314268086e+05  -1.1509934344893e+06  -2.8114640642765e+05  -3.6842195970713e+04  -4.1274244351341e+05   1.3075014865054e+05  -8.9837437582263e+04  -2.8033082978679e+03  -9.2731946272620e+04   8.2030149909213e+05   4.3625840492223e+05   1.2633506865361e+04  -2.9837265415959e+05   1.1127425458105e+05  -4.5765282018701e+05  -3.0151967335565e+04  -1.9108443497716e+05   4.7540846423397e+04  -3.0562144605830e+05  -1.2157069716553e+05   9.6566459031492e+03  -1.0505745411306e+05  -8.0988917481068e+04  -1.0532660145525e+05   7.7616774531872e+04   1.0335241847534e+05   8.4198571067590e+04   6.7830882593502e+05   1.9486077813510e+05   3.9445571285972e+05  -4.4602579369294e+05   2.0589439007189e+05   2.7425560931975e+05   1.4952512007312e+05  -8.7075972527173e+04  -3.0842155273414e+05  -1.6857601422287e+05   6.2838469749951e+04   9.9370949756111e+04   9.2555055509665e+04  -2.1435425309455e+04  -7.5525961268614e+03  -9.1935513831950e+04   4.3272841308351e+03 
  2.0535829453267e+05   7.8093314516798e+04  -4.0653776002836e+05   2.3746336692463e+05   1.0609087093838e+05  -8.1323436652707e+04  -1.7645496185082e+06   1.6288835197398e+06  -8.4717648781869e+05  -1.4499177080525e+05   5.2852164903720e+05   2.6238216140799e+05  -6.3241113596822e+05   2.1486574467539e+05  -5.0853495040525e+04  -1.1806966395883e+04  -1.1650711913636e+05   8.6860106937969e+03  -2.5783743760622e+03  -4.5527905614811e+04   5.5465857473536e+04   4.7820194827176e+05  -3.4877440137339e+04   5.5155462520327e+04   2.1729276240387e+05  -2.3475931961714e+05   2.5623966226214e+05  -1.9456615399550e+05  -1.3553545325736e+05  -2.2979484450419e+05  -1.2383673636843e+05   2.3600720677568e+05   4.1308252541013e+05   4.3136569221889e+04  -1.0154660966699e+05   2.6677312871996e+05   8.0230169063061e+04  -1.4902796347334e+04  -2.2465694397110e+05   4.6870531666288e+05  -8.2364123000357e+04  -8.0960162569359e+04  -1.9536629107034e+05  -9.6085521090990e+04  -4.0943467081110e+04  -3.8642447852090e+04  -4.4710868184838e+05   2.7479216042497e+04  -1.1714419652566e+04   6.0816218925262e+05   3.1857916411089e+05  -2.5574626513590e+05   1.6999549699549e+04  -3.3708474841987e+05  -4.1158812903168e+04   7.9359823420694e+04  -2.4065438617478e+05  -4.4136768806008e+04  -6.4937393346820e+04  -1.7058262054878e+05   3.7467529037683e+04   5.9330902258956e+04   5.4817894755041e+04   1.0143034045286e+05  -5.0761219464027e+04  -2.8082679876975e+05  -7.5871383457601e+04   4.9189109903286e+04  -3.3242006429231e+04   9.3406048752350e+03  -2.1751821161201e+04   5.5430814275165e+05  -5.4006890061575e+05   8.3549099445934e+05   2.8519447306334e+05  -1.2363684190062e+05   2.9911409324069e+05  -1.5702605549495e+05  -1.1515199257091e+05  -7.0987512368682e+04  -3.0911544874231e+04  -4.4330039974723e+05  -2.3412439425767e+05   5.1677031307966e+04   3.7453286077951e+05  -1.6608881341116e+05   3.9186798662613e+05   5.5203421285486e+04   2.7565008882585e+05  -1.7944676115751e+05   2.2570990712260e+05   1.4805961191887e+05   5.7202154764093e+03   1.2961088017875e+05   1.1038868592040e+05   1.0597597665352e+05  -8.3607633203244e+04  -2.4624847111321e+05  -1.1557604290807e+04  -4.3346207480133e+05  -3.8588775592567e+05  -2.1141432956337e+05   1.3708040823076e+05  -1.5162635624854e+04  -3.0568291063049e+05  -1.0860215328639e+05   2.1936734797637e+05   3.5520800305457e+05   1.3200115657455e+05  -1.1211517376469e+05  -6.4442451249793e+04  -9.1459555109794e+04   3.2934758005887e+04   1.7374328309555e+03   1.0614062654446e+05  -3.5694121056146e+04 
  1.4414130484409e+05  -5.1736421025611e+05   5.8251662939852e+05  -3.1328845578800e+05   1.9765203915563e+04   1.6664845825275e+04   5.7975151281384e+05  -8.4717648781869e+05   4.4487405244687e+06   4.3137468190840e+05  -3.1838008083217e+06  -1.2371184895037e+06   1.9066845192781e+06  -4.6208553943247e+05   1.4805354816351e+05  -1.4324520610080e+05   1.3170756256076e+05   4.1039517617654e+04  -1.5369996673378e+04  -2.0287206461191e+04  -5.4121664033223e+04  -1.3281186795932e+06  -4.0430809094884e+04   1.0961613691661e+05  -4.0834519636219e+05   1.6643942751598e+05  -2.2549090388064e+05   9.3962289839530e+04   2.0483744287288e+05   8.4066861947400e+05   1.6242406106939e+06  -6.4886113480653e+05  -1.8911866589401e+05   4.3859548054159e+05  -8.2293170810868e+05  -1.5485051013615e+05  -2.1162026552010e+04  -2.6295768259689e+05  -3.7063149106564e+05  -4.2609947990812e+05  -2.4271464151151e+05  -8.2358173208390e+04   8.0548913332676e+04  -3.1796585367649e+04  -7.3438193546798e+04  -1.1653693836060e+05   8.4421362199509e+05  -8.6603044542888e+05  -3.5364308051914e+05  -3.5838120669777e+05  -1.0346949449474e+05  -1.6653560891535e+04  -3.4296275999502e+05   2.2734922901291e+05  -2.2883530156960e+05  -5.0295362425171e+04   4.3421038540015e+05   4.3833135416815e+05  -7.7956840938418e+04   2.7979513577444e+05  -6.5227558369578e+04  -5.3121081378980e+04   7.8960034190734e+04  -5.2377791127616e+04   8.6432956554791e+04   3.8061580389246e+05   8.0688835903833e+04   4.0922851362919e+03  -3.0399710444461e+04   5.4455264989583e+04  -1.3825085755859e+05  -4.6620015388856e+05   5.1609978948439e+05  -1.2343307440716e+06  -3.5058283599526e+05   6.2219863852252e+05  -2.3187338305269e+05  -7.0832481122269e+05  -8.2369251635218e+05  -6.8730363705414e+04   6.6402482159191e+05   1.4866925984982e+06   2.9084133510399e+05  -1.0023498190372e+05  -2.1486024026155e+05   1.9728054725237e+05  -4.7711811397683e+05   1.1262278193087e+04  -7.6662635822825e+05   3.4985931970811e+05  -4.9625375321049e+05  -3.4404546279050e+05   1.7969796296169e+05   1.7783939278178e+05   1.3183924121614e+05  -1.0618463065510e+04  -7.4333544231509e+05  -8.7688771900780e+05   6.8666879514290e+05  -4.8074460358578e+05   1.6102302560697e+05   3.8556974915190e+05   5.4908789906544e+05  -1.6661580885488e+05   7.1551637947298e+05   9.3393717342204e+04  -2.8961360973853e+05  -2.2971148694680e+05  -1.7117475235590e+05   7.0619901539240e+04   2.1265197273720e+04   1.3669311686496e+05  -8.4755986770512e+04   1.5710660453981e+04  -6.9735804092466e+04   5.4010608379094e+04 
 -1.8127897807920e+05   4.4792381910966e+05  -3.4331668344346e+05   5.1400699131640e+04   1.0215174189817e+05   1.3695956084488e+04  -4.2795964370450e+04  -1.4499177080525e+05   4.3137468190840e+05   1.8802942665034e+06   8.9020228355698e+05  -1.9217397227463e+06  -7.6583974652338e+05   8.1148488235622e+05  -1.0341549617082e+04  -6.9886691569557e+03  -1.1683542866740e+05  -1.5121466985770e+02   2.8850715194272e+04   2.1165835477196e+04   1.6440975927977e+05  -1.0720729241103e+04  -4.5619402564850e+04  -5.3248423592585e+05   4.4987301479360e+04   2.3176222290771e+05  -4.2781322348944e+05   1.1687906579218e+05  -1.0697892095476e+04   4.9680308274953e+05  -4.6603837909977e+05  -1.7077104548748e+05  -1.5658658452580e+05  -1.1451589212905e+06   1.4448661518898e+06  -8.2404705488517e+04  -1.3868244245564e+05   3.2884199589109e+05   3.6159263897075e+04   1.7589642090647e+05   1.2493699928010e+05   1.9046794353382e+04   4.1313880791827e+04   1.3880474375178e+05   2.4996292589189e+05   3.6565550583147e+05  -1.5095051871232e+05   7.5610672520264e+05   2.8652917483244e+05  -5.2024324093342e+05  -1.2525899773993e+05  -6.9390605868682e+05   5.3415964678927e+04   2.1115205852163e+05  -4.3557476528813e+05   1.8130854050238e+05   3.6262279393322e+05   3.1177545456666e+05   7.7584825103195e+05  -2.9198650917887e+05  -2.2718425267275e+04  -2.1303742709439e+04  -3.4160129839065e+04  -1.8531110543633e+04   1.6508497066417e+05   1.6007964201755e+05   2.5944014768386e+04  -2.7418969567249e+03   3.4218542153689e+05  -1.1936857125951e+05  -1.1891827719530e+05   8.0445936067408e+04  -3.3369514515534e+05   2.1519649013668e+05  -2.5259841321452e+05  -8.4666358096464e+05  -3.3817988836658e+05   1.2512485446356e+05   1.0424559253707e+06   6.4728376405248e+04  -8.9588726067428e+05  -9.9051798878929e+05   2.0724135461206e+05   3.7685988730201e+05   1.3053045109979e+05   2.0176957418746e+05  -2.4514027785840e+05   4.2074371756780e+05   1.9078161736771e+05  -4.8436467606241e+04   9.0913486555756e+04   1.0567328067296e+05  -6.0394161337636e+04  -2.1350152463781e+05  -4.2243253398609e+05   6.1849313973711e+04   5.8795729538507e+05   1.1944091526327e+06  -1.6765660829282e+06  -6.5433451077951e+04   3.1287637227919e+05   3.0782601661923e+05  -1.2659537404848e+05   1.5504322944095e+05  -4.8785422731562e+05  -1.0455970754062e+05  -4.6801789287568e+04  -3.8213636316944e+03  -1.0950897312014e+05  -3.3250620084695e+04   2.1287539937927e+04   1.0799444415738e+04  -1.3792990878089e+04   2.1640672632469e+04  -9.9977391759865e+04   3.0613283328071e+04 
 -1.2141704706901e+05   9.9811470091961e+05  -1.0146279830057e+06   3.3456140668137e+05   1.0351849509306e+05  -5.6127612912925e+04  -4.5484177779436e+05   5.2852164903721e+05  -3.1838008083217e+06   8.9020228355697e+05   4.1559063324861e+06   2.2134055154386e+05  -3.2692977325341e+06   8.2449234627425e+05  -1.1665971605967e+05   1.1132262532858e+05  -1.9955960847108e+05  -3.2959843399509e+04   7.6259126161949e+04   5.4263063967693e+04   1.5748110651252e+05   1.7134647443081e+06   3.2388880004479e+04  -5.9349123584817e+05   4.3120758892503e+05  -8.1343492082365e+04  -2.2173364294160e+04   4.9297648493300e+04  -2.0058740669962e+05  -4.8207863892612e+05  -2.1355833996463e+06   6.1280117976797e+05  -1.6431909993982e+05  -5.5989537879168e+05   5.5658933919794e+05   1.4132644114737e+03   1.8130482974410e+05   2.1028847923195e+05   4.9644034594538e+05   6.7877745967957e+05   2.1216038010058e+05   5.5257600047234e+04   2.6997505883703e+05   3.2600067698978e+05   3.5659368786937e+05   3.5754697978684e+05  -1.3493218066107e+06   9.5478141415098e+05   3.5716371062861e+05   7.6770386482655e+05   7.7839882402187e+04  -3.7664333908758e+05   3.6125451925809e+05  -1.2101870190210e+05   6.5844443848465e+05   1.6156548339247e+05  -1.7055356607336e+05  -1.9780211837000e+05  -4.5201713802698e+04  -7.0411190211030e+05   2.5015728876518e+04   4.6721901065851e+04  -4.6979366033477e+04  -1.4188861211054e+04   1.7700247151571e+04  -2.5449237860741e+05  -7.6460120486941e+04  -2.3869827073785e+04   1.2458329521630e+05   8.3513464050198e+04   8.5706164900999e+04   8.9303842057755e+05  -5.1101420263207e+05   1.1422643232379e+06  -1.7765921694779e+04  -1.3292969777925e+06   9.8470968860867e+03   2.6567006332603e+05   4.6577425539949e+05   2.1242510157322e+05  -2.5657744519285e+05  -1.3786993960745e+06  -3.6781833312229e+05  -9.6820669358260e+04   8.8039884950342e+04  -5.5305600788126e+05   8.9054386049713e+05   4.8761755149486e+05   2.9833803406988e+05  -4.1175241255963e+05   4.5644257491900e+05   3.4735230697710e+05  -2.4338584511252e+05  -2.9295452090590e+05  -5.3382259540177e+05  -1.9561643636782e+05   5.8710360547733e+05   6.4616955683233e+05  -9.1260866626553e+05   1.0562768079396e+06   6.0699247146047e+04  -3.5114570153256e+05  -4.5711803794328e+05  -1.8383915726932e+05  -1.3673968868474e+05  -2.0718399212386e+05   6.3493521035673e+04   3.8413371667329e+05  -2.2807086933833e+04   4.9264011049191e+03  -1.1126759582602e+05   1.5781211342672e+04   2.1966725341905e+04  -1.0757133103063e+04   7.9134000983932e+04  -8.3112138573386e+04 
 -2.0971506838613e+03   2.5360780435266e+05  -2.9461592493857e+05   9.2974561496938e+04  -6.0855527134313e+04  -2.2863209925107e+04  -6.5254872589669e+04   2.6238216140799e+05  -1.2371184895037e+06  -1.9217397227463e+06   2.2134055154386e+05   3.5952463222130e+06  -3.4505323536314e+05  -1.4310443501460e+06  -1.7937416090372e+04   3.5381094008405e+04   3.3991620487397e+04   6.6583828982836e+03   2.4446674464356e+04  -4.4300870726451e+03  -1.6095121594661e+05   3.8312013805670e+05   5.3694774949625e+04   4.1252422533417e+05  -3.1244026997810e+05   7.0110201930666e+04   2.0766968688986e+05  -4.0959405487514e+04  -8.1268568921036e+04  -2.7436349419175e+04   3.9679793491793e+05  -3.3789069736830e+05   1.5108186251597e+05   1.3073510664338e+06  -1.2037849644081e+06   2.0534767280192e+05   2.1898004606261e+05  -3.0733102462177e+05  -1.0646576481989e+06  -1.3642039197286e+04  -6.7629528264212e+05  -4.9807952830319e+05  -5.8677598145375e+05  -4.5372032923011e+05  -4.0732103695593e+05  -4.8385042672836e+05  -3.3658237438715e+05  -9.7807279606083e+05  -7.5186415007785e+05   1.3988779825935e+06   4.5386538347118e+05   1.6328667199879e+06   3.2070879493995e+05  -3.7719003138537e+05  -1.8735629197488e+05  -2.4883878253723e+05   1.1933417326532e+05  -8.0668344919714e+05  -9.0964426208903e+05   6.6605815751935e+05  -2.0788370712582e+04   8.3966206101821e+01   4.3457995249231e+04  -2.0939947250096e+04  -9.6655916374863e+04  -6.1338460346420e+05  -1.0987267953773e+04  -8.4382386950711e+04  -5.6634346824413e+05   2.5248499776231e+05   3.1079891696851e+05  -1.0111347613458e+06   8.9230955132725e+04   3.0038790717548e+05   5.3779177329270e+05   7.9612605660166e+05   2.7266378507680e+05   1.7835564770953e+05  -1.0430980551604e+06  -9.6469264466171e+04   1.1669138082013e+06   1.0490679716869e+06  -4.2539378981537e+05  -4.7043197085246e+05   6.8672842186694e+03  -6.0469412431693e+05   3.6703063078840e+05  -2.2557106184727e+05  -3.2006879627625e+05  -3.3457241514744e+05  -3.1981569289135e+05  -9.5359190675155e+04  -1.0724532089483e+05   5.4559639781198e+05   8.1028832851698e+05   2.3105534191369e+05  -5.6967765509148e+05  -1.2948729730563e+06   2.4580155256726e+06  -3.8579590249345e+05  -3.9243162202058e+05  -5.4198804959940e+05   3.3968481458631e+04   1.5622993144129e+04   7.0653127750060e+05   6.5485863079346e+04  -3.1542548018305e+05   2.2512966339412e+05   1.6330229599258e+05   2.4220312133102e+04  -1.3779322758844e+05   1.1004053700781e+05  -3.0199097241784e+04  -4.2111481864442e+04   1.3415287706732e+05  -5.0104460077034e+04 
  7.1497461966622e+05  -1.8790406652579e+06   1.0953072131025e+06  -2.8055290995187e+05  -2.3502666166154e+05   1.5082239068658e+05   7.6125984179744e+05  -6.3241113596822e+05   1.9066845192781e+06  -7.6583974652338e+05  -3.2692977325341e+06  -3.4505323536314e+05   5.9773498433003e+06  -2.9966706367954e+06  -2.1678900698521e+05  -1.7033338125766e+04   2.1968707151110e+05   5.4425546998261e+04  -5.9400566099142e+04  -5.0621402093804e+03  -5.7086373691667e+03  -1.6812308756220e+06  -1.2471330739249e+05   1.0695432333937e+05  -4.1910687567460e+04   4.0605519559208e+05   5.0041483839446e+04   1.1554192852452e+05   2.0438829491913e+05  -2.9066850785021e+05   2.1722394666466e+06   1.5987197861738e+05  -2.6748159679660e+05  -6.0278826679414e+03   3.0861682151178e+05  -1.7439620551982e+05  -2.5480265984306e+05   1.4639334451070e+05   1.6681401524664e+06  -1.1320786174083e+06   5.4837463053026e+05   4.4935758370541e+05  -7.2651904018406e+04  -6.0555989802822e+05  -9.9011196980753e+05  -8.9617244925606e+05   2.5646544628089e+05  -7.3268295577142e+05   7.0970728813918e+05  -1.3638109781698e+06  -2.1980633412448e+05  -5.5372660259461e+05  -6.6828842398845e+05   3.7729358009696e+05  -1.9797416207502e+05  -2.7821674956764e+05  -1.0969402014362e+05   6.4035186257469e+05   5.8234182428743e+05  -2.3187616430204e+05  -3.8461022091304e+04  -1.0875612733969e+05  -9.8435526848058e+04   1.8049493318050e+05  -1.4755866261993e+05   1.0899211656532e+06   1.0493471993190e+05   1.3562973831261e+04   8.7909428303976e+04   1.3322448264775e+05  -2.6485097721685e+05  -2.4448587854181e+05   8.5644282082528e+05  -2.9809049142709e+06  -7.4546929745740e+05   7.6260477471466e+05   3.1123974931664e+05  -1.3619495336565e+06   4.2901997519488e+05  -1.3211124198142e+05  -1.3034873341971e+06   2.6417335080706e+05   6.4637300600576e+05   3.4081799116597e+05  -4.5129095969062e+05   1.1416481152644e+06  -4.8014087596632e+05  -1.3475358364262e+06  -7.0522937158264e+04   8.2734324765085e+05   1.0103819578333e+06   4.4016585387831e+04   8.9195214440178e+05   2.2711467012298e+05  -1.5351081381357e+05   4.4041764996104e+05   3.3051234291421e+05   1.0348633442805e+06  -2.2691677551410e+06   7.2741380908886e+04   2.0987757489086e+05   6.2428125323279e+05  -2.2017612484730e+05   2.5620349389103e+05  -2.2832994746061e+05   1.2337481362228e+05   1.4537008469655e+05  -6.5693954989521e+05  -2.4040166068075e+05   3.0552284033424e+05   1.4217352378348e+05   4.6400409001311e+04  -4.1574052165955e+04   4.2907387980857e+04  -2.0904726134844e+05   1.2336502335849e+05 
 -7.1655619188202e+05   9.8258624164090e+05  -4.1851753167849e+04  -4.7431382081332e+04   1.9934605248608e+05  -7.0871341339035e+04  -3.4958378916423e+05   2.1486574467539e+05  -4.6208553943247e+05   8.1148488235622e+05   8.2449234627426e+05  -1.4310443501460e+06  -2.9966706367954e+06   4.6652258118830e+06  -2.8003902646137e+04   8.9079030954086e+04  -3.7575822768373e+04  -2.4360458243554e+04  -3.3049393268850e+04   2.2041545257174e+04  -1.5610322729222e+05  -6.4840915367930e+05   1.5027386971215e+05   2.2465187018196e+05   1.5609094534451e+05  -3.7602350903563e+05  -4.3115974962699e+05  -3.0325652383080e+05  -1.2321118060116e+05  -4.0219199628432e+04  -1.7941261501038e+06   3.8851319283916e+05   4.1481844387090e+05  -6.7798903130895e+05   4.9480887203781e+05   1.3943716779263e+05  -2.9402722888366e+05  -1.9387947259181e+05  -1.0459569970160e+06   7.0692718548205e+05  -6.5586915623698e+04  -7.1892972273353e+04   1.6048452648228e+05   5.5750603641835e+05   8.5218861564927e+05   8.0580819550432e+05   1.1362829654170e+06   1.1681577788881e+06  -3.2991619631992e+05  -9.6361727370576e+05  -1.5661521049929e+05   4.5045919630552e+05   2.0623580186457e+05  -8.3898160664581e+04   8.9708085657310e+04   2.0443198550950e+05  -8.2257367106258e+05  -3.7218903292782e+05   1.4215310299162e+04  -2.0723136180929e+05   7.9200633571905e+04   1.1917270535905e+05   8.0103315144426e+04  -1.0191267880527e+05   2.2358750063378e+05  -4.7127116434619e+05  -7.5304491821792e+04   5.1221887943089e+04   2.2112716542147e+05  -3.3518799748404e+05   5.8798089472003e+04   1.0776873149477e+06  -6.5500159677396e+05   2.6794757732491e+06  -5.7788447121882e+04  -1.5017307484435e+05  -4.5747315540666e+05   1.4980728685641e+06   2.0800167963132e+05   1.1434006072736e+05   5.3747012368787e+05  -5.8976673124163e+05  -3.0676601395071e+05   4.7599341063470e+03   6.4616281999203e+05  -4.2141706312136e+05  -3.2237858634844e+05   1.3487009876969e+06   5.1648590098053e+05  -6.3277567243647e+05  -1.0321327581294e+06   1.2644273577884e+05  -9.3642098982836e+05  -8.5448428705121e+05  -3.1414011172940e+05  -8.5720940092139e+05  -2.5198423184794e+05  -5.6184491694993e+05   1.2660959398249e+06  -8.6283307212110e+05  -6.6782611593341e+04  -1.3436280166274e+05   5.5751447017020e+05  -2.3557262968400e+05   2.9602514041009e+05  -3.1522010570478e+04   1.7451987148395e+05   4.4665117286135e+03   1.4339377923484e+05  -1.7869499042044e+05   1.0183891057030e+05  -8.5347318524709e+04   5.8710705204083e+04  -3.2360538791720e+03   4.4529666910599e+04  -1.2352386359846e+04 
  3.9640735567041e+04  -1.3809459106981e+05   1.3505274110763e+05  -2.6074383491369e+04   2.3220277674983e+04  -1.4038405922350e+04  -8.9515780402701e+03  -5.0853495040525e+04   1.4805354816351e+05  -1.0341549617081e+04  -1.1665971605967e+05  -1.7937416090371e+04  -2.1678900698521e+05  -2.8003902646137e+04   6.1643004712821e+05   6.4250311248815e+03   7.3104263347479e+04  -1.6373809187741e+04  -2.6858575508025e+04   2.3491722145143e+04  -1.5442891947828e+05  -1.8687145008844e+05  -3.7194984450203e+03  -5.6263546655134e+04  -1.1792938264044e+05   1.2684974869817e+05   4.2740981163773e+04  -1.2886224276161e+04  -9.4877705224616e+03   2.3834988953806e+05  -2.3664394413313e+05  -2.5658903528737e+05   3.0796604737919e+04   1.9786919360613e+05   2.4558620483999e+04   1.3058160694207e+05  -5.1033587326973e+04  -2.8658874189593e+04  -2.2753903750199e+05  -2.3701216563363e+04  -7.0125059415461e+04  -3.8687227658768e+04  -6.0475436937858e+04  -2.9164488936437e+04  -2.0305659762963e+03  -1.0171337261343e+04   2.2811661993288e+05   7.0899208960105e+04  -2.5916542565022e+05  -5.1355738118016e+05  -8.3314194909171e+04  -1.5075194666051e+05   3.2812518954522e+04   3.5013776587862e+03   3.0517698463000e+04  -1.2970436019492e+04   1.9607655570826e+05  -1.1963382394504e+05   3.2819953243006e+04   2.3185459197260e+05  -5.2502976237430e+04   5.8154266451005e+03   2.0338507030310e+04  -3.7790969549391e+04   3.2693809425236e+04   2.4139609095196e+04  -1.1330681467635e+03  -2.1635746546110e+04  -2.9926773117674e+04  -9.5968169991637e+04   6.6433270063515e+04   1.8156050405302e+03   1.2649829181885e+05   5.0169326556758e+04   3.2362280630929e+05   1.0004119733510e+05   1.1884058789506e+03   5.9574950565540e+04  -7.1058522849173e+04   3.7126578910117e+04   2.2703809129334e+05   1.9664892521297e+05  -6.8830462070742e+04  -1.1459886050533e+05  -1.8047655347536e+05  -1.0314618086140e+05   4.5432996520461e+03   2.5194622228850e+05   6.4036350772855e+04  -1.2495811903765e+05  -9.0462235285260e+04  -2.5439952152264e+05   5.3259922200027e+04  -8.6267836013254e+01   7.9356615282577e+04   4.7706580416039e+04   1.4060755131820e+05   1.0427730074727e+05   2.2816962916309e+05  -2.4084305485694e+04  -3.8687464430384e+05   1.8435558625136e+05  -1.0253746626808e+05  -9.0539324468314e+04   2.4677835336043e+05   6.5171980147403e+04  -1.6712622042397e+05  -1.4298082204566e+05   1.2455699337614e+05  -3.9969019688525e+04  -1.3858282725186e+05  -2.9519601242119e+04   1.0312915157284e+04  -8.4733436167392e+03   2.4623941746870e+04  -2.0202243033498e+04 
 -9.3458542525310e+04  -1.4286509896739e+04   2.1333348137326e+04   5.0216163396781e+04   1.5615422113316e+04   6.0151669978898e+03  -4.2697702199365e+04  -1.1806966395882e+04  -1.4324520610080e+05  -6.9886691569563e+03   1.1132262532858e+05   3.5381094008405e+04  -1.7033338125767e+04   8.9079030954086e+04   6.4250311248815e+03   2.7071776147085e+05   6.1064188205436e+04  -1.1506135441716e+03  -6.3888127782432e+04  -8.0126037291230e+04  -1.0423702171254e+05  -1.4507600088626e+05  -6.4414723288999e+03  -6.7033916626034e+04   7.6029067634945e+04  -7.1922950028287e+04  -1.6837400191400e+05  -1.2654523973921e+05  -6.6368198416428e+04  -1.0800617946334e+05  -1.4728620691829e+05   2.5620505580367e+05   6.0629528818211e+04  -5.4003530632554e+02   1.3480068321062e+05   1.7337837981924e+05  -1.0718822728430e+05  -2.4803588937139e+04  -1.6953041960166e+04   1.4417558216695e+04   1.6598347087146e+04  -6.1460634228780e+03  -4.0772991511558e+04  -4.1323252633455e+04  -5.0688373397026e+04  -5.6829779079609e+04  -4.6621002641050e+03   3.2868898273922e+04   6.6584814865844e+04  -1.0647236108055e+03  -2.8714961699420e+05   1.1603766108733e+05  -2.3373657397860e+03   6.1444404936126e+04  -8.5353253867329e+04  -5.0876081874987e+04  -1.5050118255799e+05  -4.0339739347088e+04   1.6687050895554e+05  -1.5132716079838e+05   5.3960910291433e+03   2.1297084122654e+04  -1.6847150238849e+04   1.6010825483824e+04   4.4252174584520e+04   6.2331213998696e+04  -1.0466231967660e+04  -2.2795720057350e+04   5.8968545868238e+03   5.2124044949670e+03   3.5806807142470e+04   9.6782058219518e+04   4.5416666128868e+04  -4.7126599314260e+04   3.6207413781767e+03  -5.8890274002791e+04   4.9914343652108e+04   7.7145723219803e+04   8.6820961557368e+04   5.2437497325819e+04  -2.6271722857499e+04  -5.6232565781089e+04  -4.0481772971086e+04  -2.3167137543993e+04   1.5236251735589e+04  -4.0558467583442e+04   3.7463209358089e+04   1.1972901453873e+05  -2.3523165509954e+04  -9.2936612270272e+04  -1.0884096215863e+04   1.3316102362403e+04  -5.2296607473284e+04  -7.3846585204059e+04  -8.0676718279855e+04  -6.3706623288976e+04   1.6695550282119e+04   3.5567813306375e+04  -3.5757733945931e+04   3.0860605795258e+03  -3.1802546240583e+04   4.2223506049239e+04   8.5523999217746e+04  -4.6865904853983e+04   1.8449198845853e+05  -4.8744547208698e+04   4.7415510163834e+04  -7.9114621797767e+04   3.1744787939760e+03   3.7356584765074e+04  -1.4092978479350e+04   2.0441377814219e+04   6.7707708448900e+02  -2.5439015635308e+03   1.3828912036136e+04  -9.7519610440088e+03 
  1.7975607526198e+05  -2.5288753771647e+05   1.1406211228317e+05  -1.0707190449069e+05   3.1456140749511e+04   1.7263074803902e+04   7.2374176342560e+04  -1.1650711913636e+05   1.3170756256076e+05  -1.1683542866740e+05  -1.9955960847108e+05   3.3991620487396e+04   2.1968707151110e+05  -3.7575822768373e+04   7.3104263347479e+04   6.1064188205436e+04   8.0246639638745e+05   1.7733641723129e+04  -2.4780053229261e+04  -3.8087873754065e+04  -7.3267043506248e+05  -1.5328940238608e+05  -5.6356418499752e+04   1.6858728613129e+05   4.8354044240601e+04  -1.6734295446013e+05  -3.5243921630193e+03   5.0433082048135e+04   8.0379111385155e+03   9.0870161127661e+03  -9.0679938724299e+04   4.7511645736183e+04  -8.0945368544864e+04   1.4418256816596e+03  -2.3078213060737e+05   2.3852284566087e+05  -9.7668761417383e+04   2.5711510295542e+04   1.1880333240840e+05  -1.3052583137885e+05   9.3389898223409e+04   1.0235282048372e+05   1.2733422454467e+05   9.3411066585081e+04   5.5639719188552e+04   1.2667032073836e+04   3.8058441978473e+05   9.1498014859226e+04   2.6100031196808e+04  -2.5400623974332e+05  -7.7398703045187e+04  -4.1578590528480e+05  -1.7978721993883e+04  -5.2679196932458e+04   2.4575014938714e+05  -1.1709554448144e+05  -1.3398841893431e+05   1.2518492580006e+04  -2.2016801134933e+05  -4.2899548519552e+04  -2.9589068554676e+04   8.6497799591342e+03  -3.4910660909400e+04   1.2498599159331e+04   3.1258596239977e+03  -1.8670285120192e+04   8.3214368194992e+03  -1.1471897764422e+03  -1.0888647201833e+05   1.2391200405931e+05   1.7154495486741e+05  -6.4153174383710e+04   2.6951864708444e+05  -7.6315183417738e+04   7.9689617143398e+04   1.2706842485925e+05   1.6937701589121e+04   1.9263836521544e+04  -1.7214050084057e+04  -5.9507064485404e+04   1.7028897027496e+04   1.1024517743365e+05   1.3137608085966e+03  -2.6713938069969e+04   3.1350085094561e+03  -3.7473276509977e+04  -2.6248858558110e+05   1.1852441626338e+05  -1.1423475401027e+05   1.0777660751442e+05  -1.1071417473157e+05  -2.6088186444697e+04   2.6739090800019e+05   6.1758247290230e+04   2.4818427076202e+05   1.8908710415716e+04  -1.9263060068414e+03   1.2984790232643e+04   1.6931313218267e+05  -4.4440724518148e+04  -7.6109101992562e+04  -5.9781625107555e+04  -3.1205512934617e+05   1.9660671022723e+05  -4.3883249188154e+04   3.8437926429477e+04  -8.9239018821855e+04  -6.8017071141125e+03   2.9032021035573e+03   7.4892870801854e+04   4.1971151905175e+03   4.9152595199149e+04  -2.1361658205864e+04   1.5479439342004e+03  -4.2760748035522e+04   1.7515974248309e+04 
  7.1137189041103e+03  -1.4858495399310e+04  -1.0150795313100e+04   7.0933205263348e+03  -2.5121407901264e+04   9.4691019149172e+03   1.0512374476664e+04   8.6860106937969e+03   4.1039517617654e+04  -1.5121466985735e+02  -3.2959843399509e+04   6.6583828982831e+03   5.4425546998261e+04  -2.4360458243554e+04  -1.6373809187741e+04  -1.1506135441716e+03   1.7733641723129e+04   7.4526486297137e+04   9.3647150854344e+02   1.2205346654684e+04  -1.2304136341268e+04  -5.9620010236237e+03  -6.3744378500339e+04  -3.4331066994904e+03   5.7459203843126e+03  -1.7697720146800e+04  -4.4176299780767e+04  -2.1945481044514e+04  -1.4134414525811e+03  -5.6576574845250e+03   1.5801900955792e+03   3.8214946448311e+04   2.9597461439024e+04  -5.7862852794493e+02  -1.1851109178920e+05  -5.3250671757028e+04   7.0787376485376e+03  -2.6341883894497e+04   8.5803700388350e+04  -2.7137317211222e+04   3.8948910123750e+04   2.8838370651415e+04   8.5993294474321e+03   3.7851539290042e+03  -1.8404173699241e+03  -3.3818143826029e+03   6.6979953083274e+04   2.1579620803365e+04   6.4701328109793e+04  -5.9991199075769e+04   1.2343803638892e+04   4.2694194686631e+04  -1.1741520411102e+04   4.0284577006241e+04  -5.4349645222554e+04  -3.3682624563733e+04   3.4560781664332e+04   1.3786442583758e+04   6.5115499732938e+04  -6.7889294497154e+04  -7.8687778624249e+02  -3.0406300448502e+03   3.8584201124021e+03  -1.1175868219530e+04   3.0403700855853e+04  -3.2190034126662e+04  -1.0021568153237e+03  -1.9092366631401e+04   2.8740855980412e+04  -1.4259547972088e+04  -1.6589105085566e+04   1.5832853264733e+04   8.7384306980390e+04   1.4862561676853e+04  -3.5202071253204e+04   5.5035602310176e+04  -3.5790353795146e+04  -6.4980456824581e+04  -4.3318310386582e+04   3.3541819374405e+04   6.0407429784528e+04   6.1282123156951e+04   5.8964013178884e+04   2.9285360510823e+04   1.3181746196225e+04  -7.4055067643859e+03   5.9025637596812e+04  -1.9214748003785e+05   3.7643867181619e+04  -8.5395977255043e+03   6.3729194548363e+03   1.9781799603220e+04  -1.6240692040462e+05  -4.5430774755586e+04  -5.9856540899747e+04  -3.0139989402692e+04  -2.7805724566540e+03  -6.8960420558050e+04  -2.4520027741293e+04  -5.5102999614035e+04   1.3215297942407e+04   6.0053825988932e+04  -1.1902998992651e+03   6.5307717823975e+04   8.3877779955017e+03   5.1755463749353e+04   2.6764977201792e+04  -4.9341751396336e+04  -1.2805630875626e+04   1.7219413529150e+04   3.0583008208882e+00   3.5641820914443e+04  -1.6647748601297e+04   7.1759790207309e+02  -8.5278355268310e+03   7.5258028288675e+03 
  4.9750686372509e+04   1.4381061151450e+04  -5.1935355598425e+04   1.0257149051785e+04   2.4120539364683e+04  -2.0704987426042e+04   1.9211471580232e+04  -2.5783743760625e+03  -1.5369996673377e+04   2.8850715194272e+04   7.6259126161949e+04   2.4446674464355e+04  -5.9400566099141e+04  -3.3049393268851e+04  -2.6858575508025e+04  -6.3888127782432e+04  -2.4780053229261e+04   9.3647150854343e+02   1.3419784497022e+05   2.5145698778505e+03   2.1917028278013e+04   9.2914521135236e+04   4.5014815958329e+03  -5.1830164821026e+04   6.4131396728915e+04   7.4628183202156e+03   8.4455338934776e+04   3.3000667277937e+04  -1.3260809204792e+05  -7.5890816011779e+04  -2.8887408145873e+04   4.4860485483910e+04   1.6933861417328e+04  -3.7462930494823e+04  -2.0408297819787e+04  -4.6953404396013e+04   6.9794276706677e+04   2.0032194979361e+04   8.1433586704550e+04  -4.0075987796181e+04   1.9905540342064e+04   2.1515783085915e+04   7.3633756556778e+04   6.8966467995208e+04   5.8804810653823e+04   5.6522740991929e+04  -3.5744913753778e+04   2.2321245310593e+04   4.1138053412663e+04   7.4911476500208e+04   7.0221551516654e+04   1.5347716153175e+04   3.7532923806144e+04  -7.1953920564299e+04   5.4907540795758e+04   3.0417053202807e+04   7.0787812476958e+03  -9.4780958951637e+03  -5.3423586867608e+04   3.5839239152534e+04   4.1483256248068e+03  -1.5388821539557e+03  -1.6349732987387e+04  -1.4000023958767e+04  -3.9881340012414e+03  -3.5260599169676e+04   7.1874717010169e+02  -2.9760257811544e+02  -3.4773192382247e+04   2.2655718178060e+04  -4.1381334317200e+04  -1.6637862586562e+05  -1.2037490569798e+04  -7.5705117232080e+04  -1.0472304187048e+05   1.0676568965358e+04  -6.5899215490665e+04   6.2651664060661e+04   2.2697499738686e+04   1.7035850024199e+02  -1.4577324101306e+04  -7.5465124327194e+04   2.7601114723842e+04   5.0425538359500e+04   3.1357804704093e+04   4.8434749687610e+04   7.6838384685325e+04  -1.0611315936943e+05  -1.3570789714597e+05   7.6757136700754e+04   5.2267839984545e+04   5.6852911485260e+04  -4.4701628936819e+04   4.8650267702809e+04   7.7190927696602e+04   5.2582326807840e+04   4.6130874571175e+04   8.4714829955414e+04   9.9684508305187e+04  -1.2527589777574e+04   4.5806979687004e+04  -5.7573132383005e+04  -3.9957645523592e+03  -3.1121766189431e+04  -5.5482738068473e+04   2.4147087055362e+04   6.5721829921214e+02   1.7795420819443e+04   4.3813050621058e+03  -3.2016249811547e+04  -1.0448501131870e+04   2.1177510579518e+04  -1.7250931833978e+04   2.8984415730496e+03   9.0846958609896e+03  -5.2359998230193e+03 
 -3.4591636805555e+04   3.9436150193909e+04   3.4881776285082e+04  -3.4538942710458e+04   1.4026171063096e+04   1.0041619064962e+04   1.9148085328858e+05  -4.5527905614811e+04  -2.0287206461190e+04   2.1165835477195e+04   5.4263063967692e+04  -4.4300870726451e+03  -5.0621402093800e+03   2.2041545257173e+04   2.3491722145143e+04  -8.0126037291230e+04  -3.8087873754064e+04   1.2205346654684e+04   2.5145698778506e+03   4.3898351245006e+05   3.3972360932603e+04   1.7292693985402e+04  -3.9956708275120e+04  -6.8597254035292e+04  -1.4183469617220e+05   1.3263928978197e+05  -2.2118095892065e+05   2.0150810088272e+04   6.1358570929448e+04  -3.5429389329513e+05  -2.8709194373846e+05   3.6864618084929e+05  -3.7793809338449e+05  -2.6180466298177e+04   1.7550406240641e+05  -2.0075952154604e+05   5.3592052387091e+03   8.5331590632099e+03   4.8984690899831e+04  -3.0949003596797e+04   9.3174684320951e+04   7.6386952878771e+04  -3.2158893164552e+03  -3.1602150914336e+04  -5.9844446661994e+04  -5.0959567271105e+04  -4.1014750926635e+02  -1.5452964860654e+04  -2.6972584294574e+04  -2.6063291066890e+05  -4.3287253631865e+04   1.4450073097841e+05   1.0839682011335e+05  -1.6715933432668e+05   4.5226428254549e+04  -2.2395942915398e+04  -1.1565571093969e+04   9.2498226775461e+04  -1.9476579383373e+05  -7.0060969815153e+04  -8.6648395463042e+04  -7.5611177512373e+03   8.4900622488385e+03   7.9305377986769e+03   3.3663850534737e+04   2.6672549731651e+05  -7.6668571210152e+03  -1.2389927478052e+04   3.3063007696653e+04   9.7556311399068e+04   1.5089354839222e+05  -2.6171082245417e+05  -2.8300179864671e+05  -3.0877367071413e+05  -7.3194170032214e+04   7.2688316597846e+04  -3.2375493707307e+04   1.5710168735864e+04  -1.3059449471719e+05  -1.3883603637430e+05  -1.1818904120690e+05   2.5701195973468e+05   1.5951244876216e+05   4.8297949533147e+04  -5.9772769123230e+04   3.4085925262338e+04   6.2478675774981e+04  -8.7109437012776e+02   1.0833103351140e+04  -1.0504414504930e+05   6.5770208508616e+04  -5.9876794433834e+04   7.5433468475809e+04   9.7037005750824e+03  -2.2476895733706e+04   8.8504017835453e+04   5.9081305005213e+04   1.7886042917251e+05  -7.3154560993792e+04  -2.3360827095935e+05  -2.0643689204069e+04   1.2324301131143e+05   2.6016025859020e+05  -3.0734613453090e+04  -2.1249816882181e+05  -2.5591134489092e+04   6.6352463935402e+04   1.1929829046813e+05  -7.9081269679974e+04  -1.8382585060059e+04   5.4136080255168e+04  -1.4125645210005e+04   8.3723865584731e+03   1.4794021867759e+03   6.1041404721271e+03  -1.1659553300132e+04 
 -1.6689280565284e+05   1.0363585679068e+05   6.8916142973617e+04   1.6476959405982e+04   1.5029760272494e+04  -5.6869962932375e+04   3.8008286346870e+04   5.5465857473536e+04  -5.4121664033224e+04   1.6440975927977e+05   1.5748110651252e+05  -1.6095121594661e+05  -5.7086373691672e+03  -1.5610322729222e+05  -1.5442891947828e+05  -1.0423702171254e+05  -7.3267043506248e+05  -1.2304136341268e+04   2.1917028278014e+04   3.3972360932603e+04   1.1871933694535e+06   2.3147414542905e+05  -1.8582216280075e+04  -6.5684818404105e+04   1.3277574827147e+04   6.3515164109132e+04   1.0304900281972e+05   5.9615136153767e+04   6.4590538226095e+04  -2.5260463418995e+04   2.0456379999408e+05  -7.4227818241851e+04  -1.0276794780269e+05  -1.2701762743646e+05  -3.7981123472977e+04  -6.6783137320772e+05   1.3200299722759e+05  -9.3596707446062e+03  -1.2855314447537e+05   6.0962701467060e+04  -5.0084521994711e+04  -7.2540185479332e+04  -9.8874842300289e+04  -1.1735167303042e+05  -1.2327499788537e+05  -7.0628906163399e+04  -2.6571064061026e+05  -2.6652969187710e+05  -8.5424867963513e+04   3.3556424322760e+05   9.6431990091099e+04  -2.4320124438106e+04  -1.0583022822500e+05   1.4601454744236e+05  -7.3484676278850e+04  -1.1240186566470e+05  -1.0637163241251e+05   2.0510602310908e+05   3.2604245576137e+05  -3.2306226384341e+05   8.3091990712722e+02  -1.4232547260414e+04  -2.0059511476406e+04   1.3247344114877e+04  -4.4410238553426e+04   6.3517027373015e+04   8.9422503679465e+03   4.4549137537492e+04   2.8792240170858e+05  -1.1153950819960e+04  -3.0645862584545e+05   1.4992302685781e+05  -1.6039064812757e+05  -1.6828772645276e+05  -3.2068182458883e+05  -1.0692348380320e+05  -1.1239967831808e+05   2.4106424252891e+04   1.7337738957627e+05   2.2238663626999e+04  -2.3459696722027e+05   8.6624583338401e+04   1.3591790499696e+05   7.3140200885171e+04  -2.2709333352203e+04   1.5153514491655e+05  -4.2977906153473e+05  -3.9270012488611e+05  -6.9630674881874e+04   2.1688444893143e+05  -2.2502627158170e+05   7.1793400756343e+02  -5.0788106650855e+04   2.3347298620877e+05   7.5295767032932e+04   2.0180431271103e+05  -2.2859816721003e+05  -1.8116817247827e+05  -6.3250209670168e+05   3.8365625796348e+05   2.4241674975401e+05   3.4902036655237e+04   2.8001403674268e+05  -1.7124354713099e+05  -2.4235072044145e+05   3.5459626105702e+04   2.4310714153820e+05  -9.5642487639189e+04  -5.1361792377008e+04   2.8335585761862e+04   1.4621876151145e+05  -2.9064927789772e+04  -9.2380519761877e+02   1.4493854618145e+04  -2.6561875680625e+04   1.5722347734672e+04 
  1.2868714115980e+06  -8.7313757133874e+05  -3.9543565096558e+05   2.7782749163880e+05  -1.5759122992277e+04  -6.6811674328962e+04  -4.3575032869164e+05   4.7820194827176e+05  -1.3281186795932e+06  -1.0720729241104e+04   1.7134647443081e+06   3.8312013805669e+05  -1.6812308756220e+06  -6.4840915367931e+05  -1.8687145008844e+05  -1.4507600088626e+05  -1.5328940238608e+05  -5.9620010236236e+03   9.2914521135237e+04   1.7292693985402e+04   2.3147414542905e+05   3.6862746429648e+06  -5.9217675402671e+04   7.3219423683330e+04   2.5075289275384e+05  -2.4839716331964e+05   6.0804436047306e+05   6.0191966821889e+04  -8.6028672544251e+04  -3.9452836143237e+05  -1.0058773189825e+06   3.2343707376891e+04  -5.9757415912276e+04   5.7756701750161e+05  -1.4169540244390e+06  -2.2272692908026e+05   6.9741284156696e+05   6.0822158448630e+04  -3.1213027973465e+05  -2.4542995234235e+05  -6.8168664457760e+04  -3.2220066519949e+04  -2.7403999754897e+05  -2.0005560443090e+05  -8.5942930239023e+04  -2.6378199471327e+04  -5.0657875034832e+05  -1.6226498219798e+05   4.5861325356132e+05   1.0548643203357e+06   4.4604994752129e+05  -1.7392457956101e+06   4.0814746770161e+05  -2.4921553497166e+05  -1.7209554587738e+05   1.4501160205329e+05   4.3611617487006e+05   4.8026904124161e+05  -3.7408542537543e+05   5.2284537368793e+05   2.2437026082137e+04   1.7132910831247e+04   2.9942580128713e+04   4.4739709210561e+04  -2.5587938286263e+05  -7.4958743929178e+05  -8.7742526543647e+04  -5.2899254463464e+04  -2.7724201145043e+05   1.0777452340677e+05  -1.6203792094320e+05  -2.2998865000945e+05  -9.7130813047720e+04  -1.6805695223077e+05   9.3065856084682e+05  -3.0398169043866e+05   3.1660786253366e+05  -9.0515977067775e+05  -6.6949211092547e+05  -9.4214254356237e+04   4.1588164080825e+05  -2.3645715896810e+05  -3.2841269354096e+04  -2.8361128415785e+04  -2.5013431582277e+05  -2.3763220775835e+05   1.3041525007446e+06  -9.1362163755775e+05  -5.0495456557631e+05   4.2184025077279e+05   5.8546771029817e+05  -1.5529087164377e+05  -7.2739858893786e+04   1.1987429994192e+05  -1.1488698784822e+04   1.4799546443575e+05   3.7535515633207e+05   1.1813376637386e+05  -1.9686343054917e+05   1.2468174408965e+06   1.3986933934497e+05  -3.7913375086338e+05  -4.3756300678820e+05   1.3417361767878e+05  -8.8385835074534e+05   6.1331379485906e+03   1.9402926479336e+05   3.6267143279659e+05  -7.7986662944978e+04  -4.5626833890050e+04  -3.0909181333700e+04   1.0223718986980e+04  -1.3877396068924e+04  -1.2861970546153e+04   1.4870449491757e+05  -7.6882001469191e+04 
  4.4213091518786e+04  -3.8978138745380e+04   4.0681470156835e+04  -5.6441188116861e+03  -5.2521435427144e+03  -1.7948281334664e+04   6.4018642134871e+02  -3.4877440137339e+04  -4.0430809094883e+04  -4.5619402564850e+04   3.2388880004479e+04   5.3694774949625e+04  -1.2471330739249e+05   1.5027386971215e+05  -3.7194984450202e+03  -6.4414723288998e+03  -5.6356418499752e+04  -6.3744378500339e+04   4.5014815958328e+03  -3.9956708275120e+04  -1.8582216280076e+04  -5.9217675402671e+04   2.9978918215079e+05  -2.4078608966754e+04   5.9397798353844e+04   1.0360251316380e+05   5.9502455865851e+04   4.9596621866702e+04  -1.4013307551741e+04  -7.6132939827310e+04  -2.7680654203742e+04  -1.8308523095024e+04  -6.6001168922391e+04   6.3922746228542e+04  -3.5868892347047e+04  -2.0249433222193e+05   1.7193458525047e+04  -4.6038972216374e+04  -6.0048326170494e+03   4.8902360340461e+04  -1.1347532596226e+04  -9.1554312038168e+03   4.6529609994265e+02  -1.2924299923124e+03  -4.6472054378698e+03  -5.8093531793410e+03  -1.7283119981201e+04  -5.6502054274911e+04  -2.0589761117241e+04   7.9884088661167e+04  -6.1758960859168e+03   1.8100324636330e+05  -3.0480408855071e+04  -8.9410902280709e+04   1.9246180910141e+05   6.6305793996346e+04  -1.0494526685601e+05  -1.5370673443712e+05  -3.0620586112791e+04  -9.5424560487059e+03  -2.3147359304220e+04  -2.8671179443511e+03   9.5638033350808e+03   2.4542973251654e+04   1.9281466423998e+03  -1.3150548056269e+04   7.1006091585558e+03   1.0525138500276e+04  -1.0918515004412e+03   1.7602707539325e+04  -1.5690448938590e+05   5.3997714765169e+04  -1.2578524616110e+05   1.3432714185248e+05   1.4814394613133e+05   6.0075345500574e+04  -1.8832554073594e+04   1.2573688820901e+05   3.8553827174897e+03   5.2288933923428e+04   9.8268250281814e+04  -6.2942046698497e+04  -1.4348775039603e+04   4.8255900694766e+04   9.1787973938508e+04   8.7960100368477e+04  -2.0404786934179e+04  -2.3147068804244e+05   1.5691070483468e+05   3.5711134712732e+04  -4.5988283804877e+04   3.5174081902312e+04  -1.8637063929897e+05  -6.1497961298614e+04  -1.0749382670741e+03  -6.3435299562252e+04  -3.9487351904669e+04  -6.3142045514213e+04   2.1965070465671e+05  -1.4237410123989e+05  -3.4899454996351e+04  -7.9342384311037e+04   4.9446832352041e+04  -2.5372471168262e+05   1.8848154900881e+05   3.7438682739738e+04  -4.8753691966484e+04  -1.8046744628860e+04   2.4374670638482e+04  -6.8078093456250e+04  -3.3814338559774e+04  -2.0031484659415e+04   2.9177872205053e+03   6.1080152797078e+02   3.9586629280764e+04  -1.1232858629550e+04 
  3.5523412389036e+04  -3.5192050710628e+05   7.9551440292339e+05  -5.6797805598268e+05   1.5221875302754e+05  -3.5374990721098e+04  -4.2270672969050e+04   5.5155462520327e+04   1.0961613691661e+05  -5.3248423592585e+05  -5.9349123584817e+05   4.1252422533418e+05   1.0695432333937e+05   2.2465187018196e+05  -5.6263546655134e+04  -6.7033916626035e+04   1.6858728613129e+05  -3.4331066994902e+03  -5.1830164821025e+04  -6.8597254035292e+04  -6.5684818404105e+04   7.3219423683331e+04  -2.4078608966755e+04   3.1269653236282e+06  -6.8967404806078e+05  -1.5821169132654e+06   6.5562046745838e+05  -4.9385028332310e+04   1.6945941724098e+05  -3.0560115893453e+05  -1.1676736456007e+05  -3.8951677434620e+05  -2.0329928514868e+04   1.1080917472765e+05  -7.8852726387098e+05   6.3389466681447e+04  -1.7580624289246e+05  -9.3752655115150e+04  -2.0639848534763e+05  -3.2129632002918e+05   7.2436707932542e+04   1.0682434305354e+05  -2.9191814193948e+05  -2.8084071231141e+05  -2.6456020684135e+05  -3.1677395010215e+05   6.2890435727810e+05  -1.0224141933247e+05   1.9023950238415e+05  -6.2682220356622e+04   3.4577808773170e+05  -6.8300056640708e+04   3.9414829411832e+04  -1.3660427134233e+05   4.7943712775619e+05  -3.3082232589098e+05  -2.1266475114425e+05  -2.6239433176502e+05  -1.0494347661166e+06   1.2580312754874e+05   9.1449813967982e+04   3.5481588943263e+04  -1.0454627314993e+01   1.0094043874389e+04  -2.5087331619557e+05  -2.7424729252480e+05  -5.8985323280528e+03   1.2111861890874e+05   1.4681135154835e+05  -1.2577103220605e+05   2.2286648207229e+05  -6.0401525472422e+03   3.3144714330946e+04   4.6647882559511e+05   2.7317462263800e+05   8.5461127470101e+05   1.6525423402668e+05  -1.5982174085210e+05  -5.3859616467187e+05  -1.8751254575949e+05   6.4489847922278e+05   1.9948636915010e+05  -7.7076231190056e+04  -8.5065315680955e+04   2.1804009601442e+05  -6.8597592983983e+05  -2.4661033520782e+05  -2.4449370134150e+05  -1.2027975452549e+05  -1.9499087042400e+05  -3.2430464854604e+05   1.2558306111297e+05   2.0614518728344e+05   1.2427759767133e+04   1.6469451416270e+05  -1.6511702119227e+05  -1.7638862886678e+05  -6.8206525921897e+05   3.7249983921662e+05  -3.9717581076059e+05  -5.3122668886962e+04   1.8560268332375e+05   4.4673198614668e+05   7.8684495447921e+05  -6.7084831772104e+05  -5.1904460332955e+04   3.8906527935039e+04   3.9022839906082e+04   2.7229709587045e+04   9.6622305668344e+04   1.3393843654649e+05  -1.5463061546749e+04   8.8324707608269e+02  -1.1539074702396e+04   1.1866426871942e+05  -5.9319665996259e+04 
  2.1164920242666e+05  -1.0168672980379e+05  -9.0273014282660e+04   1.6836970921243e+05  -9.0030373050163e+02  -7.0007439722807e+04  -3.4125882204733e+05   2.1729276240387e+05  -4.0834519636219e+05   4.4987301479358e+04   4.3120758892503e+05  -3.1244026997811e+05  -4.1910687567460e+04   1.5609094534451e+05  -1.1792938264044e+05   7.6029067634945e+04   4.8354044240601e+04   5.7459203843125e+03   6.4131396728914e+04  -1.4183469617220e+05   1.3277574827146e+04   2.5075289275384e+05   5.9397798353845e+04  -6.8967404806078e+05   2.2535198054396e+06  -5.8593606026543e+04   4.6105124690693e+05  -1.8735091253851e+05  -1.8705317923588e+05  -2.1242495261932e+06  -2.7931371088905e+05   9.8837437301466e+05   3.1825953785836e+05  -3.6238674756444e+05  -2.1389108625031e+05   2.9751590996364e+04  -2.3523122662136e+05  -6.8696229686721e+04   2.4248756227548e+05  -4.4226072884479e+05   2.6443705475621e+05   1.9474110357363e+05   7.8568721058854e+04   3.9192657988592e+04  -1.3008489616973e+04   1.2398945534794e+03  -1.4410855038025e+05   1.7408149975100e+05   5.2024311369952e+05   3.2024399212205e+05  -3.1023104208245e+04   3.6730734777514e+05  -3.4289855944902e+05  -1.2454673438380e+04   2.6316047645189e+05  -1.2457607712789e+05  -3.3416804077015e+05  -4.2370930017302e+05   5.1978792460109e+05  -1.0234358625653e+06   5.4936647600016e+04   1.7506680887468e+04  -1.5164455697622e+04   6.4891924417604e+04  -1.0885910607610e+05   1.0195122915882e+05  -3.0694837384856e+04   3.2391691158762e+04   1.0107838982828e+05   2.0657291448284e+05   1.4675690432392e+05   5.1177514547950e+05  -1.9157451859247e+04  -4.9111008800207e+05  -1.7338476297379e+05  -3.3477210701335e+04  -6.5617564129783e+04   2.7957064289318e+05   2.4557858782784e+05   7.8161432272105e+04  -3.3254360340777e+05  -1.3164402852470e+05  -4.1917475507173e+04  -3.5350576242783e+04  -1.9204984076585e+04   2.9178059423267e+05   2.6661666349039e+05  -1.7222647305701e+05  -3.2781272875201e+05   3.1038988525754e+05   1.4898964264008e+05   2.1653777816422e+05  -2.0468289476361e+05   1.6237420294845e+05   2.2786472517288e+05   1.6720429344474e+05   2.7174078974595e+04  -1.7771078544432e+05  -4.1479338498254e+05  -1.4146303875375e+04   3.3838030063567e+04   5.5698144827269e+04   4.3369062965220e+05  -3.6841308160099e+05  -5.1001590086116e+05  -7.0383605084028e+04   1.4396265020027e+05  -1.1671102346964e+05  -8.4895338098013e+04   2.8082205501483e+04  -2.0980678625369e+04   4.6048372047962e+04   2.3565044459295e+02   2.4571323898082e+04  -9.8084009103042e+04   6.2661424415457e+04 
  6.0371175478615e+05  -7.3610492936639e+05  -2.2193474442795e+05   3.6976477546264e+05  -1.5612314460220e+05   5.9477021442773e+04   1.9987143889179e+05  -2.3475931961714e+05   1.6643942751598e+05   2.3176222290771e+05  -8.1343492082365e+04   7.0110201930668e+04   4.0605519559208e+05  -3.7602350903563e+05   1.2684974869817e+05  -7.1922950028287e+04  -1.6734295446013e+05  -1.7697720146800e+04   7.4628183202153e+03   1.3263928978197e+05   6.3515164109133e+04  -2.4839716331964e+05   1.0360251316380e+05  -1.5821169132654e+06  -5.8593606026546e+04   3.9349746522264e+06  -2.1312476232713e+05   9.7596766979378e+04  -2.2247796078569e+04   9.5749012340098e+03   3.4390007003721e+05  -1.9579631164952e+06  -1.9197477788521e+05  -2.2217723739265e+05   7.4955747924777e+05  -2.1315392084953e+05   5.3030910910709e+04   1.4534606351289e+04  -2.5073916845229e+05  -4.1291985438909e+05  -3.7183744499351e+05  -3.1445381996718e+05  -2.4515987365883e+05  -2.3058771995227e+05  -1.5660823609266e+05   1.4914891458920e+04   2.0240703046087e+05   2.9962067850007e+05   2.4189685978136e+05  -5.8465831802561e+05  -7.4818292110972e+04   3.2916071105253e+05   2.9673143797212e+05   7.6994916361793e+04   2.4852958032999e+05  -1.0390935174812e+05   4.3728183536395e+05  -3.2620926397791e+04   6.8063450882351e+04  -4.4285151841900e+05  -3.5875245959344e+05  -1.0652095984327e+05   1.8384624266634e+04   3.2434431054954e+04   2.2720615767414e+05  -5.6120102697098e+04   1.2526433291323e+05   3.5866475091724e+04   1.0411758392442e+05   4.0521589659216e+05   7.3582584880569e+03  -1.8244777159439e+04  -4.5155913901274e+04   2.1757928748392e+05  -6.7608238300762e+05  -2.1828375453349e+05   2.1807624358430e+05  -1.8412922820345e+05   3.8437086156642e+05  -1.0230957937680e+05  -2.2549893879829e+05  -1.7783071804251e+05  -1.2902197486518e+05  -1.2366271807769e+05  -4.0764610968203e+05   6.3733325334122e+05  -1.8783074609459e+05   2.7082967919484e+05  -4.7136095159844e+05   3.2409739834993e+05   9.2060180206957e+04   6.0269676182704e+04   1.8646529864196e+05  -2.4159909982122e+05  -2.6833033224630e+05   3.1674400986176e+04   2.7701676373544e+05   7.4074451754962e+05  -3.8085270249414e+05  -9.6965065194961e+04   4.4370740721459e+03  -3.3475009723480e+05   2.1869407506564e+05  -3.9113737876491e+05   5.9290706482619e+05  -1.2962898011556e+05  -3.1528208070447e+05  -5.6036194168283e+05  -5.5713356691642e+03   1.5708969473273e+05  -1.3324492228024e+05  -1.9640867507572e+03   4.9154464077436e+04  -1.4589680539318e+04  -1.6096317647294e+05   6.1821849158424e+04 
  5.5110450362753e+05  -9.1601284129485e+05   6.3009645170678e+05  -3.0266334884509e+04   2.4003983873031e+04  -1.2862605916059e+05  -1.4234646716493e+05   2.5623966226214e+05  -2.2549090388064e+05  -4.2781322348944e+05  -2.2173364294162e+04   2.0766968688986e+05   5.0041483839449e+04  -4.3115974962699e+05   4.2740981163774e+04  -1.6837400191401e+05  -3.5243921630194e+03  -4.4176299780767e+04   8.4455338934777e+04  -2.2118095892065e+05   1.0304900281972e+05   6.0804436047305e+05   5.9502455865850e+04   6.5562046745838e+05   4.6105124690693e+05  -2.1312476232713e+05   3.8136291985681e+06   3.1396443595017e+04  -8.8868545179412e+04  -2.4335429921520e+05   1.1848020719725e+05  -1.3625500608612e+06   2.8551047333804e+05  -8.1179838896204e+05  -1.5055783474246e+06  -1.4361098271011e+05   3.6022690893287e+05   1.2597582325238e+04  -1.1383866607755e+05  -7.1904883613462e+05  -6.8415760300477e+04   3.9828436718737e+04   3.5388939053548e+05   3.3526605229131e+05   3.5933959169346e+05   3.2820808782520e+05   1.4708112479357e+05  -1.1058259470860e+05  -9.7966158092706e+04   6.6748586935121e+05   4.8556144767656e+05  -7.0375172603374e+05  -8.4656963534994e+04   8.2133066146865e+04   4.5668788398294e+05   1.5641915510269e+05  -2.8591797018909e+05   1.3877178491525e+04  -7.0425482216138e+05   3.2055911355091e+05   7.6320666160608e+04  -7.8975795169545e+04  -9.2653475376000e+03   1.2153248561364e+04  -3.3574918173657e+05  -2.2068848824734e+05   7.2646714047134e+04   5.3071761697162e+04  -2.6446550336410e+05  -1.2453659257070e+04  -3.2659021751339e+05   7.2951830225055e+05  -1.2041265228804e+05  -4.9580818991094e+04   4.8345873297213e+05   1.4780978722583e+05  -3.8308439542011e+04   2.4755004532354e+05  -6.4223720688810e+04   3.0282638141460e+04   9.6613812138736e+04  -7.0012519162743e+04  -1.8963513273330e+05  -1.6518339632155e+05  -1.6516691764185e+03  -1.4872498013429e+05  -8.1822299194776e+04  -1.9992998918434e+05  -3.2618907321393e+05   5.1277670484811e+05   2.1131874230527e+04  -1.5904684810117e+04   4.7444564702953e+05  -7.8919243223082e+04   1.3148028320289e+05  -3.2190775075054e+05  -4.8519046618442e+04  -5.2615546411302e+05  -1.1233113859917e+05   4.2295523087512e+05  -1.3150192789501e+05  -7.0466801376506e+05  -2.5631526009741e+05   2.3553214806267e+05  -3.3594370741703e+05  -1.3137036480372e+05   2.1036563735799e+05  -1.5023532668099e+05   4.9769109654905e+04   3.5274889515345e+03   5.2661392264187e+03  -1.0919375644794e+05   1.0779507583776e+05  -1.1701229391702e+04   8.7693084497894e+04  -5.9021241044213e+04 
  1.6246459711257e+05  -1.1478209592036e+05   5.9915124007879e+04  -1.7320843895750e+05  -1.5204312290042e+04   4.8995645678850e+04   2.0433601115228e+05  -1.9456615399550e+05   9.3962289839531e+04   1.1687906579218e+05   4.9297648493300e+04  -4.0959405487515e+04   1.1554192852452e+05  -3.0325652383080e+05  -1.2886224276161e+04  -1.2654523973921e+05   5.0433082048135e+04  -2.1945481044514e+04   3.3000667277937e+04   2.0150810088272e+04   5.9615136153767e+04   6.0191966821888e+04   4.9596621866703e+04  -4.9385028332311e+04  -1.8735091253851e+05   9.7596766979378e+04   3.1396443595016e+04   6.9902929555556e+05   6.3979444429897e+04   1.6841367204777e+05   9.3349422814506e+04  -2.1676327284223e+05  -7.7824984770252e+05   2.1527613773615e+04   8.6160009693052e+04  -1.1856881242591e+05   8.9112899248968e+04   7.9985995377943e+04  -9.5329558873828e+04  -7.2607852248195e+04  -9.3034550390570e+04  -7.1068731693595e+04  -1.0886822864230e+05  -9.5082425910568e+04  -8.1015917382328e+04  -4.2724301761892e+04  -2.4750846504713e+05  -1.0941358147145e+05  -1.3587523196132e+05   7.8800551922608e+04   2.3147710934162e+05  -3.5327799109273e+05   1.0183201364580e+04   2.9313075490679e+04  -1.1570337641846e+04   3.8447375867813e+04   2.0831924400053e+05   1.5380787468798e+05  -1.5727714494718e+05   7.3387596407449e+04  -2.6399944362153e+04  -3.4767320638900e+04  -1.3504602561175e+05  -6.5684776282825e+03  -1.1515054474965e+04  -6.8792264228906e+03   2.8306592761124e+04   6.1055075366722e+04   5.0642269205084e+04   1.7010154255302e+05  -7.9137486741528e+04  -1.4026397846442e+05  -1.4025218552534e+05   1.1323653832463e+05  -1.7080689361302e+04   1.1376446190687e+05  -1.2262359864930e+05  -1.6109742958823e+05   1.5165899832129e+05   5.9415457296962e+03  -6.2982518195157e+04  -2.0770539624843e+05  -4.4136365543160e+04  -3.4212138140784e+03  -2.3981624833707e+04   3.6814150865376e+04  -4.1183104593618e+05  -2.7209855808622e+05   5.4299086490002e+04   1.9215922849544e+05  -2.1634938963556e+05   6.3132192836405e+03   1.3412628054980e+05   1.1557404586667e+05   1.3033578176714e+05   1.0884888665567e+05   2.3761653669822e+04   9.2852924421833e+04  -3.6561826455565e+05   3.4377274666257e+05   4.2297829931595e+04   8.1377849786317e+04  -2.3249289965683e+05   3.7615699910715e+04  -7.1956419598275e+04   4.2353437810393e+04  -1.1538378425318e+05   1.0755397979377e+05   2.4649548436214e+04   3.2536908029944e+04  -6.1893511754868e+04  -4.9183647691978e+03  -3.2422992290304e+04   7.3083077582505e+03   6.8069665854931e+04  -5.3099212586405e+04 
 -1.0228814153740e+05   3.5001390747233e+04   1.4535971088506e+05  -1.5565939398656e+05  -2.8342436160659e+04   5.6649279930108e+04   1.4088785435700e+05  -1.3553545325736e+05   2.0483744287288e+05  -1.0697892095475e+04  -2.0058740669962e+05  -8.1268568921038e+04   2.0438829491913e+05  -1.2321118060115e+05  -9.4877705224617e+03  -6.6368198416428e+04   8.0379111385157e+03  -1.4134414525811e+03  -1.3260809204792e+05   6.1358570929448e+04   6.4590538226096e+04  -8.6028672544252e+04  -1.4013307551741e+04   1.6945941724098e+05  -1.8705317923588e+05  -2.2247796078568e+04  -8.8868545179412e+04   6.3979444429897e+04   4.4578344296649e+05   1.7826283917210e+05   1.1261731559607e+05  -1.3586218336241e+05  -3.8432909355032e+05   7.2823200239569e+03   9.2174861423710e+03  -1.0937757649727e+05  -8.7123117199791e+04   3.1121449879950e+04   7.7922334736152e+04   1.4913257920396e+03   1.5697215440881e+04   4.8946968327706e+03  -2.7976352037111e+04  -5.4414865342445e+04  -5.5574657729169e+04  -4.9474467525015e+04  -9.5271582445702e+04  -2.9885865795057e+04  -7.0747439977960e+04  -1.5157334318814e+05   6.4677046128491e+04   1.5706235424395e+05  -4.4312801321890e+04   1.6409583512614e+05  -1.9831993258579e+04  -4.0517949327563e+04   6.9632057139685e+04   2.1091648811146e+04  -8.6772826670724e+04  -1.0327387559616e+04   1.8478177890103e+03  -1.1062767726438e+04   1.9388679903826e+04  -5.8768457871171e+04  -2.3585628008201e+03   6.1888974860361e+04   6.1356631471877e+03  -8.5569161976960e+03   7.3113949707238e+04  -3.5050343482618e+04   8.3804655401504e+04   1.1267605460795e+05  -6.6607967184910e+04   7.7489920601978e+04  -2.4605338521463e+04   4.5823306639873e+04  -5.6217169000207e+03  -9.0096364880872e+04  -8.0282749204337e+04  -1.2419558461903e+05  -1.0862089023831e+05   3.9318310087492e+05   1.4337138400148e+05  -3.2881904237721e+04  -1.6418770839488e+05  -9.4575617000363e+04  -1.4675559055805e+05   8.5174485452393e+04  -1.2858090953326e+05  -5.8985330072155e+04  -4.1516188746501e+04  -1.3971391376498e+05   1.6727444673611e+05  -3.4978303932048e+04  -1.5361883881462e+05  -4.7263440264906e+04   2.2949573844327e+04  -4.5047481583334e+04  -2.0121909369713e+05   2.4458717085458e+05   8.5641055628229e+04   9.5944987175988e+04  -1.5483231927223e+05   1.8506034107517e+05  -1.7697175987892e+05   1.1440988441570e+04  -3.6510846441686e+04   1.5975662526231e+05  -6.5053578690777e+04   4.6686514037702e+04   1.6534527489714e+04  -1.4144041271029e+04   4.1449166156956e+03  -4.6572281675315e+02   8.3503367387910e+03  -1.1262038077789e+04 
 -2.5162725648097e+05   4.9993785352311e+05  -2.3797710812239e+05  -1.7619146209096e+05   1.3037064319758e+05   2.9693517571583e+04  -2.1109305188629e+05  -2.2979484450419e+05   8.4066861947400e+05   4.9680308274953e+05  -4.8207863892612e+05  -2.7436349419173e+04  -2.9066850785021e+05  -4.0219199628435e+04   2.3834988953806e+05  -1.0800617946334e+05   9.0870161127645e+03  -5.6576574845246e+03  -7.5890816011779e+04  -3.5429389329513e+05  -2.5260463418993e+04  -3.9452836143237e+05  -7.6132939827311e+04  -3.0560115893453e+05  -2.1242495261932e+06   9.5749012340098e+03  -2.4335429921520e+05   1.6841367204777e+05   1.7826283917210e+05   7.3956452443689e+06   5.9371570062336e+05  -4.5535272555058e+06   1.6863320523648e+05  -4.2823450092341e+05  -2.7850169056962e+05   5.0776188074772e+05  -5.4169011566305e+05   1.2580626002765e+05  -6.5312213327289e+05   6.0379434395573e+05  -7.2250543380643e+05  -6.0192542788873e+05   2.3736748061873e+04   1.9234399828980e+05   4.4773232067150e+05   5.1755040141635e+05   3.1149915880982e+04   1.3997105512454e+05  -9.4885447010459e+05  -7.0514509699429e+05   7.3256617666659e+04  -4.5306312852474e+05   4.4775017291906e+05   5.1276737861207e+05  -4.9947108459270e+05   5.1011860667486e+05   6.0458567398149e+05   7.1087433989070e+04  -3.0785890380683e+05   1.3019786490707e+06   1.0273357274900e+05  -6.7408780968214e+04   5.8872114658839e+04  -1.0122134470855e+05   2.9932714723176e+04  -4.0327326698648e+05   1.4089153802750e+05  -1.2389330451083e+05  -3.6655492781641e+05   3.4864392380371e+04  -2.5262567914862e+05  -1.3718131380888e+05   8.2455362746232e+05   1.3765065692431e+06  -2.6609737376655e+05  -5.1254848229496e+05  -1.0981957537749e+05  -1.9402003532976e+05   3.5215054792567e+05   5.4464066771945e+04   2.9571551580929e+05  -6.2457424591263e+05  -1.4536184787333e+05   6.8396626368476e+04  -6.4480766728724e+04  -5.4027337604748e+05   3.0875715192748e+04   3.6271653687172e+05   4.2599889879596e+05  -3.4461631112387e+05   3.7088622468327e+05  -3.7503699581660e+05  -2.4109645603858e+04   1.1266413123189e+05  -2.8865081139564e+05   1.6987155290247e+05   3.7140743428750e+05   8.2006397615785e+05   1.1135460565139e+05  -5.8185365197092e+05   3.6030340271276e+05  -4.4185354567138e+05  -8.6779601351571e+05   5.3893947129233e+04   1.0123123284088e+06  -2.5445394539265e+04  -4.7928771409359e+05  -7.2398894952814e+04   6.4134348052758e+04  -7.9188895441338e+04  -6.5398224821856e+04   7.0722988978628e+04   2.6975503596301e+04  -3.6544974290100e+04  -3.6503082724598e+04   3.1504260389622e+04 
 -7.5748598032582e+05   5.4704585758214e+05  -7.4217566458842e+03   3.7247867360254e+04  -2.0399899732607e+05   7.1079754200117e+04   9.1030682890571e+04  -1.2383673636843e+05   1.6242406106939e+06  -4.6603837909977e+05  -2.1355833996463e+06   3.9679793491793e+05   2.1722394666466e+06  -1.7941261501038e+06  -2.3664394413313e+05  -1.4728620691829e+05  -9.0679938724299e+04   1.5801900955791e+03  -2.8887408145873e+04  -2.8709194373846e+05   2.0456379999408e+05  -1.0058773189825e+06  -2.7680654203742e+04  -1.1676736456007e+05  -2.7931371088905e+05   3.4390007003721e+05   1.1848020719725e+05   9.3349422814505e+04   1.1261731559607e+05   5.9371570062336e+05   4.9863500398381e+06  -5.5587194475028e+05   2.1894510309225e+05  -4.6906630383507e+05   3.6178664620329e+05   7.2641552946453e+04   4.5208480586932e+03   8.4108191791730e+03   7.0005325515167e+04   2.5204657953089e+05  -4.9295305801334e+05  -3.5127935189360e+05  -4.9220160954541e+04  -1.2803325589334e+05  -1.6174656751594e+05  -1.4859378720907e+05   1.9551507024993e+05  -7.8044001379933e+05  -9.8361884079778e+04   1.3879835092910e+06   2.8689934233984e+05   7.5682457004698e+05  -7.8382641002805e+05   1.0752650865417e+04  -3.9677582419257e+05   1.3142120763806e+05   2.0100892273170e+05  -4.7669798449184e+05   2.4318689319300e+05   3.6592988793378e+05   3.7834899437168e+04  -9.0406124340929e+04   8.5697878414300e+03   6.9419261685253e+04  -1.0017233283989e+05  -9.4552751020666e+05   8.3733328682357e+04   1.8114494709824e+04   2.5717745164233e+04  -1.9514057221278e+05  -2.8352165147151e+05   8.2474806490306e+04  -5.4137515403155e+04   1.6881804554735e+05  -7.6658160835413e+03  -1.8599668357826e+04   2.7402498509213e+05  -5.3632266361172e+05   1.9568025395586e+05  -9.1284569294703e+04  -3.9029315178827e+05  -1.3294158143777e+05  -3.7863973790838e+05  -3.6913233829901e+04   4.9353582520170e+05   5.1276176881248e+05  -1.5828067819636e+06   6.8495975827902e+05   4.2134818921335e+05   1.6034374564341e+05  -5.8455196528074e+05   3.3402036749609e+05   8.1659479425963e+05   2.1743980090931e+05   1.3295996610275e+05  -1.3248307274727e+05  -7.1200598933948e+05  -7.6377319183318e+05   3.3633248874363e+05  -3.3512548844223e+05  -2.7827527583559e+05   6.9133156277417e+04   8.9013601152316e+04  -9.5261429845221e+04   5.4634188315983e+05   1.9085667252311e+05  -2.5318730811666e+05   9.5849056370787e+04   1.9375920707063e+05   8.2954042341179e+04  -3.7394013598426e+04  -1.1528943032595e+05   3.6730417321558e+04   3.4030180003926e+03  -9.0612010292364e+04   1.1007930994503e+05 
 -2.6476349406472e+05   3.8304846663357e+05  -1.7145709978869e+05   8.4770586630574e+04  -4.6601537660477e+04   1.9990932839153e+04   3.3435916694593e+05   2.3600720677568e+05  -6.4886113480653e+05  -1.7077104548748e+05   6.1280117976797e+05  -3.3789069736830e+05   1.5987197861738e+05   3.8851319283916e+05  -2.5658903528737e+05   2.5620505580367e+05   4.7511645736184e+04   3.8214946448311e+04   4.4860485483910e+04   3.6864618084929e+05  -7.4227818241853e+04   3.2343707376889e+04  -1.8308523095023e+04  -3.8951677434620e+05   9.8837437301466e+05  -1.9579631164952e+06  -1.3625500608612e+06  -2.1676327284223e+05  -1.3586218336240e+05  -4.5535272555058e+06  -5.5587194475028e+05   7.5536441797215e+06  -3.1513753367362e+05   3.6583251851045e+05   3.8040301017570e+05  -3.5702693955667e+05   8.3491251201547e+04  -4.0089901269508e+04   6.8838414181865e+05   3.9558857795967e+05   7.5016808741586e+05   5.6797204194112e+05   5.3132923534004e+04  -1.3048024817675e+05  -4.5213988727460e+05  -5.7515568280263e+05  -4.2328443930058e+05  -2.1490872697087e+05   2.5941536274852e+05   5.0039630226340e+05  -4.6191801944125e+05   1.6874287941454e+05  -6.0528202031118e+05  -3.9089280191798e+05  -2.7805570789782e+05  -4.3655545528092e+04  -4.6343829720836e+05   3.6706269737996e+05   8.4843537220507e+05  -4.8453066024253e+05   9.4265673170480e+04   1.2429498295120e+05  -9.5770675413280e+04   1.2231493795156e+05  -5.0923098888475e+04   5.7187797969732e+05  -2.5036756858951e+05  -2.3655298495689e+04   1.8525167688291e+05  -1.8978546945827e+05   8.5178085772739e+04  -1.6688691785235e+05  -9.7482462682737e+05  -1.4880931057919e+06   1.0278488115680e+05  -1.1431895932956e+05  -1.3533481302908e+05   2.8295488897325e+05  -1.3569255060132e+05   9.9410331809685e+04  -7.6661414250639e+05   2.6319655699141e+05   4.5501352247994e+05   3.9293165496680e+05   4.0537748850094e+05   9.1166660958944e+05  -7.6482329632373e+04  -3.8382151473399e+05   3.8969665191445e+05   3.7753112685232e+05  -1.4037070685054e+05  -9.7150190623164e+04  -9.3191264815912e+04  -2.6142781089506e+04   3.4838424469932e+05  -2.3088126361632e+05  -8.4358171515323e+05  -6.8512434169602e+05  -2.8503353343714e+04   6.1813438898765e+05  -2.3279795419776e+05   2.1117256525110e+05  -4.0748928102985e+04  -5.4092558002722e+05  -1.6732602969181e+05   1.2451920828703e+05   6.3004075631561e+05   6.3101703669832e+05  -1.5776464641933e+05  -9.5356022498545e+04   4.7868940957665e+04   1.0174506225331e+05  -1.6576798775005e+05   5.6259235734720e+04   1.4966662658680e+05  -5.6391335461190e+04 
 -2.2421275233700e+05   2.8701926254677e+05  -2.2683775860366e+05   3.5661023733237e+05  -3.9507880256521e+04  -8.4197557096785e+04  -5.2725972157392e+05   4.1308252541013e+05  -1.8911866589401e+05  -1.5658658452580e+05  -1.6431909993982e+05   1.5108186251597e+05  -2.6748159679660e+05   4.1481844387090e+05   3.0796604737919e+04   6.0629528818211e+04  -8.0945368544864e+04   2.9597461439024e+04   1.6933861417328e+04  -3.7793809338449e+05  -1.0276794780269e+05  -5.9757415912275e+04  -6.6001168922391e+04  -2.0329928514868e+04   3.1825953785837e+05  -1.9197477788521e+05   2.8551047333804e+05  -7.7824984770252e+05  -3.8432909355032e+05   1.6863320523647e+05   2.1894510309225e+05  -3.1513753367362e+05   2.2163682740512e+06  -1.3159530205315e+04  -1.9106183851874e+05   2.4095621716966e+05   7.8383069595196e+04  -8.2110485180899e+04  -1.8603563865538e+05   2.9671644394913e+05  -2.2206781777830e+04  -4.0290779480166e+03   7.6102028042654e+04   1.4097492600034e+05   1.8763781712750e+05   1.2456098802274e+05   4.8292251420237e+05   8.3563894977432e+04  -3.7223236343687e+04   1.4774793189038e+05  -1.1888624767787e+04  -7.8871222930401e+04  -4.0037259632488e+04  -3.7840908528196e+04  -1.2700231772049e+05   1.2959947758719e+05   2.9235321463183e+04  -1.5475332325320e+05   4.6728449040591e+05   8.6774454465340e+04   1.0964676672975e+05   2.6775142220041e+04   1.5331246355254e+05  -5.7052314841119e+03  -3.6804106490177e+04  -3.3836248721864e+05  -4.8606589232627e+04  -9.2784952661332e+04  -1.3749203626161e+05  -3.2263529933579e+05  -3.7316720405110e+04   1.9410223263407e+05   3.1008303925222e+05   1.1718298959520e+05   3.7914504993950e+05  -1.4968509088932e+05   1.6258237900505e+05   2.8220882604912e+05  -1.7309862259026e+04   2.0862230080714e+05   2.7653810526269e+05  -6.3291432879766e+04  -1.8998631893037e+05  -2.8318325608496e+04   2.0721637818450e+05  -9.9005626754210e+04   4.3426692171901e+05   4.0732308014373e+05   3.6425840243982e+05  -2.3352080587158e+05   1.8100123763214e+05  -2.7361166460837e+04  -2.8688270917252e+05   1.1166321934822e+04   1.5460109578374e+05  -4.0711095919850e+04  -1.4127403897607e+05  -3.1556510774269e+05   6.5038255641382e+05  -8.0504189153119e+05  -1.5042522841244e+04  -2.7167375228470e+05   2.2200078002825e+04   1.3677999337352e+05   3.4647505518977e+05  -6.7370239094698e+04   6.4602469177677e+04  -2.9708905498511e+05   1.6163548566256e+05  -1.6563735012346e+05   4.2019727785777e+04  -3.3220348128468e+04   4.2514388835037e+04  -1.3406596698742e+04  -1.6133197533001e+05   1.2470008376723e+05 
  6.8277315889112e+05  -1.0901138135850e+06   3.9857779042515e+05   1.8859750751190e+03  -1.8785903418357e+05  -4.6150036741184e+02  -1.9630223543810e+05   4.3136569221890e+04   4.3859548054159e+05  -1.1451589212905e+06  -5.5989537879167e+05   1.3073510664338e+06  -6.0278826679428e+03  -6.7798903130895e+05   1.9786919360613e+05  -5.4003530632520e+02   1.4418256816606e+03  -5.7862852794484e+02  -3.7462930494823e+04  -2.6180466298177e+04  -1.2701762743646e+05   5.7756701750161e+05   6.3922746228542e+04   1.1080917472765e+05  -3.6238674756444e+05  -2.2217723739265e+05  -8.1179838896204e+05   2.1527613773615e+04   7.2823200239577e+03  -4.2823450092341e+05  -4.6906630383507e+05   3.6583251851045e+05  -1.3159530205316e+04   4.2173579027343e+06  -6.1845451340360e+05   2.7692053670408e+05   4.8401744081490e+05  -3.4163478184144e+05  -4.4260199608299e+05   6.1189032543879e+05  -2.5487513373998e+05  -1.2137240057690e+05  -6.1300961069776e+05  -6.6200397240777e+05  -6.8805299978256e+05  -7.1432238511000e+05  -5.0872164383464e+04  -6.2055430517759e+05   1.4923199998696e+05   3.2717609807877e+05   2.7949971519852e+05  -5.8554306684337e+05  -8.4675954253648e+04  -1.1690568881691e+05   7.9447579882547e+05  -3.4270676419270e+05   6.2566804156341e+05   1.6055171088845e+04  -3.4312969581343e+05   4.4917350296449e+05  -2.6928625343533e+04   8.5878891796622e+04   2.3686078489002e+04  -1.0059806037227e+05  -4.5306657696024e+04  -3.8998230712478e+05  -9.7952258082410e+04  -2.0627759837492e+04  -4.3582658194765e+05  -2.5307001027596e+05   2.6038103175508e+05  -6.4628594733768e+04   5.8797715372615e+05   5.9663662451128e+05   2.9830463108866e+05   1.3060914293529e+06   5.3949840452169e+05  -1.0053427183335e+06  -1.5978913814882e+06   2.5917266213547e+04   1.6546648821813e+06   5.7133417628212e+05  -5.3157520361025e+05  -5.0564280602519e+05  -3.3911472643080e+05  -5.8508546780610e+04   8.8026413869785e+05  -1.0732461146620e+06   7.2176593483878e+04   2.8418076894550e+05  -1.1210040923925e+05  -1.3251438908929e+04  -3.8612493140203e+05   2.7531766185275e+05   4.3952086929736e+05   1.0249178231956e+05  -8.9747841349857e+05  -1.5623742490461e+06   1.7017579427503e+06   8.7933298026518e+05  -1.4038504033715e+05  -1.3677359933449e+05  -1.7162223505092e+05  -7.0961882185890e+05   7.5486909749317e+04   1.5995898720301e+05   6.6182237506810e+04  -1.8189474229783e+05  -1.5173740795497e+04  -1.1823686160570e+04  -1.8670595296550e+05   8.0391913866864e+04  -1.0169649283898e+05  -1.2059258832944e+04   1.4394589487845e+05  -4.7615420177688e+04 
 -1.3270184224291e+06   1.4319516226708e+06  -5.6020617925236e+05   1.2509286518775e+05   4.5253985305329e+04   1.2325620189881e+05  -3.8453349702905e+04  -1.0154660966700e+05  -8.2293170810868e+05   1.4448661518898e+06   5.5658933919793e+05  -1.2037849644081e+06   3.0861682151178e+05   4.9480887203781e+05   2.4558620483999e+04   1.3480068321062e+05  -2.3078213060738e+05  -1.1851109178920e+05  -2.0408297819787e+04   1.7550406240641e+05  -3.7981123472976e+04  -1.4169540244390e+06  -3.5868892347047e+04  -7.8852726387097e+05  -2.1389108625031e+05   7.4955747924777e+05  -1.5055783474246e+06   8.6160009693052e+04   9.2174861423704e+03  -2.7850169056963e+05   3.6178664620329e+05   3.8040301017570e+05  -1.9106183851874e+05  -6.1845451340360e+05   5.7894186270228e+06   5.6098510759060e+05  -8.4971994737648e+05   8.7462239201972e+05  -2.0067758314919e+05   6.3083830126989e+05  -3.7890328170993e+03  -1.7742674313604e+05  -6.1367220573807e+05  -4.6466853661184e+05  -3.1108936224933e+05  -4.1396134564757e+04  -9.7672809250017e+05   9.8013660049948e+05   1.6471980437380e+05  -9.6601590712201e+05  -3.3709043720672e+05   1.2120084358453e+06   7.7662607606299e+04   2.7114194235353e+05  -1.0452163137297e+06  -1.9177497505745e+04   8.0417008255700e+05  -3.7380635607216e+05   4.2023089826962e+05   7.0444772507219e+05  -6.8381851912165e+03  -7.6372129918016e+03  -1.1503207087803e+05   4.1045645183509e+04   1.0377429188036e+05   6.5963099135873e+05  -1.6578397541271e+04   9.6124451934345e+03  -9.9425832873417e+04  -2.7363112694896e+05   8.5956376389880e+05  -8.8960893087796e+05  -8.3028929367120e+05  -2.2032807043944e+05  -1.7203074573660e+05  -5.6075669146339e+05  -5.5718582339860e+04   1.5239792482581e+06   2.5446133828222e+06  -2.5956901499789e+05  -2.6127525154795e+06  -1.3290191767915e+06   1.1788947587660e+05   4.9713515882700e+05  -7.0583116160948e+04   4.2006582968589e+05  -7.6143350570813e+05   1.6330201728085e+06   1.6739385254337e+05  -9.2394439453912e+05   3.1582415198919e+05  -1.7081370306698e+05   5.6446802466589e+05  -1.8060509243923e+05  -5.8335449737722e+05   4.7305559099982e+05   1.5288946922984e+06   3.3042461161639e+06  -2.1871292505325e+06  -6.8173560314870e+05   3.4574708458088e+05   5.6839526303242e+05   2.9819029481004e+05  -2.1964964438276e+05  -5.1714636882722e+05  -4.7933620913041e+05  -3.2054011341004e+05   2.6882355128529e+05  -1.4153069406280e+05  -2.3106308545262e+05   5.1389371547753e+03  -1.4746092429093e+05   5.4714164754996e+04   2.2173417587720e+04  -1.5799510605668e+05   2.4234646107263e+04 
  1.1090861210756e+05  -1.4453837375437e+05   6.8855539342068e+04  -1.2550067709892e+05   8.1772673523525e+04   5.6166975441766e+04  -6.4419764325705e+05   2.6677312871996e+05  -1.5485051013615e+05  -8.2404705488517e+04   1.4132644114745e+03   2.0534767280192e+05  -1.7439620551982e+05   1.3943716779263e+05   1.3058160694207e+05   1.7337837981924e+05   2.3852284566087e+05  -5.3250671757028e+04  -4.6953404396013e+04  -2.0075952154604e+05  -6.6783137320772e+05  -2.2272692908026e+05  -2.0249433222193e+05   6.3389466681447e+04   2.9751590996364e+04  -2.1315392084953e+05  -1.4361098271011e+05  -1.1856881242591e+05  -1.0937757649727e+05   5.0776188074772e+05   7.2641552946452e+04  -3.5702693955667e+05   2.4095621716966e+05   2.7692053670408e+05   5.6098510759060e+05   2.3677905329086e+06  -3.3727881087901e+05   1.2907055888083e+05  -3.1485765840959e+05  -2.6841762494431e+03  -2.5443715146508e+05  -1.9222741377033e+05  -2.9252878090050e+05  -1.9253570102920e+05  -1.1117894484578e+05  -9.9422023812099e+04  -3.2265568191222e+05   2.2702167854673e+05   5.9494908002555e+04  -2.1003576408228e+04  -1.5750651698113e+04   3.7343911341205e+05   2.6646122309482e+05   4.3772909671770e+04   1.7603444687166e+05   1.5151874370818e+05   5.2284639400409e+04  -2.7775924721799e+05  -6.0578760456587e+05   3.5942439354783e+05   5.1334933963547e+04   9.5293517540947e+04   1.4459031253694e+04  -1.2591873844793e+04  -8.6131516125567e+04  -1.6187879403085e+05  -8.2150861128818e+04   1.7729224635916e+04  -4.0368980879794e+05   1.1674033995676e+05   9.2191602372315e+04  -6.8147273721439e+04   4.3523698305028e+05   6.0766437972533e+05   4.6265194238710e+05   1.6171249475934e+05   4.1598503467472e+05   1.4241330146351e+05   2.2111094815503e+05  -1.4779084930608e+05   3.2288538889451e+04  -9.1005299253124e+05  -6.4048147899913e+05  -2.9126638926371e+05   6.3553826639794e+04  -2.8427314592575e+05   1.0343110741798e+05   8.6997091504173e+05  -1.1369107467206e+05  -2.3188126173717e+05   1.2615353782901e+05   2.1339393905652e+05   3.6313904005683e+05  -1.6533437145126e+05  -8.5862093998477e+04  -1.4171925244763e+05   2.6518275428909e+05   3.7547684840157e+05   2.6164776785778e+05   5.6200313702122e+04  -3.0833347316900e+05  -2.2812468510704e+05  -8.5700571628010e+04   2.0070685165037e+05  -8.0975526503809e+04  -2.0532123931332e+05  -1.9137279168664e+05   2.5956503980212e+05   2.4648055829203e+05  -5.6941413311312e+04  -7.0634880992298e+04  -1.7644098073179e+05   1.1110819543587e+05  -9.4729218819109e+03  -6.5981633873267e+04   4.8634979354671e+04 
  3.7915882293141e+05  -4.6544744606239e+05   9.2764919916894e+04   2.2568058904952e+05  -1.2841007122785e+05   4.5932880358432e+03   2.0277627187110e+04   8.0230169063061e+04  -2.1162026552011e+04  -1.3868244245564e+05   1.8130482974410e+05   2.1898004606261e+05  -2.5480265984306e+05  -2.9402722888366e+05  -5.1033587326974e+04  -1.0718822728430e+05  -9.7668761417383e+04   7.0787376485377e+03   6.9794276706677e+04   5.3592052387090e+03   1.3200299722759e+05   6.9741284156696e+05   1.7193458525047e+04  -1.7580624289246e+05  -2.3523122662136e+05   5.3030910910709e+04   3.6022690893287e+05   8.9112899248968e+04  -8.7123117199791e+04  -5.4169011566305e+05   4.5208480586939e+03   8.3491251201547e+04   7.8383069595196e+04   4.8401744081490e+05  -8.4971994737648e+05  -3.3727881087901e+05   2.9956582660170e+06  -8.8107849056412e+04  -3.7833950563337e+05   1.6475180658439e+05  -2.6490923083896e+05  -1.8540999959040e+05  -1.1626599946808e+05  -7.0333904152117e+04  -8.0226308380044e+04  -1.2960010002809e+05  -3.0735858262368e+05  -6.1463264462573e+05  -1.6521197372051e+05   9.1917275335821e+05   1.6545310720235e+05  -4.9767538499675e+05   1.9668936970471e+04  -3.0248119880943e+05   2.8862404674005e+05  -2.1763179518469e+05  -1.3012254187362e+05   1.7907512032092e+05   1.7124423355376e+05   7.4779086836341e+04  -9.3638660372233e+04  -3.0888814517085e+04   3.5934396054632e+04   3.4288565530570e+04  -3.2332850278346e+03  -1.2957160928155e+05  -2.6762250096275e+04  -3.0165747182208e+04   9.9933149949998e+04  -2.3155340651664e+05  -3.8118978428748e+05  -3.4150717778514e+05  -5.3168211404773e+04   7.0592096503681e+04   7.0298815407911e+05   1.8359476765249e+04   1.2409957062200e+05  -2.9755780897737e+05  -4.5615388076315e+05   1.8262373799788e+04   3.1801822730982e+05   2.7355140411000e+05  -4.3924064863249e+04  -6.9106580570743e+04  -1.1337359965617e+04   1.5955633468656e+04   1.8481857272560e+05  -1.5027823114023e+05  -2.0639863098609e+05   2.2465222831542e+05  -1.1359106899357e+05   1.0426524423230e+05   1.2249304416487e+05   2.8528546685158e+04   6.4509463534046e+04  -8.2781718316248e+04  -3.4733988779260e+05  -5.2505787443423e+05   3.7995404676477e+05   2.6409591197908e+05  -1.1160655386806e+04  -3.1254392781986e+05  -2.0686081258941e+05  -2.8323330494323e+04  -1.8635578546954e+05   2.3715435047354e+05  -2.1621106961016e+05   8.3219908629450e+03   1.5584796068694e+04  -9.6619691182043e+04   7.2342277025560e+03  -5.7535471122981e+04  -1.8448159803236e+04  -8.4541761358348e+02   9.6919036879815e+04  -1.5938209572038e+04 
 -9.5854352172042e+04   1.3062996837378e+05  -8.9830324452271e+04  -1.9750713912137e+02   1.7160477250161e+04   2.9259172901900e+04  -9.8054038472229e+03  -1.4902796347335e+04  -2.6295768259689e+05   3.2884199589109e+05   2.1028847923195e+05  -3.0733102462177e+05   1.4639334451070e+05  -1.9387947259182e+05  -2.8658874189593e+04  -2.4803588937139e+04   2.5711510295541e+04  -2.6341883894497e+04   2.0032194979361e+04   8.5331590632100e+03  -9.3596707446060e+03   6.0822158448629e+04  -4.6038972216374e+04  -9.3752655115151e+04  -6.8696229686722e+04   1.4534606351290e+04   1.2597582325236e+04   7.9985995377943e+04   3.1121449879950e+04   1.2580626002765e+05   8.4108191791743e+03  -4.0089901269508e+04  -8.2110485180900e+04  -3.4163478184144e+05   8.7462239201972e+05   1.2907055888083e+05  -8.8107849056413e+04   4.0895738374377e+05   2.7112851670698e+05   6.9050974107995e+04   1.0353363169665e+05   5.7350939299114e+04  -2.2320658642737e+04  -5.0365827466697e+04  -6.9999214262895e+04  -4.2238245681342e+04  -6.1240669567268e+05   8.7125397394445e+04  -4.6690021996511e+04   1.6083902383423e+05  -2.7287594417322e+04  -3.9867341508690e+05   2.4387761379388e+04  -1.1176244732984e+04   2.6328768924385e+05   8.0178640986812e+04   2.6537622910583e+05   1.8113200970731e+05  -2.0835500384377e+05   1.5032109137492e+05   3.1066115576701e+04  -2.0566877218066e+04  -3.2600614650263e+04   1.5727361034418e+04  -6.5881371716832e+04  -2.5157009652910e+04   9.1344668027242e+03  -3.0005884050870e+02   1.4427947918209e+04  -6.4841197240822e+04   9.9183472943732e+04  -3.5763731447843e+05  -1.6979194887581e+05  -8.7433499646642e+04  -2.1863813275676e+04   6.2948482290554e+04  -1.2929286560061e+05   5.5321196280692e+05   8.0581181508001e+05  -1.2897820852407e+05  -8.8814963321376e+05  -2.0701531361251e+05   1.8640379205796e+05   1.7588729773426e+05  -1.4618053097642e+05   1.7535080711223e+05  -4.0946221969271e+05   3.6594144816427e+04  -1.2790559404885e+05   9.0898848025940e+04   1.4266483410103e+05  -3.3630216836445e+05   3.5737258399986e+05   8.9026807835048e+04   7.1642793586405e+04   1.3887050660867e+05   4.2233380337419e+05   1.0031548151982e+06  -5.0579937122294e+05   2.0052646956332e+05   1.8865613953054e+05  -3.4752214882480e+05  -5.1540195157041e+05   4.1026912932925e+05  -6.0900429831782e+05  -1.1064782232750e+05  -4.1731165980465e+04   2.7814594470453e+05  -1.8872619064943e+04  -3.8905119198736e+04   3.8035010161252e+04  -6.3321874652113e+04   2.4884257605479e+04   4.9247910146616e+03  -6.1575131109328e+04   2.3790204877934e+04 
 -7.3863966354860e+05   6.4109121215503e+05   9.8450585768915e+04  -3.0270649720417e+05  -4.5218457676489e+04   4.9860150156291e+04   3.0586322494532e+05  -2.2465694397110e+05  -3.7063149106564e+05   3.6159263897076e+04   4.9644034594538e+05  -1.0646576481989e+06   1.6681401524664e+06  -1.0459569970160e+06  -2.2753903750199e+05  -1.6953041960166e+04   1.1880333240840e+05   8.5803700388350e+04   8.1433586704549e+04   4.8984690899831e+04  -1.2855314447537e+05  -3.1213027973465e+05  -6.0048326170487e+03  -2.0639848534763e+05   2.4248756227548e+05  -2.5073916845228e+05  -1.1383866607754e+05  -9.5329558873828e+04   7.7922334736154e+04  -6.5312213327289e+05   7.0005325515172e+04   6.8838414181865e+05  -1.8603563865538e+05  -4.4260199608298e+05  -2.0067758314919e+05  -3.1485765840959e+05  -3.7833950563337e+05   2.7112851670698e+05   6.7243878310952e+06   4.0441544026208e+05   2.3181108642018e+06   1.8578633513966e+06   3.0713988721369e+06   1.9952704245919e+06   1.1156101677799e+06   7.8449779109878e+05  -6.2957569665742e+05   1.3936226544827e+06   2.0107873376915e+06  -1.5787620413209e+06  -1.8271945405774e+05   8.4983176823818e+05   2.0400435518487e+05  -2.9423574144535e+05   3.3375120204503e+06  -9.1319387316456e+04  -2.2655373503790e+05   1.1883212924813e+05  -3.8147022653417e+05  -2.1477516362142e+06   2.5340270338319e+04  -1.1716338800025e+05  -1.3514466122910e+04  -5.8325035465585e+04   8.4401976317169e+04   6.4454087135710e+05   9.6218758737369e+04  -5.0441875568131e+04   3.7887806115395e+05   5.7594174295290e+05  -8.4924401989930e+05  -4.0110759612705e+05   1.0573195738939e+06  -1.5165914604686e+06  -1.6222005626591e+06  -1.1260719879013e+06  -9.1816720621282e+04  -1.0188744102499e+06  -6.0329973611613e+05   8.2112958012429e+04  -1.6408895859186e+05   3.2282630465615e+05   1.3691314632121e+06   6.0579994564457e+05  -7.1361595639770e+05   5.1318706683661e+05   1.3837582729574e+06  -1.5321836416748e+06  -8.3277249784734e+04   2.4614761939446e+05   2.2369772754450e+06   6.7104425101120e+05  -2.2682810335404e+05  -7.8673285715468e+05  -1.4742389756920e+06  -4.4365273333415e+05   1.5551826850124e+06   1.5929246040307e+06  -2.7950908968304e+05   5.8155946655046e+05   5.1916301590406e+05   3.4722719508904e+05  -1.5349835582250e+06   6.2283054923751e+05  -1.3096576825026e+05   4.5959141303752e+05   1.2828079589698e+05  -1.8126545276050e+05  -1.5096475655316e+05  -1.1289653751835e+05  -1.3374564057027e+05  -4.0636358894869e+04   4.8768980497315e+04   2.3908271993194e+04  -1.1656810023604e+05   2.4881292753736e+04 
 -1.1175194862080e+06   1.7500173531192e+06  -8.3830578606032e+05   2.2600145618694e+05   1.3627267496220e+04  -2.8410160518444e+04  -5.0221098850691e+05   4.6870531666289e+05  -4.2609947990812e+05   1.7589642090646e+05   6.7877745967957e+05  -1.3642039197283e+04  -1.1320786174083e+06   7.0692718548205e+05  -2.3701216563363e+04   1.4417558216694e+04  -1.3052583137885e+05  -2.7137317211222e+04  -4.0075987796181e+04  -3.0949003596796e+04   6.0962701467060e+04  -2.4542995234234e+05   4.8902360340461e+04  -3.2129632002918e+05  -4.4226072884479e+05  -4.1291985438909e+05  -7.1904883613461e+05  -7.2607852248195e+04   1.4913257920399e+03   6.0379434395573e+05   2.5204657953089e+05   3.9558857795967e+05   2.9671644394913e+05   6.1189032543879e+05   6.3083830126989e+05  -2.6841762494433e+03   1.6475180658439e+05   6.9050974107995e+04   4.0441544026208e+05   1.8981471611530e+06   1.4487456090703e+05   1.2777352706943e+05   4.7435854899637e+05   4.3104979131089e+05   3.7734211525192e+05   2.2260063252113e+05  -7.8480519575227e+05  -1.7834392223356e+05  -4.6616804545112e+05   1.1155618656864e+06   2.1808537861710e+05  -3.7096053161914e+05  -1.1442327323603e+05  -1.7804318514286e+05   7.7731363992160e+05   1.8564444174119e+05   4.6151321448375e+04   1.3799216024610e+05   1.0034172985771e+05  -3.4917776395526e+05   6.8511514237432e+04   6.1874960492319e+04   5.5404103476852e+04  -4.3945619488912e+04  -6.9860171378504e+02  -2.6116635319633e+05  -9.7135473344507e+04  -1.2277009352068e+04  -7.1215819553165e+04  -2.2335183887836e+05   4.7121542841325e+04   3.0052991332725e+05  -1.3020137656531e+06   1.1207379457989e+06   9.4459199840625e+05  -5.9669486264860e+05   1.7489952694730e+05  -2.2873366995241e+05  -4.4555934153984e+05   9.0458630458619e+04   3.2790607265600e+05   3.9783446930663e+05  -1.0606968639260e+05  -3.4232306374263e+04   2.2920421317385e+05  -6.8086904423664e+05  -2.5306774503065e+05   7.9641033395415e+05   8.3769122967415e+05  -7.7433120024489e+05  -1.8704537627812e+05  -1.9086874366054e+05   2.4947694529832e+05   2.5955061271530e+05   3.0265704268704e+04   1.2697725374089e+05  -3.5237825599975e+05  -7.8459927625071e+05   4.6273309551160e+04  -5.6099056429175e+05  -1.2011863068600e+05   3.7326260579970e+05  -2.2392572934390e+05   1.0847814940007e+05   4.0175951028281e+05  -5.3911068830751e+04  -2.1884485993647e+04   4.8272604295809e+05   7.8630256627865e+03  -3.7318952552694e+04  -1.6987558258090e+05  -1.8062464270061e+04  -1.1620105653799e+04  -4.7391286513517e+03   1.3967665017114e+05  -6.8258230631481e+04 
 -3.6062237943176e+05   2.3572895247786e+05   1.2665875310318e+05  -1.1430807361797e+05   5.8064121964133e+03   7.4852201464909e+03   1.7945584293683e+05  -8.2364123000357e+04  -2.4271464151151e+05   1.2493699928010e+05   2.1216038010058e+05  -6.7629528264212e+05   5.4837463053026e+05  -6.5586915623697e+04  -7.0125059415461e+04   1.6598347087147e+04   9.3389898223409e+04   3.8948910123750e+04   1.9905540342064e+04   9.3174684320951e+04  -5.0084521994712e+04  -6.8168664457762e+04  -1.1347532596225e+04   7.2436707932543e+04   2.6443705475621e+05  -3.7183744499351e+05  -6.8415760300478e+04  -9.3034550390570e+04   1.5697215440882e+04  -7.2250543380643e+05  -4.9295305801334e+05   7.5016808741586e+05  -2.2206781777831e+04  -2.5487513373998e+05  -3.7890328170982e+03  -2.5443715146508e+05  -2.6490923083896e+05   1.0353363169665e+05   2.3181108642018e+06   1.4487456090703e+05   1.1166504642886e+06   9.2348799327893e+05   1.2218111230458e+06   8.3979523373096e+05   5.0955391902831e+05   3.8028817592174e+05   4.2778821837938e+05   5.7928817292881e+05   7.5989746539472e+05  -9.6390218930761e+05  -1.3599126210542e+05  -2.1348691293721e+05  -3.1640692841507e+04  -8.2163761959980e+04   1.0325797719683e+06  -3.9114317340200e+04  -2.7173438919157e+05   2.9325720001146e+05   7.8661596585827e+03  -8.8312725951239e+05   1.3420477856171e+04  -2.6370656739256e+04  -1.1253244012605e+04  -1.5737826672430e+04   5.6874612308691e+04   6.0963120225986e+05   2.2505913730945e+04   1.8057419508353e+03   2.0989436967092e+05   1.2177700284496e+05  -1.4862905569052e+05  -1.6037149115639e+05   1.2978732494026e+05  -1.0917941895106e+06  -3.8845264723732e+05  -2.5886682480513e+04  -7.3681690679100e+04  -5.7777003898706e+04  -1.3452273342613e+05  -3.4449973389098e+04  -3.6230248830661e+05   2.9215099982242e+05   6.4197800649599e+05   3.1243144396350e+05  -1.7720351662413e+05   1.8685890382594e+05   3.7936509195065e+05  -8.7357114588412e+05   3.0494197963440e+05   9.7062643221930e+04   7.2390868756414e+05   9.1980433765169e+04  -2.4585552275664e+05  -4.3852292644728e+04  -1.6925362332556e+05   1.6022040064998e+05   3.6725327838039e+05   4.1519654588522e+05  -7.6135530911729e+05  -2.8308141349675e+05   1.8386062104875e+05   4.0276191210565e+05  -2.8285521387929e+05   3.4796098612391e+05  -3.1253275644829e+05   9.3123945535910e+04   2.4922697381253e+05  -1.1967752074558e+05  -1.3324715207506e+05  -1.7417694668961e+04   2.2052082566643e+04   9.7674390063271e+02   5.6089935884239e+03   1.7854896374684e+04  -4.1641231852931e+04   2.2658631071158e+03 
 -2.3956781641046e+05   1.3778503689345e+05   9.1895744910420e+04  -7.3675440062499e+04  -1.9482166028248e+03   3.5663302432407e+02   1.5656017640462e+05  -8.0960162569360e+04  -8.2358173208390e+04   1.9046794353384e+04   5.5257600047234e+04  -4.9807952830319e+05   4.4935758370541e+05  -7.1892972273352e+04  -3.8687227658768e+04  -6.1460634228780e+03   1.0235282048372e+05   2.8838370651415e+04   2.1515783085914e+04   7.6386952878771e+04  -7.2540185479332e+04  -3.2220066519952e+04  -9.1554312038167e+03   1.0682434305354e+05   1.9474110357363e+05  -3.1445381996718e+05   3.9828436718736e+04  -7.1068731693595e+04   4.8946968327709e+03  -6.0192542788873e+05  -3.5127935189359e+05   5.6797204194112e+05  -4.0290779480172e+03  -1.2137240057690e+05  -1.7742674313603e+05  -1.9222741377033e+05  -1.8540999959040e+05   5.7350939299115e+04   1.8578633513966e+06   1.2777352706944e+05   9.2348799327893e+05   8.1261597478545e+05   1.1568449923499e+06   8.5661843627151e+05   5.8304006807999e+05   4.5165825364871e+05   5.0553490691325e+05   4.0897169472294e+05   5.6457966320551e+05  -7.1231923549220e+05  -6.4926651979772e+04  -4.5304341443507e+05  -4.8051743394910e+04  -8.9250156709458e+04   8.1468759263593e+05   1.0109980212783e+04  -1.3075423233079e+05   3.4517121009945e+05  -1.5450354406045e+05  -5.1750340671017e+05   9.5428223337120e+03  -2.0076352210778e+04  -9.1128570671489e+02  -1.7216253402538e+04   1.6706016645174e+04   4.3761689035302e+05   1.6776157144627e+04   6.1519844627609e+03   6.5825017112384e+04   1.1385360162864e+05  -1.3577543109798e+05  -2.1080866402237e+05   5.4023330566848e+04  -9.6592924695025e+05  -5.8361489793371e+04   1.6502965903464e+05  -4.0057737037459e+04  -7.0194483848102e+04  -2.5270536143838e+05  -3.6021833290942e+04  -1.5864857258221e+05   1.6708232213237e+05   4.3902161122443e+05   2.2164525827009e+05  -1.0161001243962e+05   1.3442908651227e+05   3.4353286660203e+05  -7.6695095771487e+05   2.3645763197285e+05   1.5078079312324e+05   5.6895202104617e+05   9.5328075803449e+04  -1.6778652761121e+05   3.4011743390003e+04   9.8434327958355e+03   1.6808325736462e+05   1.2237468728062e+05   9.2008337388322e+04  -5.3713097695739e+05  -3.2109088335128e+05   9.5640580513194e+04   3.2081627944930e+05  -1.1202657861812e+05   2.1782682595054e+05  -2.5941568581752e+05   7.3599759849075e+04   2.1969088354532e+05  -7.8082686886175e+04  -7.6664114828732e+04   4.8114461424549e+03   2.0497958001488e+03  -7.4040214725697e+03   1.2524127625300e+04   1.3184730835900e+04  -3.2285979921816e+04   4.9753465810605e+03 
 -9.6110564460966e+05   1.2514605844134e+06  -5.4114472952617e+05   1.6202708170801e+05   6.0784704635344e+04  -5.8748036719558e+04   3.1655359510903e+05  -1.9536629107034e+05   8.0548913332676e+04   4.1313880791827e+04   2.6997505883703e+05  -5.8677598145375e+05  -7.2651904018409e+04   1.6048452648228e+05  -6.0475436937858e+04  -4.0772991511558e+04   1.2733422454466e+05   8.5993294474322e+03   7.3633756556777e+04  -3.2158893164554e+03  -9.8874842300290e+04  -2.7403999754897e+05   4.6529609994234e+02  -2.9191814193948e+05   7.8568721058854e+04  -2.4515987365883e+05   3.5388939053548e+05  -1.0886822864230e+05  -2.7976352037110e+04   2.3736748061874e+04  -4.9220160954539e+04   5.3132923534005e+04   7.6102028042654e+04  -6.1300961069776e+05  -6.1367220573807e+05  -2.9252878090050e+05  -1.1626599946808e+05  -2.2320658642737e+04   3.0713988721369e+06   4.7435854899637e+05   1.2218111230458e+06   1.1568449923499e+06   3.0412848972697e+06   2.6633718139862e+06   2.2303516969795e+06   1.8679902265311e+06   3.9596225330348e+05   5.9314416234357e+05   1.8172479985953e+05  -1.2754877716013e+05  -4.9208286751028e+04  -2.9608793316892e+05  -1.7498974683400e+05  -1.4185782392290e+05   3.8824954259224e+05   3.3728523074268e+05  -3.5399878776809e+05   4.9220913781067e+05   1.7265613998530e+03  -6.9833390624951e+04   5.4051042537414e+03  -6.6579606290979e+04   3.6278581450157e+04  -1.0616831841043e+05   1.1149553767227e+05   6.1477835258392e+05   9.2810802881558e+04  -9.0679708360739e+03  -6.9317548262816e+04   1.5128482059920e+05  -7.1299458064217e+05  -3.9709946815520e+05   3.0414209052419e+05  -1.3483268442504e+06  -3.4818472036986e+05  -1.2303638080895e+06  -3.0141678786849e+05   1.5860898026572e+05  -4.8872647672538e+05   2.4075759546945e+05   2.0166581849135e+05   2.8315729690276e+05   7.3808002760637e+05   3.6269717394841e+05  -2.1974426729666e+05   4.2135208863757e+05   6.8876065042855e+05  -3.2793757045714e+05  -2.9522332210892e+05   4.6671881944042e+05   8.3109494193218e+05   2.8033863099818e+05  -9.6135864461640e+04   2.2734528636444e+05   2.0425868650818e+05   1.2189129724162e+05  -3.9052809828706e+05  -4.4729171543615e+05   7.1513270355803e+05   9.1594211153760e+04   1.5418394510279e+05  -1.2696494951802e+05  -1.1461228223834e+05  -2.5483099126641e+05  -1.0027545636223e+05   2.7399909551462e+05   1.6664978977513e+05  -1.5742254474787e+05  -8.1643511597736e+04  -4.7895360663878e+04  -1.5892680220589e+04  -4.0260349889880e+04   7.3325136371795e+04   7.7304250603649e+03  -7.0409936429471e+04   1.3479104034650e+04 
 -9.7545084708292e+05   1.4167443696700e+06  -7.2111406341945e+05   2.3128283512213e+05   7.9202018401951e+04  -5.9432086723211e+04   2.0278940993988e+05  -9.6085521090991e+04  -3.1796585367647e+04   1.3880474375178e+05   3.2600067698978e+05  -4.5372032923011e+05  -6.0555989802822e+05   5.5750603641835e+05  -2.9164488936438e+04  -4.1323252633455e+04   9.3411066585081e+04   3.7851539290043e+03   6.8966467995208e+04  -3.1602150914336e+04  -1.1735167303042e+05  -2.0005560443090e+05  -1.2924299923129e+03  -2.8084071231141e+05   3.9192657988592e+04  -2.3058771995227e+05   3.3526605229131e+05  -9.5082425910568e+04  -5.4414865342445e+04   1.9234399828980e+05  -1.2803325589334e+05  -1.3048024817675e+05   1.4097492600034e+05  -6.6200397240777e+05  -4.6466853661185e+05  -1.9253570102920e+05  -7.0333904152117e+04  -5.0365827466698e+04   1.9952704245919e+06   4.3104979131089e+05   8.3979523373096e+05   8.5661843627151e+05   2.6633718139862e+06   2.5668293404713e+06   2.3441573816645e+06   2.0344643394242e+06   4.5922329767204e+05   5.6365425741747e+05  -1.3213849271775e+05   1.5565127507560e+05   8.9601440274338e+04  -3.4964585355801e+05  -1.9216739665245e+05  -9.5091817556483e+04  -6.7268780714326e+05   3.9362486192449e+05  -1.6213649306478e+05   3.8658412611732e+05   2.3736103655870e+05   6.0994326032391e+05   1.1045734363626e+04  -4.8607499366915e+04   3.7941194948260e+04  -1.3244362924202e+05   1.0819212737761e+05   3.2132344478648e+05   7.8456963366029e+04  -1.6803332609414e+04  -1.3600344531604e+05  -5.0975726200955e+04  -6.2236769886923e+05  -4.8627843572648e+05   1.1451858753572e+05  -6.6640712506379e+05   5.7978600995627e+03  -1.1215484864412e+06  -3.8154543958319e+05   3.3138809587136e+05  -3.6361163334643e+05   2.8160078506761e+05   3.3090335758478e+05  -4.9955626184909e+04   5.0899538275360e+05   3.1987879354481e+05  -5.9789193573067e+04   2.6609667054672e+05   7.4351388114511e+05  -1.0456561846451e+05  -2.3923450660214e+05   3.1138855525958e+05   5.2518504514330e+05   2.9712352484698e+05  -3.3459821696129e+05   2.5286405291282e+05   3.4436864859322e+05   1.4836219619976e+05  -4.7611295067140e+05  -7.1270140388619e+05   9.1187004116368e+05   1.5067525420612e+04   3.5266970076056e+04  -1.1436980012008e+04  -6.2315378991222e+03  -2.2233566782105e+05  -3.0971884647716e+05   2.7443496223924e+05   1.6451237455707e+05  -1.1097387982114e+05  -7.0233416849770e+03  -6.7333863068356e+04  -1.2172618118374e+04  -5.0509957242673e+04   7.2081959316109e+04   5.3765910383243e+02  -5.5740167520771e+04   1.4842435271792e+04 
 -9.1538485506990e+05   1.4508874313441e+06  -8.1252082786025e+05   2.5876990690496e+05   9.3454478667371e+04  -5.8082355660745e+04   1.2049635709663e+05  -4.0943467081110e+04  -7.3438193546799e+04   2.4996292589190e+05   3.5659368786937e+05  -4.0732103695593e+05  -9.9011196980753e+05   8.5218861564927e+05  -2.0305659762973e+03  -5.0688373397026e+04   5.5639719188552e+04  -1.8404173699240e+03   5.8804810653823e+04  -5.9844446661995e+04  -1.2327499788537e+05  -8.5942930239024e+04  -4.6472054378705e+03  -2.6456020684135e+05  -1.3008489616974e+04  -1.5660823609266e+05   3.5933959169346e+05  -8.1015917382328e+04  -5.5574657729168e+04   4.4773232067150e+05  -1.6174656751594e+05  -4.5213988727460e+05   1.8763781712750e+05  -6.8805299978256e+05  -3.1108936224933e+05  -1.1117894484578e+05  -8.0226308380044e+04  -6.9999214262893e+04   1.1156101677799e+06   3.7734211525192e+05   5.0955391902831e+05   5.8304006807999e+05   2.2303516969795e+06   2.3441573816645e+06   2.3138311981952e+06   2.0734988758922e+06   5.8268822612327e+05   6.1298472070515e+05  -2.6408947170824e+05   2.3186679059764e+05   2.1488458276969e+05  -3.7441372477758e+05  -1.6507820829509e+05  -7.3814474564538e+03  -1.4389808035783e+06   4.2179016783296e+05   5.3051044019881e+03   2.8800601901231e+05   3.1550325091591e+05   1.1936779567809e+06   2.1043977617187e+04  -3.5818232594528e+04   4.0399569743300e+04  -1.5213359451816e+05   8.1359153040431e+04   8.0472913130246e+04   6.6060650429311e+04  -2.8145497445941e+04  -2.1395746653006e+05  -2.0493224891917e+05  -4.9662428967704e+05  -4.0037923981389e+05  -6.2575663516124e+04   1.2179699663504e+04   2.8565722632909e+05  -1.0758094670460e+06  -3.8389164266739e+05   3.0396420795148e+05  -3.2134945289184e+05   2.9689712742575e+05   4.6082327553005e+05  -2.0465926616272e+05   3.2916277298002e+05   2.3958900588361e+05  -3.8370828455303e+04   7.1130868950527e+04   8.0647174992881e+05   1.6579862309261e+05  -1.7769947480972e+05   9.9974086505560e+04   3.1316843461554e+05   2.3516683357217e+05  -4.6675969233216e+05   1.5238313104373e+05   2.5414981361268e+05   9.4372848885224e+04  -3.6627044412912e+05  -7.8286587314095e+05   9.1603885668821e+05   3.0068546309245e+04   8.0594569049623e+03   1.7755430644335e+05   1.1824816135675e+04  -1.9950750151495e+05  -4.2238873978690e+05   2.1193845708305e+05   1.5439454076033e+05  -5.2793108588187e+04   9.8634564728112e+03  -8.4452737859607e+04  -1.6722198471931e+04  -4.9593082159890e+04   7.3009820485221e+04  -7.7482571264294e+03  -4.2800717412007e+04   9.5977251253113e+03 
 -8.0012727731725e+05   1.2805932327542e+06  -7.5856858203260e+05   2.4889556235908e+05   7.8362474197439e+04  -4.4527587057382e+04   9.0799816497137e+04  -3.8642447852090e+04  -1.1653693836060e+05   3.6565550583147e+05   3.5754697978684e+05  -4.8385042672836e+05  -8.9617244925606e+05   8.0580819550432e+05  -1.0171337261343e+04  -5.6829779079609e+04   1.2667032073836e+04  -3.3818143826028e+03   5.6522740991929e+04  -5.0959567271105e+04  -7.0628906163399e+04  -2.6378199471327e+04  -5.8093531793414e+03  -3.1677395010215e+05   1.2398945534792e+03   1.4914891458922e+04   3.2820808782520e+05  -4.2724301761892e+04  -4.9474467525014e+04   5.1755040141635e+05  -1.4859378720907e+05  -5.7515568280263e+05   1.2456098802274e+05  -7.1432238511000e+05  -4.1396134564757e+04  -9.9422023812098e+04  -1.2960010002809e+05  -4.2238245681343e+04   7.8449779109878e+05   2.2260063252113e+05   3.8028817592174e+05   4.5165825364871e+05   1.8679902265311e+06   2.0344643394242e+06   2.0734988758922e+06   1.9288349731371e+06   6.3906937062030e+05   7.2521505822804e+05  -1.1767690465860e+05   3.3888679770991e+04   2.1203000103369e+05  -2.3681186303096e+05  -1.4090067421458e+05   7.7499312605305e+04  -1.6037975868055e+06   3.7332823169628e+05   9.8383406020219e+04   2.4113240073482e+05   3.1139090371185e+05   1.2795875701500e+06   7.9657758190082e+03  -4.0061367998640e+04   1.9395422721201e+04  -1.2350527819835e+05   8.9179016712021e+04  -2.1285450393676e+03   7.0462812078905e+04  -2.1563404885656e+04  -2.1191668289405e+05  -1.6499434630442e+05  -4.7618872900078e+05  -4.2108715281520e+05  -3.2008036811069e+04   1.9712840336535e+05   1.0121981192121e+05  -1.0290229997962e+06  -3.2880813453749e+05   2.5325074485175e+05  -1.3215131884273e+05   2.4136302174224e+05   2.6569704371658e+05  -4.2222296158817e+05   3.3765072001074e+05   3.2094198048795e+05  -5.3143223715257e+04   2.1956138921652e+05   7.6613464429800e+05   1.7545090572707e+04  -1.7087279706949e+05   2.1600306023112e+05   3.5505040642014e+05   2.4498864660818e+05  -4.7591828252822e+05   1.4805336579751e+05   2.0928138780950e+05   1.8244480959526e+05  -2.6906115049222e+05  -5.9969115121874e+05   4.2144588290426e+05   5.4462252732170e+04   3.6064001786238e+04   2.7077560996146e+05   5.4156801020113e+04  -3.2683691128642e+05  -5.3725218161535e+05   1.9170353499397e+05   1.6368816474005e+05  -9.2897316567225e+04   1.9395078404005e+04  -5.9967612835480e+04  -1.0495195628779e+04  -5.6888669774376e+04   7.4694131949851e+04  -5.2448817403282e+03  -5.5308840856474e+04   1.4302409985586e+04 
  1.0465237542405e+06  -1.6994773285130e+06   5.9982994466543e+05  -1.7618940804256e+04  -5.9410107156779e+04   5.3129181038161e+03   5.2097531026140e+05  -4.4710868184838e+05   8.4421362199509e+05  -1.5095051871232e+05  -1.3493218066107e+06  -3.3658237438715e+05   2.5646544628090e+05   1.1362829654170e+06   2.2811661993288e+05  -4.6621002641044e+03   3.8058441978473e+05   6.6979953083274e+04  -3.5744913753778e+04  -4.1014750926719e+02  -2.6571064061026e+05  -5.0657875034832e+05  -1.7283119981202e+04   6.2890435727810e+05  -1.4410855038026e+05   2.0240703046086e+05   1.4708112479357e+05  -2.4750846504713e+05  -9.5271582445703e+04   3.1149915880982e+04   1.9551507024993e+05  -4.2328443930058e+05   4.8292251420237e+05  -5.0872164383461e+04  -9.7672809250017e+05  -3.2265568191222e+05  -3.0735858262368e+05  -6.1240669567268e+05  -6.2957569665742e+05  -7.8480519575227e+05   4.2778821837938e+05   5.0553490691325e+05   3.9596225330347e+05   4.5922329767204e+05   5.8268822612327e+05   6.3906937062030e+05   6.8932353740930e+06   1.8938922865383e+06   1.4447499104330e+06  -4.0438544300953e+06   8.6657649431928e+04  -8.1423924404675e+05   1.6269027237215e+05   1.6169687679059e+05  -8.7414382758977e+05  -1.2112967309769e+05  -2.2642986570188e+05  -1.9826956242928e+05   3.9879175197127e+05   1.3927574560457e+04  -1.5349370237747e+05  -3.5338762305207e+04   4.7440495950273e+04  -8.0132090380903e+04   3.9019529315892e+05   3.2499880051442e+05   1.3281701965964e+05  -3.5351208056149e+04   4.5714851452143e+04   1.5102685081757e+05  -3.1155653452683e+05  -6.0497673687532e+04   5.2436943915050e+05  -3.5279740490692e+05  -1.6527045006331e+05   1.0837494526453e+06   1.1883306600032e+05  -1.8139388845562e+05  -8.7126265531029e+05  -1.7125688999408e+05   8.6918453822594e+05   7.1410103541123e+05   9.3234631087821e+04  -4.5555509849471e+04   2.7521152203304e+05   6.0426313221290e+05  -1.1449618485848e+06   8.2403367084166e+04   9.9405251894348e+05   5.1044323951694e+05  -1.0489370939457e+06   2.5765773853404e+05  -3.9817694843178e+05  -1.7540163136775e+05   8.7336491319854e+05   1.4019113419027e+05  -6.6682913409064e+05  -1.0047451755801e+06   6.2929770141919e+04  -2.2306086990136e+06  -1.0021676539963e+05   7.9422455217108e+05   4.3931976172545e+05   4.5279526559862e+04   5.7179382067034e+05   3.3448181733227e+05   1.4563994988968e+05  -8.9406011770197e+05  -1.3653348623038e+04  -2.6101904367798e+04   4.7154367166655e+04   1.2051323917919e+05  -4.9289053327080e+04   9.8902099114435e+03  -1.0718591096215e+05   8.1794180077454e+04 
  1.2347941605326e+05  -3.9669481694628e+04  -1.4524989647490e+05  -3.0336047935983e+04  -2.3702026670417e+04   7.4926390897322e+04  -1.1167630598179e+05   2.7479216042497e+04  -8.6603044542887e+05   7.5610672520264e+05   9.5478141415098e+05  -9.7807279606083e+05  -7.3268295577142e+05   1.1681577788881e+06   7.0899208960106e+04   3.2868898273923e+04   9.1498014859227e+04   2.1579620803365e+04   2.2321245310593e+04  -1.5452964860655e+04  -2.6652969187710e+05  -1.6226498219798e+05  -5.6502054274911e+04  -1.0224141933247e+05   1.7408149975099e+05   2.9962067850007e+05  -1.1058259470860e+05  -1.0941358147145e+05  -2.9885865795057e+04   1.3997105512455e+05  -7.8044001379933e+05  -2.1490872697087e+05   8.3563894977433e+04  -6.2055430517759e+05   9.8013660049948e+05   2.2702167854673e+05  -6.1463264462573e+05   8.7125397394447e+04   1.3936226544827e+06  -1.7834392223356e+05   5.7928817292881e+05   4.0897169472294e+05   5.9314416234356e+05   5.6365425741747e+05   6.1298472070515e+05   7.2521505822804e+05   1.8938922865383e+06   2.5918504515831e+06   1.4992820721881e+06  -2.7382018876938e+06   7.6678495725948e+04   9.1943758655172e+05   2.9059947633695e+05   1.8341693741604e+05   8.4449336781749e+04  -1.1034757068468e+05   8.5050736973834e+05  -8.5414718264637e+05   9.4003734394135e+04  -2.2882561445274e+05  -2.5964629466513e+04  -1.8333692181198e+04  -2.1842389194224e+04  -8.9377839344546e+04   2.2064264285257e+05  -2.4870927638429e+05   5.7849777408778e+04  -3.7400793535463e+04   2.3703218205472e+05  -2.9745885294482e+03  -8.2779666610522e+03   2.7467952274058e+05   2.6125273287107e+05   1.3231984126060e+06  -1.2677346548329e+06  -9.3416199149562e+05   8.1886626328708e+04  -2.4863106791729e+05   1.5900430519904e+05  -8.8265692095811e+04  -8.5245164284461e+04  -6.7806660408614e+05   3.9382978968238e+05   3.2202547284886e+05  -2.4743352363131e+05   4.8628902272172e+05   5.0282932523077e+05   5.7855062665626e+05  -8.8150884997230e+04   1.2959660510778e+05   6.6157856238733e+05   5.2878556840487e+05  -1.4462269832478e+05  -8.3890672318049e+05  -7.8822343712662e+05  -4.0988342660595e+05   1.0115317837585e+06   1.0022534501171e+06  -5.6365425625571e+05  -4.1829542785193e+04   2.1757202487302e+05   3.1127530169783e+05  -9.2467799327721e+05   1.9428873149984e+05  -5.4150473351053e+05   7.9750272751713e+04   1.4197348013749e+05  -6.5282042462544e+04  -1.9481768468576e+04  -9.6510854858268e+04  -2.4804644970986e+05   2.4075615219310e+04   2.7044287300713e+04   4.6068174453829e+02  -6.3745039055764e+04   5.9680714875298e+03 
  6.6962455740430e+05  -9.3637388859111e+05   2.7224984467529e+05  -9.0786462580840e+04  -7.6643199565489e+04   2.6171190194506e+04  -1.6537340631134e+05  -1.1714419652566e+04  -3.5364308051915e+05   2.8652917483244e+05   3.5716371062861e+05  -7.5186415007785e+05   7.0970728813918e+05  -3.2991619631992e+05  -2.5916542565022e+05   6.6584814865845e+04   2.6100031196807e+04   6.4701328109793e+04   4.1138053412663e+04  -2.6972584294574e+04  -8.5424867963513e+04   4.5861325356132e+05  -2.0589761117240e+04   1.9023950238415e+05   5.2024311369952e+05   2.4189685978136e+05  -9.7966158092706e+04  -1.3587523196132e+05  -7.0747439977959e+04  -9.4885447010459e+05  -9.8361884079775e+04   2.5941536274852e+05  -3.7223236343687e+04   1.4923199998696e+05   1.6471980437380e+05   5.9494908002556e+04  -1.6521197372051e+05  -4.6690021996509e+04   2.0107873376915e+06  -4.6616804545111e+05   7.5989746539472e+05   5.6457966320551e+05   1.8172479985953e+05  -1.3213849271775e+05  -2.6408947170824e+05  -1.1767690465860e+05   1.4447499104330e+06   1.4992820721881e+06   3.0118389256470e+06  -9.0674643520556e+05   5.1409265933284e+03   8.3444175581491e+05   2.9699508832297e+05   9.7320842671438e+04   1.1504708326019e+06  -4.8431452353976e+05  -1.9801757888620e+05  -2.6650263511011e+05  -1.4979909452230e+05  -1.0724244643203e+06   1.8788123193930e+04  -3.9406845405041e+04  -7.2068074099208e+04   3.8664377586990e+04   4.6203834803400e+04  -3.3926434055757e+05   3.9623214466459e+04   1.7755741759459e+04   1.5432806677583e+05   4.5402419958118e+05  -2.0324042409905e+05   1.6126126896101e+05   5.5235925197662e+05   1.5761310285015e+05  -8.1025878634192e+05   9.3702140240809e+04   3.9432432758926e+05  -1.2089412599867e+06  -2.6146071818341e+05  -7.7372707663930e+04  -4.0772782042180e+04  -8.5846034402813e+05   1.7666855052900e+05   9.8354528970036e+04  -5.5224023209301e+05   4.1374026305287e+05   1.3292424179105e+06  -9.6669659528843e+05  -1.7346836532871e+05   3.4355856967570e+05   1.2988049873907e+06   5.2372677774631e+05  -4.4987441549481e+05  -8.1787444822294e+05  -1.2449184932276e+06  -2.9789068048160e+05   1.1295065842628e+06   8.8051259382522e+05  -1.5906952339053e+06   5.4403055979764e+03   5.3839344215372e+05   7.9890771313839e+05   1.2387321630869e+05   2.0591393991195e+04  -4.3725865046213e+05  -1.2837827418717e+04   1.9776729848811e+05  -3.8497019351879e+05  -1.6093692262418e+05   5.5613860488112e+04   1.6702988152581e+04   9.4091265545151e+04  -1.8973067204219e+04   9.0076428763572e+03  -9.7615814035607e+04   4.5890181442930e+04 
 -9.7571504273891e+05   2.0179317992168e+06  -1.2604705332844e+06   5.3490501002623e+05   4.8542688013545e+04  -1.6188760955236e+05  -5.7433596714290e+05   6.0816218925262e+05  -3.5838120669777e+05  -5.2024324093342e+05   7.6770386482655e+05   1.3988779825935e+06  -1.3638109781698e+06  -9.6361727370576e+05  -5.1355738118016e+05  -1.0647236108069e+03  -2.5400623974332e+05  -5.9991199075769e+04   7.4911476500208e+04  -2.6063291066890e+05   3.3556424322760e+05   1.0548643203357e+06   7.9884088661166e+04  -6.2682220356624e+04   3.2024399212205e+05  -5.8465831802561e+05   6.6748586935121e+05   7.8800551922608e+04  -1.5157334318814e+05  -7.0514509699429e+05   1.3879835092910e+06   5.0039630226340e+05   1.4774793189038e+05   3.2717609807877e+05  -9.6601590712201e+05  -2.1003576408227e+04   9.1917275335821e+05   1.6083902383423e+05  -1.5787620413209e+06   1.1155618656864e+06  -9.6390218930761e+05  -7.1231923549220e+05  -1.2754877716013e+05   1.5565127507560e+05   2.3186679059764e+05   3.3888679770991e+04  -4.0438544300954e+06  -2.7382018876937e+06  -9.0674643520556e+05   7.7050623935479e+06   4.1604214660550e+05  -7.2863353576155e+05  -8.0293875776097e+05  -4.2199588150072e+05  -4.4724465834396e+05   2.6862915772514e+05  -7.5073169603040e+05   5.3431122405994e+05  -1.7094024682716e+05   6.4534553886620e+05   2.1541797652609e+05   3.1077024845666e+04  -3.2596868498155e+04   7.3138741790037e+04  -4.1721107893454e+05  -1.2950719079652e+06  -8.2146621458005e+04   1.0244199454769e+05  -2.5777120537652e+05  -3.4717734605252e+05   4.2164753587289e+02   2.3434448578537e+05  -1.1839240293794e+06   3.3114568716742e+05   1.4823976317037e+06  -2.9832662769810e+05  -1.1693902332502e+05   6.0645878606836e+05   3.1096957515477e+05   3.9074017637046e+05  -1.1835836697655e+05  -3.3596247741522e+05  -7.9652726534259e+05  -3.4512492750621e+05   4.0059294742031e+05  -7.7581249510028e+05   1.6639246317114e+05  -2.5151457034096e+05  -6.2286590566532e+05  -2.7824672780552e+04  -5.2365779463442e+05  -5.2306884569285e+05   3.0660885361042e+03   1.1522586621074e+06   8.3497314829706e+05   2.1931528523493e+05  -1.4996675046268e+06  -1.9844120361178e+06   1.1445390819367e+06   1.1906780481943e+06  -1.3309162381597e+05  -1.0475987211398e+06   9.0194485422816e+05  -8.1995469285680e+04  -7.9715949163383e+04  -2.7725211105664e+05   8.3746249675801e+03   7.8309877897105e+05   7.2309558165111e+04   2.1300144096786e+05   1.8458939967839e+05  -2.7689708256959e+03  -4.5114837039287e+03  -2.7247221679899e+04   1.3442751911664e+05  -2.8045763610799e+04 
  3.7103004484469e+05   3.0655100646898e+05  -5.7543841410048e+05   9.1663426178964e+04   4.1432741463327e+04  -5.1167744595835e+04  -2.0143182334318e+05   3.1857916411089e+05  -1.0346949449474e+05  -1.2525899773992e+05   7.7839882402187e+04   4.5386538347118e+05  -2.1980633412448e+05  -1.5661521049929e+05  -8.3314194909172e+04  -2.8714961699420e+05  -7.7398703045187e+04   1.2343803638892e+04   7.0221551516654e+04  -4.3287253631865e+04   9.6431990091100e+04   4.4604994752129e+05  -6.1758960859164e+03   3.4577808773170e+05  -3.1023104208245e+04  -7.4818292110973e+04   4.8556144767656e+05   2.3147710934162e+05   6.4677046128491e+04   7.3256617666659e+04   2.8689934233984e+05  -4.6191801944125e+05  -1.1888624767787e+04   2.7949971519852e+05  -3.3709043720672e+05  -1.5750651698114e+04   1.6545310720235e+05  -2.7287594417321e+04  -1.8271945405774e+05   2.1808537861710e+05  -1.3599126210542e+05  -6.4926651979772e+04  -4.9208286751029e+04   8.9601440274338e+04   2.1488458276969e+05   2.1203000103369e+05   8.6657649431927e+04   7.6678495725949e+04   5.1409265933285e+03   4.1604214660550e+05   2.3234921284554e+06  -1.9366418694317e+05   5.0771556370475e+04  -3.0545162754008e+05  -7.4362929440436e+05   1.0589420110213e+05   4.2248605284334e+05  -9.4290473652769e+04  -4.5024046878038e+04   3.8134444374292e+05   1.2078596165192e+04  -7.5183121221494e+02  -5.5097464953204e+04  -1.6924011747554e+05  -3.4903286997887e+05  -5.1063648412587e+05  -4.6297843044393e+04   4.4066067692698e+04   2.5322719609795e+04  -6.3961845259443e+04   9.4121182888981e+03   7.0744838710380e+04  -1.5237148755504e+05   7.3672058239480e+05   3.1962784182907e+05   2.0591518801358e+05   1.6866714267642e+05  -6.5745485030851e+05  -6.3672179730069e+05  -1.8007029627234e+05   3.5595787032561e+05   8.4662288141666e+04  -1.7659484630987e+05  -1.3194053591599e+05   2.1115201946331e+05  -6.0978001279232e+05   2.4933161297965e+05  -2.3970696514046e+04  -1.7288704212072e+05  -3.2094736635952e+05  -1.4714970537625e+05   2.6615438860608e+05  -2.2833494621439e+05   5.5324380636445e+04   6.8268113620460e+03   2.0978633682671e+03   9.6634611994949e+04  -5.2872221754358e+05   2.1296068595339e+05  -4.0046431438952e+04  -1.1894907693767e+05   1.8351057555214e+05  -5.4721191555736e+05   5.2492061508044e+05  -2.6116856160130e+05   5.3962568137389e+04  -1.2796148892099e+05   3.1792079491913e+05   7.9156576246258e+04  -5.4026903473018e+04  -1.4435882275647e+05   3.8445759907106e+04  -3.2665954331869e+04   4.2856948452696e+03   5.0707997693571e+04  -1.0206169188791e+04 
 -1.6436415381244e+06   2.1899356739962e+06  -3.4076438599328e+05  -2.5420560217516e+05   6.4987564845943e+04   3.3857472949156e+03   3.1040188392958e+05  -2.5574626513590e+05  -1.6653560891536e+04  -6.9390605868682e+05  -3.7664333908758e+05   1.6328667199879e+06  -5.5372660259462e+05   4.5045919630552e+05  -1.5075194666051e+05   1.1603766108733e+05  -4.1578590528480e+05   4.2694194686630e+04   1.5347716153174e+04   1.4450073097841e+05  -2.4320124438107e+04  -1.7392457956101e+06   1.8100324636331e+05  -6.8300056640708e+04   3.6730734777514e+05   3.2916071105253e+05  -7.0375172603374e+05  -3.5327799109273e+05   1.5706235424395e+05  -4.5306312852474e+05   7.5682457004698e+05   1.6874287941453e+05  -7.8871222930402e+04  -5.8554306684337e+05   1.2120084358453e+06   3.7343911341205e+05  -4.9767538499675e+05  -3.9867341508690e+05   8.4983176823818e+05  -3.7096053161914e+05  -2.1348691293721e+05  -4.5304341443507e+05  -2.9608793316893e+05  -3.4964585355801e+05  -3.7441372477758e+05  -2.3681186303096e+05  -8.1423924404675e+05   9.1943758655172e+05   8.3444175581490e+05  -7.2863353576154e+05  -1.9366418694316e+05   1.3675093986452e+07   1.0830414949444e+06  -2.5905182140784e+05   7.8179655282226e+05  -1.4680561177153e+06  -1.4183461713508e+06  -4.1932587249433e+06  -7.2051863130566e+05  -1.0068003102596e+06   3.8755450663677e+04  -5.5598793622510e+04   1.0010910505770e+05   1.1272323218373e+04   2.7896712561661e+05   4.7234179041289e+05   3.4384897781766e+04  -1.9705633747178e+05   6.6215442766068e+04   4.4937773688871e+05   3.5468636104000e+05  -1.5900346471672e+06  -1.9456387776924e+05  -2.2681987974512e+05   2.8671795058971e+04  -1.6539408259352e+06   1.5201446944439e+05   1.9039559437825e+06  -3.4136772342800e+05  -9.7832811593264e+05  -3.9129405007830e+05   1.5050940257159e+06   6.1352374823803e+05  -9.2139332790114e+04  -7.4002896134711e+05   6.2200548465383e+05   1.2163189926381e+06   5.3841490846212e+05  -1.7361304783154e+06  -3.0740157590128e+05   1.2524010669373e+06   9.2419903730162e+05  -1.1211698854680e+06  -8.9467735621982e+04  -6.6392891506429e+05   3.3895204715878e+05   1.1869929557003e+06   3.7746588364891e+04   1.6199531768232e+06  -9.3495310260958e+05   2.8145449994372e+05   3.6256099725451e+05  -3.2442791205148e+05   1.6842505669990e+03  -1.3909739373438e+05   1.9619078270317e+05  -6.0460971250780e+05   4.7704792799687e+05  -1.7803327684205e+03  -3.6473444219674e+05  -5.1942734578563e+04   1.3921901119630e+05  -2.3236447313755e+03  -2.5174699452672e+04  -9.4695481654732e+04   4.7123291928140e+03 
  3.8469393617081e+05  -5.1808061538456e+05   3.3925241142778e+05  -2.4477633129104e+05   1.8317534395718e+05  -6.6945914927909e+04  -5.0440398696503e+04   1.6999549699548e+04  -3.4296275999502e+05   5.3415964678928e+04   3.6125451925809e+05   3.2070879493995e+05  -6.6828842398845e+05   2.0623580186457e+05   3.2812518954523e+04  -2.3373657397859e+03  -1.7978721993883e+04  -1.1741520411102e+04   3.7532923806144e+04   1.0839682011335e+05  -1.0583022822500e+05   4.0814746770161e+05  -3.0480408855071e+04   3.9414829411831e+04  -3.4289855944902e+05   2.9673143797212e+05  -8.4656963534996e+04   1.0183201364580e+04  -4.4312801321890e+04   4.4775017291906e+05  -7.8382641002805e+05  -6.0528202031119e+05  -4.0037259632487e+04  -8.4675954253649e+04   7.7662607606300e+04   2.6646122309482e+05   1.9668936970471e+04   2.4387761379388e+04   2.0400435518487e+05  -1.1442327323604e+05  -3.1640692841507e+04  -4.8051743394911e+04  -1.7498974683400e+05  -1.9216739665245e+05  -1.6507820829509e+05  -1.4090067421458e+05   1.6269027237215e+05   2.9059947633695e+05   2.9699508832297e+05  -8.0293875776098e+05   5.0771556370475e+04   1.0830414949444e+06   1.5618521041161e+06  -2.8975142486234e+05   7.6753980212087e+05  -3.7112472189960e+04  -6.2025016324730e+04   4.7789759120285e+05  -5.9944661119883e+05  -1.7759959224214e+05  -6.5169970905229e+04   1.3659768241170e+04   3.1941517112226e+04  -1.6989246582171e+04  -3.1415829345315e+04  -2.2764796920090e+04  -3.4643841647569e+04  -4.6040233235622e+04  -2.0419964781880e+05   4.9232374441682e+05  -2.7499740570536e+04  -1.4201404038104e+06  -2.6585287815176e+05   2.9306767973189e+05   6.5290166478391e+05  -9.9088468994324e+04   6.1802289129748e+04  -9.4347882071064e+04  -3.9328559999113e+05  -2.6268667734843e+05   6.3278992655900e+05  -3.2141281344813e+05  -1.4563715930524e+05  -3.8593593179829e+04   2.5090446472010e+04  -2.5738136033883e+05   6.9947215432499e+04   4.5325212400233e+05  -4.0688756910775e+05  -2.2777551483057e+05   7.4651506166307e+04   3.4469789365729e+05   2.9316425412145e+05  -4.1041071668843e+05  -2.5293012932769e+05  -1.4114468674281e+05   1.0554623992324e+06   1.0900577862140e+06   8.3397383599450e+05  -2.8838796856945e+05   3.6078962248353e+04  -2.3680619058944e+04  -4.6609010555422e+05   3.8145410132241e+05   1.0589017418603e+05  -4.4519027825102e+05  -2.9289223771670e+05   2.1492758307702e+05   1.0397259783413e+05  -3.1480924652114e+05  -7.3122526273600e+04  -3.6190104051078e+04   5.9825628537175e+04  -1.8437067832042e+04   3.2758980392994e+04  -6.4879114549367e+04 
 -2.9842121305564e+05   1.6725842537463e+05   7.5418470193781e+04  -1.0861130013664e+05  -2.0354387286413e+03   9.0486480765748e+04   3.1941976256769e+05  -3.3708474841987e+05   2.2734922901291e+05   2.1115205852163e+05  -1.2101870190210e+05  -3.7719003138537e+05   3.7729358009696e+05  -8.3898160664581e+04   3.5013776587857e+03   6.1444404936126e+04  -5.2679196932459e+04   4.0284577006241e+04  -7.1953920564299e+04  -1.6715933432668e+05   1.4601454744236e+05  -2.4921553497166e+05  -8.9410902280709e+04  -1.3660427134233e+05  -1.2454673438382e+04   7.6994916361793e+04   8.2133066146865e+04   2.9313075490678e+04   1.6409583512614e+05   5.1276737861207e+05   1.0752650865419e+04  -3.9089280191798e+05  -3.7840908528196e+04  -1.1690568881691e+05   2.7114194235353e+05   4.3772909671771e+04  -3.0248119880943e+05  -1.1176244732984e+04  -2.9423574144535e+05  -1.7804318514287e+05  -8.2163761959981e+04  -8.9250156709459e+04  -1.4185782392290e+05  -9.5091817556483e+04  -7.3814474564537e+03   7.7499312605306e+04   1.6169687679059e+05   1.8341693741604e+05   9.7320842671438e+04  -4.2199588150072e+05  -3.0545162754008e+05  -2.5905182140784e+05  -2.8975142486234e+05   2.0219774268161e+06  -9.0241121753968e+05  -1.5717581424952e+05   2.4462933958675e+05   4.0364112419177e+05   1.3412802525054e+05  -1.4163271474979e+05   4.9690839224317e+04   1.7265096028501e+04  -2.7051858998157e+04  -2.4158122443676e+05   2.7298048317135e+05   1.0226414647549e+05   8.2637680543707e+03  -4.3196482143925e+04  -1.4530597169020e+04   1.1877054306045e+05   1.3871772311455e+05   6.8511186081583e+05   2.8645472778567e+05   1.7876462108690e+05  -3.5613595475188e+05   1.8556209127815e+05  -5.7581794883499e+04  -1.1253758423521e+05   3.7694163140646e+05   2.1068742765844e+05  -2.1190197042810e+05   2.1033684353089e+05  -8.3769559708865e+03  -2.6233343293335e+05  -5.7790536951383e+05  -2.4817033359209e+05   6.7339899027964e+04   8.3734457977308e+04  -1.2747209085516e+05   2.1992603341859e+04  -5.7836331661178e+04  -5.0445430622281e+05  -1.0859239852611e+05  -7.6698938771535e+04  -4.1307867392846e+05  -3.7702801964240e+04  -1.1781482443655e+05  -3.7691995164248e+05  -1.6178964459362e+06   8.2536684318784e+05   2.7407713878790e+05   5.3554002125107e+05  -4.9264683791127e+04   4.2566568863277e+04   3.0770145777986e+05  -1.4069123048312e+04   9.5814986041231e+04  -4.8648812701575e+05  -5.4797646211987e+04   2.0249098607213e+05   3.4224227800770e+04   5.5656963206684e+04  -3.2720203723372e+03   3.8616957697912e+03  -8.3581372507127e+04   2.3855291538253e+04 
  2.9485121851279e+05  -9.0458909533294e+05   1.2858993875763e+06  -6.3947387267689e+05  -3.6160082345673e+04  -4.9237660299190e+04  -3.4261150265918e+05  -4.1158812903166e+04  -2.2883530156960e+05  -4.3557476528813e+05   6.5844443848465e+05  -1.8735629197488e+05  -1.9797416207502e+05   8.9708085657310e+04   3.0517698463002e+04  -8.5353253867330e+04   2.4575014938714e+05  -5.4349645222553e+04   5.4907540795757e+04   4.5226428254549e+04  -7.3484676278851e+04  -1.7209554587739e+05   1.9246180910141e+05   4.7943712775619e+05   2.6316047645189e+05   2.4852958032999e+05   4.5668788398294e+05  -1.1570337641846e+04  -1.9831993258580e+04  -4.9947108459270e+05  -3.9677582419258e+05  -2.7805570789782e+05  -1.2700231772049e+05   7.9447579882547e+05  -1.0452163137297e+06   1.7603444687166e+05   2.8862404674005e+05   2.6328768924385e+05   3.3375120204503e+06   7.7731363992160e+05   1.0325797719683e+06   8.1468759263593e+05   3.8824954259224e+05  -6.7268780714326e+05  -1.4389808035783e+06  -1.6037975868055e+06  -8.7414382758977e+05   8.4449336781750e+04   1.1504708326019e+06  -4.4724465834396e+05  -7.4362929440436e+05   7.8179655282226e+05   7.6753980212087e+05  -9.0241121753968e+05   8.8856368845759e+06  -4.1904863305839e+05  -9.0245551270610e+05  -3.9730311133599e+05  -2.8344223520764e+06  -3.9139141287030e+06  -6.8986803512484e+04  -9.6194822779455e+03   3.3454018257505e+04   1.8865437319068e+05  -1.7236464242601e+05  -2.5176133555368e+05  -1.1663796501084e+04   1.5997850378035e+05   1.4060475978853e+05   1.1012235307151e+06  -4.8381636852582e+04  -5.6588512158241e+04   4.8083349448037e+05  -1.3106243900475e+05  -8.7676708815400e+05   1.2784689632183e+06   4.1587526603038e+05   5.5625056575364e+05  -3.2633980733409e+05  -5.6995793831688e+05   2.1262643618299e+05   1.9621942334143e+05  -2.5282917482978e+05  -2.5016860932943e+05   5.7483595908318e+03   1.0222013115846e+05  -1.6932428119674e+06  -6.5272614761508e+05  -1.2632808400700e+05   8.2393849444698e+05   2.0248615541812e+05   3.5836065083672e+05   1.4578312691243e+06   7.2864220841248e+04   2.9968282994305e+05  -7.9581040693522e+04   1.5760539314371e+05   6.8724498303098e+05   5.2260669058057e+04  -4.6348197261962e+05   2.1467607719317e+05  -1.3713165905906e+06  -4.8533369992820e+05   3.8239256742409e+04   3.7698990149015e+05  -2.3385576625259e+05  -2.1759577053282e+05   9.8225915795970e+04   2.2240620969343e+05   5.8054745172876e+04  -3.6353853349578e+04  -1.8409088600346e+05   9.8174860354470e+04   1.5348691361635e+04  -6.3504069397122e+04   4.0921437816748e+04 
  1.2492624880335e+05   9.6398812366099e+04  -2.5298059883894e+05   1.0556591496735e+05   1.2218061030617e+04  -7.2474979202673e+03  -6.0182682213916e+04   7.9359823420693e+04  -5.0295362425170e+04   1.8130854050238e+05   1.6156548339247e+05  -2.4883878253723e+05  -2.7821674956764e+05   2.0443198550950e+05  -1.2970436019492e+04  -5.0876081874987e+04  -1.1709554448145e+05  -3.3682624563733e+04   3.0417053202807e+04  -2.2395942915398e+04  -1.1240186566470e+05   1.4501160205329e+05   6.6305793996345e+04  -3.3082232589098e+05  -1.2457607712789e+05  -1.0390935174812e+05   1.5641915510269e+05   3.8447375867813e+04  -4.0517949327563e+04   5.1011860667486e+05   1.3142120763806e+05  -4.3655545528090e+04   1.2959947758719e+05  -3.4270676419270e+05  -1.9177497505746e+04   1.5151874370818e+05  -2.1763179518468e+05   8.0178640986812e+04  -9.1319387316455e+04   1.8564444174119e+05  -3.9114317340200e+04   1.0109980212783e+04   3.3728523074268e+05   3.9362486192449e+05   4.2179016783296e+05   3.7332823169628e+05  -1.2112967309769e+05  -1.1034757068468e+05  -4.8431452353976e+05   2.6862915772514e+05   1.0589420110213e+05  -1.4680561177153e+06  -3.7112472189960e+04  -1.5717581424952e+05  -4.1904863305839e+05   1.2902485840185e+06   1.8441713963446e+05   5.1482095543298e+05   1.6862058396984e+05   6.0688990570751e+05  -1.4505347712463e+04  -1.1797905309997e+04   4.1170664052575e+04  -2.1702457698775e+04  -1.3192444448370e+05  -6.3240473439088e+03  -2.9097401376038e+03  -1.8122200204700e+04  -1.5282547618881e+05  -1.4517357341509e+05  -4.0285674439784e+05   1.3357213609119e+05  -3.7200164672640e+04   9.4494666182318e+04   2.2966765214164e+05  -2.7727247668961e+05  -2.4614367650396e+05   2.2867328420814e+04   2.1496646616259e+05   2.6219519483985e+05   9.1979789786031e+04  -5.5237526870983e+05  -1.1532448593413e+05   1.4506245280495e+05   3.5000359996534e+05   4.9410496963699e+04  -2.7870606141667e+05   7.3787517729182e+04   3.7215741717623e+05   2.5366630231831e+04  -2.1981866047025e+05  -1.7077522539119e+04   2.3346567299650e+03  -3.7382730614978e+04   1.3295178570316e+05  -1.2763277623226e+05  -1.3816491714322e+05   1.7272562827717e+05   3.3645815288626e+05   1.3118481189773e+05  -1.4384355293637e+05  -2.6546397962380e+05  -3.3848545045329e+04  -2.9667690467311e+05   2.5639108480134e+05  -1.3604533662082e+05   2.2387509896114e+04   1.7826956604182e+05   7.4467655328972e+04  -1.1168597681526e+05  -7.7165559784927e+04  -1.2290135575647e+05   8.1919894343954e+04   7.9550091361273e+02  -1.3048480074776e+04   3.7224828372681e+04 
  1.4715788074492e+05   4.2534262504844e+05  -5.7792536564831e+05  -7.9393178969935e+04  -2.1656223543617e+05   1.8397935657112e+05   1.4121401418924e+05  -2.4065438617478e+05   4.3421038540014e+05   3.6262279393322e+05  -1.7055356607336e+05   1.1933417326532e+05  -1.0969402014362e+05  -8.2257367106258e+05   1.9607655570826e+05  -1.5050118255799e+05  -1.3398841893431e+05   3.4560781664333e+04   7.0787812476954e+03  -1.1565571093969e+04  -1.0637163241251e+05   4.3611617487007e+05  -1.0494526685601e+05  -2.1266475114425e+05  -3.3416804077015e+05   4.3728183536395e+05  -2.8591797018909e+05   2.0831924400053e+05   6.9632057139686e+04   6.0458567398149e+05   2.0100892273170e+05  -4.6343829720836e+05   2.9235321463184e+04   6.2566804156341e+05   8.0417008255700e+05   5.2284639400410e+04  -1.3012254187362e+05   2.6537622910583e+05  -2.2655373503791e+05   4.6151321448377e+04  -2.7173438919157e+05  -1.3075423233080e+05  -3.5399878776809e+05  -1.6213649306478e+05   5.3051044019900e+03   9.8383406020220e+04  -2.2642986570188e+05   8.5050736973834e+05  -1.9801757888621e+05  -7.5073169603040e+05   4.2248605284334e+05  -1.4183461713508e+06  -6.2025016324732e+04   2.4462933958675e+05  -9.0245551270610e+05   1.8441713963446e+05   5.4201130169648e+06  -3.4753320908562e+04   2.7716703993986e+05   1.1197345509947e+06   8.4561447914033e+03  -2.9504891734010e+03   3.1819073157998e+04  -1.1475027305749e+05  -1.2839144485615e+05  -1.2968282556911e+06  -4.9874538970774e+04  -2.3238225882903e+05  -3.8227147380390e+05  -1.7196911882405e+05   2.6558743390272e+05  -1.2378609617878e+06   3.5603689472188e+05   3.8836741976217e+05   8.0204540442334e+05   1.9014414372281e+05   1.7862701075626e+05  -1.1094566032973e+06  -4.7038702764979e+05   1.5048670508263e+05   7.6765740324685e+05   4.7698360470160e+05   6.1160470007992e+04  -7.9719251264233e+04  -6.2354662102696e+05  -1.0763901371383e+05   4.4273513835786e+04   3.0901169912806e+05  -8.5584788268201e+04  -9.9188230821718e+04  -2.7820046240224e+05  -4.2030297607531e+05   4.0686251012015e+05  -2.5637034456906e+05  -3.0632350435982e+05  -2.1465006009795e+05   1.5554840606330e+05   4.9450393364225e+04  -7.5788909653451e+04   3.0787183829745e+05   4.4037263341563e+05   4.2065423442988e+05  -4.6570559294134e+05   1.9525051566888e+05  -1.5036655635908e+05   1.5457464041068e+05  -1.9930211694746e+05   2.6000780160594e+04  -4.1869505739320e+04   1.5114921474260e+05  -8.5654827650359e+05   2.2510318157217e+05  -8.0885047030578e+04  -2.3083123050300e+04   1.0930157352235e+05  -6.6371741991213e+04 
  2.1993386169934e+04  -2.0707172693644e+05   1.0158050033811e+03   7.8733831894555e+04   1.6952736964582e+05  -1.0383516142844e+05   1.6614914080756e+05  -4.4136768806007e+04   4.3833135416815e+05   3.1177545456666e+05  -1.9780211837000e+05  -8.0668344919714e+05   6.4035186257468e+05  -3.7218903292782e+05  -1.1963382394504e+05  -4.0339739347089e+04   1.2518492580005e+04   1.3786442583758e+04  -9.4780958951635e+03   9.2498226775461e+04   2.0510602310908e+05   4.8026904124161e+05  -1.5370673443712e+05  -2.6239433176502e+05  -4.2370930017302e+05  -3.2620926397791e+04   1.3877178491524e+04   1.5380787468798e+05   2.1091648811145e+04   7.1087433989070e+04  -4.7669798449184e+05   3.6706269737996e+05  -1.5475332325320e+05   1.6055171088845e+04  -3.7380635607216e+05  -2.7775924721799e+05   1.7907512032092e+05   1.8113200970731e+05   1.1883212924813e+05   1.3799216024610e+05   2.9325720001146e+05   3.4517121009945e+05   4.9220913781067e+05   3.8658412611732e+05   2.8800601901231e+05   2.4113240073482e+05  -1.9826956242928e+05  -8.5414718264637e+05  -2.6650263511011e+05   5.3431122405994e+05  -9.4290473652770e+04  -4.1932587249433e+06   4.7789759120285e+05   4.0364112419177e+05  -3.9730311133599e+05   5.1482095543298e+05  -3.4753320908561e+04   3.6564621449246e+06   1.0424473921099e+05   4.1211344549019e+05   1.4378189371224e+03   2.7401021622679e+04  -5.3206852639190e+04  -1.5604937679210e+04   8.9479626304847e+03   4.2659520989202e+05  -2.4654686248962e+04   7.5548214181790e+04  -7.9293282730172e+04   5.7128613005318e+04  -6.0499525232863e+05  -2.0715504490048e+05   1.3943726318424e+05  -5.7254868992304e+05  -5.1322403338818e+05   4.2713727219702e+05  -8.0874437954284e+04  -5.1020591930809e+05   1.3153469378102e+05   3.1452251702082e+05  -3.3789449303706e+05   6.7165193724672e+04   3.5216290598597e+05   2.3951762460863e+05  -3.5292899404796e+05   2.5833577748935e+05  -4.1049541038427e+05  -8.9881139516886e+05   4.4843618600540e+05   5.7880540088006e+05  -1.6260428183483e+05  -1.1226544199146e+06   4.8688730796102e+05   2.2065152704058e+05   1.8159419003861e+05   1.2717727351807e+05  -8.3893014858823e+05  -3.8922577246159e+04  -1.4968689347158e+06   5.5046848651489e+05   3.2130856633212e+05  -1.3798717960854e+05   6.0635423519126e+05  -6.8642753708215e+04   1.5532587735999e+05  -5.4186445184234e+05   2.5941631744468e+05  -3.0756541460755e+05  -1.6636903105272e+05   5.1820327565275e+04   1.5111767974372e+05  -4.3317368033550e+04   5.9805853719275e+04   6.5810959227987e+03   3.8213006826776e+04  -9.0769277643266e+04 
 -3.3928686824486e+05   2.2505190716613e+05  -3.9874243503182e+04   1.0514172145672e+05  -7.3570299805705e+04   1.7706065703249e+03   2.7080469526582e+05  -6.4937393346819e+04  -7.7956840938418e+04   7.7584825103195e+05  -4.5201713802697e+04  -9.0964426208903e+05   5.8234182428743e+05   1.4215310299163e+04   3.2819953243006e+04   1.6687050895554e+05  -2.2016801134933e+05   6.5115499732938e+04  -5.3423586867608e+04  -1.9476579383373e+05   3.2604245576137e+05  -3.7408542537543e+05  -3.0620586112791e+04  -1.0494347661166e+06   5.1978792460109e+05   6.8063450882351e+04  -7.0425482216138e+05  -1.5727714494718e+05  -8.6772826670724e+04  -3.0785890380683e+05   2.4318689319300e+05   8.4843537220507e+05   4.6728449040591e+05  -3.4312969581343e+05   4.2023089826962e+05  -6.0578760456587e+05   1.7124423355376e+05  -2.0835500384377e+05  -3.8147022653418e+05   1.0034172985771e+05   7.8661596585811e+03  -1.5450354406045e+05   1.7265613998527e+03   2.3736103655870e+05   3.1550325091591e+05   3.1139090371185e+05   3.9879175197127e+05   9.4003734394136e+04  -1.4979909452230e+05  -1.7094024682716e+05  -4.5024046878037e+04  -7.2051863130566e+05  -5.9944661119883e+05   1.3412802525054e+05  -2.8344223520764e+06   1.6862058396984e+05   2.7716703993985e+05   1.0424473921099e+05   5.6530797654808e+06  -1.1215970975234e+06  -7.1459940840637e+04   1.2884153870888e+03  -7.4462865646079e+03  -3.9069161322796e+04   2.0164187109221e+05   2.2785080269098e+05   2.2357129662998e+04  -6.2530641628384e+04   7.6408227689901e+05  -9.5953848880266e+05  -5.2381459464436e+05   3.4118119181102e+05   2.9681598752858e+05  -3.3570149663454e+05  -4.7960474791952e+05  -1.2649692708580e+06  -2.9251592803959e+05  -2.3636089326625e+05   6.8826569092434e+05   5.6845225144636e+05  -5.3513461717243e+05  -1.3860185453302e+05   4.1602650035274e+05   3.5745569622933e+05   1.0660680457853e+05   7.5038740799452e+05   1.8315887205708e+05   3.7476248066517e+05   4.2402064326412e+05   1.5156244518990e+05  -2.8859497537337e+05   1.4917409173545e+05  -7.9316284921418e+05   7.0609967105208e+04   7.5891059639767e+04  -7.7236212215345e+03  -4.6785571562794e+05  -3.6460553661805e+05  -9.0572714041134e+04   1.9264106698795e+05   9.9310137156132e+04   3.2692117893651e+05  -5.8088776294813e+04   2.0001310134566e+05   7.9073348425364e+04   3.9343733451301e+05   1.9450526528082e+04  -1.3113085771011e+06  -1.7075810851446e+05   4.0741916081212e+04  -1.5573436345013e+04   1.6180120709776e+05  -1.2923541532466e+05   2.6706621680801e+04   9.3815672119817e+03   1.1527108523138e+04 
  1.3256576949990e+05   2.5172146933717e+05  -7.4165068783569e+05   3.3312033618214e+05  -6.8052229056229e+04   1.5795058374809e+03   3.2911455670327e+05  -1.7058262054878e+05   2.7979513577444e+05  -2.9198650917887e+05  -7.0411190211030e+05   6.6605815751935e+05  -2.3187616430204e+05  -2.0723136180929e+05   2.3185459197260e+05  -1.5132716079838e+05  -4.2899548519553e+04  -6.7889294497154e+04   3.5839239152534e+04  -7.0060969815154e+04  -3.2306226384340e+05   5.2284537368793e+05  -9.5424560487066e+03   1.2580312754874e+05  -1.0234358625653e+06  -4.4285151841900e+05   3.2055911355091e+05   7.3387596407449e+04  -1.0327387559615e+04   1.3019786490707e+06   3.6592988793378e+05  -4.8453066024253e+05   8.6774454465342e+04   4.4917350296449e+05   7.0444772507220e+05   3.5942439354783e+05   7.4779086836343e+04   1.5032109137492e+05  -2.1477516362142e+06  -3.4917776395526e+05  -8.8312725951239e+05  -5.1750340671017e+05  -6.9833390624948e+04   6.0994326032392e+05   1.1936779567809e+06   1.2795875701500e+06   1.3927574560460e+04  -2.2882561445274e+05  -1.0724244643203e+06   6.4534553886620e+05   3.8134444374292e+05  -1.0068003102596e+06  -1.7759959224214e+05  -1.4163271474979e+05  -3.9139141287030e+06   6.0688990570751e+05   1.1197345509947e+06   4.1211344549019e+05  -1.1215970975234e+06   6.8628775739119e+06   1.2679407235642e+05  -3.3218826415983e+04   2.7607697384564e+04  -7.0837147965504e+04  -5.5342705682433e+05  -3.5010606831394e+05  -1.1619109544821e+04  -1.8863235174678e+05  -1.6249835580921e+06  -1.4680245435117e+06  -2.3286795196048e+04  -6.5449372350586e+05  -1.4150216241149e+05   8.3365291629839e+05   2.2299579830925e+06  -5.7326501665595e+05   7.2554601050861e+04  -2.4538967266061e+05  -2.5410843544577e+05   2.7234003401964e+05   5.1664461586426e+05  -4.3793000583478e+05  -1.4792098970739e+04   3.0052597451175e+05  -1.5839592925325e+05  -4.3478718332012e+03   1.0975453323173e+06  -1.5125985150036e+05   1.6493279744612e+05  -4.2625736478098e+05   1.4947648596390e+05  -5.3789106027083e+05  -4.5408361905537e+05  -5.2437649994533e+05  -4.4277877951302e+05  -3.1236617967043e+05   5.9814261856480e+05   4.4315064710398e+05   1.2021805359985e+06   1.2083134645531e+06  -7.8361846384030e+04   4.4126438592623e+05  -6.7714763125465e+05  -8.5860482930424e+05  -4.5575455182255e+05  -7.3455385134699e+04   6.8258086527417e+04   6.3795092427576e+05  -1.1546492430008e+05  -3.2446384964877e+05  -1.8382894406775e+04  -2.5710673532029e+04   2.5445843825751e+04  -4.4571143939958e+04  -3.1683982496476e+03  -1.4404460134091e+04 
 -2.9436945220178e+04   9.7340195633438e+04  -3.0031157709048e+04  -1.5902604214721e+04   3.5854040823508e+04  -2.3508260594882e+04  -7.7114153377834e+04   3.7467529037683e+04  -6.5227558369578e+04  -2.2718425267275e+04   2.5015728876519e+04  -2.0788370712582e+04  -3.8461022091304e+04   7.9200633571904e+04  -5.2502976237430e+04   5.3960910291433e+03  -2.9589068554676e+04  -7.8687778624249e+02   4.1483256248069e+03  -8.6648395463041e+04   8.3091990712743e+02   2.2437026082137e+04  -2.3147359304220e+04   9.1449813967982e+04   5.4936647600016e+04  -3.5875245959344e+05   7.6320666160607e+04  -2.6399944362152e+04   1.8478177890104e+03   1.0273357274900e+05   3.7834899437167e+04   9.4265673170481e+04   1.0964676672975e+05  -2.6928625343533e+04  -6.8381851912170e+03   5.1334933963546e+04  -9.3638660372232e+04   3.1066115576701e+04   2.5340270338320e+04   6.8511514237432e+04   1.3420477856172e+04   9.5428223337124e+03   5.4051042537421e+03   1.1045734363626e+04   2.1043977617188e+04   7.9657758190084e+03  -1.5349370237747e+05  -2.5964629466513e+04   1.8788123193930e+04   2.1541797652609e+05   1.2078596165192e+04   3.8755450663678e+04  -6.5169970905228e+04   4.9690839224317e+04  -6.8986803512482e+04  -1.4505347712463e+04   8.4561447914035e+03   1.4378189371223e+03  -7.1459940840637e+04   1.2679407235641e+05   2.0973766429249e+05   3.0525261429943e+03  -1.5507871360510e+03  -1.3141411222182e+04  -4.8502231781006e+04  -9.0002010394281e+04  -2.0979159093014e+04  -2.8354567787460e+04  -5.3316923509841e+03  -4.9481431330977e+04   6.6985954384332e+04   1.9302034471746e+05  -1.8405059397882e+05   7.0370944323061e+04   1.4151395958499e+05   4.3187590659075e+04  -3.0350357116429e+04   9.0248831050486e+04   4.2031528663349e+04   2.0472776552329e+04  -8.4271592954195e+04  -1.4536195292750e+03  -2.2411221537129e+04  -3.1206840572750e+04  -3.2817547280249e+04  -4.3734721481495e+04   1.3973697282053e+05   7.6526050899376e+03   9.5747686654974e+04  -6.0841876259857e+04   7.0816830580292e+04  -1.2818054916700e+05  -7.5471971599973e+04  -9.0062176610301e+04  -1.3099772551982e+05  -1.3244181630484e+05   1.2944299703741e+03   7.0886223957279e+01   3.0111480264917e+04   6.0731430292140e+04   1.0717507921354e+05  -9.4499467144735e+04   7.3157806863608e+04   5.5792684400303e+04  -3.1967142635525e+04  -2.1281582539950e+04   9.0781416715644e+03   6.8859937119167e+04  -3.0674304149946e+04   2.4904374026619e+04   2.1092703122673e+04   3.1946772196926e+04  -1.4762055615320e+04  -3.3332325733826e+03   1.6273438499407e+04  -8.4051852274238e+03 
  4.3914501235599e+02  -1.7590538968768e+04   5.6003809011689e+04  -3.4757399815246e+04   3.6190485532922e+04  -1.6005652552591e+04  -5.4125430393628e+04   5.9330902258956e+04  -5.3121081378980e+04  -2.1303742709439e+04   4.6721901065851e+04   8.3966206101814e+01  -1.0875612733969e+05   1.1917270535905e+05   5.8154266451005e+03   2.1297084122654e+04   8.6497799591344e+03  -3.0406300448502e+03  -1.5388821539556e+03  -7.5611177512373e+03  -1.4232547260414e+04   1.7132910831247e+04  -2.8671179443511e+03   3.5481588943263e+04   1.7506680887469e+04  -1.0652095984327e+05  -7.8975795169545e+04  -3.4767320638900e+04  -1.1062767726438e+04  -6.7408780968214e+04  -9.0406124340930e+04   1.2429498295120e+05   2.6775142220042e+04   8.5878891796622e+04  -7.6372129918019e+03   9.5293517540947e+04  -3.0888814517085e+04  -2.0566877218066e+04  -1.1716338800025e+05   6.1874960492319e+04  -2.6370656739256e+04  -2.0076352210778e+04  -6.6579606290979e+04  -4.8607499366915e+04  -3.5818232594528e+04  -4.0061367998639e+04  -3.5338762305206e+04  -1.8333692181198e+04  -3.9406845405041e+04   3.1077024845666e+04  -7.5183121221502e+02  -5.5598793622510e+04   1.3659768241170e+04   1.7265096028501e+04  -9.6194822779459e+03  -1.1797905309997e+04  -2.9504891734017e+03   2.7401021622679e+04   1.2884153870892e+03  -3.3218826415983e+04   3.0525261429943e+03   8.9740618984654e+04  -8.6768419768315e+03  -3.1433542633085e+03  -1.1409260993071e+04  -2.1819718258927e+04  -7.0481992837709e+04   2.0662240902184e+04  -2.8278727234857e+04  -1.0960319748047e+04   2.5780976335722e+04   1.2162225213211e+05  -6.1349851328950e+04   9.9103795425993e+04   1.5426284102151e+05   3.5605253270645e+04   8.3353543198987e+04  -1.9119395222241e+04  -5.0892217893141e+04  -1.0067316617514e+04   6.1404558457272e+04  -2.1128926950862e+04  -9.2530447794921e+04  -6.6266799638157e+04   2.0839100362002e+04  -1.0407047816056e+05  -3.9539342393227e+04   1.3927478068939e+05  -2.3129138080124e+04  -5.9505382873155e+04  -9.0302700313678e+04   4.9129114561533e+03   5.0407452816828e+04  -1.4294096208391e+04   1.0325616038014e+03  -3.4366244803345e+04  -4.3172306893765e+04  -1.1212302825391e+05  -1.4191159436189e+04   9.6449364898042e+04  -5.8581635514859e+04   4.0531072857125e+04   3.1889149791519e+04   1.6918730376047e+04   1.0397191751480e+04  -2.7952820354101e+04   5.8363856640053e+04   2.0268749839022e+04   2.5916744365815e+04   8.0277655871576e+03  -3.0785542630608e+04  -1.2539079453140e+03  -3.6415400444986e+02  -1.8480467591443e+03   3.5915486175939e+04  -2.1513255484328e+04 
  3.0033750635263e+04   4.1536030229636e+03  -2.0127627309356e+04   1.9202717884929e+04  -8.2404735487118e+03  -4.8413927183774e+03  -8.1155054469063e+04   5.4817894755041e+04   7.8960034190733e+04  -3.4160129839065e+04  -4.6979366033477e+04   4.3457995249232e+04  -9.8435526848058e+04   8.0103315144426e+04   2.0338507030310e+04  -1.6847150238849e+04  -3.4910660909400e+04   3.8584201124021e+03  -1.6349732987387e+04   8.4900622488387e+03  -2.0059511476406e+04   2.9942580128713e+04   9.5638033350807e+03  -1.0454627315139e+01  -1.5164455697623e+04   1.8384624266635e+04  -9.2653475376003e+03  -1.3504602561175e+05   1.9388679903826e+04   5.8872114658840e+04   8.5697878414290e+03  -9.5770675413280e+04   1.5331246355254e+05   2.3686078489003e+04  -1.1503207087803e+05   1.4459031253694e+04   3.5934396054632e+04  -3.2600614650263e+04  -1.3514466122911e+04   5.5404103476853e+04  -1.1253244012605e+04  -9.1128570671508e+02   3.6278581450157e+04   3.7941194948260e+04   4.0399569743300e+04   1.9395422721200e+04   4.7440495950273e+04  -2.1842389194224e+04  -7.2068074099209e+04  -3.2596868498156e+04  -5.5097464953203e+04   1.0010910505770e+05   3.1941517112226e+04  -2.7051858998157e+04   3.3454018257503e+04   4.1170664052575e+04   3.1819073158000e+04  -5.3206852639191e+04  -7.4462865646083e+03   2.7607697384566e+04  -1.5507871360510e+03  -8.6768419768315e+03   1.2178134170213e+05   1.0458876338963e+04  -1.4373828105187e+04  -1.6376320338243e+04  -7.6648152222441e+03  -6.9097293368976e+04  -3.8615418408292e+04  -6.0695857105267e+04  -1.0834912740384e+04   3.1475403580477e+04  -4.4412884497624e+04   2.5122193821396e+04   1.7016020523397e+05   1.3772929376697e+04   1.0189362558784e+04   1.1470052694943e+04  -1.2590902437127e+05  -1.0209248436209e+04   1.1873330794994e+05   1.1608332533768e+05  -8.4601710582178e+03  -1.8384442942785e+04   3.3618190540829e+04  -7.0334241463881e+04   1.2718027369662e+05   1.1059885537312e+05  -4.4955415334190e+04  -7.2344983624365e+04   4.0686117451352e+04  -6.4678944565126e+03  -2.4633657716278e+04  -4.4338281391565e+04  -3.2740849870210e+04  -6.0549673067261e+04  -3.2438606504377e+04  -9.5808819230209e+04   2.1571393148909e+05  -1.4554484754223e+05  -4.2762693780847e+04  -6.8831054158373e+04   9.9889921195330e+03   2.0186333054668e+04   1.3261295693086e+05   1.5045240959490e+04  -6.3698246203356e+04   7.1438626225476e+04  -1.1796527141059e+04  -4.9012218070868e+03  -1.3625027712053e+04   3.0853053838267e+03   2.3160872055040e+03  -3.5082992533034e+03  -3.0491624042597e+03   8.7911623617100e+03 
  9.5487008256183e+04  -1.5766484731583e+05   2.3645413453363e+04   2.6630806975382e+04  -2.8492453833066e+03  -1.2059210940675e+04  -1.1117006644357e+05   1.0143034045286e+05  -5.2377791127615e+04  -1.8531110543632e+04  -1.4188861211055e+04  -2.0939947250098e+04   1.8049493318050e+05  -1.0191267880527e+05  -3.7790969549391e+04   1.6010825483824e+04   1.2498599159331e+04  -1.1175868219530e+04  -1.4000023958767e+04   7.9305377986770e+03   1.3247344114877e+04   4.4739709210559e+04   2.4542973251653e+04   1.0094043874390e+04   6.4891924417604e+04   3.2434431054954e+04   1.2153248561363e+04  -6.5684776282823e+03  -5.8768457871171e+04  -1.0122134470855e+05   6.9419261685253e+04   1.2231493795156e+05  -5.7052314841122e+03  -1.0059806037227e+05   4.1045645183510e+04  -1.2591873844793e+04   3.4288565530570e+04   1.5727361034418e+04  -5.8325035465584e+04  -4.3945619488913e+04  -1.5737826672429e+04  -1.7216253402538e+04  -1.0616831841043e+05  -1.3244362924202e+05  -1.5213359451816e+05  -1.2350527819835e+05  -8.0132090380902e+04  -8.9377839344545e+04   3.8664377586991e+04   7.3138741790035e+04  -1.6924011747554e+05   1.1272323218374e+04  -1.6989246582171e+04  -2.4158122443676e+05   1.8865437319068e+05  -2.1702457698775e+04  -1.1475027305749e+05  -1.5604937679210e+04  -3.9069161322796e+04  -7.0837147965504e+04  -1.3141411222182e+04  -3.1433542633085e+03   1.0458876338963e+04   2.4108065403137e+05  -1.3167047552632e+05  -8.4080345106870e+03  -6.7240879038529e+03   2.8844230350161e+03  -7.3984653801790e+04   1.1909185869697e+05  -3.0717711022921e+04   1.4738732985648e+04   2.1786109485609e+04  -1.6658423227181e+05   7.9274890078499e+04  -4.6614405691353e+04   1.4575780677003e+05  -2.1168250497567e+04   7.2340047291461e+04  -8.2005263244008e+04  -2.0405317246026e+05  -1.4691237434932e+05   8.9506848760958e+03   9.7494113170553e+04   9.2914765673500e+04   1.3808784330362e+05  -1.5148988156494e+05  -9.7902818781566e+04  -6.5386034647199e+04   1.5530742155249e+05   6.9894367179034e+04   6.5930235323338e+04   1.9032244483771e+05   1.0245066999977e+05   1.0485701197529e+05   1.1375089002018e+05  -5.8271269918658e+04   5.1648882264259e+04  -3.2399526813538e+05  -5.6070512332942e+04  -7.6025441393265e+04  -5.7532542515706e+04   4.8105916218709e+04  -1.9893846598363e+05   4.3144159427113e+03  -5.0584440511615e+04  -2.4468020288731e+04   3.1530206179214e+04   9.5590555141567e+03   3.9979657313246e+04   2.4559999944948e+04  -2.4533705098718e+04   1.3998277145443e+04   6.5195108559104e+03   7.0666457758720e+03  -5.6290096653682e+03 
 -1.7279736971747e+05   2.2388231804232e+05  -2.4512652129311e+05   1.6363953406777e+05  -3.9554288329594e+04   3.8356364583257e+04  -5.8754017159638e+03  -5.0761219464027e+04   8.6432956554790e+04   1.6508497066417e+05   1.7700247151572e+04  -9.6655916374862e+04  -1.4755866261993e+05   2.2358750063378e+05   3.2693809425236e+04   4.4252174584520e+04   3.1258596239976e+03   3.0403700855853e+04  -3.9881340012416e+03   3.3663850534736e+04  -4.4410238553427e+04  -2.5587938286263e+05   1.9281466423999e+03  -2.5087331619557e+05  -1.0885910607610e+05   2.2720615767414e+05  -3.3574918173657e+05  -1.1515054474965e+04  -2.3585628008203e+03   2.9932714723176e+04  -1.0017233283989e+05  -5.0923098888475e+04  -3.6804106490176e+04  -4.5306657696023e+04   1.0377429188036e+05  -8.6131516125566e+04  -3.2332850278346e+03  -6.5881371716832e+04   8.4401976317169e+04  -6.9860171378499e+02   5.6874612308690e+04   1.6706016645173e+04   1.1149553767227e+05   1.0819212737761e+05   8.1359153040430e+04   8.9179016712021e+04   3.9019529315892e+05   2.2064264285257e+05   4.6203834803400e+04  -4.1721107893454e+05  -3.4903286997886e+05   2.7896712561661e+05  -3.1415829345315e+04   2.7298048317135e+05  -1.7236464242601e+05  -1.3192444448369e+05  -1.2839144485615e+05   8.9479626304842e+03   2.0164187109221e+05  -5.5342705682433e+05  -4.8502231781006e+04  -1.1409260993071e+04  -1.4373828105187e+04  -1.3167047552632e+05   6.8178921334240e+05   1.3287040120082e+05   6.4992634381705e+04  -4.9684203867302e+04   2.1350391979013e+05   1.3100736043845e+05  -9.4294531409708e+04  -9.3673661842170e+04   1.5057132865834e+05   2.6024399599612e+04  -7.4097554449362e+05  -1.4039698520126e+05  -2.1499789003770e+05   2.3192052960596e+05   1.9325816805376e+05   1.1529547407124e+05  -5.3540532561944e+04   1.2365055135853e+05   2.6225646271574e+05   1.7898515415729e+05   3.0160905098727e+04   3.9269360861782e+05   1.1663466446042e+05  -1.7606039114597e+05   3.7911764368487e+05   1.4073463138096e+05   1.1119284634478e+05  -6.7034592254421e+04  -3.1794320900472e+05   5.7846210122181e+04   9.8551467893531e+04   7.2654695198514e+04  -2.9552251833551e+05  -8.4736674558256e+04   1.5982564207976e+05  -6.2435300634323e+05  -3.1909166744913e+03  -2.0028394020457e+05   1.4529949532135e+05  -6.8073834716956e+04   1.0763046080746e+05   1.9332260105134e+05   4.2965793465291e+04  -3.1803096222152e+05   4.9852030727568e+04  -7.7820685970630e+04  -4.0252060151386e+03   3.0098014134686e+04  -3.4213909756287e+04   4.9220039469271e+03  -2.3256841322562e+03   2.6151083828471e+03 
 -2.0474034970232e+05  -9.2894340959295e+04   2.1063800712658e+05   4.9315054571049e+04   8.0792672528233e+04  -2.3883148095414e+04   4.8300217614744e+05  -2.8082679876975e+05   3.8061580389246e+05   1.6007964201755e+05  -2.5449237860741e+05  -6.1338460346420e+05   1.0899211656532e+06  -4.7127116434619e+05   2.4139609095197e+04   6.2331213998697e+04  -1.8670285120192e+04  -3.2190034126662e+04  -3.5260599169676e+04   2.6672549731651e+05   6.3517027373014e+04  -7.4958743929178e+05  -1.3150548056269e+04  -2.7424729252480e+05   1.0195122915881e+05  -5.6120102697098e+04  -2.2068848824734e+05  -6.8792264228908e+03   6.1888974860360e+04  -4.0327326698648e+05  -9.4552751020666e+05   5.7187797969732e+05  -3.3836248721864e+05  -3.8998230712478e+05   6.5963099135873e+05  -1.6187879403085e+05  -1.2957160928155e+05  -2.5157009652911e+04   6.4454087135710e+05  -2.6116635319633e+05   6.0963120225985e+05   4.3761689035302e+05   6.1477835258392e+05   3.2132344478648e+05   8.0472913130247e+04  -2.1285450393670e+03   3.2499880051442e+05  -2.4870927638429e+05  -3.3926434055757e+05  -1.2950719079652e+06  -5.1063648412587e+05   4.7234179041289e+05  -2.2764796920089e+04   1.0226414647549e+05  -2.5176133555368e+05  -6.3240473439084e+03  -1.2968282556911e+06   4.2659520989202e+05   2.2785080269098e+05  -3.5010606831394e+05  -9.0002010394282e+04  -2.1819718258928e+04  -1.6376320338243e+04  -8.4080345106878e+03   1.3287040120082e+05   3.1731840210412e+06   3.4007309032631e+04   6.2146762582976e+04   1.9989711283243e+05   3.2939819000083e+04   1.8669255639325e+05   8.6161095420126e+04  -1.3574038704397e+05  -2.6424014254216e+06  -6.3152151223256e+05  -6.5362796257207e+05  -8.3470571299491e+04   3.3921376107102e+05   2.5449991276356e+05   1.8015066678684e+04  -8.2354562101369e+05   1.0981059766302e+06   4.6470877013869e+05  -1.5818239030476e+05  -5.4726157187822e+05   1.7347712157287e+05  -1.7576414907944e+05   2.7856362608775e+05   3.1826081872141e+05  -3.1769526799682e+05   2.8219386630905e+05  -2.7207688832049e+05   2.6740129114006e+05   3.6475473266500e+05   9.8430959672502e+04   5.8724656239163e+05   2.3147310703674e+05   9.8819244952783e+05  -9.5336603256548e+05  -1.8949376751060e+05   3.0324958784999e+05   3.8590685829061e+05   3.9476693006005e+05  -1.8430978257107e+05   3.3669768412754e+04  -2.7329313437354e+05   1.8348576450239e+05  -1.2009712349198e+05  -8.5938326881590e+05  -1.4333836387351e+05   2.5114642975983e+05   6.9448332399230e+04  -3.3796572392943e+04   2.0561064026478e+04  -3.1945283795217e+04  -5.3265365619636e+04 
 -4.6425334122265e+04   4.1204677513682e+03  -1.0785426382036e+04   2.6207907157430e+04  -3.1765215045526e+04   1.5423715799434e+04   6.9029905138389e+04  -7.5871383457601e+04   8.0688835903833e+04   2.5944014768387e+04  -7.6460120486941e+04  -1.0987267953773e+04   1.0493471993190e+05  -7.5304491821793e+04  -1.1330681467636e+03  -1.0466231967660e+04   8.3214368194992e+03  -1.0021568153237e+03   7.1874717010161e+02  -7.6668571210154e+03   8.9422503679465e+03  -8.7742526543647e+04   7.1006091585557e+03  -5.8985323280527e+03  -3.0694837384857e+04   1.2526433291323e+05   7.2646714047133e+04   2.8306592761124e+04   6.1356631471877e+03   1.4089153802750e+05   8.3733328682357e+04  -2.5036756858951e+05  -4.8606589232627e+04  -9.7952258082410e+04  -1.6578397541271e+04  -8.2150861128818e+04  -2.6762250096275e+04   9.1344668027244e+03   9.6218758737369e+04  -9.7135473344508e+04   2.2505913730945e+04   1.6776157144626e+04   9.2810802881558e+04   7.8456963366029e+04   6.6060650429311e+04   7.0462812078905e+04   1.3281701965964e+05   5.7849777408777e+04   3.9623214466459e+04  -8.2146621458005e+04  -4.6297843044393e+04   3.4384897781766e+04  -3.4643841647569e+04   8.2637680543708e+03  -1.1663796501085e+04  -2.9097401376038e+03  -4.9874538970774e+04  -2.4654686248962e+04   2.2357129662999e+04  -1.1619109544821e+04  -2.0979159093014e+04  -7.0481992837709e+04  -7.6648152222441e+03  -6.7240879038529e+03   6.4992634381705e+04   3.4007309032630e+04   9.2726593433694e+04   4.5192831780644e+03   6.2743138254596e+04   8.9884703864973e+03  -6.4795814698205e+04  -6.8413557543506e+04   1.5425420578607e+05  -5.7088551752145e+04  -3.0674274744831e+05  -3.4712642004941e+04  -1.1038068794243e+05   8.1973967396797e+04   1.0478919215972e+05   1.8231834726944e+04  -8.1603090447434e+04  -8.9289555244902e+03   1.0741972603500e+05   8.3847312610164e+04  -9.5067786239757e+03   1.5277210675880e+05   3.0102701524663e+04  -1.2209313817743e+05   2.9671636353355e+04   1.0703606818925e+05   1.0270805289250e+05  -5.7084980176250e+03  -4.6817753049345e+04   3.8259786478806e+04   5.1174339126925e+04   3.8772550626530e+04  -4.3840557788396e+04   5.5989158636849e+04   5.1703614581947e+04  -1.7902922225200e+05   5.7351273756042e+04  -1.3026476417882e+05  -3.1022555566160e+04   2.0678599363866e+03   2.5511637484220e+02   3.5288096199255e+04  -3.9636098382061e+04  -8.5418859549370e+04  -2.1456226701178e+04  -3.0204734173955e+03   1.9853623360042e+04   7.1579655258685e+03   1.0923426571090e+03   1.3530626112829e+03  -3.7103118497529e+04   2.1843259087658e+04 
 -2.7454452446845e+04  -7.4545610048826e+04   1.2154616701549e+05  -1.4057825361350e+04   1.3925242602654e+04  -1.9467220482454e+04  -4.4726611701563e+04   4.9189109903286e+04   4.0922851362913e+03  -2.7418969567253e+03  -2.3869827073784e+04  -8.4382386950711e+04   1.3562973831260e+04   5.1221887943090e+04  -2.1635746546110e+04  -2.2795720057350e+04  -1.1471897764423e+03  -1.9092366631401e+04  -2.9760257811540e+02  -1.2389927478052e+04   4.4549137537492e+04  -5.2899254463463e+04   1.0525138500276e+04   1.2111861890874e+05   3.2391691158762e+04   3.5866475091722e+04   5.3071761697162e+04   6.1055075366721e+04  -8.5569161976961e+03  -1.2389330451083e+05   1.8114494709824e+04  -2.3655298495688e+04  -9.2784952661332e+04  -2.0627759837491e+04   9.6124451934341e+03   1.7729224635916e+04  -3.0165747182208e+04  -3.0005884050882e+02  -5.0441875568132e+04  -1.2277009352067e+04   1.8057419508350e+03   6.1519844627608e+03  -9.0679708360740e+03  -1.6803332609414e+04  -2.8145497445940e+04  -2.1563404885656e+04  -3.5351208056150e+04  -3.7400793535464e+04   1.7755741759459e+04   1.0244199454769e+05   4.4066067692699e+04  -1.9705633747178e+05  -4.6040233235622e+04  -4.3196482143925e+04   1.5997850378035e+05  -1.8122200204700e+04  -2.3238225882903e+05   7.5548214181790e+04  -6.2530641628385e+04  -1.8863235174678e+05  -2.8354567787460e+04   2.0662240902184e+04  -6.9097293368976e+04   2.8844230350160e+03  -4.9684203867302e+04   6.2146762582975e+04   4.5192831780643e+03   2.0381574182722e+05   9.2782221133384e+04   3.8725926616894e+04   5.8481729872786e+04   7.7206089020970e+04  -1.4166664050247e+05   1.0093954781112e+05  -3.5433794448264e+05   8.9359756070547e+04   3.2348753026060e+04   3.3334758571488e+04   8.0691357272705e+04  -2.4925923674076e+04  -7.9760359397721e+04  -1.8646259693030e+05  -5.6443532156565e+04   1.1529237234123e+04   5.5819959808821e+04   4.4434244370092e+04  -9.0204951373167e+04  -2.6680659000563e+04  -8.5941805206321e+04   1.0740007938687e+05  -2.6426727633862e+04   2.5134882101781e+04   9.3438996487833e+04   9.5823471510617e+04   1.3189972316136e+05   5.5775316130943e+04  -1.7173460508324e+05  -9.0182958098980e+04  -1.1796323051815e+05  -7.4872109942389e+04  -3.0459222003976e+04  -7.6427735526236e+04   2.8813016040678e+05   4.7287815403030e+03  -8.3535684529831e+04  -6.9841817238484e+04   5.5696867905313e+04   3.1563558644340e+04  -8.6474173048709e+02   3.6165413173155e+04   5.4990032123731e+04  -4.6371698443706e+04   3.1861714666717e+04   7.4718159191612e+02   1.6986817729793e+04  -1.4785322779685e+04 
 -2.6146799618474e+05   1.0018478403126e+05   2.0636436630143e+05  -3.8772232134664e+04   3.5780956772850e+04   3.8521826687944e+03   9.9217059708000e+04  -3.3242006429231e+04  -3.0399710444461e+04   3.4218542153689e+05   1.2458329521630e+05  -5.6634346824413e+05   8.7909428303975e+04   2.2112716542147e+05  -2.9926773117674e+04   5.8968545868236e+03  -1.0888647201833e+05   2.8740855980412e+04  -3.4773192382247e+04   3.3063007696653e+04   2.8792240170858e+05  -2.7724201145043e+05  -1.0918515004408e+03   1.4681135154835e+05   1.0107838982828e+05   1.0411758392442e+05  -2.6446550336410e+05   5.0642269205084e+04   7.3113949707238e+04  -3.6655492781641e+05   2.5717745164233e+04   1.8525167688291e+05  -1.3749203626161e+05  -4.3582658194765e+05  -9.9425832873417e+04  -4.0368980879794e+05   9.9933149949998e+04   1.4427947918209e+04   3.7887806115395e+05  -7.1215819553165e+04   2.0989436967092e+05   6.5825017112384e+04  -6.9317548262816e+04  -1.3600344531604e+05  -2.1395746653006e+05  -2.1191668289405e+05   4.5714851452143e+04   2.3703218205472e+05   1.5432806677583e+05  -2.5777120537652e+05   2.5322719609795e+04   6.6215442766068e+04  -2.0419964781880e+05  -1.4530597169020e+04   1.4060475978853e+05  -1.5282547618881e+05  -3.8227147380390e+05  -7.9293282730171e+04   7.6408227689902e+05  -1.6249835580921e+06  -5.3316923509845e+03  -2.8278727234857e+04  -3.8615418408292e+04  -7.3984653801791e+04   2.1350391979013e+05   1.9989711283243e+05   6.2743138254596e+04   9.2782221133385e+04   1.6756970164086e+06  -4.4798659961031e+05  -7.7364091784148e+03   2.8666040137851e+05   2.4878823921935e+04   2.0600592696428e+05  -1.4904143132336e+06   1.3499110656406e+05  -2.3465919565708e+05   3.2354756846468e+05   4.5012948566492e+05  -3.3967083127575e+04  -5.0403980915846e+05   1.7143763046700e+05   1.9182329270651e+05  -2.7965662592021e+04  -6.5244365918608e+04   1.4972711309200e+05  -4.5146806626274e+05  -3.3812068291437e+03  -6.4406051638130e+03   1.4461576317049e+05  -2.9953583637071e+05   3.2741678453724e+04  -1.6554326424802e+05   1.9842679589422e+05   1.5293110899320e+05   1.2390252786911e+05  -1.2394716288026e+05   2.2135714323811e+04  -3.6949135241545e+05   2.1256988575694e+05   1.2056794877354e+05   6.1361121195426e+04  -1.9100006092376e+05   2.4598661548888e+05  -3.2360099534023e+05   1.0632323558078e+05   1.0888121834689e+05  -1.9824843126541e+05  -7.7996295909763e+04  -6.1290624654953e+04   1.3689677640834e+05   1.3942943286654e+04  -4.5319693869860e+04   1.5659713228179e+04  -4.1971185259994e+04   3.9638866614568e+04 
  2.5110602598818e+05  -2.3102988712038e+05   8.9172323724083e+04  -1.6967671285578e+05   1.1064651793876e+05  -1.5761202445672e+04  -2.1377373623465e+05   9.3406048752355e+03   5.4455264989581e+04  -1.1936857125951e+05   8.3513464050201e+04   2.5248499776231e+05   1.3322448264775e+05  -3.3518799748403e+05  -9.5968169991636e+04   5.2124044949670e+03   1.2391200405931e+05  -1.4259547972088e+04   2.2655718178059e+04   9.7556311399068e+04  -1.1153950819960e+04   1.0777452340677e+05   1.7602707539325e+04  -1.2577103220605e+05   2.0657291448284e+05   4.0521589659215e+05  -1.2453659257071e+04   1.7010154255302e+05  -3.5050343482618e+04   3.4864392380370e+04  -1.9514057221278e+05  -1.8978546945827e+05  -3.2263529933579e+05  -2.5307001027596e+05  -2.7363112694896e+05   1.1674033995676e+05  -2.3155340651664e+05  -6.4841197240822e+04   5.7594174295290e+05  -2.2335183887836e+05   1.2177700284497e+05   1.1385360162864e+05   1.5128482059920e+05  -5.0975726200955e+04  -2.0493224891917e+05  -1.6499434630442e+05   1.5102685081757e+05  -2.9745885294487e+03   4.5402419958118e+05  -3.4717734605252e+05  -6.3961845259443e+04   4.4937773688871e+05   4.9232374441682e+05   1.1877054306045e+05   1.1012235307151e+06  -1.4517357341509e+05  -1.7196911882405e+05   5.7128613005318e+04  -9.5953848880266e+05  -1.4680245435117e+06  -4.9481431330978e+04  -1.0960319748047e+04  -6.0695857105267e+04   1.1909185869697e+05   1.3100736043845e+05   3.2939819000084e+04   8.9884703864970e+03   3.8725926616895e+04  -4.4798659961031e+05   2.1709401591206e+06  -1.0779673842703e+05  -6.7810475826948e+05   2.7532425340465e+04  -5.3588431807913e+05  -3.8385476655018e+05   1.2690771011058e+05   8.0138972916422e+04  -3.0505705512297e+05  -2.5308202735886e+05  -1.9068927246915e+05   2.1813232838534e+05   1.8223496471231e+04   5.8965717468220e+03  -3.7371706651981e+04  -1.1611054371068e+05   7.0779873844868e+04  -1.7202688283670e+05  -1.5405078994739e+05  -3.7694137277273e+05   3.7838727051821e+05   2.0506257910573e+05   2.0780818806675e+05   4.8261339215921e+05   2.6311225304662e+05   2.2325543602498e+05   3.4067991371142e+05   3.1218929754072e+04   6.0003947032394e+04  -4.6748355588354e+05  -4.8351709700702e+05   9.5397130265813e+04  -2.1074709601840e+04   4.8700343493059e+05  -1.9811613540709e+05   1.7901437104333e+05  -5.0205774327596e+04  -3.8885367277900e+05  -1.7245424504710e+05   1.0284643293106e+05   3.3331453294830e+04   6.6344219849922e+02   7.5156217600127e+02   1.0278861721749e+04   2.0699158305875e+04  -1.9826482088964e+04  -8.7215894852444e+02 
 -6.7937463607561e+04   1.3701414791723e+05   1.4585569730626e+04  -1.4396115886545e+05   6.8095631514385e+04   3.9588249966102e+04  -3.4943299386545e+04  -2.1751821161201e+04  -1.3825085755859e+05  -1.1891827719530e+05   8.5706164900998e+04   3.1079891696851e+05  -2.6485097721685e+05   5.8798089472001e+04   6.6433270063515e+04   3.5806807142470e+04   1.7154495486742e+05  -1.6589105085566e+04  -4.1381334317199e+04   1.5089354839222e+05  -3.0645862584545e+05  -1.6203792094319e+05  -1.5690448938590e+05   2.2286648207230e+05   1.4675690432392e+05   7.3582584880567e+03  -3.2659021751339e+05  -7.9137486741528e+04   8.3804655401504e+04  -2.5262567914862e+05  -2.8352165147151e+05   8.5178085772739e+04  -3.7316720405111e+04   2.6038103175508e+05   8.5956376389880e+05   9.2191602372314e+04  -3.8118978428748e+05   9.9183472943731e+04  -8.4924401989930e+05   4.7121542841324e+04  -1.4862905569052e+05  -1.3577543109798e+05  -7.1299458064217e+05  -6.2236769886923e+05  -4.9662428967704e+05  -4.7618872900078e+05  -3.1155653452683e+05  -8.2779666610538e+03  -2.0324042409905e+05   4.2164753587490e+02   9.4121182888995e+03   3.5468636104000e+05  -2.7499740570537e+04   1.3871772311455e+05  -4.8381636852583e+04  -4.0285674439784e+05   2.6558743390272e+05  -6.0499525232863e+05  -5.2381459464436e+05  -2.3286795196047e+04   6.6985954384332e+04   2.5780976335722e+04  -1.0834912740384e+04  -3.0717711022921e+04  -9.4294531409708e+04   1.8669255639325e+05  -6.4795814698206e+04   5.8481729872785e+04  -7.7364091784140e+03  -1.0779673842703e+05   2.7535118015565e+06   1.1975125293601e+05  -1.1321129756402e+06  -2.0289901716329e+05   1.7781564022149e+05   6.5455057853693e+05   1.8598575767800e+05   2.8082069841802e+05  -1.0372126618863e+05  -2.7874837383924e+05  -1.5794414372605e+05   3.4243152727401e+05  -5.1477872071815e+05  -4.7604726816288e+05   3.2961980513222e+04  -7.3828033792020e+05   3.0523748385146e+05   9.9573420054865e+05   4.4960729460605e+04  -8.5142834516355e+05  -1.1421141501335e+05  -1.9896419993161e+05   1.4734936058807e+05  -2.5031487304043e+04  -9.8327640425236e+04  -1.9382036043057e+03   3.4311279937225e+05   3.0242955408962e+05   3.6143140097578e+03  -3.2355950088796e+05   6.7083539169804e+04   2.5399450550485e+05   2.9008429734961e+05   2.3931960229518e+05   1.3571484507034e+05  -1.1536076514283e+06  -7.5919113575454e+04   4.8749262948311e+05  -2.4835292117304e+05   5.5813087197605e+04  -2.4679100604667e+04   1.7754333871816e+05  -6.2840555773234e+04  -1.9786782994739e+04   1.0127040827212e+05  -8.9761214891998e+04 
  1.1658416128440e+06  -1.4392040918759e+06   3.4363238724473e+05   2.7187466817169e+05  -8.3839397410943e+04  -6.5650540280849e+04  -5.5377086202064e+05   5.5430814275165e+05  -4.6620015388856e+05   8.0445936067408e+04   8.9303842057755e+05  -1.0111347613458e+06  -2.4448587854181e+05   1.0776873149477e+06   1.8156050405311e+03   9.6782058219518e+04  -6.4153174383710e+04   1.5832853264733e+04  -1.6637862586562e+05  -2.6171082245417e+05   1.4992302685781e+05  -2.2998865000944e+05   5.3997714765169e+04  -6.0401525472437e+03   5.1177514547950e+05  -1.8244777159437e+04   7.2951830225055e+05  -1.4026397846442e+05   1.1267605460795e+05  -1.3718131380888e+05   8.2474806490304e+04  -1.6688691785235e+05   1.9410223263407e+05  -6.4628594733769e+04  -8.8960893087796e+05  -6.8147273721441e+04  -3.4150717778515e+05  -3.5763731447843e+05  -4.0110759612705e+05   3.0052991332725e+05  -1.6037149115639e+05  -2.1080866402237e+05  -3.9709946815520e+05  -4.8627843572648e+05  -4.0037923981389e+05  -4.2108715281520e+05  -6.0497673687531e+04   2.7467952274058e+05   1.6126126896101e+05   2.3434448578537e+05   7.0744838710381e+04  -1.5900346471672e+06  -1.4201404038104e+06   6.8511186081583e+05  -5.6588512158240e+04   1.3357213609119e+05  -1.2378609617878e+06  -2.0715504490048e+05   3.4118119181102e+05  -6.5449372350586e+05   1.9302034471746e+05   1.2162225213211e+05   3.1475403580478e+04   1.4738732985650e+04  -9.3673661842169e+04   8.6161095420127e+04  -6.8413557543505e+04   7.7206089020969e+04   2.8666040137851e+05  -6.7810475826948e+05   1.1975125293601e+05   7.0564599583503e+06  -7.3796522745179e+05   1.6788213527607e+06   3.4139700830636e+05  -5.3668097890494e+05   5.3764596258240e+05  -7.9009050172811e+05   6.3370917872830e+04   3.6065610929915e+05  -4.2184960337296e+05  -7.6399785869199e+04  -7.8819106816803e+05  -7.7423657141489e+05   1.8429432046456e+05  -6.9878439546435e+05   2.5722585083154e+05   1.3360594992162e+06   4.0121322066053e+05  -7.6592405045735e+05  -1.1954652323184e+05  -2.5471808277403e+05  -7.7110448098404e+04  -1.1406940265780e+06  -1.5651752767551e+06  -1.5921441003718e+06  -5.7666961455029e+05  -9.3845434031694e+05  -1.0444672312697e+06   1.4790991591943e+06  -3.0244602390574e+05  -7.0642603814115e+05   4.1892784943288e+05  -3.8560279545521e+05   9.8217107303926e+05  -2.5205590221984e+05   4.6689161355236e+05   1.2339641728135e+05  -2.3598284802841e+05   7.3818559431848e+04  -7.3045621298617e+04   7.8707680145948e+04   4.2641587567886e+04  -1.8821221845381e+04   1.1545146916611e+05  -1.0155942977350e+05 
 -5.1574188914986e+05   6.1088527621897e+05  -2.4407746096204e+05   3.6270589024923e+04  -1.7991541048186e+05   9.1214895766374e+04   4.1793314268086e+05  -5.4006890061575e+05   5.1609978948439e+05  -3.3369514515534e+05  -5.1101420263206e+05   8.9230955132723e+04   8.5644282082528e+05  -6.5500159677396e+05   1.2649829181885e+05   4.5416666128869e+04   2.6951864708444e+05   8.7384306980391e+04  -1.2037490569799e+04  -2.8300179864672e+05  -1.6039064812757e+05  -9.7130813047719e+04  -1.2578524616110e+05   3.3144714330947e+04  -1.9157451859248e+04  -4.5155913901269e+04  -1.2041265228804e+05  -1.4025218552534e+05  -6.6607967184909e+04   8.2455362746232e+05  -5.4137515403152e+04  -9.7482462682737e+05   3.1008303925222e+05   5.8797715372615e+05  -8.3028929367120e+05   4.3523698305028e+05  -5.3168211404775e+04  -1.6979194887581e+05   1.0573195738939e+06  -1.3020137656531e+06   1.2978732494026e+05   5.4023330566848e+04   3.0414209052419e+05   1.1451858753573e+05  -6.2575663516123e+04  -3.2008036811068e+04   5.2436943915050e+05   2.6125273287107e+05   5.5235925197662e+05  -1.1839240293794e+06  -1.5237148755504e+05  -1.9456387776924e+05  -2.6585287815176e+05   2.8645472778567e+05   4.8083349448036e+05  -3.7200164672640e+04   3.5603689472188e+05   1.3943726318425e+05   2.9681598752859e+05  -1.4150216241149e+05  -1.8405059397882e+05  -6.1349851328951e+04  -4.4412884497622e+04   2.1786109485608e+04   1.5057132865834e+05  -1.3574038704397e+05   1.5425420578607e+05  -1.4166664050247e+05   2.4878823921935e+04   2.7532425340466e+04  -1.1321129756402e+06  -7.3796522745179e+05   6.2488139134737e+06  -1.3700515135897e+06  -3.2693321686789e+06   1.6091698659394e+05   3.1693851397235e+04  -2.3258454801209e+05  -1.0382215010959e+04   3.2110012213028e+05   4.1276481889197e+05   1.9161147766325e+05   2.4171299219135e+05  -1.6209259711988e+05  -5.7946887637281e+05   8.2337159829689e+04   3.1485915774078e+05  -1.0467137449116e+06  -1.7857655582991e+05   4.0762662676493e+05   1.2627499501030e+05   4.9446838731125e+05  -6.8660256688833e+05   8.1220364968902e+04  -2.6948608760477e+05   2.1873058840749e+05  -1.4411171050371e+05   6.6995899970492e+04  -7.3362598660967e+03   1.2601357546706e+06   1.3626736230511e+05   2.9350118924471e+05  -4.1688931551381e+05  -1.8371747083391e+05   3.9332353103379e+05   8.2165855916820e+05  -2.1531375246531e+05  -1.9050753079258e+06   4.1073976024929e+05   2.0403351176565e+05   1.6210274464094e+05  -9.4350147195371e+04   1.9330468824011e+04   2.1569031350934e+04  -3.4678538671533e+05   2.2277726844560e+05 
 -1.5574220425286e+05   3.4356148129306e+05  -1.0399503159936e+03  -1.0665544838897e+05  -3.4606568934127e+04  -7.0347235125009e+02  -1.1509934344893e+06   8.3549099445934e+05  -1.2343307440716e+06   2.1519649013667e+05   1.1422643232379e+06   3.0038790717549e+05  -2.9809049142709e+06   2.6794757732491e+06   5.0169326556758e+04  -4.7126599314259e+04  -7.6315183417738e+04   1.4862561676853e+04  -7.5705117232079e+04  -3.0877367071413e+05  -1.6828772645276e+05  -1.6805695223077e+05   1.3432714185248e+05   4.6647882559511e+05  -4.9111008800207e+05   2.1757928748392e+05  -4.9580818991092e+04   1.1323653832463e+05   7.7489920601978e+04   1.3765065692431e+06   1.6881804554734e+05  -1.4880931057919e+06   1.1718298959521e+05   5.9663662451128e+05  -2.2032807043944e+05   6.0766437972533e+05   7.0592096503682e+04  -8.7433499646640e+04  -1.5165914604686e+06   1.1207379457989e+06  -1.0917941895106e+06  -9.6592924695025e+05  -1.3483268442504e+06  -6.6640712506379e+05   1.2179699663503e+04   1.9712840336536e+05  -3.5279740490692e+05   1.3231984126060e+06   1.5761310285015e+05   3.3114568716741e+05   7.3672058239480e+05  -2.2681987974512e+05   2.9306767973189e+05   1.7876462108689e+05  -1.3106243900475e+05   9.4494666182320e+04   3.8836741976216e+05  -5.7254868992304e+05  -3.3570149663454e+05   8.3365291629839e+05   7.0370944323062e+04   9.9103795425993e+04   2.5122193821396e+04  -1.6658423227180e+05   2.6024399599611e+04  -2.6424014254216e+06  -5.7088551752145e+04   1.0093954781112e+05   2.0600592696428e+05  -5.3588431807913e+05  -2.0289901716329e+05   1.6788213527607e+06  -1.3700515135897e+06   8.6784944546410e+06  -5.1085555303372e+05   4.0194905853891e+05   6.3267318653149e+04  -6.3681869333585e+05  -4.2553181151406e+05   1.8286622864041e+05   1.6784703012969e+06  -1.1712273318805e+06  -6.3371168473229e+05  -6.0051825831986e+04   9.8063090265690e+04  -7.3486341811075e+05   4.3787899873392e+04   8.0265074308754e+05   2.6221524771691e+05  -5.7789883211831e+05  -9.0790171271820e+05  -1.8509775628472e+05  -6.3644694965226e+05  -1.5936635463015e+06  -1.3946474785682e+06  -1.7379064603209e+06   3.3510122692855e+05  -1.1962038409982e+06   1.7594265577358e+06   7.2659036669423e+05  -2.1188805898726e+05  -1.2186653975138e+05  -1.2830951263524e+06   1.3489160082754e+05  -3.2966278258259e+05   5.0672905199236e+04  -6.0578004932484e+03   6.6370992550153e+05   1.9823736896368e+05  -1.4695628767980e+05  -2.5057935179817e+05  -1.5551181156720e+05   7.4490670949355e+04  -5.1668614869552e+04   2.4838898857130e+05  -1.0508360437264e+05 
  1.5116182480779e+06  -1.7255009461597e+06   4.9080667276159e+05  -4.1567577233986e+04  -4.9673350648376e+04  -5.0694430257596e+04  -2.8114640642765e+05   2.8519447306334e+05  -3.5058283599526e+05  -2.5259841321452e+05  -1.7765921694781e+04   5.3779177329270e+05  -7.4546929745740e+05  -5.7788447121882e+04   3.2362280630929e+05   3.6207413781762e+03   7.9689617143399e+04  -3.5202071253204e+04  -1.0472304187048e+05  -7.3194170032213e+04  -3.2068182458883e+05   9.3065856084682e+05   1.4814394613133e+05   2.7317462263799e+05  -1.7338476297379e+05  -6.7608238300762e+05   4.8345873297213e+05  -1.7080689361299e+04  -2.4605338521463e+04  -2.6609737376655e+05  -7.6658160835431e+03   1.0278488115680e+05   3.7914504993950e+05   2.9830463108866e+05  -1.7203074573660e+05   4.6265194238710e+05   7.0298815407911e+05  -2.1863813275677e+04  -1.6222005626591e+06   9.4459199840626e+05  -3.8845264723731e+05  -5.8361489793370e+04  -3.4818472036986e+05   5.7978600995629e+03   2.8565722632909e+05   1.0121981192121e+05  -1.6527045006331e+05  -1.2677346548329e+06  -8.1025878634192e+05   1.4823976317037e+06   3.1962784182907e+05   2.8671795058966e+04   6.5290166478392e+05  -3.5613595475188e+05  -8.7676708815400e+05   2.2966765214164e+05   8.0204540442334e+05  -5.1322403338817e+05  -4.7960474791952e+05   2.2299579830925e+06   1.4151395958499e+05   1.5426284102151e+05   1.7016020523397e+05   7.9274890078501e+04  -7.4097554449362e+05  -6.3152151223255e+05  -3.0674274744831e+05  -3.5433794448264e+05  -1.4904143132336e+06  -3.8385476655018e+05   1.7781564022149e+05   3.4139700830636e+05  -3.2693321686789e+06  -5.1085555303372e+05   1.0219748407348e+07   7.0421128560210e+05   5.2150071383845e+05  -2.6739353605530e+05  -9.1755035328873e+05  -2.5871248130420e+05   1.0622299050290e+06  -7.6246126390603e+05  -1.5240500097419e+06  -7.9750101642129e+05   7.1818239078557e+05  -1.5428295031694e+06  -5.8217363495639e+05   1.1593196953208e+06   7.0606673333749e+05  -1.3962527886294e+06  -8.1458070441225e+05   3.7796706075980e+05   4.5126643798132e+05  -7.4679131434740e+05  -3.0415731812012e+05  -5.7345944186990e+05   1.2543197748383e+06  -1.5360206740487e+05   3.7601237033636e+05  -2.7543080616152e+05  -6.5098265157061e+05   8.6313007352800e+05  -5.9516142433768e+05   3.4751352587226e+05  -1.4368888616161e+05  -3.0920579885110e+05  -1.3233112759058e+05   1.0777065888252e+06   3.3975444587788e+05  -2.9487137545596e+05  -4.1208336461177e+05  -7.5975707617098e+04   4.5227945553022e+04  -3.6936987315415e+04   1.4802396737106e+05  -5.3101192807467e+04 
  9.9271635655976e+05  -1.7390616183764e+06   1.1400364563954e+06  -4.3841993323063e+05  -2.5677283230260e+04   4.9012749118215e+04  -3.6842195970711e+04  -1.2363684190062e+05   6.2219863852252e+05  -8.4666358096464e+05  -1.3292969777925e+06   7.9612605660166e+05   7.6260477471466e+05  -1.5017307484435e+05   1.0004119733510e+05  -5.8890274002791e+04   1.2706842485925e+05   5.5035602310177e+04   1.0676568965358e+04   7.2688316597846e+04  -1.0692348380320e+05  -3.0398169043866e+05   6.0075345500573e+04   8.5461127470100e+05  -3.3477210701335e+04  -2.1828375453349e+05   1.4780978722583e+05   1.1376446190687e+05   4.5823306639872e+04  -5.1254848229496e+05  -1.8599668357827e+04  -1.1431895932956e+05  -1.4968509088932e+05   1.3060914293529e+06  -5.6075669146339e+05   1.6171249475934e+05   1.8359476765251e+04   6.2948482290554e+04  -1.1260719879013e+06  -5.9669486264861e+05  -2.5886682480513e+04   1.6502965903464e+05  -1.2303638080895e+06  -1.1215484864412e+06  -1.0758094670460e+06  -1.0290229997962e+06   1.0837494526453e+06  -9.3416199149562e+05   9.3702140240808e+04  -2.9832662769810e+05   2.0591518801358e+05  -1.6539408259352e+06  -9.9088468994324e+04   1.8556209127815e+05   1.2784689632183e+06  -2.7727247668961e+05   1.9014414372281e+05   4.2713727219702e+05  -1.2649692708580e+06  -5.7326501665595e+05   4.3187590659075e+04   3.5605253270644e+04   1.3772929376698e+04  -4.6614405691353e+04  -1.4039698520126e+05  -6.5362796257207e+05  -3.4712642004941e+04   8.9359756070547e+04   1.3499110656406e+05   1.2690771011058e+05   6.5455057853694e+05  -5.3668097890494e+05   1.6091698659394e+05   4.0194905853892e+05   7.0421128560210e+05   6.2011598847470e+06  -2.3991384965593e+05   1.6556102295932e+06   1.9319195665055e+05  -6.7664557535093e+05  -3.5959713745347e+05  -6.1686405388179e+05  -1.1180291543006e+06  -6.5256995022251e+05   5.5781846490273e+05  -1.0237243983390e+06  -1.0731664901198e+05  -2.0277276782211e+06  -4.9399061269865e+04  -7.9982754346324e+04  -7.9112566420772e+05  -3.0834699462437e+05  -1.1819979050336e+06   3.2139009263965e+05   9.9212124244897e+05   3.5356939041234e+05  -6.1130430778124e+05  -8.1046890362724e+05  -5.9163232561977e+05  -1.5102306502062e+06  -4.1987125891609e+05   8.0519477190199e+04   9.1009718568073e+05   4.8316386061861e+05   2.2217782123138e+05   1.1364393750469e+05  -3.5808240734895e+04  -5.8535724037395e+04   3.0725937674965e+05   1.1303535560164e+05   1.7127746050485e+05  -3.7104967172174e+04  -4.6904765218679e+04   5.6398480204108e+03  -2.3999808955424e+04   8.2429857199818e+04 
  2.8433092036701e+05  -3.4864062012848e+05   2.1804914828139e+04   7.9706149578726e+04  -7.1076102748694e+04   5.5033511319240e+03  -4.1274244351341e+05   2.9911409324069e+05  -2.3187338305269e+05  -3.3817988836658e+05   9.8470968860859e+03   2.7266378507680e+05   3.1123974931664e+05  -4.5747315540666e+05   1.1884058789512e+03   4.9914343652108e+04   1.6937701589121e+04  -3.5790353795146e+04  -6.5899215490665e+04  -3.2375493707307e+04  -1.1239967831808e+05   3.1660786253366e+05  -1.8832554073594e+04   1.6525423402668e+05  -6.5617564129784e+04   2.1807624358430e+05  -3.8308439542011e+04  -1.2262359864930e+05  -5.6217169000206e+03  -1.0981957537749e+05   2.7402498509213e+05  -1.3533481302908e+05   1.6258237900505e+05   5.3949840452169e+05  -5.5718582339861e+04   4.1598503467472e+05   1.2409957062200e+05  -1.2929286560061e+05  -9.1816720621283e+04   1.7489952694730e+05  -7.3681690679099e+04  -4.0057737037459e+04  -3.0141678786849e+05  -3.8154543958319e+05  -3.8389164266738e+05  -3.2880813453749e+05   1.1883306600033e+05   8.1886626328707e+04   3.9432432758926e+05  -1.1693902332502e+05   1.6866714267642e+05   1.5201446944439e+05   6.1802289129748e+04  -5.7581794883498e+04   4.1587526603038e+05  -2.4614367650396e+05   1.7862701075626e+05  -8.0874437954283e+04  -2.9251592803959e+05   7.2554601050860e+04  -3.0350357116429e+04   8.3353543198988e+04   1.0189362558784e+04   1.4575780677003e+05  -2.1499789003770e+05  -8.3470571299489e+04  -1.1038068794243e+05   3.2348753026060e+04  -2.3465919565708e+05   8.0138972916423e+04   1.8598575767800e+05   5.3764596258240e+05   3.1693851397236e+04   6.3267318653148e+04   5.2150071383845e+05  -2.3991384965593e+05   2.1158020482957e+06  -1.0107967444704e+06  -9.7234967077506e+05  -6.4902683999595e+05  -1.1441205746231e+05   6.5675522480476e+04  -4.1590785043909e+05  -3.2491041944841e+05  -1.0150056631205e+05  -2.4891623253919e+05  -4.3554612985736e+04   5.5885568804889e+05  -1.6696549216365e+05  -1.2265456001073e+05   1.5393404946921e+05   2.9260970914943e+05   8.0133786736803e+05  -8.7273994173217e+03  -1.9416091373574e+05   2.0197220578524e+04  -1.3670656277762e+05  -4.1147845474498e+05  -7.8176035504255e+05   4.4734551771502e+05  -2.6834725796182e+05   3.5090711891280e+05  -3.5714119311458e+04  -1.1120993517075e+05   1.1896103261597e+05  -2.0924683779599e+05   2.3392407791581e+04  -2.8203657285305e+04   5.1006254961626e+03   7.1212302282115e+04  -1.5835656906949e+05   3.7365971999785e+04  -1.1083083050914e+04  -1.0146192839308e+04   8.5212005056539e+04  -4.6545372312308e+04 
 -8.2498757819343e+05   3.9771304691515e+05   5.0107595947295e+05  -8.2203320820764e+04   1.8508462610514e+05  -6.4359038380008e+04   1.3075014865054e+05  -1.5702605549495e+05  -7.0832481122269e+05   1.2512485446355e+05   2.6567006332603e+05   1.7835564770953e+05  -1.3619495336565e+06   1.4980728685641e+06   5.9574950565539e+04   7.7145723219802e+04   1.9263836521543e+04  -6.4980456824581e+04   6.2651664060661e+04   1.5710168735863e+04   2.4106424252891e+04  -9.0515977067775e+05   1.2573688820901e+05  -1.5982174085210e+05   2.7957064289318e+05  -1.8412922820345e+05   2.4755004532354e+05  -1.6109742958823e+05  -9.0096364880872e+04  -1.9402003532976e+05  -5.3632266361172e+05   2.8295488897325e+05   2.8220882604912e+05  -1.0053427183335e+06   1.5239792482581e+06   1.4241330146352e+05  -2.9755780897737e+05   5.5321196280692e+05  -1.0188744102499e+06  -2.2873366995241e+05  -5.7777003898708e+04  -7.0194483848104e+04   1.5860898026571e+05   3.3138809587136e+05   3.0396420795148e+05   2.5325074485175e+05  -1.8139388845562e+05  -2.4863106791730e+05  -1.2089412599867e+06   6.0645878606836e+05  -6.5745485030851e+05   1.9039559437825e+06  -9.4347882071064e+04  -1.1253758423521e+05   5.5625056575364e+05   2.2867328420815e+04  -1.1094566032973e+06  -5.1020591930808e+05  -2.3636089326625e+05  -2.4538967266060e+05   9.0248831050486e+04  -1.9119395222241e+04   1.1470052694943e+04  -2.1168250497567e+04   2.3192052960596e+05   3.3921376107102e+05   8.1973967396798e+04   3.3334758571489e+04   3.2354756846468e+05  -3.0505705512297e+05   2.8082069841802e+05  -7.9009050172812e+05  -2.3258454801209e+05  -6.3681869333585e+05  -2.6739353605529e+05   1.6556102295932e+06  -1.0107967444704e+06   5.0551290610192e+06   2.7464262747360e+06  -4.2993898510671e+05  -2.5406210909693e+06   1.6055280035879e+04   3.1590824446918e+05   4.1573853406028e+05   3.5053026641085e+05   1.0696221227865e+06  -1.7554410144907e+06  -3.2694135642128e+05  -8.0541408219321e+05   8.3005739363954e+05  -8.8774555059467e+05  -1.0059642138913e+06  -5.2789627611275e+05   7.6136637322591e+05   1.7643462621177e+06   4.4118645214553e+05  -8.4766764033619e+05   9.3451482975840e+05   1.3378519527575e+06  -8.8240372744930e+05   2.1602434328019e+05  -2.5320114678929e+06   3.2513736527325e+05  -2.4116262216097e+05  -4.9489911657895e+05  -4.2211979894375e+04  -6.6747088957325e+04   2.2145566418140e+05   1.3780592738434e+05  -3.3631673963837e+05   4.0186087452855e+05  -1.7092427890932e+05   8.2898865271916e+04   1.0009203227903e+04  -1.6718113133073e+05   9.5932308010061e+04 
 -1.8764365741286e+05  -3.3958640432225e+05   3.1138739686687e+05   7.1089199031677e+04   6.6723755502220e+04   3.0464847236952e+04  -8.9837437582262e+04  -1.1515199257091e+05  -8.2369251635218e+05   1.0424559253707e+06   4.6577425539949e+05  -1.0430980551604e+06   4.2901997519488e+05   2.0800167963132e+05  -7.1058522849174e+04   8.6820961557368e+04  -1.7214050084059e+04  -4.3318310386581e+04   2.2697499738686e+04  -1.3059449471719e+05   1.7337738957627e+05  -6.6949211092547e+05   3.8553827174901e+03  -5.3859616467187e+05   2.4557858782784e+05   3.8437086156642e+05  -6.4223720688811e+04   1.5165899832129e+05  -8.0282749204338e+04   3.5215054792567e+05   1.9568025395587e+05  -1.3569255060132e+05  -1.7309862259026e+04  -1.5978913814882e+06   2.5446133828222e+06   2.2111094815503e+05  -4.5615388076315e+05   8.0581181508001e+05  -6.0329973611613e+05  -4.4555934153983e+05  -1.3452273342613e+05  -2.5270536143839e+05  -4.8872647672538e+05  -3.6361163334643e+05  -3.2134945289184e+05  -1.3215131884273e+05  -8.7126265531029e+05   1.5900430519904e+05  -2.6146071818341e+05   3.1096957515477e+05  -6.3672179730069e+05  -3.4136772342800e+05  -3.9328559999113e+05   3.7694163140646e+05  -3.2633980733409e+05   2.1496646616260e+05  -4.7038702764980e+05   1.3153469378102e+05   6.8826569092433e+05  -2.5410843544577e+05   4.2031528663349e+04  -5.0892217893141e+04  -1.2590902437127e+05   7.2340047291460e+04   1.9325816805376e+05   2.5449991276356e+05   1.0478919215972e+05   8.0691357272706e+04   4.5012948566492e+05  -2.5308202735885e+05  -1.0372126618863e+05   6.3370917872830e+04  -1.0382215010962e+04  -4.2553181151406e+05  -9.1755035328873e+05   1.9319195665055e+05  -9.7234967077506e+05   2.7464262747360e+06   3.8453237464232e+06   4.0562447371117e+05  -2.7101739926670e+06  -1.8487188432740e+06   2.1513889778667e+05   6.5170325464420e+05   1.0085363083493e+05   1.3577621890593e+06  -1.7227225902404e+06  -4.8044536146139e+05  -2.7249255296390e+05   1.0163479907178e+06  -1.7283709352760e+05  -6.7643564030596e+05   2.4878823301907e+04   4.2152867668358e+05   7.7420449636762e+05   4.4208194863107e+05   1.3979964451811e+05   2.2726560375141e+06  -1.8107485944767e+06  -5.2280933908274e+04   5.9466359006346e+05  -1.5665236352127e+06   3.1915265825144e+04   1.2944116795142e+05  -7.9545176034406e+05  -6.0273947486255e+04  -8.5466406386348e+03  -1.2954926713009e+05   2.7465326575618e+04  -4.5507635874447e+04   3.5147098611660e+05  -1.6457879431888e+05   5.4633625752142e+04   2.9520518509576e+04  -2.6119521975064e+05   1.4730711379304e+05 
 -2.0932072557112e+05   2.2419021508405e+05  -2.2882657141772e+05   1.8785914160238e+05  -2.4421366159991e+04  -2.5094261394710e+04  -2.8033082978693e+03  -7.0987512368682e+04  -6.8730363705414e+04   6.4728376405247e+04   2.1242510157322e+05  -9.6469264466169e+04  -1.3211124198142e+05   1.1434006072737e+05   3.7126578910117e+04   5.2437497325819e+04  -5.9507064485404e+04   3.3541819374405e+04   1.7035850024172e+02  -1.3883603637430e+05   2.2238663626998e+04  -9.4214254356236e+04   5.2288933923428e+04  -1.8751254575949e+05   7.8161432272104e+04  -1.0230957937680e+05   3.0282638141462e+04   5.9415457296960e+03  -1.2419558461903e+05   5.4464066771947e+04  -9.1284569294702e+04   9.9410331809687e+04   2.0862230080714e+05   2.5917266213547e+04  -2.5956901499789e+05  -1.4779084930608e+05   1.8262373799789e+04  -1.2897820852407e+05   8.2112958012425e+04   9.0458630458620e+04  -3.4449973389100e+04  -3.6021833290943e+04   2.4075759546945e+05   2.8160078506761e+05   2.9689712742575e+05   2.4136302174224e+05  -1.7125688999408e+05  -8.8265692095811e+04  -7.7372707663931e+04   3.9074017637046e+05  -1.8007029627234e+05  -9.7832811593264e+05  -2.6268667734843e+05   2.1068742765844e+05  -5.6995793831689e+05   2.6219519483985e+05   1.5048670508263e+05   3.1452251702082e+05   5.6845225144636e+05   2.7234003401965e+05   2.0472776552329e+04  -1.0067316617514e+04  -1.0209248436209e+04  -8.2005263244008e+04   1.1529547407124e+05   1.8015066678681e+04   1.8231834726944e+04  -2.4925923674076e+04  -3.3967083127577e+04  -1.9068927246915e+05  -2.7874837383924e+05   3.6065610929915e+05   3.2110012213028e+05   1.8286622864041e+05  -2.5871248130420e+05  -6.7664557535092e+05  -6.4902683999595e+05  -4.2993898510671e+05   4.0562447371117e+05   1.1377969939228e+06   1.0391847237593e+06  -2.1239446295740e+05  -3.0938094842779e+04  -5.2942155285611e+04  -2.4756831398262e+05  -1.1866968497037e+04   2.4053787401379e+05  -3.5151441584053e+05   5.2041822603492e+05  -2.9059294486654e+04  -1.7982335686339e+05  -2.3952753177722e+05  -6.1301326189650e+05  -2.5668383626957e+05  -3.4403875379100e+05  -3.0650030063236e+05  -8.1311206379227e+04  -2.3094880969694e+05   1.1932588820724e+05   2.7385235781092e+05   3.6149426093488e+05   2.3216584174233e+05   3.6259041749090e+05  -3.2181121018814e+05   6.6951499327724e+05   1.1298159396652e+05   7.1916055041909e+04  -4.4095922613301e+05  -8.0928688209381e+04   5.5069187694205e+04  -9.5400221020888e+03   5.1682842910668e+04  -3.1516847698003e+04  -4.1249945582022e+03   5.7560294086336e+03   1.0020050625742e+04 
  2.3291382878351e+05  -1.1157489923523e+05   4.6082703638345e+04  -9.8103187930457e+04  -4.2633444879478e+04  -5.6590565795006e+04  -9.2731946272622e+04  -3.0911544874230e+04   6.6402482159190e+05  -8.9588726067428e+05  -2.5657744519285e+05   1.1669138082013e+06  -1.3034873341971e+06   5.3747012368787e+05   2.2703809129334e+05  -2.6271722857499e+04   1.7028897027498e+04   6.0407429784528e+04  -1.4577324101306e+04  -1.1818904120690e+05  -2.3459696722027e+05   4.1588164080825e+05   9.8268250281812e+04   6.4489847922278e+05  -3.3254360340777e+05  -2.2549893879828e+05   9.6613812138738e+04  -6.2982518195157e+04  -1.0862089023831e+05   2.9571551580929e+05  -3.9029315178827e+05  -7.6661414250639e+05   2.7653810526269e+05   1.6546648821813e+06  -2.6127525154795e+06   3.2288538889451e+04   3.1801822730982e+05  -8.8814963321376e+05  -1.6408895859186e+05   3.2790607265600e+05  -3.6230248830661e+05  -1.5864857258221e+05   2.0166581849135e+05   3.3090335758478e+05   4.6082327553005e+05   2.6569704371658e+05   8.6918453822594e+05  -8.5245164284461e+04  -4.0772782042181e+04  -1.1835836697654e+05   3.5595787032561e+05  -3.9129405007830e+05   6.3278992655900e+05  -2.1190197042810e+05   2.1262643618299e+05   9.1979789786031e+04   7.6765740324685e+05  -3.3789449303706e+05  -5.3513461717244e+05   5.1664461586426e+05  -8.4271592954196e+04   6.1404558457272e+04   1.1873330794994e+05  -2.0405317246026e+05  -5.3540532561946e+04  -8.2354562101369e+05  -8.1603090447434e+04  -7.9760359397722e+04  -5.0403980915846e+05   2.1813232838533e+05  -1.5794414372605e+05  -4.2184960337296e+05   4.1276481889197e+05   1.6784703012969e+06   1.0622299050290e+06  -3.5959713745347e+05  -1.1441205746231e+05  -2.5406210909693e+06  -2.7101739926670e+06   1.0391847237593e+06   4.6137308178938e+06   5.3646808934097e+05  -8.6140583233452e+05  -8.2724318432621e+05   1.0414833253854e+05  -1.5803478545036e+06   1.0451934636710e+06   4.0702594589865e+05   3.9376531281477e+05  -9.6062020854078e+05  -8.6538641419568e+05   9.9229910127062e+05  -6.9791018718124e+05  -8.0359752649971e+05  -7.3740058147357e+05  -8.6252643612235e+05   1.2715344329762e+05  -2.1733746071176e+06   2.8525942408058e+06   2.3912158964508e+05  -3.2275672446546e+05   1.5108101393662e+06   1.8083459903558e+05  -2.2065833546517e+05   1.2639569974354e+06   1.7945449292555e+05  -6.2754502805334e+04  -3.3428474188634e+05   2.0964922538744e+05   5.4965462477053e+03  -3.3977046552822e+05   8.9101777876410e+04  -4.1019519832673e+04  -4.2276191645646e+04   1.9968402765054e+05  -7.0128851338526e+04 
 -1.3301936458044e+06   1.8464423356574e+06  -5.5731753357918e+05   5.7521552151975e+04  -1.1927219405242e+04  -1.1827778696894e+04   8.2030149909213e+05  -4.4330039974723e+05   1.4866925984982e+06  -9.9051798878929e+05  -1.3786993960745e+06   1.0490679716869e+06   2.6417335080706e+05  -5.8976673124162e+05   1.9664892521297e+05  -5.6232565781089e+04   1.1024517743365e+05   6.1282123156950e+04  -7.5465124327193e+04   2.5701195973468e+05   8.6624583338402e+04  -2.3645715896810e+05  -6.2942046698497e+04   1.9948636915010e+05  -1.3164402852470e+05  -1.7783071804251e+05  -7.0012519162741e+04  -2.0770539624843e+05   3.9318310087492e+05  -6.2457424591262e+05  -1.3294158143777e+05   2.6319655699140e+05  -6.3291432879770e+04   5.7133417628212e+05  -1.3290191767915e+06  -9.1005299253124e+05   2.7355140411000e+05  -2.0701531361251e+05   3.2282630465615e+05   3.9783446930663e+05   2.9215099982242e+05   1.6708232213237e+05   2.8315729690276e+05  -4.9955626184909e+04  -2.0465926616273e+05  -4.2222296158817e+05   7.1410103541123e+05  -6.7806660408614e+05  -8.5846034402813e+05  -3.3596247741522e+05   8.4662288141668e+04   1.5050940257159e+06  -3.2141281344813e+05   2.1033684353089e+05   1.9621942334143e+05  -5.5237526870983e+05   4.7698360470161e+05   6.7165193724672e+04  -1.3860185453301e+05  -4.3793000583477e+05  -1.4536195292754e+03  -2.1128926950862e+04   1.1608332533767e+05  -1.4691237434932e+05   1.2365055135853e+05   1.0981059766302e+06  -8.9289555244893e+03  -1.8646259693030e+05   1.7143763046700e+05   1.8223496471228e+04   3.4243152727401e+05  -7.6399785869200e+04   1.9161147766325e+05  -1.1712273318805e+06  -7.6246126390604e+05  -6.1686405388179e+05   6.5675522480476e+04   1.6055280035884e+04  -1.8487188432740e+06  -2.1239446295739e+05   5.3646808934097e+05   7.6664664141990e+06   2.2080841718391e+06  -3.8714749936547e+05  -2.1489682681817e+06  -9.5242881395518e+05  -8.5584130472388e+05   9.6695837825605e+05  -1.0040344782983e+06  -1.1878862268715e+06  -1.1002670013638e+06  -2.7559368521580e+06   5.5177341190618e+05   1.7448566641171e+05  -6.2837704945762e+05  -4.2843433587566e+04  -1.4407192944189e+05  -9.1983444429693e+05   1.3623831140628e+06   5.7319799881517e+05   6.4896938868517e+05   7.9497125254655e+05  -1.6108361393911e+05   6.3777606141251e+05   1.3259772628305e+05   1.0083068352561e+05  -6.9817587690338e+04   8.6256643419088e+04  -7.2717151573831e+05  -3.2129777646855e+04  -8.8352257099052e+04   2.8543475966967e+05  -1.0591614340393e+05  -1.9322419351333e+04   1.9762131778186e+05  -1.8242505687327e+05 
 -6.1224161530137e+05   6.8323835672119e+05  -2.3987818112338e+05   7.5545260107394e+04  -5.4220329884370e+04   5.3291358142385e+03   4.3625840492223e+05  -2.3412439425767e+05   2.9084133510399e+05   2.0724135461206e+05  -3.6781833312229e+05  -4.2539378981537e+05   6.4637300600576e+05  -3.0676601395071e+05  -6.8830462070742e+04  -4.0481772971086e+04   1.3137608085973e+03   5.8964013178884e+04   2.7601114723842e+04   1.5951244876216e+05   1.3591790499697e+05  -3.2841269354097e+04  -1.4348775039602e+04  -7.7076231190057e+04  -4.1917475507174e+04  -1.2902197486518e+05  -1.8963513273330e+05  -4.4136365543160e+04   1.4337138400148e+05  -1.4536184787333e+05  -3.7863973790837e+05   4.5501352247994e+05  -1.8998631893037e+05  -5.3157520361025e+05   1.1788947587660e+05  -6.4048147899913e+05  -4.3924064863247e+04   1.8640379205796e+05   1.3691314632121e+06  -1.0606968639260e+05   6.4197800649599e+05   4.3902161122443e+05   7.3808002760638e+05   5.0899538275361e+05   3.2916277298002e+05   3.3765072001074e+05   9.3234631087823e+04   3.9382978968237e+05   1.7666855052900e+05  -7.9652726534259e+05  -1.7659484630987e+05   6.1352374823803e+05  -1.4563715930524e+05  -8.3769559708870e+03  -2.5282917482979e+05  -1.1532448593413e+05   6.1160470007994e+04   3.5216290598597e+05   4.1602650035275e+05  -1.4792098970735e+04  -2.2411221537130e+04  -9.2530447794922e+04  -8.4601710582185e+03   8.9506848760955e+03   2.6225646271574e+05   4.6470877013869e+05   1.0741972603500e+05  -5.6443532156565e+04   1.9182329270650e+05   5.8965717468213e+03  -5.1477872071815e+05  -7.8819106816803e+05   2.4171299219135e+05  -6.3371168473229e+05  -1.5240500097419e+06  -1.1180291543006e+06  -4.1590785043909e+05   3.1590824446918e+05   2.1513889778667e+05  -3.0938094842777e+04  -8.6140583233452e+05   2.2080841718391e+06   2.1593348930626e+06   1.2721967020850e+06  -5.0147634721696e+05   1.0878855202817e+06  -1.8063175406358e+03  -1.4786510975068e+06  -5.4009199238922e+05   6.2244668647652e+05   6.3776674344915e+05  -8.8906581646495e+05  -2.7135683264462e+05   9.1997102688814e+04  -1.9137770839479e+05   2.2131400984203e+05   8.7881396797177e+04   6.6360088032901e+05  -2.3844877239842e+05  -2.3078369485917e+05   4.5750359589112e+05  -2.3950868927702e+05  -2.8515629582664e+05   8.0210992572493e+03  -6.4132716158023e+05   3.2204153128509e+05   1.4138070757608e+05  -7.7994965029868e+04  -2.6667474681699e+05  -7.4208147311898e+04   4.3583459593241e+04   5.0371275169856e+04  -2.1380018849901e+04   1.8539042312858e+04   1.8322829222958e+04  -4.6811957257456e+04 
 -8.6409687722836e+04  -3.5928533170971e+04  -2.3014510126849e+04   9.4307734619014e+04  -7.9955797837562e+04  -1.2077076856854e+04   1.2633506865361e+04   5.1677031307966e+04  -1.0023498190372e+05   3.7685988730201e+05  -9.6820669358259e+04  -4.7043197085246e+05   3.4081799116596e+05   4.7599341063464e+03  -1.1459886050533e+05  -2.3167137543993e+04  -2.6713938069969e+04   2.9285360510823e+04   5.0425538359500e+04   4.8297949533146e+04   7.3140200885171e+04  -2.8361128415786e+04   4.8255900694766e+04  -8.5065315680954e+04  -3.5350576242783e+04  -1.2366271807769e+05  -1.6518339632155e+05  -3.4212138140780e+03  -3.2881904237721e+04   6.8396626368475e+04  -3.6913233829898e+04   3.9293165496680e+05  -2.8318325608495e+04  -5.0564280602519e+05   4.9713515882701e+05  -2.9126638926371e+05  -6.9106580570743e+04   1.7588729773426e+05   6.0579994564457e+05  -3.4232306374262e+04   3.1243144396350e+05   2.2164525827009e+05   3.6269717394841e+05   3.1987879354481e+05   2.3958900588361e+05   3.2094198048795e+05  -4.5555509849472e+04   3.2202547284886e+05   9.8354528970036e+04  -3.4512492750621e+05  -1.3194053591599e+05  -9.2139332790114e+04  -3.8593593179830e+04  -2.6233343293335e+05  -2.5016860932943e+05   1.4506245280495e+05  -7.9719251264233e+04   2.3951762460863e+05   3.5745569622933e+05   3.0052597451175e+05  -3.1206840572750e+04  -6.6266799638157e+04  -1.8384442942785e+04   9.7494113170553e+04   1.7898515415729e+05  -1.5818239030476e+05   8.3847312610164e+04   1.1529237234124e+04  -2.7965662592021e+04  -3.7371706651981e+04  -4.7604726816288e+05  -7.7423657141489e+05  -1.6209259711988e+05  -6.0051825831984e+04  -7.9750101642129e+05  -6.5256995022251e+05  -3.2491041944841e+05   4.1573853406028e+05   6.5170325464420e+05  -5.2942155285612e+04  -8.2724318432621e+05  -3.8714749936547e+05   1.2721967020850e+06   1.5659618707735e+06   9.1970871806687e+05   1.2983655434480e+06  -1.7725933670264e+05  -1.8309904421538e+06  -8.9067106345367e+04   9.5157799034441e+05   5.4441376090481e+05   3.5153299511109e+05  -4.5537358365657e+05   1.3948224885438e+05   3.5202691262510e+05   2.4176704692183e+05  -2.2739406843278e+05   5.4892306619453e+05  -2.5367561199861e+05  -8.5924008635753e+05  -1.4756767568649e+05  -6.2654972109471e+05  -2.6452450810121e+04  -4.1929452814144e+05  -3.0513589356566e+05   2.1737524150563e+05   1.0390376751885e+05   1.8198799260473e+04   1.2162883898260e+05  -9.0447390874363e+04   1.4853303121710e+03  -5.6712545969763e+04   8.9493793192908e+03   2.3955623001260e+04   1.4795102439370e+04  -5.9454909739104e+03 
  5.6805585062337e+05  -5.9793634306245e+05   7.0100561437874e+04   9.3800825218522e+04  -7.8115130337616e+04  -3.0395616497878e+04  -2.9837265415959e+05   3.7453286077951e+05  -2.1486024026156e+05   1.3053045109979e+05   8.8039884950344e+04   6.8672842186701e+03  -4.5129095969062e+05   6.4616281999203e+05  -1.8047655347536e+05   1.5236251735589e+04   3.1350085094553e+03   1.3181746196224e+04   3.1357804704094e+04  -5.9772769123230e+04  -2.2709333352203e+04  -2.5013431582277e+05   9.1787973938508e+04   2.1804009601442e+05  -1.9204984076584e+04  -4.0764610968204e+05  -1.6516691764154e+03  -2.3981624833705e+04  -1.6418770839489e+05  -6.4480766728724e+04   4.9353582520170e+05   4.0537748850094e+05   2.0721637818450e+05  -3.3911472643080e+05  -7.0583116160946e+04   6.3553826639795e+04  -1.1337359965616e+04  -1.4618053097642e+05  -7.1361595639770e+05   2.2920421317385e+05  -1.7720351662413e+05  -1.0161001243962e+05  -2.1974426729666e+05  -5.9789193573067e+04  -3.8370828455301e+04  -5.3143223715256e+04   2.7521152203304e+05  -2.4743352363131e+05  -5.5224023209301e+05   4.0059294742031e+05   2.1115201946331e+05  -7.4002896134712e+05   2.5090446472011e+04  -5.7790536951383e+05   5.7483595908321e+03   3.5000359996535e+05  -6.2354662102697e+05  -3.5292899404796e+05   1.0660680457853e+05  -1.5839592925325e+05  -3.2817547280248e+04   2.0839100362001e+04   3.3618190540830e+04   9.2914765673501e+04   3.0160905098727e+04  -5.4726157187822e+05  -9.5067786239756e+03   5.5819959808822e+04  -6.5244365918608e+04  -1.1611054371068e+05   3.2961980513223e+04   1.8429432046456e+05  -5.7946887637281e+05   9.8063090265690e+04   7.1818239078556e+05   5.5781846490272e+05  -1.0150056631205e+05   3.5053026641085e+05   1.0085363083493e+05  -2.4756831398262e+05   1.0414833253853e+05  -2.1489682681817e+06  -5.0147634721696e+05   9.1970871806687e+05   3.0512758724383e+06  -5.0337356711373e+04  -8.3979298171544e+05  -6.9548993693745e+05   6.6779463827432e+05  -1.5544132943630e+04  -6.9477650083040e+05   2.3087855489457e+06  -6.1794649418989e+05   2.0802041533574e+04   8.0149348380794e+05  -1.2598930046950e+05  -7.2055235305702e+05  -6.0392807114727e+05   7.1376476736941e+05  -1.5330907468936e+06  -1.3569007009297e+06  -5.7168473344273e+05   2.1195799440306e+05   3.2413644493914e+04   5.7983964595645e+05   5.2079604773754e+04   6.3921528628021e+04   3.1117303160266e+05   6.0577562387234e+05  -9.6826047721918e+04  -6.1069454706192e+04  -1.1328267886079e+05   6.7288126738248e+02   1.9680381005634e+04   5.0494013940638e+04   2.9994594187735e+04 
  8.5683201991502e+05  -1.4150620092651e+06   2.4193023483624e+05   2.3416995720082e+05  -1.3414328847912e+05  -7.8413573779087e+03   1.1127425458105e+05  -1.6608881341116e+05   1.9728054725237e+05   2.0176957418746e+05  -5.5305600788126e+05  -6.0469412431693e+05   1.1416481152644e+06  -4.2141706312137e+05  -1.0314618086140e+05  -4.0558467583442e+04  -3.7473276509977e+04  -7.4055067643859e+03   4.8434749687609e+04   3.4085925262337e+04   1.5153514491655e+05  -2.3763220775835e+05   8.7960100368478e+04  -6.8597592983983e+05   2.9178059423267e+05   6.3733325334122e+05  -1.4872498013429e+05   3.6814150865376e+04  -9.4575617000364e+04  -5.4027337604748e+05   5.1276176881248e+05   9.1166660958944e+05  -9.9005626754209e+04  -5.8508546780607e+04   4.2006582968590e+05  -2.8427314592575e+05   1.5955633468655e+04   1.7535080711223e+05   5.1318706683660e+05  -6.8086904423664e+05   1.8685890382594e+05   1.3442908651227e+05   4.2135208863756e+05   2.6609667054671e+05   7.1130868950525e+04   2.1956138921651e+05   6.0426313221291e+05   4.8628902272172e+05   4.1374026305287e+05  -7.7581249510028e+05  -6.0978001279231e+05   6.2200548465383e+05  -2.5738136033882e+05  -2.4817033359209e+05   1.0222013115846e+05   4.9410496963699e+04  -1.0763901371383e+05   2.5833577748935e+05   7.5038740799452e+05  -4.3478718331988e+03  -4.3734721481496e+04  -1.0407047816056e+05  -7.0334241463881e+04   1.3808784330362e+05   3.9269360861782e+05   1.7347712157287e+05   1.5277210675880e+05   4.4434244370094e+04   1.4972711309200e+05   7.0779873844871e+04  -7.3828033792020e+05  -6.9878439546435e+05   8.2337159829688e+04  -7.3486341811075e+05  -1.5428295031694e+06  -1.0237243983390e+06  -2.4891623253919e+05   1.0696221227864e+06   1.3577621890593e+06  -1.1866968497036e+04  -1.5803478545036e+06  -9.5242881395519e+05   1.0878855202817e+06   1.2983655434480e+06  -5.0337356711375e+04   3.6037564831224e+06  -8.1275423681433e+05  -2.0097935214192e+06   3.0300881625384e+05   2.8067250533450e+06   6.9250296964896e+05  -2.9444339092675e+05   7.4056371070641e+04   3.3360750463695e+05   1.0749388435865e+06   1.7193251378806e+05  -1.2839003342363e+06   6.6297044857518e+05   4.4882576542549e+05  -4.5289172082691e+04   5.1324690593555e+05  -2.3988958331741e+06   1.1444257111207e+05  -1.6188532024745e+06  -8.4322159343124e+05   2.0576421944478e+05   3.0491684583134e+05  -3.4052151986193e+05  -1.0204623381809e+05  -6.8687006790697e+04   8.5521328295222e+04  -3.1105524075011e+04   2.4582303588435e+03   3.5397057424204e+04  -1.1577785833492e+05   7.6984956223748e+04 
  4.5085522271396e+04   8.0848775742424e+05  -9.8574201876511e+05   2.7109565616177e+05  -9.2262840614808e+02   8.5912294689697e+03  -4.5765282018702e+05   3.9186798662613e+05  -4.7711811397684e+05  -2.4514027785840e+05   8.9054386049713e+05   3.6703063078840e+05  -4.8014087596632e+05  -3.2237858634845e+05   4.5432996520465e+03   3.7463209358090e+04  -2.6248858558110e+05   5.9025637596812e+04   7.6838384685326e+04   6.2478675774980e+04  -4.2977906153473e+05   1.3041525007446e+06  -2.0404786934179e+04  -2.4661033520782e+05   2.6661666349039e+05  -1.8783074609459e+05  -8.1822299194774e+04  -4.1183104593618e+05  -1.4675559055805e+05   3.0875715192752e+04  -1.5828067819636e+06  -7.6482329632371e+04   4.3426692171902e+05   8.8026413869785e+05  -7.6143350570813e+05   1.0343110741798e+05   1.8481857272561e+05  -4.0946221969271e+05   1.3837582729574e+06  -2.5306774503065e+05   3.7936509195065e+05   3.4353286660203e+05   6.8876065042855e+05   7.4351388114512e+05   8.0647174992881e+05   7.6613464429800e+05  -1.1449618485848e+06   5.0282932523077e+05   1.3292424179105e+06   1.6639246317114e+05   2.4933161297965e+05   1.2163189926381e+06   6.9947215432498e+04   6.7339899027964e+04  -1.6932428119675e+06  -2.7870606141667e+05   4.4273513835788e+04  -4.1049541038428e+05   1.8315887205708e+05   1.0975453323173e+06   1.3973697282053e+05  -3.9539342393227e+04   1.2718027369662e+05  -1.5148988156494e+05   1.1663466446042e+05  -1.7576414907944e+05   3.0102701524663e+04  -9.0204951373168e+04  -4.5146806626274e+05  -1.7202688283670e+05   3.0523748385146e+05   2.5722585083154e+05   3.1485915774078e+05   4.3787899873389e+04  -5.8217363495639e+05  -1.0731664901198e+05  -4.3554612985736e+04  -1.7554410144907e+06  -1.7227225902404e+06   2.4053787401379e+05   1.0451934636710e+06  -8.5584130472389e+05  -1.8063175406350e+03  -1.7725933670264e+05  -8.3979298171544e+05  -8.1275423681433e+05   6.6303125556235e+06  -4.1351109152482e+05  -2.0495992842609e+05  -1.0823241233882e+06   3.7363995649561e+06   1.2320220850236e+05  -1.7378902792184e+06  -7.5619636136559e+05  -1.9162686828626e+06  -3.0999859368993e+05   9.9396328881917e+05  -2.0443283634983e+05   4.0306168714358e+05  -1.0359142701780e+06  -8.9354631123497e+03   8.3995888754078e+05   7.3582055422014e+05  -2.3364457013402e+05   4.6461835413315e+05   8.0470747371253e+04  -1.5606292519867e+05  -7.8309817802901e+03  -1.3747294454106e+05  -7.9443824816023e+04  -1.4787125884719e+05   2.3578794599282e+05  -6.4073431791192e+04  -3.5608434712836e+04   1.0350626876341e+05  -5.9144679445759e+04 
 -9.6570273161572e+05   1.3583004931816e+06  -2.4620053373686e+05  -6.3241926065479e+04   1.9719942903763e+05   5.5759008825396e+04  -3.0151967335565e+04   5.5203421285487e+04   1.1262278193084e+04   4.2074371756780e+05   4.8761755149486e+05  -2.2557106184726e+05  -1.3475358364262e+06   1.3487009876969e+06   2.5194622228850e+05   1.1972901453873e+05   1.1852441626338e+05  -1.9214748003785e+05  -1.0611315936943e+05  -8.7109437012695e+02  -3.9270012488611e+05  -9.1362163755775e+05  -2.3147068804244e+05  -2.4449370134150e+05  -1.7222647305701e+05   2.7082967919484e+05  -1.9992998918434e+05  -2.7209855808622e+05   8.5174485452392e+04   3.6271653687172e+05   6.8495975827901e+05  -3.8382151473399e+05   4.0732308014373e+05  -1.0732461146620e+06   1.6330201728085e+06   8.6997091504173e+05  -1.5027823114023e+05   3.6594144816425e+04  -1.5321836416748e+06   7.9641033395415e+05  -8.7357114588412e+05  -7.6695095771487e+05  -3.2793757045714e+05  -1.0456561846451e+05   1.6579862309261e+05   1.7545090572707e+04   8.2403367084170e+04   5.7855062665626e+05  -9.6669659528844e+05  -2.5151457034096e+05  -2.3970696514043e+04   5.3841490846212e+05   4.5325212400233e+05   8.3734457977308e+04  -6.5272614761509e+05   7.3787517729184e+04   3.0901169912806e+05  -8.9881139516886e+05   3.7476248066517e+05  -1.5125985150036e+05   7.6526050899385e+03   1.3927478068939e+05   1.1059885537312e+05  -9.7902818781566e+04  -1.7606039114597e+05   2.7856362608775e+05  -1.2209313817743e+05  -2.6680659000564e+04  -3.3812068291420e+03  -1.5405078994739e+05   9.9573420054865e+05   1.3360594992162e+06  -1.0467137449116e+06   8.0265074308755e+05   1.1593196953208e+06  -2.0277276782211e+06   5.5885568804889e+05  -3.2694135642128e+05  -4.8044536146139e+05  -3.5151441584053e+05   4.0702594589865e+05   9.6695837825605e+05  -1.4786510975068e+06  -1.8309904421538e+06  -6.9548993693745e+05  -2.0097935214192e+06  -4.1351109152482e+05   7.9970891143409e+06  -8.2923059961194e+05  -2.5668799794502e+06  -7.3511244063911e+05  -1.8644015051359e+05   3.3439673463152e+06  -7.5060982396483e+05  -1.1163645486256e+06  -1.0367495090062e+06   9.3478916380268e+05   6.4057294688534e+05   1.6314274542972e+06   4.2464762544869e+05  -3.6971506401575e+05   2.2671489070097e+05  -4.0219229863760e+05   1.0372405937690e+06   4.2223371921339e+04  -9.4128494527415e+05  -5.6294867332634e+05   8.0621062805152e+05  -8.5620247528306e+04  -1.7259887523612e+05  -2.1333452361098e+05  -4.9376972951024e+04   1.0265358392865e+05  -3.7962604841205e+04   7.2403485429222e+03  -5.1584066343985e+04 
 -8.1380975027142e+05   1.0542605663229e+06  -3.9508532226651e+05  -1.4715362132718e+04  -1.0500127827942e+05   9.8626360459736e+04  -1.9108443497716e+05   2.7565008882585e+05  -7.6662635822825e+05   1.9078161736771e+05   2.9833803406989e+05  -3.2006879627625e+05  -7.0522937158267e+04   5.1648590098053e+05   6.4036350772856e+04  -2.3523165509954e+04  -1.1423475401027e+05   3.7643867181619e+04  -1.3570789714597e+05   1.0833103351141e+04  -6.9630674881875e+04  -5.0495456557631e+05   1.5691070483468e+05  -1.2027975452549e+05  -3.2781272875201e+05  -4.7136095159844e+05  -3.2618907321393e+05   5.4299086490003e+04  -1.2858090953326e+05   4.2599889879596e+05   4.2134818921335e+05   3.8969665191445e+05   3.6425840243982e+05   7.2176593483880e+04   1.6739385254337e+05  -1.1369107467205e+05  -2.0639863098609e+05  -1.2790559404885e+05  -8.3277249784734e+04   8.3769122967415e+05   3.0494197963440e+05   2.3645763197284e+05  -2.9522332210892e+05  -2.3923450660214e+05  -1.7769947480972e+05  -1.7087279706949e+05   9.9405251894348e+05  -8.8150884997228e+04  -1.7346836532871e+05  -6.2286590566532e+05  -1.7288704212072e+05  -1.7361304783154e+06  -4.0688756910775e+05  -1.2747209085516e+05  -1.2632808400701e+05   3.7215741717623e+05  -8.5584788268202e+04   4.4843618600540e+05   4.2402064326412e+05   1.6493279744612e+05   9.5747686654975e+04  -2.3129138080124e+04  -4.4955415334190e+04  -6.5386034647199e+04   3.7911764368487e+05   3.1826081872141e+05   2.9671636353355e+04  -8.5941805206321e+04  -6.4406051638130e+03  -3.7694137277273e+05   4.4960729460606e+04   4.0121322066054e+05  -1.7857655582990e+05   2.6221524771691e+05   7.0606673333749e+05  -4.9399061269868e+04  -1.6696549216365e+05  -8.0541408219321e+05  -2.7249255296390e+05   5.2041822603492e+05   3.9376531281477e+05  -1.0040344782983e+06  -5.4009199238922e+05  -8.9067106345366e+04   6.6779463827432e+05   3.0300881625384e+05  -2.0495992842609e+05  -8.2923059961194e+05   5.7314923943739e+06  -8.5523349045668e+05  -1.4049228944865e+05   1.1053606562760e+05  -1.0598043926802e+06  -3.8135706913345e+05  -2.9397674347810e+05  -9.6188625476525e+04  -2.8707547254133e+05  -4.6242021916568e+05  -6.6841958513882e+05  -1.8115713629378e+06  -3.9512160410710e+05   9.8301372207745e+05  -1.5887108807008e+05   2.4247998272178e+04   3.5725400629891e+05   1.0190143749472e+05   4.3352322718551e+05  -4.7003734261436e+05   1.4118650348971e+05   1.9505710593963e+03  -7.0260180504631e+04  -6.8122203537849e+04  -3.0079989630766e+04   5.0720222562253e+03   3.5375994357628e+04   2.2708077388920e+04 
  1.1370604717532e+06  -1.7415754969095e+06   5.4640948305471e+05   2.3799748089966e+04  -6.1069805763939e+04  -4.5045388725179e+04   4.7540846423398e+04  -1.7944676115751e+05   3.4985931970811e+05  -4.8436467606241e+04  -4.1175241255963e+05  -3.3457241514744e+05   8.2734324765085e+05  -6.3277567243647e+05  -1.2495811903765e+05  -9.2936612270273e+04   1.0777660751442e+05  -8.5395977255038e+03   7.6757136700754e+04  -1.0504414504930e+05   2.1688444893143e+05   4.2184025077279e+05   3.5711134712732e+04  -1.9499087042399e+05   3.1038988525754e+05   3.2409739834993e+05   5.1277670484811e+05   1.9215922849544e+05  -5.8985330072155e+04  -3.4461631112387e+05   1.6034374564342e+05   3.7753112685231e+05  -2.3352080587158e+05   2.8418076894550e+05  -9.2394439453912e+05  -2.3188126173717e+05   2.2465222831542e+05   9.0898848025941e+04   2.4614761939446e+05  -7.7433120024489e+05   9.7062643221928e+04   1.5078079312324e+05   4.6671881944042e+05   3.1138855525958e+05   9.9974086505561e+04   2.1600306023112e+05   5.1044323951694e+05   1.2959660510778e+05   3.4355856967570e+05  -2.7824672780551e+04  -3.2094736635952e+05  -3.0740157590129e+05  -2.2777551483057e+05   2.1992603341860e+04   8.2393849444698e+05   2.5366630231831e+04  -9.9188230821716e+04   5.7880540088006e+05   1.5156244518990e+05  -4.2625736478098e+05  -6.0841876259858e+04  -5.9505382873155e+04  -7.2344983624365e+04   1.5530742155249e+05   1.4073463138096e+05  -3.1769526799682e+05   1.0703606818925e+05   1.0740007938687e+05   1.4461576317049e+05   3.7838727051821e+05  -8.5142834516355e+05  -7.6592405045734e+05   4.0762662676493e+05  -5.7789883211831e+05  -1.3962527886294e+06  -7.9982754346323e+04  -1.2265456001073e+05   8.3005739363953e+05   1.0163479907178e+06  -2.9059294486653e+04  -9.6062020854078e+05  -1.1878862268715e+06   6.2244668647652e+05   9.5157799034440e+05  -1.5544132943634e+04   2.8067250533450e+06  -1.0823241233882e+06  -2.5668799794502e+06  -8.5523349045667e+05   3.3692292054849e+06   2.5809880304776e+05  -9.3251631706652e+04   2.8579127882872e+05   1.0012952340610e+06   1.8595735682528e+06   6.2724465890879e+05  -1.8382798109868e+06  -6.8664209163429e+05  -5.2217664602608e+05   9.0029290767512e+05   4.0882967652587e+05  -2.1151568860152e+06  -1.5527754383848e+05  -1.2829381424575e+06  -5.5926708520244e+05   2.7929176669637e+05   1.7650592735328e+05  -4.0463188357525e+05   7.4602984727397e+04   2.6766944740185e+05   9.4749919501120e+04  -2.9711193991851e+04  -7.8380397414793e+03   3.4692503833364e+04  -9.2389995907595e+04   7.5110444590052e+04 
  5.9266837941476e+04   2.2007535038574e+05  -4.7769178062987e+05   1.8215024684567e+05  -6.3117680277338e+04   4.0016363249093e+04  -3.0562144605830e+05   2.2570990712259e+05  -4.9625375321049e+05   9.0913486555757e+04   4.5644257491900e+05  -3.1981569289136e+05   1.0103819578333e+06  -1.0321327581294e+06  -9.0462235285259e+04  -1.0884096215863e+04  -1.1071417473157e+05   6.3729194548363e+03   5.2267839984545e+04   6.5770208508616e+04  -2.2502627158170e+05   5.8546771029816e+05  -4.5988283804876e+04  -3.2430464854604e+05   1.4898964264008e+05   9.2060180206959e+04   2.1131874230526e+04  -2.1634938963556e+05  -4.1516188746501e+04   3.7088622468327e+05  -5.8455196528074e+05  -1.4037070685054e+05   1.8100123763214e+05  -1.1210040923925e+05   3.1582415198919e+05   1.2615353782901e+05  -1.1359106899357e+05   1.4266483410103e+05   2.2369772754450e+06  -1.8704537627811e+05   7.2390868756414e+05   5.6895202104617e+05   8.3109494193218e+05   5.2518504514330e+05   3.1316843461554e+05   3.5505040642014e+05  -1.0489370939457e+06   6.6157856238733e+05   1.2988049873907e+06  -5.2365779463442e+05  -1.4714970537625e+05   1.2524010669373e+06   7.4651506166308e+04  -5.7836331661177e+04   2.0248615541812e+05  -2.1981866047025e+05  -2.7820046240224e+05  -1.6260428183483e+05  -2.8859497537337e+05   1.4947648596390e+05   7.0816830580292e+04  -9.0302700313678e+04   4.0686117451352e+04   6.9894367179033e+04   1.1119284634478e+05   2.8219386630906e+05   1.0270805289250e+05  -2.6426727633862e+04  -2.9953583637071e+05   2.0506257910573e+05  -1.1421141501335e+05  -1.1954652323184e+05   1.2627499501030e+05  -9.0790171271821e+05  -8.1458070441225e+05  -7.9112566420772e+05   1.5393404946921e+05  -8.8774555059467e+05  -1.7283709352760e+05  -1.7982335686339e+05  -8.6538641419568e+05  -1.1002670013638e+06   6.3776674344915e+05   5.4441376090481e+05  -6.9477650083041e+05   6.9250296964896e+05   3.7363995649561e+06  -7.3511244063910e+05  -1.4049228944866e+05   2.5809880304776e+05   3.5150742224566e+06  -2.9115987569068e+04  -1.2862644416320e+05  -7.5765085254600e+04  -8.7751103161462e+05   3.2107111168981e+05   8.1416730748963e+05   1.0723931689378e+06  -1.2040260612600e+06  -1.1536181919305e+06   2.5468780344429e+05  -2.3382540726382e+05  -1.1215158811390e+05  -2.0929264171091e+03  -3.6938037348770e+05  -2.5718314507219e+04  -1.0931350105810e+05   1.4355990471182e+05  -1.3688977398900e+05  -2.4220712663203e+04  -5.0987358053878e+04   7.1568758130668e+04   8.0347838452008e+03  -2.4194700181205e+01  -5.9817284972899e+04   1.7423431590821e+04 
  5.3973195725980e+05  -6.6814935889844e+05   2.3021079405980e+05  -6.1953268060343e+04  -1.2592722997038e+05   2.3000665812635e+04  -1.2157069716553e+05   1.4805961191887e+05  -3.4404546279050e+05   1.0567328067296e+05   3.4735230697710e+05  -9.5359190675155e+04   4.4016585387832e+04   1.2644273577884e+05  -2.5439952152264e+05   1.3316102362403e+04  -2.6088186444698e+04   1.9781799603220e+04   5.6852911485260e+04  -5.9876794433835e+04   7.1793400756258e+02  -1.5529087164377e+05   3.5174081902311e+04   1.2558306111297e+05   2.1653777816422e+05   6.0269676182703e+04  -1.5904684810115e+04   6.3132192836411e+03  -1.3971391376498e+05  -3.7503699581660e+05   3.3402036749609e+05  -9.7150190623166e+04  -2.7361166460836e+04  -1.3251438908929e+04  -1.7081370306698e+05   2.1339393905652e+05   1.0426524423230e+05  -3.3630216836445e+05   6.7104425101120e+05  -1.9086874366054e+05   9.1980433765168e+04   9.5328075803449e+04   2.8033863099818e+05   2.9712352484698e+05   2.3516683357217e+05   2.4498864660818e+05   2.5765773853404e+05   5.2878556840487e+05   5.2372677774631e+05  -5.2306884569285e+05   2.6615438860608e+05   9.2419903730162e+05   3.4469789365730e+05  -5.0445430622281e+05   3.5836065083672e+05  -1.7077522539118e+04  -4.2030297607531e+05  -1.1226544199146e+06   1.4917409173545e+05  -5.3789106027083e+05  -1.2818054916700e+05   4.9129114561534e+03  -6.4678944565119e+03   6.5930235323338e+04  -6.7034592254421e+04  -2.7207688832049e+05  -5.7084980176255e+03   2.5134882101781e+04   3.2741678453722e+04   2.0780818806675e+05  -1.9896419993161e+05  -2.5471808277403e+05   4.9446838731125e+05  -1.8509775628472e+05   3.7796706075980e+05  -3.0834699462437e+05   2.9260970914943e+05  -1.0059642138913e+06  -6.7643564030596e+05  -2.3952753177722e+05   9.9229910127062e+05  -2.7559368521580e+06  -8.8906581646495e+05   3.5153299511109e+05   2.3087855489457e+06  -2.9444339092675e+05   1.2320220850236e+05  -1.8644015051359e+05   1.1053606562760e+05  -9.3251631706654e+04  -2.9115987569067e+04   3.4537848578909e+06  -3.9223374612727e+05  -2.0292647116266e+05   1.1253902410935e+05  -3.7220549594559e+03   2.9832350329951e+05  -4.2321005554478e+05   2.5168468807050e+05  -2.3397451227137e+05  -1.0155366685737e+06   6.6490964568800e+05  -3.1284957186403e+05  -2.7470561511287e+04  -1.7239328716369e+05   2.3904367843736e+05   1.0522404005538e+05  -1.3790416416110e+05   4.8305880122864e+05  -2.4814512432391e+04  -1.0032078507964e+05  -8.6077422889078e+04   2.6110727715238e+03   1.9892855072473e+04  -7.7645675555420e+04   8.4697941105298e+04 
 -2.2908970994962e+04  -3.6746853163784e+05   5.9418925179445e+05  -2.6616479194674e+05   5.1006673284417e+04   3.4657085838789e+04   9.6566459031491e+03   5.7202154764105e+03   1.7969796296169e+05  -6.0394161337636e+04  -2.4338584511252e+05  -1.0724532089483e+05   8.9195214440178e+05  -9.3642098982836e+05   5.3259922200028e+04  -5.2296607473285e+04   2.6739090800019e+05  -1.6240692040462e+05  -4.4701628936818e+04   7.5433468475809e+04  -5.0788106650854e+04  -7.2739858893785e+04  -1.8637063929897e+05   2.0614518728344e+05  -2.0468289476361e+05   1.8646529864197e+05   4.7444564702953e+05   1.3412628054980e+05   1.6727444673611e+05  -2.4109645603859e+04   8.1659479425963e+05  -9.3191264815915e+04  -2.8688270917252e+05  -3.8612493140203e+05   5.6446802466589e+05   3.6313904005683e+05   1.2249304416487e+05   3.5737258399986e+05  -2.2682810335404e+05   2.4947694529832e+05  -2.4585552275664e+05  -1.6778652761121e+05  -9.6135864461639e+04  -3.3459821696129e+05  -4.6675969233216e+05  -4.7591828252822e+05  -3.9817694843178e+05  -1.4462269832478e+05  -4.4987441549482e+05   3.0660885361041e+03  -2.2833494621439e+05  -1.1211698854680e+06   2.9316425412146e+05  -1.0859239852612e+05   1.4578312691243e+06   2.3346567299657e+03   4.0686251012015e+05   4.8688730796102e+05  -7.9316284921418e+05  -4.5408361905537e+05  -7.5471971599974e+04   5.0407452816829e+04  -2.4633657716278e+04   1.9032244483771e+05  -3.1794320900472e+05   2.6740129114006e+05  -4.6817753049345e+04   9.3438996487834e+04  -1.6554326424801e+05   4.8261339215921e+05   1.4734936058806e+05  -7.7110448098407e+04  -6.8660256688833e+05  -6.3644694965225e+05   4.5126643798132e+05  -1.1819979050336e+06   8.0133786736803e+05  -5.2789627611276e+05   2.4878823301907e+04  -6.1301326189650e+05  -6.9791018718124e+05   5.5177341190618e+05  -2.7135683264463e+05  -4.5537358365657e+05  -6.1794649418989e+05   7.4056371070642e+04  -1.7378902792184e+06   3.3439673463152e+06  -1.0598043926802e+06   2.8579127882872e+05  -1.2862644416320e+05  -3.9223374612727e+05   3.6965990430418e+06   5.8489435669683e+05   5.7021302746798e+05   2.6550443145854e+05  -1.5024581344650e+05   4.9881908098413e+05  -7.2951868096365e+05   8.1943715935434e+05  -5.6149599185662e+04  -6.4301144790690e+05  -5.7098782268098e+05   3.2329332453154e+05  -1.0313325805329e+06  -6.8124762483909e+05  -1.4930364370504e+05   5.9980382055888e+05  -8.8733620804886e+04   1.5586101615255e+05  -1.1612622903430e+05  -1.2886470449193e+05   1.0503623316328e+05   3.6762174644465e+03   1.2531348045878e+04  -5.1923105579348e+04 
 -7.2606663527531e+05   1.1960195932782e+06  -6.5472338976712e+05   1.9039701577875e+05   9.1754005229168e+04  -5.7473212878395e+04  -1.0505745411306e+05   1.2961088017875e+05   1.7783939278178e+05  -2.1350152463782e+05  -2.9295452090590e+05   5.4559639781198e+05   2.2711467012298e+05  -8.5448428705121e+05  -8.6267836014273e+01  -7.3846585204059e+04   6.1758247290230e+04  -4.5430774755585e+04   4.8650267702809e+04   9.7037005750817e+03   2.3347298620877e+05   1.1987429994192e+05  -6.1497961298613e+04   1.2427759767133e+04   1.6237420294845e+05  -2.4159909982122e+05  -7.8919243223083e+04   1.1557404586667e+05  -3.4978303932049e+04   1.1266413123189e+05   2.1743980090931e+05  -2.6142781089505e+04   1.1166321934822e+04   2.7531766185275e+05  -1.8060509243923e+05  -1.6533437145126e+05   2.8528546685158e+04   8.9026807835047e+04  -7.8673285715468e+05   2.5955061271530e+05  -4.3852292644728e+04   3.4011743390003e+04   2.2734528636444e+05   2.5286405291282e+05   1.5238313104373e+05   1.4805336579751e+05  -1.7540163136775e+05  -8.3890672318049e+05  -8.1787444822294e+05   1.1522586621074e+06   5.5324380636446e+04  -8.9467735621981e+04  -4.1041071668843e+05  -7.6698938771535e+04   7.2864220841248e+04  -3.7382730614978e+04  -2.5637034456906e+05   2.2065152704058e+05   7.0609967105209e+04  -5.2437649994533e+05  -9.0062176610301e+04  -1.4294096208391e+04  -4.4338281391564e+04   1.0245066999977e+05   5.7846210122182e+04   3.6475473266500e+05   3.8259786478806e+04   9.5823471510617e+04   1.9842679589421e+05   2.6311225304663e+05  -2.5031487304042e+04  -1.1406940265780e+06   8.1220364968902e+04  -1.5936635463015e+06  -7.4679131434740e+05   3.2139009263965e+05  -8.7273994173222e+03   7.6136637322591e+05   4.2152867668358e+05  -2.5668383626957e+05  -8.0359752649971e+05   1.7448566641171e+05   9.1997102688811e+04   1.3948224885438e+05   2.0802041533575e+04   3.3360750463695e+05  -7.5619636136559e+05  -7.5060982396483e+05  -3.8135706913344e+05   1.0012952340610e+06  -7.5765085254600e+04  -2.0292647116266e+05   5.8489435669683e+05   2.5658216395274e+06   2.7341070845905e+06   2.3516629403953e+06  -1.3626733032140e+06  -1.2480162580912e+06  -1.2007205859763e+06  -7.7585017820651e+05  -1.1583340101996e+05   2.4652378973210e+05   2.8048496737465e+05  -1.3120357511473e+05  -8.2041362839885e+05   9.6759632631225e+04  -6.7122065372842e+04  -8.9084710036066e+04   1.0022621433333e+05   1.2253405441502e+05   1.3511933148469e+05  -7.5397785425759e+03  -1.9115046263110e+04   2.3629066488752e+04  -6.4778298714412e+04   3.5062568909729e+04 
 -4.6312909599082e+04   5.8590395946737e+04  -2.3235092864783e+04   4.6483095229794e+04   1.1475712275652e+05  -8.9266027123193e+04  -8.0988917481067e+04   1.1038868592040e+05   1.3183924121614e+05  -4.2243253398610e+05  -5.3382259540177e+05   8.1028832851698e+05  -1.5351081381357e+05  -3.1414011172940e+05   7.9356615282577e+04  -8.0676718279855e+04   2.4818427076202e+05  -5.9856540899747e+04   7.7190927696602e+04  -2.2476895733707e+04   7.5295767032931e+04  -1.1488698784824e+04  -1.0749382670738e+03   1.6469451416270e+05   2.2786472517288e+05  -2.6833033224630e+05   1.3148028320289e+05   1.3033578176714e+05  -1.5361883881462e+05  -2.8865081139564e+05   1.3295996610275e+05   3.4838424469932e+05   1.5460109578375e+05   4.3952086929737e+05  -5.8335449737722e+05  -8.5862093998476e+04   6.4509463534046e+04   7.1642793586405e+04  -1.4742389756920e+06   3.0265704268700e+04  -1.6925362332556e+05   9.8434327958350e+03   2.0425868650818e+05   3.4436864859322e+05   2.5414981361269e+05   2.0928138780950e+05   8.7336491319854e+05  -7.8822343712662e+05  -1.2449184932276e+06   8.3497314829706e+05   6.8268113620469e+03  -6.6392891506429e+05  -2.5293012932769e+05  -4.1307867392846e+05   2.9968282994305e+05   1.3295178570316e+05  -3.0632350435982e+05   1.8159419003861e+05   7.5891059639764e+04  -4.4277877951302e+05  -1.3099772551982e+05   1.0325616038008e+03  -3.2740849870209e+04   1.0485701197529e+05   9.8551467893531e+04   9.8430959672502e+04   5.1174339126925e+04   1.3189972316136e+05   1.5293110899320e+05   2.2325543602498e+05  -9.8327640425235e+04  -1.5651752767551e+06  -2.6948608760477e+05  -1.3946474785682e+06  -3.0415731812012e+05   9.9212124244897e+05  -1.9416091373574e+05   1.7643462621177e+06   7.7420449636762e+05  -3.4403875379100e+05  -7.3740058147357e+05  -6.2837704945762e+05  -1.9137770839479e+05   3.5202691262510e+05   8.0149348380793e+05   1.0749388435865e+06  -1.9162686828626e+06  -1.1163645486256e+06  -2.9397674347810e+05   1.8595735682528e+06  -8.7751103161462e+05   1.1253902410935e+05   5.7021302746797e+05   2.7341070845905e+06   3.9502260430360e+06   2.2639533709479e+06  -2.1223513788154e+06  -1.6060019546906e+06   2.6554872541316e+05  -1.2594649628316e+06  -3.8802590437099e+05  -9.5908309268527e+05   1.3590883494280e+04  -1.0087233882956e+05  -7.9704149711455e+05   1.5928968904072e+05  -6.6526632181015e+04  -3.3987056511523e+04   3.0949491693693e+05   3.3063847604720e+04   1.3322816942775e+05  -5.9751726948275e+04  -1.4531911782344e+04   2.6814296840989e+04  -7.5638161640698e+04   7.1994088503666e+04 
 -7.8860540584282e+05   1.2437704089769e+06  -7.0202667994283e+05   1.8577917579387e+05   8.1220361424188e+04  -2.8561002608272e+04  -1.0532660145525e+05   1.0597597665352e+05  -1.0618463065512e+04   6.1849313973711e+04  -1.9561643636781e+05   2.3105534191369e+05   4.4041764996104e+05  -8.5720940092139e+05   4.7706580416038e+04  -6.3706623288976e+04   1.8908710415715e+04  -3.0139989402691e+04   5.2582326807840e+04   8.8504017835452e+04   2.0180431271103e+05   1.4799546443575e+05  -6.3435299562251e+04  -1.6511702119227e+05   1.6720429344474e+05   3.1674400986175e+04  -3.2190775075054e+05   1.0884888665567e+05  -4.7263440264907e+04   1.6987155290247e+05  -1.3248307274728e+05  -2.3088126361631e+05  -4.0711095919851e+04   1.0249178231956e+05   4.7305559099982e+05  -1.4171925244763e+05  -8.2781718316249e+04   1.3887050660867e+05  -4.4365273333415e+05   1.2697725374089e+05   1.6022040064998e+05   1.6808325736462e+05   1.2189129724162e+05   1.4836219619976e+05   9.4372848885225e+04   1.8244480959526e+05   1.4019113419027e+05  -4.0988342660595e+05  -2.9789068048160e+05   2.1931528523493e+05   2.0978633682674e+03   3.3895204715878e+05  -1.4114468674281e+05  -3.7702801964239e+04  -7.9581040693522e+04  -1.2763277623226e+05  -2.1465006009795e+05   1.2717727351807e+05  -7.7236212215345e+03  -3.1236617967043e+05  -1.3244181630484e+05  -3.4366244803345e+04  -6.0549673067261e+04   1.1375089002018e+05   7.2654695198514e+04   5.8724656239163e+05   3.8772550626530e+04   5.5775316130943e+04   1.2390252786911e+05   3.4067991371142e+05  -1.9382036043064e+03  -1.5921441003718e+06   2.1873058840749e+05  -1.7379064603209e+06  -5.7345944186990e+05   3.5356939041234e+05   2.0197220578523e+04   4.4118645214553e+05   4.4208194863107e+05  -3.0650030063236e+05  -8.6252643612235e+05  -4.2843433587566e+04   2.2131400984203e+05   2.4176704692183e+05  -1.2598930046949e+05   1.7193251378805e+05  -3.0999859368993e+05  -1.0367495090062e+06  -9.6188625476523e+04   6.2724465890879e+05   3.2107111168981e+05  -3.7220549594539e+03   2.6550443145854e+05   2.3516629403953e+06   2.2639533709479e+06   2.5823624916615e+06  -4.3552001302727e+05  -4.2925576809388e+05  -2.1470188156963e+06  -1.0747919335239e+06  -7.1217452152911e+04   1.2026068342519e+06   2.2403108264455e+05  -9.0656419415386e+04  -1.0465938533582e+06   1.0904636983949e+05  -6.0955333448788e+04  -2.0885150318486e+05   9.7054385872206e+04   4.8353763405679e+04   1.4439917070869e+05  -3.4436383127812e+04  -6.4696894596807e+03   2.7032968046260e+04  -1.1657941474231e+05   4.8558856685715e+04 
  2.8701017674516e+05  -3.2289200826814e+05   2.0976230054153e+05  -2.8732827884250e+05   9.7472108103223e+04   4.9483778124205e+04   7.7616774531872e+04  -8.3607633203245e+04  -7.4333544231509e+05   5.8795729538507e+05   5.8710360547733e+05  -5.6967765509147e+05   3.3051234291421e+05  -2.5198423184794e+05   1.4060755131820e+05   1.6695550282120e+04  -1.9263060068406e+03  -2.7805724566544e+03   4.6130874571175e+04   5.9081305005214e+04  -2.2859816721003e+05   3.7535515633207e+05  -3.9487351904668e+04  -1.7638862886678e+05   2.7174078974594e+04   2.7701676373544e+05  -4.8519046618444e+04   2.3761653669822e+04   2.2949573844327e+04   3.7140743428750e+05  -7.1200598933948e+05  -8.4358171515323e+05  -1.4127403897607e+05  -8.9747841349857e+05   1.5288946922984e+06   2.6518275428909e+05  -3.4733988779260e+05   4.2233380337419e+05   1.5551826850124e+06  -3.5237825599974e+05   3.6725327838039e+05   1.2237468728062e+05  -3.9052809828706e+05  -4.7611295067139e+05  -3.6627044412912e+05  -2.6906115049222e+05  -6.6682913409064e+05   1.0115317837585e+06   1.1295065842628e+06  -1.4996675046268e+06   9.6634611994949e+04   1.1869929557003e+06   1.0554623992324e+06  -1.1781482443655e+05   1.5760539314371e+05  -1.3816491714322e+05   1.5554840606330e+05  -8.3893014858823e+05  -4.6785571562794e+05   5.9814261856480e+05   1.2944299703747e+03  -4.3172306893764e+04  -3.2438606504378e+04  -5.8271269918660e+04  -2.9552251833551e+05   2.3147310703674e+05  -4.3840557788396e+04  -1.7173460508324e+05  -1.2394716288026e+05   3.1218929754071e+04   3.4311279937225e+05  -5.7666961455030e+05  -1.4411171050371e+05   3.3510122692855e+05   1.2543197748383e+06  -6.1130430778124e+05  -1.3670656277762e+05  -8.4766764033619e+05   1.3979964451811e+05  -8.1311206379226e+04   1.2715344329762e+05  -1.4407192944189e+05   8.7881396797178e+04  -2.2739406843278e+05  -7.2055235305701e+05  -1.2839003342363e+06   9.9396328881917e+05   9.3478916380268e+05  -2.8707547254133e+05  -1.8382798109869e+06   8.1416730748963e+05   2.9832350329951e+05  -1.5024581344650e+05  -1.3626733032140e+06  -2.1223513788154e+06  -4.3552001302727e+05   4.1511989345719e+06   3.8004041420948e+06  -1.5277885773645e+05   7.9362087262653e+05   2.6064202381142e+05   1.8810948751964e+06  -1.8898395378351e+06   9.6213818574538e+05  -5.0435364509021e+05  -1.8837514175213e+05  -2.6544923646623e+05   3.9168115890192e+05  -7.7934308728689e+04  -5.4511390461541e+05  -5.0848466459935e+04  -7.3829646956268e+04   5.4856353417993e+04  -1.8034854197866e+04  -8.6726736906580e+04  -1.3288505771413e+04 
  1.0830784317089e+06  -1.3917413244532e+06   1.6264167647507e+05  -1.2127303379836e+03   1.1926047535077e+05   4.1944341997459e+04   1.0335241847534e+05  -2.4624847111321e+05  -8.7688771900780e+05   1.1944091526327e+06   6.4616955683233e+05  -1.2948729730563e+06   1.0348633442805e+06  -5.6184491694992e+05   1.0427730074727e+05   3.5567813306376e+04   1.2984790232643e+04  -6.8960420558051e+04   8.4714829955414e+04   1.7886042917251e+05  -1.8116817247827e+05   1.1813376637386e+05  -6.3142045514212e+04  -6.8206525921897e+05  -1.7771078544432e+05   7.4074451754962e+05  -5.2615546411302e+05   9.2852924421833e+04  -4.5047481583335e+04   8.2006397615785e+05  -7.6377319183318e+05  -6.8512434169602e+05  -3.1556510774269e+05  -1.5623742490461e+06   3.3042461161639e+06   3.7547684840157e+05  -5.2505787443423e+05   1.0031548151982e+06   1.5929246040307e+06  -7.8459927625070e+05   4.1519654588522e+05   9.2008337388322e+04  -4.4729171543615e+05  -7.1270140388619e+05  -7.8286587314094e+05  -5.9969115121874e+05  -1.0047451755801e+06   1.0022534501171e+06   8.8051259382522e+05  -1.9844120361178e+06  -5.2872221754358e+05   3.7746588364894e+04   1.0900577862140e+06  -3.7691995164249e+05   6.8724498303098e+05   1.7272562827717e+05   4.9450393364225e+04  -3.8922577246160e+04  -3.6460553661805e+05   4.4315064710399e+05   7.0886223957817e+01  -1.1212302825391e+05  -9.5808819230210e+04   5.1648882264257e+04  -8.4736674558255e+04   9.8819244952783e+05   5.5989158636849e+04  -9.0182958098979e+04   2.2135714323812e+04   6.0003947032395e+04   3.0242955408962e+05  -9.3845434031694e+05   6.6995899970491e+04  -1.1962038409982e+06  -1.5360206740487e+05  -8.1046890362724e+05  -4.1147845474499e+05   9.3451482975840e+05   2.2726560375141e+06  -2.3094880969694e+05  -2.1733746071176e+06  -9.1983444429693e+05   6.6360088032901e+05   5.4892306619452e+05  -6.0392807114727e+05   6.6297044857518e+05  -2.0443283634983e+05   6.4057294688534e+05  -4.6242021916568e+05  -6.8664209163429e+05   1.0723931689378e+06  -4.2321005554478e+05   4.9881908098413e+05  -1.2480162580912e+06  -1.6060019546906e+06  -4.2925576809388e+05   3.8004041420948e+06   6.3520522792855e+06  -3.2980435269257e+04   3.2982931411364e+05   7.8743726064092e+05  -5.8930151892641e+05  -1.1475559733869e+06   1.8069627951274e+05  -7.3724197835014e+05  -4.6206221195154e+05  -3.1983793044085e+05   4.4032265958581e+05  -2.7654399353363e+05  -7.4923835934244e+05   1.8080546539993e+05  -1.3504328743552e+05   8.8241824188570e+04   7.6269438991152e+03  -2.2755406298368e+05   5.0481038690385e+04 
  7.5249774627659e+05  -7.7992822246497e+05   3.9258396834475e+05  -1.3579893896382e+05   8.6282395915143e+04  -1.4030414519010e+05   8.4198571067591e+04  -1.1557604290807e+04   6.8666879514290e+05  -1.6765660829282e+06  -9.1260866626553e+05   2.4580155256726e+06  -2.2691677551410e+06   1.2660959398249e+06   2.2816962916309e+05  -3.5757733945931e+04   1.6931313218268e+05  -2.4520027741293e+04   9.9684508305187e+04  -7.3154560993792e+04  -6.3250209670168e+05  -1.9686343054917e+05   2.1965070465671e+05   3.7249983921662e+05  -4.1479338498254e+05  -3.8085270249414e+05  -1.1233113859917e+05  -3.6561826455565e+05  -2.0121909369713e+05   1.1135460565139e+05   3.3633248874362e+05  -2.8503353343714e+04   6.5038255641382e+05   1.7017579427503e+06  -2.1871292505325e+06   2.6164776785778e+05   3.7995404676477e+05  -5.0579937122293e+05  -2.7950908968304e+05   4.6273309551155e+04  -7.6135530911729e+05  -5.3713097695738e+05   7.1513270355802e+05   9.1187004116368e+05   9.1603885668821e+05   4.2144588290426e+05   6.2929770141923e+04  -5.6365425625570e+05  -1.5906952339053e+06   1.1445390819367e+06   2.1296068595340e+05   1.6199531768232e+06   8.3397383599450e+05  -1.6178964459362e+06   5.2260669058058e+04   3.3645815288626e+05  -7.5788909653456e+04  -1.4968689347158e+06  -9.0572714041132e+04   1.2021805359985e+06   3.0111480264917e+04  -1.4191159436190e+04   2.1571393148909e+05  -3.2399526813538e+05   1.5982564207976e+05  -9.5336603256547e+05   5.1703614581949e+04  -1.1796323051815e+05  -3.6949135241545e+05  -4.6748355588354e+05   3.6143140097615e+03  -1.0444672312697e+06  -7.3362598660942e+03   1.7594265577358e+06   3.7601237033635e+05  -5.9163232561977e+05  -7.8176035504255e+05   1.3378519527575e+06  -1.8107485944767e+06   1.1932588820724e+05   2.8525942408058e+06   1.3623831140628e+06  -2.3844877239842e+05  -2.5367561199861e+05   7.1376476736941e+05   4.4882576542549e+05   4.0306168714359e+05   1.6314274542972e+06  -6.6841958513882e+05  -5.2217664602608e+05  -1.2040260612600e+06   2.5168468807051e+05  -7.2951868096365e+05  -1.2007205859763e+06   2.6554872541315e+05  -2.1470188156963e+06  -1.5277885773646e+05  -3.2980435269261e+04   1.1211440877189e+07  -3.8418237996643e+05  -4.1493184120408e+05  -3.3613801980688e+06  -8.3265173184394e+05  -4.2829374617118e+05   8.4010414585727e+05   2.5177163650023e+05  -4.0484379373582e+05   7.0333592669010e+05   1.8474234262073e+05  -1.0446858895178e+06  -1.5487022996438e+05   1.1311662264949e+04   1.7979414109747e+04  -6.6037161537778e+04   1.8966122907666e+05  -4.5401590782269e+04 
  6.4513324942379e+05  -1.0531830681217e+06   5.8816045151107e+05  -2.8257785794398e+05   7.9305686633386e+03   2.7493791431324e+04   6.7830882593502e+05  -4.3346207480132e+05  -4.8074460358578e+05  -6.5433451077951e+04   1.0562768079396e+06  -3.8579590249345e+05   7.2741380908887e+04  -8.6283307212110e+05  -2.4084305485693e+04   3.0860605795257e+03  -4.4440724518148e+04  -5.5102999614035e+04  -1.2527589777574e+04  -2.3360827095935e+05   3.8365625796348e+05   1.2468174408965e+06  -1.4237410123989e+05  -3.9717581076059e+05  -1.4146303875372e+04  -9.6965065194958e+04   4.2295523087512e+05   3.4377274666257e+05   2.4458717085458e+05  -5.8185365197092e+05  -3.3512548844223e+05   6.1813438898765e+05  -8.0504189153119e+05   8.7933298026518e+05  -6.8173560314870e+05   5.6200313702121e+04   2.6409591197909e+05   2.0052646956332e+05   5.8155946655045e+05  -5.6099056429175e+05  -2.8308141349675e+05  -3.2109088335127e+05   9.1594211153761e+04   1.5067525420611e+04   3.0068546309245e+04   5.4462252732171e+04  -2.2306086990136e+06  -4.1829542785190e+04   5.4403055979782e+03   1.1906780481943e+06  -4.0046431438952e+04  -9.3495310260959e+05  -2.8838796856945e+05   8.2536684318784e+05  -4.6348197261962e+05   1.3118481189773e+05   3.0787183829744e+05   5.5046848651489e+05   1.9264106698795e+05   1.2083134645531e+06   6.0731430292139e+04   9.6449364898043e+04  -1.4554484754223e+05  -5.6070512332942e+04  -6.2435300634323e+05  -1.8949376751060e+05  -1.7902922225200e+05  -7.4872109942389e+04   2.1256988575694e+05  -4.8351709700702e+05  -3.2355950088796e+05   1.4790991591943e+06   1.2601357546706e+06   7.2659036669424e+05  -2.7543080616152e+05  -1.5102306502062e+06   4.4734551771502e+05  -8.8240372744930e+05  -5.2280933908277e+04   2.7385235781092e+05   2.3912158964508e+05   5.7319799881516e+05  -2.3078369485917e+05  -8.5924008635753e+05  -1.5330907468936e+06  -4.5289172082692e+04  -1.0359142701780e+06   4.2464762544870e+05  -1.8115713629378e+06   9.0029290767512e+05  -1.1536181919305e+06  -2.3397451227137e+05   8.1943715935434e+05  -7.7585017820650e+05  -1.2594649628316e+06  -1.0747919335239e+06   7.9362087262653e+05   3.2982931411364e+05  -3.8418237996643e+05   7.8520923896677e+06   2.1852405544224e+05   1.9522256978608e+05  -2.5480159231534e+06  -9.2604928713113e+05  -7.6621861681378e+05  -1.5931924441018e+04   3.9255024006498e+05  -1.9999190187720e+04  -1.5817670618541e+05   2.1368141880837e+05   3.5669154263661e+04  -1.1416871130923e+05   4.4655466640118e+04  -1.1397740901297e+04   1.6253727243896e+02  -7.3925298194029e+04 
 -8.8560609639484e+04   5.2572952795963e+04  -1.7244919214512e+04  -5.3207109794611e+04   6.2183307907132e+04  -4.4200960712690e+03   1.9486077813510e+05  -3.8588775592567e+05   1.6102302560697e+05   3.1287637227919e+05   6.0699247146047e+04  -3.9243162202058e+05   2.0987757489085e+05  -6.6782611593339e+04  -3.8687464430384e+05  -3.1802546240582e+04  -7.6109101992561e+04   1.3215297942407e+04   4.5806979687004e+04  -2.0643689204069e+04   2.4241674975401e+05   1.3986933934497e+05  -3.4899454996350e+04  -5.3122668886962e+04   3.3838030063567e+04   4.4370740721473e+03  -1.3150192789501e+05   4.2297829931594e+04   8.5641055628229e+04   3.6030340271276e+05  -2.7827527583559e+05  -2.3279795419776e+05  -1.5042522841245e+04  -1.4038504033715e+05   3.4574708458088e+05  -3.0833347316900e+05  -1.1160655386806e+04   1.8865613953054e+05   5.1916301590406e+05  -1.2011863068600e+05   1.8386062104875e+05   9.5640580513194e+04   1.5418394510279e+05   3.5266970076057e+04   8.0594569049619e+03   3.6064001786239e+04  -1.0021676539962e+05   2.1757202487302e+05   5.3839344215372e+05  -1.3309162381596e+05  -1.1894907693767e+05   2.8145449994372e+05   3.6078962248353e+04   2.7407713878790e+05   2.1467607719317e+05  -1.4384355293637e+05   4.4037263341563e+05   3.2130856633212e+05   9.9310137156133e+04  -7.8361846384028e+04   1.0717507921354e+05  -5.8581635514859e+04  -4.2762693780847e+04  -7.6025441393265e+04  -3.1909166744905e+03   3.0324958784998e+05   5.7351273756042e+04  -3.0459222003976e+04   1.2056794877354e+05   9.5397130265815e+04   6.7083539169803e+04  -3.0244602390574e+05   1.3626736230511e+05  -2.1188805898726e+05  -6.5098265157061e+05  -4.1987125891609e+05  -2.6834725796182e+05   2.1602434328019e+05   5.9466359006346e+05   3.6149426093488e+05  -3.2275672446546e+05   6.4896938868517e+05   4.5750359589112e+05  -1.4756767568649e+05  -1.3569007009297e+06   5.1324690593555e+05  -8.9354631123491e+03  -3.6971506401575e+05  -3.9512160410710e+05   4.0882967652587e+05   2.5468780344428e+05  -1.0155366685737e+06  -5.6149599185662e+04  -1.1583340101996e+05  -3.8802590437099e+05  -7.1217452152912e+04   2.6064202381142e+05   7.8743726064092e+05  -4.1493184120408e+05   2.1852405544224e+05   2.1953518729318e+06  -4.2237261068034e+05   1.5169953240535e+05  -2.2632907877289e+05  -2.8997820936472e+05  -1.8088034040388e+05   6.1047519761783e+04  -1.2290600091139e+05  -6.8908846035121e+05  -1.6451586205784e+04   2.0742402115702e+05   2.1457530007068e+05  -8.5067822411167e+04   5.1517331412215e+02  -1.2414495937578e+05   5.6199982208232e+04 
 -1.7126169260229e+06   2.1986262815271e+06  -4.9073172188278e+05  -2.2835867586969e+05   1.1930928392700e+04   7.8297446326548e+04   3.9445571285972e+05  -2.1141432956337e+05   3.8556974915190e+05   3.0782601661923e+05  -3.5114570153256e+05  -5.4198804959940e+05   6.2428125323279e+05  -1.3436280166274e+05   1.8435558625136e+05   4.2223506049240e+04  -5.9781625107554e+04   6.0053825988931e+04  -5.7573132383005e+04   1.2324301131143e+05   3.4902036655236e+04  -3.7913375086338e+05  -7.9342384311036e+04   1.8560268332375e+05   5.5698144827267e+04  -3.3475009723480e+05  -7.0466801376506e+05   8.1377849786317e+04   9.5944987175989e+04  -4.4185354567138e+05   6.9133156277417e+04   2.1117256525110e+05  -2.7167375228470e+05  -1.3677359933449e+05   5.6839526303242e+05  -2.2812468510704e+05  -3.1254392781986e+05  -3.4752214882481e+05   3.4722719508904e+05   3.7326260579970e+05   4.0276191210565e+05   3.2081627944930e+05  -1.2696494951802e+05  -1.1436980012007e+04   1.7755430644335e+05   2.7077560996146e+05   7.9422455217108e+05   3.1127530169783e+05   7.9890771313839e+05  -1.0475987211398e+06   1.8351057555214e+05   3.6256099725451e+05  -2.3680619058944e+04   5.3554002125107e+05  -1.3713165905906e+06  -2.6546397962380e+05   4.2065423442988e+05  -1.3798717960853e+05   3.2692117893651e+05   4.4126438592623e+05  -9.4499467144734e+04   4.0531072857125e+04  -6.8831054158372e+04  -5.7532542515707e+04  -2.0028394020457e+05   3.8590685829062e+05  -1.3026476417882e+05  -7.6427735526237e+04   6.1361121195425e+04  -2.1074709601841e+04   2.5399450550484e+05  -7.0642603814115e+05   2.9350118924472e+05  -1.2186653975138e+05   8.6313007352800e+05   8.0519477190202e+04   3.5090711891280e+05  -2.5320114678928e+06  -1.5665236352127e+06   2.3216584174233e+05   1.5108101393662e+06   7.9497125254655e+05  -2.3950868927702e+05  -6.2654972109471e+05  -5.7168473344272e+05  -2.3988958331741e+06   8.3995888754079e+05   2.2671489070096e+05   9.8301372207744e+05  -2.1151568860152e+06  -2.3382540726382e+05   6.6490964568800e+05  -6.4301144790690e+05   2.4652378973210e+05  -9.5908309268527e+05   1.2026068342519e+06   1.8810948751964e+06  -5.8930151892641e+05  -3.3613801980688e+06   1.9522256978607e+05  -4.2237261068034e+05   5.5082153045717e+06   2.2180862516300e+05   3.6861706430838e+05   6.4832189578689e+04   2.0702963499696e+05   3.2611027483492e+04  -5.8354859026137e+05   5.7080898021251e+04   1.6964628058315e+05  -9.2545577588218e+04   1.6887761385146e+04  -3.1567149975555e+04   1.0701078512206e+03   3.8994599773327e+04  -6.8461744724021e+04 
 -2.6689919335779e+05   3.5333323538153e+05  -3.0291031229228e+05   3.9500249967859e+05   3.5183128131234e+04  -1.3824297233932e+05  -4.4602579369294e+05   1.3708040823076e+05   5.4908789906544e+05  -1.2659537404848e+05  -4.5711803794328e+05   3.3968481458630e+04  -2.2017612484730e+05   5.5751447017020e+05  -1.0253746626808e+05   8.5523999217746e+04  -3.1205512934617e+05  -1.1902998992651e+03  -3.9957645523594e+03   2.6016025859020e+05   2.8001403674268e+05  -4.3756300678820e+05   4.9446832352039e+04   4.4673198614668e+05   4.3369062965220e+05   2.1869407506564e+05  -2.5631526009741e+05  -2.3249289965683e+05  -1.5483231927223e+05  -8.6779601351571e+05   8.9013601152316e+04  -4.0748928102986e+04   2.2200078002826e+04  -1.7162223505092e+05   2.9819029481004e+05  -8.5700571628010e+04  -2.0686081258941e+05  -5.1540195157041e+05  -1.5349835582250e+06  -2.2392572934391e+05  -2.8285521387929e+05  -1.1202657861813e+05  -1.1461228223834e+05  -6.2315378991233e+03   1.1824816135678e+04   5.4156801020113e+04   4.3931976172545e+05  -9.2467799327721e+05   1.2387321630869e+05   9.0194485422816e+05  -5.4721191555736e+05  -3.2442791205148e+05  -4.6609010555422e+05  -4.9264683791126e+04  -4.8533369992820e+05  -3.3848545045328e+04  -4.6570559294134e+05   6.0635423519126e+05  -5.8088776294812e+04  -6.7714763125465e+05   7.3157806863608e+04   3.1889149791518e+04   9.9889921195342e+03   4.8105916218709e+04   1.4529949532135e+05   3.9476693006005e+05  -3.1022555566159e+04   2.8813016040678e+05  -1.9100006092376e+05   4.8700343493060e+05   2.9008429734960e+05   4.1892784943288e+05  -4.1688931551381e+05  -1.2830951263524e+06  -5.9516142433769e+05   9.1009718568073e+05  -3.5714119311459e+04   3.2513736527325e+05   3.1915265825147e+04   3.6259041749090e+05   1.8083459903558e+05  -1.6108361393910e+05  -2.8515629582664e+05  -2.6452450810119e+04   2.1195799440306e+05   1.1444257111207e+05   7.3582055422014e+05  -4.0219229863760e+05  -1.5887108807008e+05  -1.5527754383848e+05  -1.1215158811390e+05  -3.1284957186403e+05  -5.7098782268097e+05   2.8048496737465e+05   1.3590883494279e+04   2.2403108264455e+05  -1.8898395378351e+06  -1.1475559733869e+06  -8.3265173184394e+05  -2.5480159231534e+06   1.5169953240535e+05   2.2180862516300e+05   6.1583696397881e+06  -1.5521971601518e+06   5.0343841269247e+05  -2.8505976433419e+05   2.3355483570938e+05  -6.6418047739323e+05  -1.6965537422394e+05   3.3052035934001e+05   3.4779677580035e+05   5.6943321755616e+04   4.7942836560265e+04  -7.4722527557420e+02   6.6377409771478e+04  -2.3514799039133e+04 
 -4.9898884018225e+05   6.0714981876783e+05   2.1630108902061e+05  -3.3989277450540e+05   2.9850428844137e+04   9.5503101622864e+04   2.0589439007189e+05  -1.5162635624853e+04  -1.6661580885488e+05   1.5504322944095e+05  -1.8383915726932e+05   1.5622993144130e+04   2.5620349389103e+05  -2.3557262968400e+05  -9.0539324468314e+04  -4.6865904853984e+04   1.9660671022723e+05   6.5307717823975e+04  -3.1121766189430e+04  -3.0734613453090e+04  -1.7124354713099e+05   1.3417361767879e+05  -2.5372471168262e+05   7.8684495447921e+05  -3.6841308160099e+05  -3.9113737876492e+05   2.3553214806267e+05   3.7615699910714e+04   1.8506034107517e+05   5.3893947129233e+04  -9.5261429845222e+04  -5.4092558002722e+05   1.3677999337352e+05  -7.0961882185890e+05  -2.1964964438276e+05   2.0070685165037e+05  -2.8323330494324e+04   4.1026912932925e+05   6.2283054923751e+05   1.0847814940007e+05   3.4796098612391e+05   2.1782682595054e+05  -2.5483099126641e+05  -2.2233566782105e+05  -1.9950750151495e+05  -3.2683691128642e+05   4.5279526559863e+04   1.9428873149984e+05   2.0591393991194e+04  -8.1995469285677e+04   5.2492061508044e+05   1.6842505669951e+03   3.8145410132241e+05   4.2566568863277e+04   3.8239256742408e+04  -2.9667690467311e+05   1.9525051566888e+05  -6.8642753708214e+04   2.0001310134566e+05  -8.5860482930424e+05   5.5792684400304e+04   1.6918730376048e+04   2.0186333054669e+04  -1.9893846598363e+05  -6.8073834716957e+04  -1.8430978257107e+05   2.0678599363862e+03   4.7287815403036e+03   2.4598661548888e+05  -1.9811613540709e+05   2.3931960229518e+05  -3.8560279545521e+05  -1.8371747083391e+05   1.3489160082754e+05   3.4751352587226e+05   4.8316386061861e+05  -1.1120993517075e+05  -2.4116262216097e+05   1.2944116795142e+05  -3.2181121018813e+05  -2.2065833546517e+05   6.3777606141251e+05   8.0210992572501e+03  -4.1929452814144e+05   3.2413644493916e+04  -1.6188532024745e+06  -2.3364457013402e+05   1.0372405937690e+06   2.4247998272179e+04  -1.2829381424575e+06  -2.0929264171084e+03  -2.7470561511286e+04   3.2329332453154e+05  -1.3120357511472e+05  -1.0087233882956e+05  -9.0656419415387e+04   9.6213818574537e+05   1.8069627951273e+05  -4.2829374617118e+05  -9.2604928713113e+05  -2.2632907877289e+05   3.6861706430838e+05  -1.5521971601518e+06   5.1262288503219e+06  -1.4056853032504e+06   7.0452667893811e+04  -2.2051709846103e+05   3.8993593555060e+05   9.7826602984233e+04   1.1764587475976e+05   7.2214120398990e+04   3.5242334654850e+04  -5.5451188531105e+04  -2.1469379584605e+04  -7.2535257171696e+04   4.5706821738019e+04 
  4.8829971288742e+04  -1.0746493916110e+04  -9.5822692333571e+04   4.4936473647365e+04   1.2930612557843e+04  -4.3330246291593e+04   2.7425560931975e+05  -3.0568291063049e+05   7.1551637947299e+05  -4.8785422731562e+05  -1.3673968868474e+05   7.0653127750060e+05  -2.2832994746060e+05   2.9602514041009e+05   2.4677835336043e+05   1.8449198845853e+05  -4.3883249188154e+04   8.3877779955023e+03  -5.5482738068473e+04  -2.1249816882180e+05  -2.4235072044145e+05  -8.8385835074534e+05   1.8848154900881e+05  -6.7084831772104e+05  -5.1001590086116e+05   5.9290706482619e+05  -3.3594370741703e+05  -7.1956419598276e+04  -1.7697175987892e+05   1.0123123284088e+06   5.4634188315983e+05  -1.6732602969181e+05   3.4647505518977e+05   7.5486909749316e+04  -5.1714636882722e+05  -8.0975526503810e+04  -1.8635578546954e+05  -6.0900429831782e+05  -1.3096576825025e+05   4.0175951028280e+05  -3.1253275644829e+05  -2.5941568581752e+05  -1.0027545636223e+05  -3.0971884647716e+05  -4.2238873978689e+05  -5.3725218161535e+05   5.7179382067034e+05  -5.4150473351053e+05  -4.3725865046213e+05  -7.9715949163384e+04  -2.6116856160130e+05  -1.3909739373438e+05   1.0589017418602e+05   3.0770145777986e+05   3.7698990149015e+05   2.5639108480134e+05  -1.5036655635908e+05   1.5532587735999e+05   7.9073348425364e+04  -4.5575455182255e+05  -3.1967142635525e+04   1.0397191751480e+04   1.3261295693086e+05   4.3144159427128e+03   1.0763046080746e+05   3.3669768412753e+04   2.5511637484256e+02  -8.3535684529830e+04  -3.2360099534023e+05   1.7901437104333e+05   1.3571484507034e+05   9.8217107303926e+05   3.9332353103379e+05  -3.2966278258260e+05  -1.4368888616161e+05   2.2217782123138e+05   1.1896103261597e+05  -4.9489911657895e+05  -7.9545176034406e+05   6.6951499327724e+05   1.2639569974354e+06   1.3259772628305e+05  -6.4132716158023e+05  -3.0513589356566e+05   5.7983964595645e+05  -8.4322159343124e+05   4.6461835413315e+05   4.2223371921336e+04   3.5725400629891e+05  -5.5926708520244e+05  -3.6938037348770e+05  -1.7239328716369e+05  -1.0313325805329e+06  -8.2041362839885e+05  -7.9704149711455e+05  -1.0465938533582e+06  -5.0435364509022e+05  -7.3724197835014e+05   8.4010414585727e+05  -7.6621861681379e+05  -2.8997820936472e+05   6.4832189578688e+04   5.0343841269247e+05  -1.4056853032504e+06   6.4468051190872e+06   4.5323455931737e+04  -1.1663771612643e+06  -6.6169603101663e+05   7.8623478417177e+04   2.3522151551350e+05  -3.4561528694061e+05   2.9561589182016e+05  -1.4658381899615e+05  -2.3575125612531e+04   2.1081347403123e+05  -1.1300324291459e+05 
 -4.6125705425931e+04   2.0043036235970e+05  -1.6772983194805e+05   4.2080830566931e+04  -1.3058011629382e+05   5.6467139480079e+04   1.4952512007312e+05  -1.0860215328639e+05   9.3393717342205e+04  -1.0455970754062e+05  -2.0718399212386e+05   6.5485863079344e+04   1.2337481362228e+05  -3.1522010570477e+04   6.5171980147403e+04  -4.8744547208698e+04   3.8437926429476e+04   5.1755463749353e+04   2.4147087055362e+04  -2.5591134489092e+04   3.5459626105702e+04   6.1331379485892e+03   3.7438682739739e+04  -5.1904460332955e+04  -7.0383605084028e+04  -1.2962898011556e+05  -1.3137036480372e+05   4.2353437810393e+04   1.1440988441571e+04  -2.5445394539267e+04   1.9085667252311e+05   1.2451920828703e+05  -6.7370239094699e+04   1.5995898720301e+05  -4.7933620913041e+05  -2.0532123931332e+05   2.3715435047354e+05  -1.1064782232750e+05   4.5959141303752e+05  -5.3911068830751e+04   9.3123945535910e+04   7.3599759849075e+04   2.7399909551462e+05   2.7443496223924e+05   2.1193845708305e+05   1.9170353499397e+05   3.3448181733227e+05   7.9750272751714e+04  -1.2837827418716e+04  -2.7725211105665e+05   5.3962568137389e+04   1.9619078270317e+05  -4.4519027825102e+05  -1.4069123048312e+04  -2.3385576625259e+05  -1.3604533662083e+05   1.5457464041068e+05  -5.4186445184234e+05   3.9343733451301e+05  -7.3455385134701e+04  -2.1281582539950e+04  -2.7952820354101e+04   1.5045240959490e+04  -5.0584440511614e+04   1.9332260105134e+05  -2.7329313437354e+05   3.5288096199255e+04  -6.9841817238484e+04   1.0632323558078e+05  -5.0205774327596e+04  -1.1536076514283e+06  -2.5205590221984e+05   8.2165855916820e+05   5.0672905199235e+04  -3.0920579885110e+05   1.1364393750469e+05  -2.0924683779599e+05  -4.2211979894375e+04  -6.0273947486256e+04   1.1298159396652e+05   1.7945449292555e+05   1.0083068352562e+05   3.2204153128510e+05   2.1737524150563e+05   5.2079604773753e+04   2.0576421944478e+05   8.0470747371252e+04  -9.4128494527415e+05   1.0190143749472e+05   2.7929176669637e+05  -2.5718314507219e+04   2.3904367843736e+05  -6.8124762483909e+05   9.6759632631224e+04   1.5928968904072e+05   1.0904636983949e+05  -1.8837514175213e+05  -4.6206221195154e+05   2.5177163650023e+05  -1.5931924441016e+04  -1.8088034040388e+05   2.0702963499696e+05  -2.8505976433419e+05   7.0452667893811e+04   4.5323455931737e+04   1.6581246445067e+06  -2.2830653793357e+05  -3.8006077193812e+05   2.0722962419916e+05   2.7489577342097e+04   1.0930766427913e+04  -1.5955931283420e+04  -8.4430986569170e+04   1.6848272619518e+04  -9.8649601946697e+03   6.0027709890526e+04 
  1.8748374668257e+03  -2.5664404731415e+05   1.6201802697139e+05   1.1859656463533e+05  -5.2400455668007e+04  -7.4907221735411e+03  -8.7075972527173e+04   2.1936734797637e+05  -2.8961360973853e+05  -4.6801789287568e+04   6.3493521035674e+04  -3.1542548018305e+05   1.4537008469655e+05   1.7451987148395e+05  -1.6712622042397e+05   4.7415510163833e+04  -8.9239018821855e+04   2.6764977201792e+04   6.5721829921219e+02   6.6352463935402e+04   2.4310714153820e+05   1.9402926479336e+05  -4.8753691966484e+04   3.8906527935039e+04   1.4396265020027e+05  -3.1528208070447e+05   2.1036563735799e+05  -1.1538378425318e+05  -3.6510846441686e+04  -4.7928771409359e+05  -2.5318730811666e+05   6.3004075631561e+05   6.4602469177678e+04   6.6182237506810e+04  -3.2054011341003e+05  -1.9137279168664e+05  -2.1621106961016e+05  -4.1731165980465e+04   1.2828079589698e+05  -2.1884485993647e+04   2.4922697381253e+05   2.1969088354532e+05   1.6664978977513e+05   1.6451237455707e+05   1.5439454076033e+05   1.6368816474005e+05   1.4563994988968e+05   1.4197348013749e+05   1.9776729848811e+05   8.3746249675789e+03  -1.2796148892099e+05  -6.0460971250780e+05  -2.9289223771670e+05   9.5814986041232e+04  -2.1759577053282e+05   2.2387509896113e+04  -1.9930211694746e+05   2.5941631744468e+05   1.9450526528081e+04   6.8258086527418e+04   9.0781416715642e+03   5.8363856640053e+04  -6.3698246203355e+04  -2.4468020288731e+04   4.2965793465292e+04   1.8348576450239e+05  -3.9636098382061e+04   5.5696867905312e+04   1.0888121834689e+05  -3.8885367277900e+05  -7.5919113575455e+04   4.6689161355236e+05  -2.1531375246531e+05  -6.0578004932478e+03  -1.3233112759058e+05  -3.5808240734894e+04   2.3392407791581e+04  -6.6747088957324e+04  -8.5466406386344e+03   7.1916055041909e+04  -6.2754502805333e+04  -6.9817587690338e+04   1.4138070757608e+05   1.0390376751885e+05   6.3921528628021e+04   3.0491684583134e+05  -1.5606292519867e+05  -5.6294867332634e+05   4.3352322718552e+05   1.7650592735328e+05  -1.0931350105810e+05   1.0522404005538e+05  -1.4930364370504e+05  -6.7122065372843e+04  -6.6526632181016e+04  -6.0955333448789e+04  -2.6544923646623e+05  -3.1983793044084e+05  -4.0484379373581e+05   3.9255024006498e+05   6.1047519761783e+04   3.2611027483492e+04   2.3355483570938e+05  -2.2051709846103e+05  -1.1663771612643e+06  -2.2830653793357e+05   1.5527132508809e+06  -8.1147927240656e+04  -5.7059211890419e+04   8.3400470417242e+04   8.8923838788217e+04  -1.1462165252376e+05   6.3083262742176e+04   8.6361642736222e+03   2.9940314407616e+04  -2.0357930598017e+04 
  3.2562915558984e+05  -6.7928750711694e+03  -2.2196466699881e+05  -2.6783713943105e+04   5.9896321474674e+04   2.6952329645607e+04  -3.0842155273414e+05   3.5520800305457e+05  -2.2971148694681e+05  -3.8213636316942e+03   3.8413371667329e+05   2.2512966339412e+05  -6.5693954989521e+05   4.4665117286150e+03  -1.4298082204566e+05  -7.9114621797767e+04  -6.8017071141116e+03  -4.9341751396336e+04   1.7795420819444e+04   1.1929829046813e+05  -9.5642487639189e+04   3.6267143279659e+05  -1.8046744628859e+04   3.9022839906081e+04  -1.1671102346964e+05  -5.6036194168283e+05  -1.5023532668099e+05   1.0755397979378e+05   1.5975662526231e+05  -7.2398894952813e+04   9.5849056370785e+04   6.3101703669832e+05  -2.9708905498511e+05  -1.8189474229783e+05   2.6882355128529e+05   2.5956503980212e+05   8.3219908629461e+03   2.7814594470453e+05  -1.8126545276050e+05   4.8272604295809e+05  -1.1967752074558e+05  -7.8082686886176e+04  -1.5742254474787e+05  -1.1097387982115e+05  -5.2793108588187e+04  -9.2897316567225e+04  -8.9406011770197e+05  -6.5282042462543e+04  -3.8497019351879e+05   7.8309877897105e+05   3.1792079491913e+05   4.7704792799687e+05   2.1492758307702e+05  -4.8648812701575e+05   9.8225915795970e+04   1.7826956604182e+05   2.6000780160594e+04  -3.0756541460755e+05  -1.3113085771011e+06   6.3795092427576e+05   6.8859937119168e+04   2.0268749839022e+04   7.1438626225475e+04   3.1530206179215e+04  -3.1803096222152e+05  -1.2009712349198e+05  -8.5418859549371e+04   3.1563558644339e+04  -1.9824843126541e+05  -1.7245424504710e+05   4.8749262948311e+05   1.2339641728135e+05  -1.9050753079258e+06   6.6370992550153e+05   1.0777065888252e+06  -5.8535724037396e+04  -2.8203657285305e+04   2.2145566418140e+05  -1.2954926713009e+05  -4.4095922613301e+05  -3.3428474188634e+05   8.6256643419088e+04  -7.7994965029870e+04   1.8198799260472e+04   3.1117303160266e+05  -3.4052151986194e+05  -7.8309817802902e+03   8.0621062805153e+05  -4.7003734261436e+05  -4.0463188357525e+05   1.4355990471182e+05  -1.3790416416110e+05   5.9980382055888e+05  -8.9084710036066e+04  -3.3987056511523e+04  -2.0885150318486e+05   3.9168115890192e+05   4.4032265958581e+05   7.0333592669010e+05  -1.9999190187718e+04  -1.2290600091139e+05  -5.8354859026137e+05  -6.6418047739323e+05   3.8993593555060e+05  -6.6169603101663e+05  -3.8006077193812e+05  -8.1147927240656e+04   2.1738457900017e+06  -7.3543169839440e+04  -2.7881901647980e+05  -5.8556675240490e+04  -9.7047264937171e+04   5.4173878744735e+04  -1.2774147585923e+04   9.0038069609146e+04  -4.2657283318674e+04 
 -9.2122241577713e+03   9.9073654494715e+04  -5.4592529630476e+03  -4.4070586229309e+04   1.9353725045555e+04   2.4782381872829e+03  -1.6857601422286e+05   1.3200115657455e+05  -1.7117475235590e+05  -1.0950897312014e+05  -2.2807086933833e+04   1.6330229599258e+05  -2.4040166068075e+05   1.4339377923484e+05   1.2455699337614e+05   3.1744787939756e+03   2.9032021035568e+03  -1.2805630875626e+04   4.3813050621059e+03  -7.9081269679973e+04  -5.1361792377008e+04  -7.7986662944978e+04   2.4374670638482e+04   2.7229709587044e+04  -8.4895338098012e+04  -5.5713356691637e+03   4.9769109654905e+04   2.4649548436215e+04  -6.5053578690777e+04   6.4134348052758e+04   1.9375920707063e+05  -1.5776464641933e+05   1.6163548566256e+05  -1.5173740795498e+04  -1.4153069406280e+05   2.4648055829203e+05   1.5584796068693e+04  -1.8872619064943e+04  -1.5096475655316e+05   7.8630256627853e+03  -1.3324715207506e+05  -7.6664114828732e+04  -8.1643511597736e+04  -7.0233416849769e+03   9.8634564728112e+03   1.9395078404005e+04  -1.3653348623039e+04  -1.9481768468576e+04  -1.6093692262418e+05   7.2309558165109e+04   7.9156576246257e+04  -1.7803327684189e+03   1.0397259783413e+05  -5.4797646211987e+04   2.2240620969343e+05   7.4467655328972e+04  -4.1869505739321e+04  -1.6636903105272e+05  -1.7075810851446e+05  -1.1546492430009e+05  -3.0674304149945e+04   2.5916744365815e+04  -1.1796527141058e+04   9.5590555141570e+03   4.9852030727568e+04  -8.5938326881590e+05  -2.1456226701178e+04  -8.6474173048700e+02  -7.7996295909763e+04   1.0284643293106e+05  -2.4835292117304e+05  -2.3598284802841e+05   4.1073976024929e+05   1.9823736896367e+05   3.3975444587788e+05   3.0725937674965e+05   5.1006254961623e+03   1.3780592738434e+05   2.7465326575618e+04  -8.0928688209381e+04   2.0964922538744e+05  -7.2717151573831e+05  -2.6667474681699e+05   1.2162883898260e+05   6.0577562387234e+05  -1.0204623381809e+05  -1.3747294454106e+05  -8.5620247528308e+04   1.4118650348970e+05   7.4602984727398e+04  -1.3688977398900e+05   4.8305880122864e+05  -8.8733620804887e+04   1.0022621433333e+05   3.0949491693693e+05   9.7054385872206e+04  -7.7934308728690e+04  -2.7654399353363e+05   1.8474234262073e+05  -1.5817670618541e+05  -6.8908846035121e+05   5.7080898021250e+04  -1.6965537422394e+05   9.7826602984233e+04   7.8623478417178e+04   2.0722962419916e+05  -5.7059211890419e+04  -7.3543169839441e+04   1.0024520844728e+06   3.7290939669577e+04  -9.7757537490724e+04  -3.7767465172844e+05   1.3612046442435e+05  -1.2897761185564e+03  -3.0445112189489e+04   4.4454484416318e+04 
 -1.1156927760974e+05   1.7982171583401e+05  -1.7639326218727e+04  -1.0125713014554e+05  -4.9099657567514e+04   5.3780200332459e+04   6.2838469749951e+04  -1.1211517376469e+05   7.0619901539240e+04  -3.3250620084695e+04   4.9264011049192e+03   2.4220312133101e+04   3.0552284033424e+05  -1.7869499042044e+05  -3.9969019688525e+04   3.7356584765074e+04   7.4892870801854e+04   1.7219413529150e+04  -3.2016249811547e+04  -1.8382585060059e+04   2.8335585761861e+04  -4.5626833890049e+04  -6.8078093456251e+04   9.6622305668344e+04   2.8082205501484e+04   1.5708969473273e+05   3.5274889515343e+03   3.2536908029944e+04   4.6686514037702e+04  -7.9188895441340e+04   8.2954042341179e+04  -9.5356022498543e+04  -1.6563735012346e+05  -1.1823686160569e+04  -2.3106308545262e+05  -5.6941413311312e+04  -9.6619691182043e+04  -3.8905119198737e+04  -1.1289653751834e+05  -3.7318952552694e+04  -1.7417694668961e+04   4.8114461424552e+03  -4.7895360663877e+04  -6.7333863068357e+04  -8.4452737859608e+04  -5.9967612835480e+04  -2.6101904367799e+04  -9.6510854858268e+04   5.5613860488113e+04   2.1300144096786e+05  -5.4026903473018e+04  -3.6473444219674e+05  -3.1480924652113e+05   2.0249098607213e+05   5.8054745172877e+04  -1.1168597681526e+05   1.5114921474260e+05   5.1820327565275e+04   4.0741916081212e+04  -3.2446384964877e+05   2.4904374026619e+04   8.0277655871577e+03  -4.9012218070864e+03   3.9979657313247e+04  -7.7820685970630e+04  -1.4333836387351e+05  -3.0204734173957e+03   3.6165413173155e+04  -6.1290624654953e+04   3.3331453294830e+04   5.5813087197605e+04   7.3818559431848e+04   2.0403351176565e+05  -1.4695628767980e+05  -2.9487137545596e+05   1.1303535560164e+05   7.1212302282115e+04  -3.3631673963837e+05  -4.5507635874449e+04   5.5069187694205e+04   5.4965462477064e+03  -3.2129777646853e+04  -7.4208147311898e+04  -9.0447390874364e+04  -9.6826047721919e+04  -6.8687006790698e+04  -7.9443824816021e+04  -1.7259887523612e+05   1.9505710593963e+03   2.6766944740185e+05  -2.4220712663201e+04  -2.4814512432391e+04   1.5586101615255e+05   1.2253405441502e+05   3.3063847604719e+04   4.8353763405679e+04  -5.4511390461541e+05  -7.4923835934244e+05  -1.0446858895178e+06   2.1368141880837e+05  -1.6451586205784e+04   1.6964628058315e+05   3.3052035934001e+05   1.1764587475976e+05   2.3522151551350e+05   2.7489577342096e+04   8.3400470417243e+04  -2.7881901647980e+05   3.7290939669577e+04   8.2479367539426e+05  -5.6815212293833e+04   2.7708041322740e+04   2.4919049808836e+03  -2.4685865057127e+03  -2.2860980896102e+04   1.7608403527248e+04 
 -8.4441775612087e+04  -7.4352104530878e+04   1.0724368091901e+05   2.7319946210265e+04   2.1508884292326e+04   1.7294478840778e+03   9.9370949756111e+04  -6.4442451249793e+04   2.1265197273721e+04   2.1287539937926e+04  -1.1126759582602e+05  -1.3779322758844e+05   1.4217352378348e+05   1.0183891057030e+05  -1.3858282725186e+05  -1.4092978479350e+04   4.1971151905176e+03   3.0583008208424e+00  -1.0448501131870e+04   5.4136080255168e+04   1.4621876151145e+05  -3.0909181333702e+04  -3.3814338559774e+04   1.3393843654649e+05  -2.0980678625369e+04  -1.3324492228024e+05   5.2661392264199e+03  -6.1893511754869e+04   1.6534527489713e+04  -6.5398224821856e+04  -3.7394013598425e+04   4.7868940957664e+04   4.2019727785778e+04  -1.8670595296550e+05   5.1389371547748e+03  -7.0634880992298e+04   7.2342277025554e+03   3.8035010161252e+04  -1.3374564057027e+05  -1.6987558258090e+05   2.2052082566643e+04   2.0497958001490e+03  -1.5892680220588e+04  -1.2172618118373e+04  -1.6722198471931e+04  -1.0495195628779e+04   4.7154367166655e+04  -2.4804644970986e+05   1.6702988152581e+04   1.8458939967839e+05  -1.4435882275647e+05  -5.1942734578564e+04  -7.3122526273600e+04   3.4224227800770e+04  -3.6353853349578e+04  -7.7165559784927e+04  -8.5654827650359e+05   1.5111767974372e+05  -1.5573436345012e+04  -1.8382894406775e+04   2.1092703122673e+04  -3.0785542630608e+04  -1.3625027712053e+04   2.4559999944948e+04  -4.0252060151385e+03   2.5114642975983e+05   1.9853623360042e+04   5.4990032123731e+04   1.3689677640834e+05   6.6344219849899e+02  -2.4679100604667e+04  -7.3045621298616e+04   1.6210274464095e+05  -2.5057935179817e+05  -4.1208336461177e+05   1.7127746050485e+05  -1.5835656906949e+05   4.0186087452855e+05   3.5147098611660e+05  -9.5400221020884e+03  -3.3977046552822e+05  -8.8352257099052e+04   4.3583459593241e+04   1.4853303121710e+03  -6.1069454706192e+04   8.5521328295223e+04  -1.4787125884719e+05  -2.1333452361098e+05  -7.0260180504631e+04   9.4749919501121e+04  -5.0987358053878e+04  -1.0032078507964e+05  -1.1612622903430e+05   1.3511933148469e+05   1.3322816942775e+05   1.4439917070868e+05  -5.0848466459936e+04   1.8080546539993e+05  -1.5487022996438e+05   3.5669154263661e+04   2.0742402115702e+05  -9.2545577588219e+04   3.4779677580035e+05   7.2214120398991e+04  -3.4561528694061e+05   1.0930766427913e+04   8.8923838788217e+04  -5.8556675240490e+04  -9.7757537490724e+04  -5.6815212293833e+04   6.2690619700147e+05  -1.0686474140969e+05   3.5850949079033e+04   1.1280386345799e+04  -2.1286313293546e+05   1.0764847669384e+05 
  7.5093967684728e+04  -1.4448847759995e+04  -1.3602032085472e+05   6.2668660620052e+04  -1.5725426351635e+04  -8.0312637215457e+03   9.2555055509664e+04  -9.1459555109794e+04   1.3669311686496e+05   1.0799444415738e+04   1.5781211342671e+04   1.1004053700781e+05   4.6400409001312e+04  -8.5347318524710e+04  -2.9519601242118e+04   2.0441377814219e+04   4.9152595199149e+04   3.5641820914443e+04   2.1177510579518e+04  -1.4125645210005e+04  -2.9064927789772e+04   1.0223718986980e+04  -2.0031484659415e+04  -1.5463061546748e+04   4.6048372047963e+04  -1.9640867507572e+03  -1.0919375644794e+05  -4.9183647691979e+03  -1.4144041271029e+04   7.0722988978627e+04  -1.1528943032595e+05   1.0174506225331e+05  -3.3220348128468e+04   8.0391913866865e+04  -1.4746092429093e+05  -1.7644098073179e+05  -5.7535471122981e+04  -6.3321874652113e+04  -4.0636358894868e+04  -1.8062464270061e+04   9.7674390063282e+02  -7.4040214725695e+03  -4.0260349889880e+04  -5.0509957242673e+04  -4.9593082159890e+04  -5.6888669774377e+04   1.2051323917919e+05   2.4075615219310e+04   9.4091265545152e+04  -2.7689708256951e+03   3.8445759907106e+04   1.3921901119630e+05  -3.6190104051078e+04   5.5656963206683e+04  -1.8409088600346e+05  -1.2290135575647e+05   2.2510318157217e+05  -4.3317368033550e+04   1.6180120709776e+05  -2.5710673532030e+04   3.1946772196926e+04  -1.2539079453141e+03   3.0853053838265e+03  -2.4533705098718e+04   3.0098014134685e+04   6.9448332399230e+04   7.1579655258686e+03  -4.6371698443706e+04   1.3942943286654e+04   7.5156217600154e+02   1.7754333871816e+05   7.8707680145948e+04  -9.4350147195371e+04  -1.5551181156720e+05  -7.5975707617098e+04  -3.7104967172174e+04   3.7365971999785e+04  -1.7092427890932e+05  -1.6457879431888e+05   5.1682842910668e+04   8.9101777876411e+04   2.8543475966967e+05   5.0371275169856e+04  -5.6712545969763e+04  -1.1328267886079e+05  -3.1105524075011e+04   2.3578794599282e+05  -4.9376972951023e+04  -6.8122203537850e+04  -2.9711193991851e+04   7.1568758130668e+04  -8.6077422889077e+04  -1.2886470449193e+05  -7.5397785425761e+03  -5.9751726948275e+04  -3.4436383127813e+04  -7.3829646956268e+04  -1.3504328743552e+05   1.1311662264950e+04  -1.1416871130923e+05   2.1457530007068e+05   1.6887761385146e+04   5.6943321755617e+04   3.5242334654850e+04   2.9561589182016e+05  -1.5955931283420e+04  -1.1462165252376e+05  -9.7047264937171e+04  -3.7767465172844e+05   2.7708041322740e+04  -1.0686474140969e+05   4.7979925988584e+05  -2.5413334944922e+05   2.4016933407765e+03   5.6812097443364e+04  -3.1741696038829e+04 
 -4.7105790960769e+04   2.7115483309442e+04   7.9145441830041e+04  -5.2413118459590e+04   2.4555250224409e+04  -9.0040625041031e+03  -2.1435425309455e+04   3.2934758005887e+04  -8.4755986770513e+04  -1.3792990878089e+04   2.1966725341907e+04  -3.0199097241784e+04  -4.1574052165956e+04   5.8710705204084e+04   1.0312915157284e+04   6.7707708448890e+02  -2.1361658205864e+04  -1.6647748601297e+04  -1.7250931833978e+04   8.3723865584731e+03  -9.2380519761886e+02  -1.3877396068923e+04   2.9177872205052e+03   8.8324707608255e+02   2.3565044459228e+02   4.9154464077436e+04   1.0779507583776e+05  -3.2422992290304e+04   4.1449166156957e+03   2.6975503596302e+04   3.6730417321557e+04  -1.6576798775005e+05   4.2514388835037e+04  -1.0169649283898e+05   5.4714164754997e+04   1.1110819543587e+05  -1.8448159803235e+04   2.4884257605480e+04   4.8768980497314e+04  -1.1620105653798e+04   5.6089935884234e+03   1.2524127625300e+04   7.3325136371794e+04   7.2081959316109e+04   7.3009820485221e+04   7.4694131949851e+04  -4.9289053327081e+04   2.7044287300713e+04  -1.8973067204220e+04  -4.5114837039280e+03  -3.2665954331868e+04  -2.3236447313760e+03   5.9825628537175e+04  -3.2720203723371e+03   9.8174860354469e+04   8.1919894343954e+04  -8.0885047030577e+04   5.9805853719275e+04  -1.2923541532466e+05   2.5445843825752e+04  -1.4762055615320e+04  -3.6415400444976e+02   2.3160872055041e+03   1.3998277145443e+04  -3.4213909756288e+04  -3.3796572392944e+04   1.0923426571089e+03   3.1861714666716e+04  -4.5319693869860e+04   1.0278861721748e+04  -6.2840555773233e+04   4.2641587567886e+04   1.9330468824009e+04   7.4490670949357e+04   4.5227945553024e+04  -4.6904765218679e+04  -1.1083083050914e+04   8.2898865271915e+04   5.4633625752141e+04  -3.1516847698003e+04  -4.1019519832673e+04  -1.0591614340393e+05  -2.1380018849902e+04   8.9493793192905e+03   6.7288126738183e+02   2.4582303588428e+03  -6.4073431791191e+04   1.0265358392865e+05  -3.0079989630765e+04  -7.8380397414798e+03   8.0347838452011e+03   2.6110727715228e+03   1.0503623316328e+05  -1.9115046263110e+04  -1.4531911782344e+04  -6.4696894596809e+03   5.4856353417993e+04   8.8241824188570e+04   1.7979414109747e+04   4.4655466640119e+04  -8.5067822411167e+04  -3.1567149975555e+04   4.7942836560264e+04  -5.5451188531104e+04  -1.4658381899615e+05  -8.4430986569170e+04   6.3083262742176e+04   5.4173878744736e+04   1.3612046442435e+05   2.4919049808838e+03   3.5850949079033e+04  -2.5413334944922e+05   2.0512415572001e+05  -1.1170956772530e+04  -4.6279023990375e+04   8.7669942477695e+03 
  3.3165931827491e+03  -9.3516952262224e+03  -4.2698432066266e+03   5.9937805771691e+03  -4.1293304721848e+03   1.3478009850533e+03  -7.5525961268615e+03   1.7374328309555e+03   1.5710660453982e+04   2.1640672632469e+04  -1.0757133103063e+04  -4.2111481864443e+04   4.2907387980858e+04  -3.2360538791720e+03  -8.4733436167393e+03  -2.5439015635307e+03   1.5479439342004e+03   7.1759790207310e+02   2.8984415730496e+03   1.4794021867758e+03   1.4493854618145e+04  -1.2861970546154e+04   6.1080152797078e+02  -1.1539074702396e+04   2.4571323898082e+04  -1.4589680539318e+04  -1.1701229391702e+04   7.3083077582505e+03  -4.6572281675321e+02  -3.6544974290100e+04   3.4030180003929e+03   5.6259235734720e+04  -1.3406596698742e+04  -1.2059258832944e+04   2.2173417587720e+04  -9.4729218819108e+03  -8.4541761358360e+02   4.9247910146616e+03   2.3908271993194e+04  -4.7391286513518e+03   1.7854896374684e+04   1.3184730835900e+04   7.7304250603650e+03   5.3765910383241e+02  -7.7482571264294e+03  -5.2448817403282e+03   9.8902099114437e+03   4.6068174453835e+02   9.0076428763575e+03  -2.7247221679900e+04   4.2856948452695e+03  -2.5174699452672e+04  -1.8437067832041e+04   3.8616957697913e+03   1.5348691361635e+04   7.9550091361262e+02  -2.3083123050300e+04   6.5810959227987e+03   2.6706621680801e+04  -4.4571143939958e+04  -3.3332325733826e+03  -1.8480467591444e+03  -3.5082992533034e+03   6.5195108559104e+03   4.9220039469272e+03   2.0561064026478e+04   1.3530626112830e+03   7.4718159191617e+02   1.5659713228179e+04   2.0699158305875e+04  -1.9786782994739e+04  -1.8821221845381e+04   2.1569031350934e+04  -5.1668614869552e+04  -3.6936987315415e+04   5.6398480204110e+03  -1.0146192839308e+04   1.0009203227903e+04   2.9520518509576e+04  -4.1249945582022e+03  -4.2276191645646e+04  -1.9322419351333e+04   1.8539042312858e+04   2.3955623001260e+04   1.9680381005634e+04   3.5397057424204e+04  -3.5608434712836e+04  -3.7962604841206e+04   5.0720222562253e+03   3.4692503833365e+04  -2.4194700181139e+01   1.9892855072474e+04   3.6762174644464e+03   2.3629066488752e+04   2.6814296840990e+04   2.7032968046260e+04  -1.8034854197865e+04   7.6269438991154e+03  -6.6037161537778e+04  -1.1397740901297e+04   5.1517331412220e+02   1.0701078512207e+03  -7.4722527557400e+02  -2.1469379584605e+04  -2.3575125612531e+04   1.6848272619518e+04   8.6361642736222e+03  -1.2774147585923e+04  -1.2897761185564e+03  -2.4685865057127e+03   1.1280386345799e+04   2.4016933407765e+03  -1.1170956772530e+04   7.7229637590194e+03  -8.4013393270231e+03   6.8146327391822e+03 
  1.6165435784815e+04   1.2805444447900e+04   7.0694890281533e+04  -7.3508292463981e+04  -2.1911332496947e+03   5.3634963367165e+02  -9.1935513831950e+04   1.0614062654446e+05  -6.9735804092466e+04  -9.9977391759865e+04   7.9134000983931e+04   1.3415287706732e+05  -2.0904726134844e+05   4.4529666910599e+04   2.4623941746870e+04   1.3828912036136e+04  -4.2760748035522e+04  -8.5278355268310e+03   9.0846958609896e+03   6.1041404721271e+03  -2.6561875680625e+04   1.4870449491757e+05   3.9586629280764e+04   1.1866426871942e+05  -9.8084009103042e+04  -1.6096317647294e+05   8.7693084497894e+04   6.8069665854931e+04   8.3503367387910e+03  -3.6503082724598e+04  -9.0612010292364e+04   1.4966662658680e+05  -1.6133197533001e+05   1.4394589487845e+05  -1.5799510605667e+05  -6.5981633873267e+04   9.6919036879815e+04  -6.1575131109328e+04  -1.1656810023604e+05   1.3967665017114e+05  -4.1641231852931e+04  -3.2285979921816e+04  -7.0409936429470e+04  -5.5740167520771e+04  -4.2800717412006e+04  -5.5308840856474e+04  -1.0718591096215e+05  -6.3745039055764e+04  -9.7615814035607e+04   1.3442751911663e+05   5.0707997693571e+04  -9.4695481654732e+04   3.2758980392994e+04  -8.3581372507127e+04  -6.3504069397122e+04  -1.3048480074776e+04   1.0930157352235e+05   3.8213006826777e+04   9.3815672119811e+03  -3.1683982496477e+03   1.6273438499407e+04   3.5915486175939e+04  -3.0491624042600e+03   7.0666457758722e+03  -2.3256841322562e+03  -3.1945283795217e+04  -3.7103118497529e+04   1.6986817729793e+04  -4.1971185259994e+04  -1.9826482088964e+04   1.0127040827212e+05   1.1545146916610e+05  -3.4678538671533e+05   2.4838898857130e+05   1.4802396737106e+05  -2.3999808955424e+04   8.5212005056539e+04  -1.6718113133072e+05  -2.6119521975064e+05   5.7560294086333e+03   1.9968402765054e+05   1.9762131778187e+05   1.8322829222959e+04   1.4795102439370e+04   5.0494013940638e+04  -1.1577785833492e+05   1.0350626876341e+05   7.2403485429216e+03   3.5375994357628e+04  -9.2389995907595e+04  -5.9817284972899e+04  -7.7645675555420e+04   1.2531348045879e+04  -6.4778298714412e+04  -7.5638161640697e+04  -1.1657941474231e+05  -8.6726736906581e+04  -2.2755406298368e+05   1.8966122907666e+05   1.6253727243844e+02  -1.2414495937578e+05   3.8994599773327e+04   6.6377409771480e+04  -7.2535257171697e+04   2.1081347403123e+05  -9.8649601946697e+03   2.9940314407617e+04   9.0038069609145e+04  -3.0445112189489e+04  -2.2860980896102e+04  -2.1286313293546e+05   5.6812097443364e+04  -4.6279023990376e+04  -8.4013393270231e+03   4.0949028884787e+05  -2.6507991603444e+05 
  1.8278016779818e+04  -4.4932931316911e+04  -4.2292788971921e+04   6.0453746194834e+04  -6.1380390929018e+03   4.8017451037723e+03   4.3272841308352e+03  -3.5694121056146e+04   5.4010608379094e+04   3.0613283328071e+04  -8.3112138573386e+04  -5.0104460077033e+04   1.2336502335849e+05  -1.2352386359846e+04  -2.0202243033498e+04  -9.7519610440086e+03   1.7515974248308e+04   7.5258028288675e+03  -5.2359998230194e+03  -1.1659553300132e+04   1.5722347734672e+04  -7.6882001469191e+04  -1.1232858629550e+04  -5.9319665996258e+04   6.2661424415456e+04   6.1821849158424e+04  -5.9021241044212e+04  -5.3099212586405e+04  -1.1262038077789e+04   3.1504260389622e+04   1.1007930994503e+05  -5.6391335461190e+04   1.2470008376723e+05  -4.7615420177688e+04   2.4234646107263e+04   4.8634979354671e+04  -1.5938209572038e+04   2.3790204877934e+04   2.4881292753736e+04  -6.8258230631480e+04   2.2658631071156e+03   4.9753465810604e+03   1.3479104034650e+04   1.4842435271792e+04   9.5977251253110e+03   1.4302409985586e+04   8.1794180077454e+04   5.9680714875296e+03   4.5890181442930e+04  -2.8045763610799e+04  -1.0206169188791e+04   4.7123291928140e+03  -6.4879114549367e+04   2.3855291538253e+04   4.0921437816748e+04   3.7224828372681e+04  -6.6371741991213e+04  -9.0769277643266e+04   1.1527108523138e+04  -1.4404460134091e+04  -8.4051852274237e+03  -2.1513255484328e+04   8.7911623617102e+03  -5.6290096653683e+03   2.6151083828470e+03  -5.3265365619636e+04   2.1843259087657e+04  -1.4785322779685e+04   3.9638866614568e+04  -8.7215894852418e+02  -8.9761214891998e+04  -1.0155942977350e+05   2.2277726844560e+05  -1.0508360437264e+05  -5.3101192807467e+04   8.2429857199819e+04  -4.6545372312308e+04   9.5932308010060e+04   1.4730711379304e+05   1.0020050625742e+04  -7.0128851338525e+04  -1.8242505687327e+05  -4.6811957257456e+04  -5.9454909739109e+03   2.9994594187735e+04   7.6984956223747e+04  -5.9144679445759e+04  -5.1584066343985e+04   2.2708077388920e+04   7.5110444590051e+04   1.7423431590821e+04   8.4697941105298e+04  -5.1923105579348e+04   3.5062568909728e+04   7.1994088503665e+04   4.8558856685715e+04  -1.3288505771413e+04   5.0481038690385e+04  -4.5401590782269e+04  -7.3925298194028e+04   5.6199982208231e+04  -6.8461744724020e+04  -2.3514799039133e+04   4.5706821738019e+04  -1.1300324291459e+05   6.0027709890525e+04  -2.0357930598017e+04  -4.2657283318674e+04   4.4454484416318e+04   1.7608403527248e+04   1.0764847669384e+05  -3.1741696038829e+04   8.7669942477695e+03   6.8146327391822e+03  -2.6507991603443e+05   2.1052850719026e+05 
